ticker,sector,end,activos_corrientes,activos_totales,caja,capex,costo_ventas,cuentas_por_cobrar,cuentas_por_pagar,depreciacion,deuda_largo_plazo,ebitda_proxy,fcf_operativo,gastos_id,gastos_operativos,ingresos,inventario,pasivos_corrientes,stock_based_comp,utilidad_bruta,utilidad_neta,utilidad_operativa,fcf_promedio_futuro,Y,burn_rate,runway,capital_trabajo,margen_bruto,margen_operativo,ratio_id,ratio_deuda
A,Health Care,2015-01-31,3654000000.0,7519000000.0,2118000000.0,32000000.0,,615000000.0,257000000.0,68000000.0,,176000000.0,-20000000.0,88000000.0,,,560000000.0,928000000.0,22000000.0,,,115000000.0,32166666.666666668,1.0,20000000.0,105.9,2726000000.0,,,,
A,Health Care,2015-04-30,3620000000.0,7412000000.0,2197000000.0,,,576000000.0,261000000.0,,,169000000.0,-110500000.0,81000000.0,,,556000000.0,930000000.0,12000000.0,,,107000000.0,144666666.66666666,1.0,110500000.0,19.88235294117647,2690000000.0,,,,
A,Health Care,2020-01-31,3102000000.0,9501000000.0,1226000000.0,34000000.0,634000000.0,966000000.0,329000000.0,79000000.0,1787000000.0,219000000.0,-59000000.0,104000000.0,,,706000000.0,1892000000.0,27000000.0,,197000000.0,215000000.0,142833333.33333334,1.0,59000000.0,20.779661016949152,1210000000.0,,,,0.18808546468792758
A,Health Care,2020-04-30,3171000000.0,9455000000.0,1324000000.0,,581000000.0,886000000.0,333000000.0,,1788000000.0,121000000.0,-99500000.0,197000000.0,,,750000000.0,1945000000.0,18000000.0,,101000000.0,102000000.0,322000000.0,1.0,99500000.0,13.306532663316583,1226000000.0,,,,0.1891062929666843
AAPL,Information Technology,2013-03-30,63337000000.0,194743000000.0,12053000000.0,,27254000000.0,7084000000.0,14912000000.0,,,12905000000.0,-5790000000.0,1119000000.0,3791000000.0,,1245000000.0,35508000000.0,,16349000000.0,9547000000.0,12558000000.0,15249000000.0,1.0,4558205000.000002,2.081692573402418,24848959999.999943,,,,
ABBV,Health Care,2024-06-30,33816000000.0,141937000000.0,13130000000.0,,4202000000.0,11724000000.0,,,,2146000000.0,-2732000000.0,,,14462000000.0,4218000000.0,41915000000.0,218000000.0,,1370000000.0,3998000000.0,704000000.0,1.0,2732000000.0,4.806002928257687,-6987757640.0,,0.27644862398008574,,
ABNB,Consumer Discretionary,2020-03-31,,,,15667000.0,,,,,,-357090000.0,-569830000.0,258819000.0,,,,,41626000.0,,-340605000.0,-325489000.0,19916666.666666668,1.0,569830000.0,,,,,,
ABNB,Consumer Discretionary,2020-06-30,,,,,,,,,,-639398000.0,-826292000.0,217938000.0,,,,,37790000.0,,-575588000.0,-583215000.0,824067166.6666666,1.0,826292000.0,,,,,,
ABT,Health Care,2009-06-30,19628376000.0,47630017000.0,4204304000.0,,,5452765000.0,,,,,-468499500.0,,,,3520839000.0,12042381000.0,,,,1671420000.0,1900851166.6666667,1.0,468499500.0,8.973977560274877,7585995000.0,,,,
ABT,Health Care,2013-06-30,19831124000.0,42903346000.0,5572127000.0,,,3938998000.0,,,,600874500.0,-2728723500.0,,,,2725179000.0,10919614000.0,,,476000000.0,627238000.0,414854166.6666667,1.0,2728723500.0,2.042026977082874,8911510000.0,,,,
ABT,Health Care,2015-06-30,21131000000.0,44125000000.0,4048000000.0,,,3553000000.0,,,,986000000.0,-275500000.0,,,,2735000000.0,9185000000.0,,,784000000.0,729000000.0,283000000.0,1.0,275500000.0,14.69328493647913,11946000000.0,,,,
ABT,Health Care,2016-03-31,12406000000.0,39637000000.0,3334000000.0,243000000.0,,3430000000.0,,,,2000000.0,-93000000.0,,,,2786000000.0,8393000000.0,,,316000000.0,524000000.0,512666666.6666667,1.0,93000000.0,35.8494623655914,4013000000.0,,,,
ABT,Health Care,2016-06-30,12988000000.0,39831000000.0,2578000000.0,,,3567000000.0,,,,715000000.0,-253000000.0,,,,2813000000.0,8673000000.0,,,615000000.0,816000000.0,899833333.3333334,1.0,253000000.0,10.189723320158103,4315000000.0,,,,
ABT,Health Care,2019-06-30,15195000000.0,68427000000.0,3137000000.0,,3279000000.0,5548000000.0,,,,1102000000.0,-495500000.0,577000000.0,,,4352000000.0,9062000000.0,,,1006000000.0,1206000000.0,946666666.6666666,1.0,495500000.0,6.330978809283552,6133000000.0,,,,
ABT,Health Care,2023-06-30,23505000000.0,73354000000.0,7835000000.0,,4483000000.0,6172000000.0,,,,1636000000.0,-1281500000.0,715000000.0,,,6871000000.0,14350000000.0,,,1375000000.0,1542000000.0,1258500000.0,1.0,1281500000.0,6.11392898946547,9155000000.0,,,,
ACN,Information Technology,2010-02-28,8774452000.0,11890088000.0,4114751000.0,,,2470983000.0,683632000.0,,,,-177602000.0,,,5537823000.0,,5809219000.0,,,399760000.0,650973000.0,284939166.6666667,1.0,177602000.0,23.168382112814044,2965233000.0,,0.11755034424177153,,
ACN,Information Technology,2011-02-28,10279277000.0,13893673000.0,4677544000.0,,,3072103000.0,846365000.0,,,,-212504500.0,,,6496293000.0,,6617096000.0,,,503017000.0,771577000.0,710352500.0,1.0,212504500.0,22.011505638704122,3662181000.0,,0.11877189036886113,,
ACN,Information Technology,2012-11-30,12013526000.0,16408020000.0,5678892000.0,86547000.0,,3501506000.0,890233000.0,139924000.0,,,-108815000.0,,,7668036000.0,,7977359000.0,,,698817000.0,1048674000.0,311506833.3333333,1.0,108815000.0,52.18850342324128,4036167000.0,,0.1367591388459835,,
ACN,Information Technology,2013-02-28,12016949000.0,16358730000.0,5636086000.0,,,3518104000.0,883048000.0,,,,-748921500.0,,,7493320000.0,,7365474000.0,,,1101802000.0,1164532000.0,381082000.0,1.0,748921500.0,7.525603150663988,4651475000.0,,0.15540935126219085,,
ACN,Information Technology,2014-02-28,10633880000.0,16357209000.0,3680274000.0,,,3588189000.0,936315000.0,,,,-540196000.0,,,7567483000.0,,7288358000.0,,,671300000.0,951282000.0,830636833.3333334,1.0,540196000.0,6.812849410214071,3345522000.0,,0.1257065261990017,,
ACN,Information Technology,2016-02-29,10678800000.0,18147778000.0,3034659000.0,,,3986141000.0,1103343000.0,,,,-325724000.0,,,8397053000.0,,7573179000.0,,,1326520000.0,1088044000.0,871417833.3333334,1.0,325724000.0,9.316657661087302,3105621000.0,,0.12957450667513948,,
ACN,Information Technology,2017-02-28,10764002000.0,20078773000.0,3238862000.0,,,4452252000.0,1212800000.0,,,,-62135500.0,,,8762182000.0,,8352773000.0,,,838752000.0,1138653000.0,1070908833.3333334,1.0,62135500.0,52.12578960497622,2411229000.0,,0.12995085014212213,,
ACN,Information Technology,2022-02-28,19185130000.0,44317837000.0,5466116000.0,,10522734000.0,10342236000.0,2229221000.0,,,2050450000.0,-582994000.0,,,15046693000.0,,15540122000.0,,,1634942000.0,2061580000.0,1170017500.0,1.0,582994000.0,9.375938688905888,3645008000.0,,0.13701216606200445,,
ACN,Information Technology,2023-02-28,21060958000.0,47727289000.0,6238787000.0,,10979392000.0,10997530000.0,2470896000.0,,,1946906000.0,-50000500.0,,,15814158000.0,,16349522000.0,,,1523648000.0,1944581000.0,1110025333.3333333,1.0,50000500.0,124.77449225507745,4711436000.0,,0.1229645612494829,,
ACN,Information Technology,2024-02-29,20328821000.0,51307471000.0,5121107000.0,,10921045000.0,11374099000.0,2228446000.0,,,2095739000.0,-457846000.0,,,15799514000.0,,16136014000.0,,,1674859000.0,2046427000.0,1723192000.0,1.0,457846000.0,11.185217300140222,4192807000.0,,0.12952468031611605,,
ADI,Information Technology,2009-08-01,2359633000.0,3280151000.0,632715000.0,,225762000.0,244025000.0,94787000.0,,,,-62038000.0,107578000.0,187284000.0,,276072000.0,353926000.0,,266229000.0,,78945000.0,265312333.33333334,1.0,62038000.0,10.198829749508366,2005707000.0,,,,
ADI,Information Technology,2017-07-29,2188643000.0,21114995000.0,908569000.0,,,692552000.0,228127000.0,,,,-362142000.0,275670000.0,571803000.0,1433902000.0,519695000.0,1101077000.0,,766624000.0,68916000.0,194821000.0,621884666.6666666,1.0,362142000.0,2.5088749716961853,1087566000.0,0.5346418374477475,0.1358677231777346,0.19225163225938732,
ADI,Information Technology,2020-05-02,2051293000.0,21350938000.0,784937000.0,,,588244000.0,194211000.0,,,,-18909000.0,252413000.0,502654000.0,,590268000.0,1582002000.0,35900000.0,846674000.0,267696000.0,344020000.0,493833166.6666667,1.0,18909000.0,41.511290919667886,469291000.0,,,,
ADM,Consumer Staples,2009-03-31,,,2188000000.0,,,,,,,,-14000000.0,,,14842000000.0,,,,649000000.0,3000000.0,,613833333.3333334,1.0,14000000.0,156.28571428571428,,0.04372726047702466,,,
ADM,Consumer Staples,2009-12-31,20388000000.0,33529000000.0,1317000000.0,,,,6832000000.0,,,,-1545500000.0,,,15913000000.0,,9600000000.0,,1053000000.0,567000000.0,,-1648833333.3333333,0.0,1545500000.0,0.8521514073115497,10788000000.0,0.0661723119462075,,,
ADM,Consumer Staples,2010-09-30,22086000000.0,36036000000.0,862000000.0,335000000.0,,,7025000000.0,252000000.0,,462000000.0,-871000000.0,,,16799000000.0,,12235000000.0,,808000000.0,345000000.0,,-1349833333.3333333,0.0,871000000.0,0.9896670493685419,9851000000.0,0.04809810107744509,,,
ADM,Consumer Staples,2010-12-31,28357000000.0,42610000000.0,526000000.0,,,,8141000000.0,,,998000000.0,-5470500000.0,,,20930000000.0,,18063000000.0,,1234000000.0,732000000.0,,3070333333.3333335,1.0,4558205000.000002,0.2196183591894155,10294000000.0,0.05895843287147635,,,
ADM,Consumer Staples,2011-03-31,29252000000.0,43763000000.0,858000000.0,,,,7703000000.0,,,791000000.0,-666000000.0,,,20077000000.0,,16863000000.0,,1160000000.0,578000000.0,,3031333333.3333335,1.0,666000000.0,1.2882882882882882,12389000000.0,0.057777556407829854,,,
ADM,Consumer Staples,2012-03-31,27215000000.0,41858000000.0,818000000.0,341000000.0,,3078000000.0,3122000000.0,214000000.0,,568000000.0,-783000000.0,,,21155000000.0,,14794000000.0,,1008000000.0,399000000.0,,231333333.33333334,1.0,783000000.0,1.0446998722860792,12421000000.0,0.04764831009217679,,,
ADM,Consumer Staples,2012-06-30,26954000000.0,41553000000.0,1291000000.0,,,3439000000.0,2474000000.0,,,416000000.0,-146000000.0,,,22675000000.0,,14626000000.0,,813000000.0,284000000.0,,1006500000.0,1.0,146000000.0,8.842465753424657,12328000000.0,0.03585446527012128,,,
ADM,Consumer Staples,2014-03-31,26226000000.0,41444000000.0,1083000000.0,188000000.0,,2779000000.0,3653000000.0,219000000.0,,366000000.0,-358000000.0,,,20696000000.0,11394000000.0,13456000000.0,,675000000.0,267000000.0,,678166666.6666666,1.0,358000000.0,3.025139664804469,12770000000.0,0.03261499806725937,,,
ADM,Consumer Staples,2014-06-30,24658000000.0,39930000000.0,1630000000.0,,,4089000000.0,2904000000.0,,,735000000.0,-1451500000.0,,,21494000000.0,9024000000.0,11891000000.0,,1172000000.0,533000000.0,,560333333.3333334,1.0,1451500000.0,1.122976231484671,12767000000.0,0.05452684470084675,,,
ADM,Consumer Staples,2015-06-30,22588000000.0,40568000000.0,867000000.0,,,2224000000.0,3017000000.0,,,526000000.0,-1805000000.0,,,17186000000.0,7845000000.0,12859000000.0,,964000000.0,386000000.0,,-67166666.66666667,0.0,1805000000.0,0.48033240997229915,9729000000.0,0.056092168043756545,,,
ADM,Consumer Staples,2016-06-30,20867000000.0,40098000000.0,334000000.0,,,2257000000.0,2770000000.0,,,407000000.0,-916500000.0,,,15629000000.0,8000000000.0,13778000000.0,,747000000.0,284000000.0,,7500000.0,1.0,916500000.0,0.36442989634478995,7089000000.0,0.047795764284343206,,,
ADM,Consumer Staples,2017-03-31,20486000000.0,39630000000.0,476000000.0,200000000.0,,1757000000.0,3415000000.0,225000000.0,,458000000.0,-540000000.0,,,14988000000.0,8664000000.0,13602000000.0,,870000000.0,339000000.0,,-597500000.0,0.0,540000000.0,0.8814814814814815,6884000000.0,0.05804643714971978,,,
ADM,Consumer Staples,2017-06-30,18201000000.0,37817000000.0,433000000.0,,,1717000000.0,2926000000.0,,,383000000.0,-1031000000.0,,,14943000000.0,7846000000.0,11421000000.0,,889500000.0,276000000.0,,-1869000000.0,0.0,1031000000.0,0.41998060135790494,6780000000.0,0.05952619955832162,,,
ADM,Consumer Staples,2017-09-30,19140000000.0,38969000000.0,518000000.0,,,1911000000.0,3449000000.0,,,225000000.0,-164000000.0,,,14827000000.0,8326000000.0,11873000000.0,,812000000.0,192000000.0,,-2564250000.0,0.0,164000000.0,3.158536585365854,7267000000.0,0.05476495582383489,,,
ADM,Consumer Staples,2018-03-31,20906000000.0,41100000000.0,797000000.0,196000000.0,,2147000000.0,3340000000.0,235000000.0,,464000000.0,-3574000000.0,,,15526000000.0,9820000000.0,13285000000.0,,889000000.0,393000000.0,,-1363500000.0,0.0,3574000000.0,0.2229994404029099,7621000000.0,0.05725879170423805,,,
ADM,Consumer Staples,2018-06-30,18647000000.0,38755000000.0,851000000.0,,,1900000000.0,2609000000.0,,,652000000.0,-1554500000.0,,,17068000000.0,7953000000.0,11718000000.0,,1181000000.0,566000000.0,,-1136333333.3333333,0.0,1554500000.0,0.5474429076873593,6929000000.0,0.06919381298336068,,,
ADM,Consumer Staples,2018-09-30,19465000000.0,39664000000.0,915000000.0,,,1934000000.0,3082000000.0,,,632000000.0,-501000000.0,,,15800000000.0,8483000000.0,11648000000.0,,1058000000.0,536000000.0,,-1278000000.0,0.0,501000000.0,1.8263473053892216,7817000000.0,0.06696202531645569,,,
ADM,Consumer Staples,2019-03-31,20262000000.0,43151000000.0,926000000.0,198000000.0,,2515000000.0,3538000000.0,245000000.0,,315000000.0,-2035000000.0,,,15304000000.0,8946000000.0,13361000000.0,,928000000.0,233000000.0,,-818000000.0,0.0,2035000000.0,0.45503685503685504,6901000000.0,0.060637741766858336,,,
ADM,Consumer Staples,2019-06-30,19548000000.0,42616000000.0,849000000.0,,,2433000000.0,3067000000.0,,,274000000.0,-873000000.0,,,16297000000.0,8294000000.0,12602000000.0,,972000000.0,235000000.0,,-65833333.333333336,0.0,873000000.0,0.9725085910652921,6946000000.0,0.05964287905749525,,,
ADM,Consumer Staples,2019-09-30,19178000000.0,41804000000.0,932000000.0,,,2241000000.0,2973000000.0,,,503000000.0,-926000000.0,,,16726000000.0,8075000000.0,12020000000.0,,1078000000.0,407000000.0,,-117166666.66666667,0.0,926000000.0,1.0064794816414686,7158000000.0,0.06445055602056678,,,
ADM,Consumer Staples,2020-03-31,26146000000.0,48395000000.0,4734000000.0,194000000.0,,2437000000.0,3440000000.0,245000000.0,,375000000.0,-655000000.0,,,14970000000.0,8830000000.0,17317000000.0,,951000000.0,391000000.0,,200500000.0,1.0,655000000.0,7.227480916030534,8829000000.0,0.06352705410821644,,,
ADM,Consumer Staples,2020-09-30,22766000000.0,44795000000.0,948000000.0,,,2616000000.0,3347000000.0,,,200000000.0,-1080000000.0,,,15126000000.0,8762000000.0,13907000000.0,,1042000000.0,225000000.0,,2303000000.0,1.0,1080000000.0,0.8777777777777778,8859000000.0,0.06888800740446913,,,
ADM,Consumer Staples,2022-03-31,40453000000.0,64866000000.0,1079000000.0,217000000.0,,4235000000.0,6135000000.0,257000000.0,,1271000000.0,-1206000000.0,,,23650000000.0,17290000000.0,28523000000.0,,1897000000.0,1054000000.0,,-396166666.6666667,0.0,1206000000.0,0.8946932006633499,11930000000.0,0.08021141649048626,,,
ADM,Consumer Staples,2022-06-30,37647000000.0,61828000000.0,906000000.0,,,5336000000.0,5601000000.0,,,1519000000.0,-3601500000.0,,,27284000000.0,14485000000.0,25660000000.0,,2100000000.0,1236000000.0,,546000000.0,1.0,3601500000.0,0.2515618492294877,11987000000.0,0.07696818648292039,,,
ADM,Consumer Staples,2023-03-31,34325000000.0,58802000000.0,899000000.0,327000000.0,,4471000000.0,6271000000.0,259000000.0,,1397000000.0,-1610000000.0,,,24072000000.0,14771000000.0,22730000000.0,,2080000000.0,1170000000.0,,305666666.6666667,1.0,1610000000.0,0.5583850931677019,11595000000.0,0.08640744433366566,,,
ADM,Consumer Staples,2023-06-30,30686000000.0,55499000000.0,1426000000.0,,,4110000000.0,5079000000.0,,,1132000000.0,-775000000.0,,,25190000000.0,11902000000.0,18788000000.0,,1883000000.0,927000000.0,,638166666.6666666,1.0,775000000.0,1.84,11898000000.0,0.07475188566891623,,,
ADP,Industrials,2012-09-30,23972600000.0,30144100000.0,1117400000.0,,,1463400000.0,138800000.0,78300000.0,,,-65100000.0,,2201000000.0,2637500000.0,,22351100000.0,19300000.0,,305300000.0,,125816666.66666667,1.0,65100000.0,17.16436251920123,1621500000.0,,,,
ADP,Industrials,2012-12-31,27552400000.0,33330000000.0,1390900000.0,,,1604100000.0,141400000.0,,,,-322150000.0,,2252000000.0,2747800000.0,,25438500000.0,26950000.0,,390900000.0,,223916666.66666666,1.0,322150000.0,4.317553934502561,2113900000.0,,,,
ADP,Industrials,2013-12-31,32301100000.0,38321800000.0,1109300000.0,,,1730400000.0,140600000.0,,,,-27850000.0,,2450000000.0,2738250000.0,,30645000000.0,36250000.0,,377000000.0,,373583333.3333333,1.0,27850000.0,39.83123877917415,1656100000.0,,,,
ADP,Industrials,2014-12-31,39116000000.0,43503100000.0,1849400000.0,,,1595600000.0,136400000.0,,,,-1350000.0,,,2657450000.0,,36770200000.0,36250000.0,,331500000.0,,243400000.0,1.0,1350000.0,469.25,2345800000.0,,,,
ADP,Industrials,2015-12-31,35659200000.0,39899500000.0,2794900000.0,,,1634200000.0,138700000.0,,,,-228050000.0,,,2807000000.0,,32468100000.0,36100000.0,,341400000.0,,422416666.6666667,1.0,228050000.0,12.25564569173427,3191100000.0,,,,
ADP,Industrials,2017-12-31,39350000000.0,44545500000.0,1773400000.0,,,2045500000.0,136800000.0,,,,-159250000.0,,,3236850000.0,,37250900000.0,38700000.0,,568950000.0,,436866666.6666667,1.0,159250000.0,11.135949764521193,2099100000.0,,,,
ADP,Industrials,2021-12-31,51107300000.0,59102600000.0,1745000000.0,,2341200000.0,2736000000.0,103500000.0,,,910100000.0,-4650000.0,,,,,49084000000.0,55600000.0,,694400000.0,,737866666.6666666,1.0,4650000.0,375.26881720430106,2023300000.0,,,,
ADP,Industrials,2023-12-31,48543400000.0,57069400000.0,1641300000.0,,2561600000.0,3372400000.0,76800000.0,,,1143800000.0,-152050000.0,228700000.0,,,,48097700000.0,73600000.0,,878400000.0,,956233333.3333334,1.0,152050000.0,10.794475501479777,445700000.0,,,,
ADSK,Information Technology,2009-07-31,1267300000.0,2311100000.0,668500000.0,,,223900000.0,,,,,-179250000.0,109800000.0,362100000.0,,,661700000.0,,364800000.0,10500000.0,2700000.0,125266666.66666667,1.0,179250000.0,3.7294281729428174,605600000.0,,,,
ADSK,Information Technology,2015-07-31,2899800000.0,5341800000.0,1473100000.0,,,394100000.0,90800000.0,,1486200000.0,,-61750000.0,193100000.0,512200000.0,,,1313800000.0,40700000.0,516500000.0,-260325000.0,4300000.0,89716666.66666667,1.0,61750000.0,23.85587044534413,1586000000.0,,,,0.2782208244411996
ADSK,Information Technology,2017-07-31,2083300000.0,4354000000.0,1174100000.0,,,265600000.0,93000000.0,,,,-104350000.0,193800000.0,534800000.0,,,1701700000.0,67600000.0,427200000.0,-144000000.0,-107600000.0,-800000.0,0.0,104350000.0,11.251557259223766,381600000.0,,,,
ADSK,Information Technology,2017-10-31,1871900000.0,4152000000.0,1025200000.0,,,307800000.0,93300000.0,,,,-51100000.0,191800000.0,537800000.0,,,1750000000.0,65100000.0,437800000.0,-119800000.0,-100000000.0,29300000.0,1.0,51100000.0,20.062622309197653,121900000.0,,,,
ADSK,Information Technology,2018-04-30,1698000000.0,3911400000.0,1093000000.0,16700000.0,,206700000.0,103500000.0,,,,-16900000.0,172800000.0,548400000.0,,,1852600000.0,54400000.0,493100000.0,-82400000.0,-55300000.0,52400000.0,1.0,16900000.0,64.67455621301775,-154600000.0,,,,
AKAM,Information Technology,2016-06-30,1365584000.0,4269722000.0,326644000.0,,,364401000.0,68249000.0,,,,-117740000.0,37690000.0,,572135000.0,,376542000.0,34911000.0,,73635000.0,110180000.0,65295583.33333334,1.0,117740000.0,2.774282316969594,989042000.0,,0.1925769267742753,0.06587606071993499,
AKAM,Information Technology,2017-06-30,1238357000.0,4489039000.0,352501000.0,,,395865000.0,91741000.0,,,,-68655000.0,53373000.0,,608908000.0,,399064000.0,41269000.0,,57262000.0,86402000.0,179407000.0,1.0,68655000.0,5.134382055203554,839293000.0,,0.1418966412003127,0.08765363568880685,
ALB,Materials,2015-06-30,1654081000.0,9770809000.0,207238000.0,,,638339000.0,342482000.0,,,,-82088000.0,23630500.0,,,602025000.0,1368078000.0,,256298500.0,52147000.0,91308000.0,150217166.66666666,1.0,82088000.0,2.5245833739401617,286003000.0,,,,
ALB,Materials,2017-06-30,2204448000.0,7291989000.0,1006945000.0,,,487921000.0,346417000.0,49122000.0,1728577000.0,,-281512000.0,17337000.0,,,565894000.0,983662000.0,,272027500.0,103333000.0,138555000.0,145762666.66666666,1.0,281512000.0,3.5769167921793743,1220786000.0,,,,0.23705150954012685
ALB,Materials,2022-06-30,3350104000.0,12520405000.0,930596000.0,,,962215000.0,1091583000.0,70993000.0,3457034000.0,,-184982000.0,17386000.0,,1479593000.0,1216213000.0,1781762000.0,,580424000.0,406773000.0,434096000.0,961393250.0,1.0,184982000.0,5.030738125871706,1568342000.0,0.3922862570990806,0.2933887900253651,0.011750528692687787,0.2761119947797216
ALB,Materials,2023-12-31,5216919000.0,18270652000.0,889900000.0,,,1213160000.0,,,4166763000.0,,-585833000.0,,,,2161287000.0,3560462000.0,,,,,-165690208.33333334,0.0,585833000.0,1.519033581242436,1656457000.0,,,,0.22805770697181468
ALB,Materials,2024-06-30,5225705000.0,18388282000.0,1830227000.0,,,785553000.0,,138279000.0,3522717000.0,,-912064500.0,20770000.0,,1430385000.0,1800114000.0,1958458000.0,,-10578000.0,-188198000.0,-492611000.0,137026250.0,1.0,912064500.0,2.0066859306551237,3267247000.0,-0.007395211778647008,-0.3443904962649916,0.01452056614128364,0.19157401436414778
ALGN,Health Care,2011-06-30,286573000.0,549736000.0,168607000.0,,,82130000.0,10407000.0,,,,-2830000.0,9270000.0,74542000.0,,6272000.0,109451000.0,4973000.0,91137000.0,11162000.0,16595000.0,19557000.0,1.0,2830000.0,59.57844522968198,177122000.0,,,,
ALGN,Health Care,2020-06-30,1149244000.0,4025857000.0,404359000.0,,,473314000.0,94987000.0,23545000.0,,,-194862500.0,40361000.0,297328000.0,,131276000.0,941592000.0,25007000.0,224328000.0,-40602000.0,-73000000.0,280857333.3333333,1.0,194862500.0,2.0750991083456283,207652000.0,,,,
ALGN,Health Care,2022-06-30,2376804000.0,5810119000.0,877501000.0,,,931854000.0,145607000.0,30281000.0,,173609000.0,-292304500.0,72965000.0,499363000.0,,310046000.0,1804414000.0,34140000.0,687559000.0,112800000.0,188196000.0,235345500.0,1.0,292304500.0,3.002009890371171,572390000.0,,,,
ALGN,Health Care,2024-06-30,2412372000.0,6158324000.0,761429000.0,,,1020135000.0,105792000.0,36166000.0,,143866000.0,-180948000.0,92193000.0,575582000.0,,259492000.0,2040117000.0,47028000.0,722628000.0,96564000.0,147046000.0,15170333.333333334,1.0,180948000.0,4.207998983133276,372255000.0,,,,
ALLE,Industrials,2014-03-31,913900000.0,1977900000.0,205400000.0,,277500000.0,,213600000.0,,,54350000.0,-900000.0,,,,167200000.0,461500000.0,3500000.0,,35700000.0,67300000.0,32533333.333333332,1.0,1179870.0,228.22222222222223,452400000.0,,,,
ALLE,Industrials,2014-06-30,887600000.0,1968100000.0,193200000.0,,305350000.0,,219800000.0,,,78000000.0,-15000000.0,,,,174100000.0,437400000.0,3500000.0,,43350000.0,89500000.0,19933333.333333332,1.0,15000000.0,12.88,450200000.0,,,,
ALLE,Industrials,2015-06-30,923200000.0,1989600000.0,201000000.0,,297700000.0,,233800000.0,,,84000000.0,-52800000.0,,,,205900000.0,479000000.0,3400000.0,,63900000.0,95700000.0,43316666.666666664,1.0,52800000.0,3.8068181818181817,444200000.0,,,,
ALLE,Industrials,2016-03-31,710400000.0,2270000000.0,125500000.0,,286000000.0,,162300000.0,,,75000000.0,-800000.0,,,,216500000.0,406100000.0,4800000.0,,57700000.0,82500000.0,24916666.666666668,1.0,1179870.0,156.875,304300000.0,,,,
ALLE,Industrials,2017-03-31,742200000.0,2185400000.0,189600000.0,,307800000.0,,173100000.0,,,82300000.0,-40900000.0,,,,238000000.0,398500000.0,6100000.0,,68400000.0,99150000.0,23566666.666666668,1.0,40900000.0,4.635696821515892,343700000.0,,,,
ALLE,Industrials,2017-06-30,839200000.0,2334600000.0,245500000.0,,345850000.0,,194600000.0,,,123200000.0,-25200000.0,,,,247800000.0,436800000.0,4600000.0,,105500000.0,134550000.0,43200000.0,1.0,25200000.0,9.742063492063492,402400000.0,,,,
ALLE,Industrials,2018-03-31,802600000.0,2628100000.0,151800000.0,,355300000.0,,197500000.0,,,86200000.0,-10100000.0,,,613100000.0,271500000.0,452100000.0,6600000.0,,72200000.0,98700000.0,54266666.666666664,1.0,10100000.0,15.029702970297029,350500000.0,,0.16098515739683575,,
ALLE,Industrials,2019-03-31,850200000.0,2800800000.0,153800000.0,,378100000.0,,198300000.0,,,95400000.0,-12600000.0,,,655000000.0,296800000.0,485400000.0,10100000.0,,80200000.0,108000000.0,60000000.0,1.0,12600000.0,12.206349206349206,364800000.0,,0.1648854961832061,,
ALLE,Industrials,2019-06-30,883200000.0,2849300000.0,157800000.0,,410500000.0,,206500000.0,,,131600000.0,-23200000.0,,,731200000.0,304700000.0,517100000.0,4700000.0,,109300000.0,145700000.0,63833333.333333336,1.0,23200000.0,6.801724137931035,366100000.0,,0.19926148796498905,,
ALLE,Industrials,2020-06-30,977100000.0,2833900000.0,302400000.0,,342900000.0,,195500000.0,,,87900000.0,-11700000.0,,,589500000.0,293600000.0,463700000.0,3800000.0,,73700000.0,96500000.0,132000000.0,1.0,11700000.0,25.846153846153847,513400000.0,,0.1636980491942324,,
ALLE,Industrials,2022-06-30,1753000000.0,3653700000.0,919600000.0,,458100000.0,,278400000.0,,2030700000.0,133300000.0,-69100000.0,,,773100000.0,428400000.0,610400000.0,3100000.0,,115100000.0,147100000.0,107850000.0,1.0,69100000.0,13.308248914616497,1142600000.0,,0.1902729271763032,,0.5557927580261105
AMAT,Information Technology,2009-01-25,,,1366196000.0,,941820000.0,,,,,,-185217000.0,229540000.0,,,,,,391576000.0,-132934000.0,-196092000.0,-374869000.0,0.0,185217000.0,7.3761911703569325,,,,,
AMAT,Information Technology,2009-04-26,,,1466976000.0,,864558000.0,,,,,,-100917000.0,236335000.0,448802000.0,,,,,155519000.0,-255390000.0,-293283000.0,-138442250.0,0.0,100917000.0,14.536460655786438,,,,,
AMAT,Information Technology,2009-07-26,5764792000.0,9580281000.0,1555470000.0,,808866000.0,842169000.0,,,,,-648821000.0,234052000.0,402057000.0,,1748507000.0,2038983000.0,43334000.0,324874000.0,-54865000.0,-77183000.0,612227500.0,1.0,648821000.0,2.397379246356083,3725809000.0,,,,
AMAT,Information Technology,2012-04-29,6330000000.0,13877000000.0,1761000000.0,,1530000000.0,1785000000.0,507000000.0,,1900000000.0,,-80000000.0,321000000.0,602000000.0,,1594000000.0,2666000000.0,43000000.0,1011000000.0,289000000.0,409000000.0,64000000.0,1.0,80000000.0,22.0125,3664000000.0,,,,0.13691720112416228
AMAT,Information Technology,2013-04-28,5113000000.0,11695000000.0,1545000000.0,,1165000000.0,1275000000.0,531000000.0,,1900000000.0,,-480000000.0,344000000.0,876000000.0,,1318000000.0,2201000000.0,39000000.0,808000000.0,-129000000.0,-68000000.0,414333333.3333333,1.0,480000000.0,3.21875,2912000000.0,,,,0.16246259085079093
AMAT,Information Technology,2015-04-26,7447000000.0,13587000000.0,3067000000.0,,1426000000.0,1798000000.0,647000000.0,,,,-338500000.0,365000000.0,600000000.0,,1713000000.0,2696000000.0,47000000.0,1016000000.0,364000000.0,416000000.0,294333333.3333333,1.0,338500000.0,9.060561299852289,4751000000.0,,,,
AMCR,Materials,2018-09-30,,,354200000.0,,1868600000.0,,,86000000.0,,121500000.0,-305800000.0,14200000.0,,,,,,393800000.0,98400000.0,177500000.0,29616661.0,1.0,305800000.0,1.158273381294964,,,,,
AMCR,Materials,2019-03-31,,130.0,130.0,,1890100000.0,,,,,134800000.0,-56650017.0,15800000.0,34.0,,,,,419800000.0,56299983.0,181300000.0,106750000.0,1.0,56650017.0,0.2196183591894155,,,,,
AMCR,Materials,2019-09-30,4562200000.0,16730700000.0,480200000.0,,2594000000.0,1789500000.0,1891900000.0,184150000.0,,95600000.0,-89200000.0,25950000.0,,,1874400000.0,3839600000.0,,546850000.0,66000000.0,140800000.0,204725000.0,1.0,89200000.0,5.383408071748879,722600000.0,,,,
AMCR,Materials,2020-09-30,4612000000.0,16465000000.0,757000000.0,,2443000000.0,1673000000.0,1808000000.0,145000000.0,,242000000.0,-110000000.0,26000000.0,,,1784000000.0,3626000000.0,,654000000.0,198000000.0,276000000.0,90000000.0,1.0,110000000.0,6.881818181818182,986000000.0,,,,
AMCR,Materials,2021-09-30,5279000000.0,17044000000.0,633000000.0,,2770000000.0,1938000000.0,2412000000.0,177000000.0,,266000000.0,-112000000.0,25000000.0,,,2113000000.0,4017000000.0,,650000000.0,202000000.0,296000000.0,6833333.333333333,1.0,112000000.0,5.651785714285714,1262000000.0,,,,
AMCR,Materials,2022-09-30,5849000000.0,17292000000.0,562000000.0,,3044000000.0,1984000000.0,2839000000.0,151000000.0,,292000000.0,-260000000.0,25000000.0,,,,4589000000.0,,668000000.0,232000000.0,342000000.0,-33500000.0,0.0,260000000.0,2.1615384615384614,1260000000.0,,,,
AMCR,Materials,2022-12-31,5863000000.0,17475000000.0,837000000.0,,2980000000.0,1972000000.0,2785000000.0,,,494000000.0,-149500000.0,24000000.0,,,,4393000000.0,,662000000.0,459000000.0,559000000.0,37500000.0,1.0,149500000.0,5.59866220735786,1470000000.0,,,,
AMCR,Materials,2023-09-30,5085000000.0,16683000000.0,524000000.0,,2798000000.0,1870000000.0,2218000000.0,149000000.0,,,-135000000.0,27000000.0,,,,4005000000.0,,645000000.0,152000000.0,270000000.0,-18500000.0,0.0,135000000.0,3.8814814814814813,1080000000.0,,,,
AMCR,Materials,2024-09-30,5238000000.0,16910000000.0,432000000.0,,2694000000.0,1973000000.0,2380000000.0,141000000.0,,,-269000000.0,28000000.0,,,,4068000000.0,,659000000.0,191000000.0,312000000.0,-15333333.333333334,0.0,269000000.0,1.6059479553903346,1170000000.0,,,,
AMCR,Materials,2024-12-31,4905000000.0,16165000000.0,445000000.0,,2615000000.0,1775000000.0,2380000000.0,,,,-30000000.0,27000000.0,,,,3897000000.0,,626000000.0,163000000.0,297000000.0,65000000.0,1.0,30000000.0,14.833333333333334,1008000000.0,,,,
AMD,Information Technology,2009-06-27,,,1979000000.0,,,,,,,,-535000000.0,425000000.0,,,,,,441000000.0,,-249000000.0,48166666.666666664,1.0,535000000.0,3.6990654205607476,,,,,
AMD,Information Technology,2009-09-26,,,1847000000.0,,,,,,,,-142000000.0,420000000.0,,,,,,585000000.0,,-77000000.0,54166666.666666664,1.0,142000000.0,13.007042253521126,,,,,
AMD,Information Technology,2010-09-25,3212000000.0,4595000000.0,620000000.0,,,765000000.0,464000000.0,,,,-124000000.0,359000000.0,,,622000000.0,1665000000.0,22000000.0,739000000.0,,128000000.0,42166666.666666664,1.0,124000000.0,5.0,1547000000.0,,,,
AMD,Information Technology,2011-04-02,3411000000.0,5209000000.0,602000000.0,38000000.0,,797000000.0,411000000.0,,,,-168000000.0,367000000.0,,,648000000.0,1375000000.0,,691000000.0,,54000000.0,133833333.33333333,1.0,168000000.0,3.5833333333333335,2036000000.0,,,,
AMD,Information Technology,2012-09-29,2815000000.0,4612000000.0,776000000.0,,,683000000.0,412000000.0,,,,-240000000.0,328000000.0,,,744000000.0,1555000000.0,,392000000.0,-157000000.0,-131000000.0,-99333333.33333333,0.0,240000000.0,3.2333333333333334,1260000000.0,,,,
AMD,Information Technology,2013-03-30,2338000000.0,3797000000.0,441000000.0,20000000.0,,645000000.0,301000000.0,,,,-155000000.0,312000000.0,,,613000000.0,1321000000.0,,445000000.0,-146000000.0,-98000000.0,-115666666.66666667,0.0,155000000.0,2.8451612903225807,1017000000.0,,,,
AMD,Information Technology,2013-06-29,2458000000.0,3897000000.0,334000000.0,,,670000000.0,402000000.0,,,,-164000000.0,308000000.0,,,711000000.0,1451000000.0,,459000000.0,-74000000.0,-29000000.0,-110166666.66666667,0.0,164000000.0,2.0365853658536586,1007000000.0,,,,
AMD,Information Technology,2014-03-29,2690000000.0,4108000000.0,554000000.0,21000000.0,,840000000.0,483000000.0,,,,-204000000.0,279000000.0,,,869000000.0,1384000000.0,,487000000.0,-20000000.0,49000000.0,-100666666.66666667,0.0,204000000.0,2.715686274509804,1306000000.0,,,,
AMD,Information Technology,2014-06-28,2932000000.0,4246000000.0,503000000.0,,,872000000.0,511000000.0,,,,-147500000.0,277000000.0,,,960000000.0,1505000000.0,,498000000.0,-36000000.0,63000000.0,-92500000.0,0.0,147500000.0,3.4101694915254237,1427000000.0,,,,
AMD,Information Technology,2015-03-28,2497000000.0,3428000000.0,677000000.0,22000000.0,,771000000.0,381000000.0,46000000.0,,,-172500000.0,242000000.0,,,688000000.0,1292000000.0,,326000000.0,-180000000.0,-137000000.0,-74166666.66666667,0.0,172500000.0,3.92463768115942,1205000000.0,,,,
AMD,Information Technology,2015-06-27,2451000000.0,3381000000.0,829000000.0,,,687000000.0,454000000.0,,,,-123000000.0,235000000.0,,,799000000.0,1399000000.0,,232000000.0,-181000000.0,-137000000.0,-28000000.0,0.0,123000000.0,6.739837398373984,1052000000.0,,,,
AMD,Information Technology,2015-09-26,2466000000.0,3229000000.0,755000000.0,,,648000000.0,388000000.0,,,,-57500000.0,241000000.0,,,761000000.0,1449000000.0,,239000000.0,-197000000.0,-158000000.0,833333.3333333334,1.0,57500000.0,13.130434782608695,1017000000.0,,,,
AMD,Information Technology,2016-03-26,2226000000.0,2981000000.0,716000000.0,26000000.0,,508000000.0,324000000.0,33000000.0,,,-42000000.0,242000000.0,,,675000000.0,1328000000.0,,269000000.0,-109000000.0,-68000000.0,-84833333.33333333,0.0,42000000.0,17.047619047619047,898000000.0,,,,
AMD,Information Technology,2017-04-01,2498000000.0,3299000000.0,722000000.0,23000000.0,,494000000.0,529000000.0,34000000.0,,,-299000000.0,268500000.0,,,839000000.0,1372000000.0,,354500000.0,-53000000.0,-9000000.0,-120333333.33333333,0.0,299000000.0,2.4147157190635453,1126000000.0,,,,
AMD,Information Technology,2017-07-01,2511000000.0,3370000000.0,760000000.0,,765000000.0,614000000.0,483000000.0,,,,-332000000.0,282000000.0,,1151000000.0,833000000.0,1449000000.0,,395000000.0,-29000000.0,12000000.0,-6500000.0,0.0,332000000.0,2.289156626506024,1062000000.0,0.34317984361424847,0.010425716768027803,0.24500434404865334,
AMD,Information Technology,2018-03-31,2751000000.0,3763000000.0,1045000000.0,46000000.0,1050000000.0,738000000.0,456000000.0,44000000.0,,,-96500000.0,343000000.0,,,715000000.0,1697000000.0,32000000.0,597000000.0,81000000.0,120000000.0,-39333333.333333336,0.0,96500000.0,10.82901554404145,1054000000.0,,,,
AMD,Information Technology,2019-03-30,3677000000.0,4931000000.0,978000000.0,62000000.0,751000000.0,1241000000.0,484000000.0,46000000.0,,,-213000000.0,373000000.0,,,955000000.0,1764000000.0,41000000.0,521000000.0,16000000.0,38000000.0,9666666.666666666,1.0,213000000.0,4.591549295774648,1913000000.0,,,,
AMD,Information Technology,2019-06-29,3754000000.0,5102000000.0,963000000.0,,910000000.0,1333000000.0,828000000.0,,,,-140000000.0,373000000.0,,,1015000000.0,1804000000.0,45000000.0,621000000.0,35000000.0,59000000.0,107166666.66666667,1.0,140000000.0,6.878571428571429,1950000000.0,,,,
AMD,Information Technology,2020-03-28,4390000000.0,5864000000.0,1330000000.0,55000000.0,968000000.0,1691000000.0,653000000.0,68000000.0,,,-65000000.0,442000000.0,,,1056000000.0,1985000000.0,59000000.0,818000000.0,162000000.0,177000000.0,463166666.6666667,1.0,65000000.0,20.46153846153846,2405000000.0,,,,
AMD,Information Technology,2023-07-01,16505000000.0,67967000000.0,3841000000.0,,2916000000.0,4312000000.0,2779000000.0,,,,-634000000.0,1443000000.0,,,4567000000.0,7572000000.0,348000000.0,2443000000.0,27000000.0,-20000000.0,471000000.0,1.0,634000000.0,6.058359621451104,8933000000.0,,,,
AME,Industrials,2013-06-30,1243801000.0,5192534000.0,207614000.0,,,,332038000.0,,,,-134198000.0,,,,438912000.0,679456000.0,,,128321000.0,202613000.0,166131000.0,1.0,134198000.0,1.5470722365459992,564345000.0,,,,
AME,Industrials,2022-06-30,2411614000.0,11984971000.0,348653000.0,,988175000.0,,540667000.0,,,346465000.0,-2043000.0,,,,966609000.0,1633029000.0,,,282373000.0,364842000.0,351087000.0,1.0,2043000.0,170.65736661771905,778585000.0,,,,
AMGN,Health Care,2019-06-30,30746000000.0,59373000000.0,5525000000.0,,1012000000.0,3801000000.0,1001000000.0,,30614000000.0,,-792000000.0,,,5871000000.0,3176000000.0,10622000000.0,,,2179000000.0,2678000000.0,2389666666.6666665,1.0,792000000.0,6.976010101010101,20124000000.0,,0.4056571445047538,,0.5156215788321291
AMGN,Health Care,2021-06-30,19099000000.0,59773000000.0,6630000000.0,,1637000000.0,4479000000.0,1277000000.0,,32782000000.0,,-137000000.0,,,6526000000.0,4115000000.0,14585000000.0,,,464000000.0,828000000.0,1816500000.0,1.0,137000000.0,48.394160583941606,4514000000.0,,0.12687710695678822,,0.5484416040687267
AMGN,Health Care,2024-06-30,27206000000.0,90907000000.0,9301000000.0,,3236000000.0,6934000000.0,2267000000.0,,62645000000.0,,-818500000.0,,,,7995000000.0,21517000000.0,,,746000000.0,1909000000.0,638000000.0,1.0,818500000.0,11.363469761759315,5689000000.0,,,,0.6891108495495396
AMZN,Consumer Discretionary,2009-06-30,5304000000.0,7675000000.0,1936000000.0,78000000.0,3518000000.0,584000000.0,,,,,-196833333.33333334,,2733000000.0,,1325000000.0,3636000000.0,,1133000000.0,142000000.0,159000000.0,25722222.22222225,1.0,196833333.33333334,9.835732430143945,1668000000.0,,,,
AMZN,Consumer Discretionary,2010-06-30,8118000000.0,12397000000.0,1629000000.0,196000000.0,4957000000.0,805000000.0,3545000000.0,,,,-1126000000.0,,6296000000.0,,1940000000.0,5250000000.0,,,207000000.0,270000000.0,11361111.111111084,1.0,1126000000.0,1.4467140319715808,2868000000.0,,,,
AMZN,Consumer Discretionary,2011-06-30,11279000000.0,17941000000.0,2047000000.0,433000000.0,7525000000.0,1438000000.0,5721000000.0,,,,-1257666666.6666667,,,,3229000000.0,8045000000.0,,,191000000.0,201000000.0,-168111111.11111116,0.0,1257666666.6666667,1.627617280678505,3234000000.0,,,,
AMZN,Consumer Discretionary,2012-06-30,11793000000.0,21022000000.0,2335000000.0,657000000.0,9488000000.0,2035000000.0,7072000000.0,,,,-1433666666.6666667,,,,4380000000.0,10964000000.0,,,7000000.0,107000000.0,57138888.888888836,1.0,1433666666.6666667,1.6286910020925365,829000000.0,,,,
AMZN,Consumer Discretionary,2013-06-30,16285000000.0,29623000000.0,3704000000.0,855000000.0,11209000000.0,2861000000.0,8990000000.0,,3758000000.0,,-1619000000.0,,,,5420000000.0,14735000000.0,,,-7000000.0,79000000.0,110638888.88888884,1.0,1619000000.0,2.2878319950586783,1550000000.0,,,,0.12686088512304627
AMZN,Consumer Discretionary,2014-06-30,18755000000.0,37898000000.0,5057000000.0,1290000000.0,13399000000.0,4125000000.0,10457000000.0,,4000000000.0,,-2041000000.0,,,,6644000000.0,18751000000.0,,,-126000000.0,-15000000.0,845194444.4444447,1.0,2041000000.0,2.477707006369427,4000000.0,,,,0.1055464668320228
AMZN,Consumer Discretionary,2015-06-30,26391000000.0,52440000000.0,10269000000.0,1213000000.0,15160000000.0,4920000000.0,12391000000.0,,9602000000.0,,-1783333333.3333333,,,,7470000000.0,23912000000.0,563000000.0,,92000000.0,464000000.0,1166222222.2222223,1.0,1783333333.3333333,5.758317757009346,2479000000.0,,,,0.18310450038138826
AMZN,Consumer Discretionary,2016-06-30,32220000000.0,65076000000.0,12521000000.0,1711000000.0,19180000000.0,6092000000.0,16123000000.0,1909000000.0,8347000000.0,,-2141333333.3333333,,,,9588000000.0,29587000000.0,768000000.0,,857000000.0,1285000000.0,1877166666.6666667,1.0,2141333333.3333333,5.847291407222914,2633000000.0,,,,0.12826541274817138
AMZN,Consumer Discretionary,2017-06-30,41007000000.0,87781000000.0,13203000000.0,,23451000000.0,8046000000.0,21439000000.0,2633000000.0,8832000000.0,,-3838833333.3333335,,,,11510000000.0,40520000000.0,1158000000.0,,197000000.0,628000000.0,2515583333.333333,1.0,3838833333.3333335,3.439326184170538,487000000.0,,,,0.10061402809263964
AMZN,Consumer Discretionary,2018-06-30,54481000000.0,134100000000.0,19823000000.0,,30632000000.0,12607000000.0,27657000000.0,3630000000.0,24770000000.0,,-1695666666.6666667,,,,14824000000.0,50801000000.0,1468000000.0,,2534000000.0,2983000000.0,5169055555.555554,1.0,1695666666.6666667,11.690387261647336,3680000000.0,,,,0.18471290082028338
AMZN,Consumer Discretionary,2019-06-30,76790000000.0,191351000000.0,22616000000.0,,36337000000.0,16747000000.0,36063000000.0,5202000000.0,25066000000.0,,-4759666666.666667,,,,18580000000.0,69678000000.0,1971000000.0,,2625000000.0,3084000000.0,7819972222.222221,1.0,4558205000.000002,4.751593248826948,7112000000.0,,,,0.1309948732956713
AMZN,Consumer Discretionary,2021-06-30,140848000000.0,360319000000.0,40380000000.0,,64176000000.0,26835000000.0,66090000000.0,8038000000.0,51762000000.0,,-12523333333.333334,,,,24119000000.0,117792000000.0,3591000000.0,,7778000000.0,7702000000.0,3006916666.6666665,1.0,4558205000.000002,3.224381155177003,23056000000.0,,,,0.14365603812177544
AMZN,Consumer Discretionary,2022-06-30,133667000000.0,419728000000.0,37478000000.0,,66424000000.0,34804000000.0,71219000000.0,9655000000.0,63435000000.0,,-8061333333.333333,,,,38153000000.0,140291000000.0,5209000000.0,,-2028000000.0,3317000000.0,9078972222.222223,1.0,4558205000.000002,4.649106847502481,-6624000000.0,,,,0.1511335912781611
AMZN,Consumer Discretionary,2023-06-30,140482000000.0,477607000000.0,49529000000.0,,69373000000.0,39925000000.0,69481000000.0,11589000000.0,67472000000.0,,-5530000000.0,,,,36587000000.0,148238000000.0,7127000000.0,,6750000000.0,7681000000.0,17575694444.444443,1.0,4558205000.000002,8.956419529837252,-6987757640.0,,,,0.14127096127150565
AMZN,Consumer Discretionary,2024-06-30,173307000000.0,554818000000.0,71178000000.0,,73785000000.0,50106000000.0,81817000000.0,12038000000.0,62683000000.0,,-9865333333.333334,,,,34109000000.0,158172000000.0,6722000000.0,,13485000000.0,14672000000.0,12344388888.888887,1.0,4558205000.000002,7.214961481281254,15135000000.0,,,,0.11297939144007585
ANET,Information Technology,2016-09-30,1324178000.0,1519080000.0,500481000.0,,103841000.0,210243000.0,77048000.0,,,62925000.0,-40306000.0,70648000.0,123399000.0,,162128000.0,355082000.0,15116000.0,186420000.0,51257000.0,63021000.0,185487000.0,1.0,40306000.0,12.417034684662333,969096000.0,,,,
ANET,Information Technology,2018-09-30,2436046000.0,2798238000.0,524687000.0,,201726000.0,322053000.0,85097000.0,,,189389000.0,-118825000.0,117589000.0,180813000.0,,216313000.0,539782000.0,23254000.0,361583000.0,168524000.0,180770000.0,234106666.66666666,1.0,118825000.0,4.415628024405638,1896264000.0,,,,
ANET,Information Technology,2022-06-30,4729195000.0,5824545000.0,493246000.0,,408626000.0,585786000.0,275093000.0,,,362320000.0,-77075000.0,178158000.0,280412000.0,,852810000.0,1278026000.0,50224000.0,643265000.0,299099000.0,362853000.0,363663666.6666667,1.0,77075000.0,6.399558871229322,3451169000.0,,,,
AOS,Industrials,2010-03-31,,,79800000.0,,,,,10100000.0,,,-14400000.0,,,,,,,108300000.0,30900000.0,,-25166666.666666668,0.0,14400000.0,5.541666666666667,,,,,
AOS,Industrials,2010-06-30,841500000.0,1967200000.0,94000000.0,,,,,,,-6600000.0,-41800000.0,,,,257100000.0,672700000.0,,136250000.0,16600000.0,,-51783333.333333336,0.0,41800000.0,2.248803827751196,168800000.0,,,,
AOS,Industrials,2011-03-31,987000000.0,2205300000.0,124200000.0,,,,,10800000.0,,33700000.0,-52200000.0,,,,160800000.0,555400000.0,,127000000.0,41000000.0,48900000.0,-35783333.333333336,0.0,52200000.0,2.3793103448275863,431600000.0,,,,
AOS,Industrials,2011-06-30,991200000.0,2143100000.0,108200000.0,,,,,,,41000000.0,-121650000.0,,,,161600000.0,535900000.0,,111900000.0,50300000.0,49300000.0,17533333.333333332,1.0,121650000.0,0.8894369091656391,455300000.0,,,,
AOS,Industrials,2012-03-31,1106700000.0,2250200000.0,367200000.0,,,,,13400000.0,,69900000.0,-3500000.0,,,,172200000.0,502400000.0,,149100000.0,,56400000.0,47650000.0,1.0,3500000.0,104.91428571428571,604300000.0,,,,
AOS,Industrials,2014-06-30,1233900000.0,2430700000.0,393700000.0,,,,,,,,-4200000.0,,,,206800000.0,550000000.0,2000000.0,216200000.0,57300000.0,92500000.0,36050000.0,1.0,4200000.0,93.73809523809524,683900000.0,,,,
AOS,Industrials,2015-03-31,1376300000.0,2565300000.0,284100000.0,,,,,15600000.0,,82800000.0,-1900000.0,,,,218800000.0,595800000.0,5650000.0,229200000.0,58400000.0,97400000.0,59600000.0,1.0,1900000.0,149.52631578947367,780500000.0,,,,
AOS,Industrials,2015-06-30,1400000000.0,2589800000.0,248100000.0,,,,,,,103200000.0,-22200000.0,,,,233400000.0,579100000.0,1100000.0,262850000.0,71100000.0,116900000.0,39666666.666666664,1.0,22200000.0,11.175675675675675,820900000.0,,,,
AOS,Industrials,2016-06-30,1449000000.0,2672200000.0,287400000.0,,,,,,,124100000.0,-82000000.0,,,,237800000.0,615600000.0,1800000.0,283700000.0,87100000.0,137200000.0,90850000.0,1.0,82000000.0,3.504878048780488,833400000.0,,,,
AOS,Industrials,2019-06-30,1596600000.0,3175600000.0,281600000.0,,456700000.0,,,,,132200000.0,-900000.0,,,,323100000.0,730600000.0,2100000.0,308700000.0,102100000.0,145200000.0,76566666.66666667,1.0,1179870.0,312.8888888888889,866000000.0,,,,
AOS,Industrials,2022-06-30,1631200000.0,3321400000.0,359400000.0,,631500000.0,,,,,165300000.0,-134000000.0,,,,493000000.0,928300000.0,1400000.0,334400000.0,126200000.0,178000000.0,144350000.0,1.0,134000000.0,2.682089552238806,702900000.0,,,,
AOS,Industrials,2024-06-30,1481300000.0,3197600000.0,216100000.0,,628300000.0,,,19600000.0,,206600000.0,-55500000.0,,,,544700000.0,872400000.0,2100000.0,396000000.0,156200000.0,216300000.0,17666666.666666668,1.0,55500000.0,3.893693693693694,608900000.0,,,,
APD,Materials,2020-03-31,4688500000.0,19501200000.0,2220100000.0,,1460100000.0,1399400000.0,,,,653200000.0,-764900000.0,19200000.0,,2216300000.0,399700000.0,1806900000.0,13500000.0,,477800000.0,577200000.0,774700000.0,1.0,764900000.0,2.902470911230226,2881600000.0,,0.2604340567612688,0.008663087127193972,
APH,Information Technology,2010-06-30,1757703000.0,3556768000.0,436677000.0,,,645595000.0,377618000.0,,,,-79420500.0,,,,498552000.0,596916000.0,6172000.0,289299000.0,129671000.0,175625000.0,104184666.66666667,1.0,79420500.0,5.4982907435737625,1160787000.0,,,,
APP,Information Technology,2022-03-31,2298101000.0,6167193000.0,1413256000.0,285000.0,,684461000.0,369659000.0,128989000.0,,-157982000.0,-31719000.0,126250000.0,,,,785117000.0,44640000.0,,-115257000.0,-127987000.0,133272666.66666667,1.0,31719000.0,44.55550301081371,1512984000.0,,,,
APP,Information Technology,2022-06-30,1817297000.0,5930828000.0,951560000.0,,,690911000.0,283397000.0,,,17368000.0,-63326000.0,141108000.0,,,,644589000.0,57156000.0,,-21748000.0,53355000.0,285604333.3333333,1.0,63326000.0,15.026371474591794,1172708000.0,,,,
APTV,Consumer Discretionary,2020-06-30,5412000000.0,15280000000.0,1885000000.0,,1947000000.0,1834000000.0,1432000000.0,,,,-405500000.0,,,1960000000.0,1212000000.0,2859000000.0,,,-366000000.0,-311000000.0,351000000.0,1.0,405500000.0,4.648581997533909,2553000000.0,,-0.1586734693877551,,
APTV,Consumer Discretionary,2022-03-31,10774000000.0,20404000000.0,4877000000.0,,3589000000.0,3054000000.0,2910000000.0,,,,-202000000.0,,,4178000000.0,2312000000.0,4146000000.0,,,89000000.0,256000000.0,14833333.333333334,1.0,202000000.0,24.143564356435643,6628000000.0,,0.061273336524652944,,
APTV,Consumer Discretionary,2022-06-30,10558000000.0,19908000000.0,4670000000.0,,3617000000.0,3028000000.0,2749000000.0,,,,-383500000.0,,,4057000000.0,2362000000.0,4019000000.0,,,-45000000.0,97000000.0,263000000.0,1.0,383500000.0,12.177314211212517,6539000000.0,,0.023909292580724672,,
APTV,Consumer Discretionary,2023-03-31,7725000000.0,21716000000.0,1100000000.0,,4058000000.0,3564000000.0,2996000000.0,,,,-9000000.0,,,4818000000.0,2485000000.0,4508000000.0,,,162000000.0,348000000.0,450333333.3333333,1.0,9000000.0,122.22222222222223,3217000000.0,,0.0722291407222914,,
AVY,Materials,2010-04-03,,,143600000.0,13700000.0,1113900000.0,,,,,,-27900000.0,,,,,,,440800000.0,54700000.0,,2550000.0,1.0,27900000.0,5.146953405017921,,,,,
AVY,Materials,2010-07-03,1978400000.0,5037500000.0,148900000.0,,1189700000.0,1055800000.0,770500000.0,,,,-15350000.0,23500000.0,,,564100000.0,1897500000.0,,490400000.0,83800000.0,,-71333333.33333333,0.0,15350000.0,9.700325732899023,80900000.0,,,,
AVY,Materials,2011-04-02,2160200000.0,5314700000.0,120400000.0,28000000.0,1165950000.0,1072300000.0,816600000.0,,,62600000.0,-117500000.0,22300000.0,,,630600000.0,1947600000.0,,426950000.0,44800000.0,,-3700000.0,0.0,117500000.0,1.02468085106383,212600000.0,,,,
AVY,Materials,2011-07-02,2216700000.0,5360000000.0,125400000.0,,1201600000.0,1132700000.0,765400000.0,,,87100000.0,-237000000.0,24250000.0,,,641400000.0,1946600000.0,,433650000.0,73300000.0,,68966666.66666667,1.0,237000000.0,0.529113924050633,270100000.0,,,,
AVY,Materials,2012-06-30,2401800000.0,5057900000.0,161400000.0,,1117400000.0,982000000.0,787300000.0,,,75300000.0,-19000000.0,27100000.0,,,521600000.0,2122300000.0,,393950000.0,64200000.0,,15683333.333333334,1.0,19000000.0,8.494736842105263,279500000.0,,,,
AVY,Materials,2013-03-30,2513800000.0,5137600000.0,207700000.0,21550000.0,1097200000.0,988700000.0,813200000.0,,,81100000.0,-65700000.0,23500000.0,,,516300000.0,2126200000.0,,401700000.0,,,-39783333.333333336,0.0,65700000.0,3.1613394216133943,387600000.0,,,,
AVY,Materials,2013-06-29,2589000000.0,5191000000.0,211600000.0,,1134800000.0,1009500000.0,821300000.0,,,109500000.0,-60350000.0,25100000.0,,,508000000.0,1984900000.0,,417500000.0,,,-32350000.0,0.0,60350000.0,3.5062137531068767,604100000.0,,,,
AVY,Materials,2014-03-29,2073000000.0,4591300000.0,205100000.0,38700000.0,1142900000.0,1086200000.0,887300000.0,,,87800000.0,-108000000.0,,,,547600000.0,1540500000.0,,407200000.0,,,52933333.333333336,1.0,108000000.0,1.8990740740740741,532500000.0,,,,
AVY,Materials,2014-06-28,2129900000.0,4616600000.0,221900000.0,,1187600000.0,1114600000.0,871400000.0,,,77100000.0,-38050000.0,,,,560400000.0,1622700000.0,,428200000.0,,,89133333.33333333,1.0,38050000.0,5.83180026281209,507200000.0,,,,
AVY,Materials,2016-04-02,1887400000.0,4249400000.0,169600000.0,25200000.0,1062900000.0,1019100000.0,836900000.0,,,123500000.0,-6300000.0,,,,519500000.0,1594200000.0,,422600000.0,,,79733333.33333333,1.0,6300000.0,26.92063492063492,293200000.0,,,,
AVY,Materials,2017-07-01,2209800000.0,5091800000.0,209400000.0,,1174300000.0,1138100000.0,930900000.0,,,149500000.0,-5900000.0,,,1626900000.0,618500000.0,1972400000.0,,452600000.0,120900000.0,,81616666.66666667,1.0,5900000.0,35.49152542372882,237400000.0,0.27819779949597395,,,
AVY,Materials,2018-09-29,2358800000.0,5181900000.0,217600000.0,,1300500000.0,1235700000.0,1048000000.0,,,168000000.0,-21800000.0,,,1759700000.0,682500000.0,2358200000.0,,459200000.0,149500000.0,,136183333.33333334,1.0,21800000.0,9.98165137614679,600000.0,0.2609535716315281,,,
AVY,Materials,2020-06-27,2324600000.0,5651700000.0,262600000.0,,1145600000.0,1114600000.0,956500000.0,,,,-49500000.0,,,,726600000.0,1909500000.0,,382900000.0,79700000.0,,241000000.0,1.0,49500000.0,5.305050505050505,415100000.0,,,,
AVY,Materials,2023-07-01,2851000000.0,8266300000.0,217100000.0,,1537100000.0,1415200000.0,1234800000.0,,,140200000.0,-116100000.0,,,,990500000.0,2608700000.0,,553400000.0,100400000.0,,167616666.66666666,1.0,116100000.0,1.8699397071490094,242300000.0,,,,
AXON,Industrials,2010-06-30,,,40599254.0,,,,,,,,-2389942.0,3055049.0,,,,,,9630710.0,-1359389.0,-3435734.0,4898392.166666667,1.0,2389942.0,16.987547814967893,,,,,
AXON,Industrials,2010-09-30,,,40281074.0,,,,,,,,-23201.0,1686062.0,,,,,,10415682.0,-2335478.0,-724733.0,6733556.5,1.0,1179870.0,469.25,,,,,
AXON,Industrials,2013-06-30,75878540.0,113008186.0,19079670.5,455953.0,12433217.0,16889785.0,5897846.0,1529753.5,,6828445.5,-11034894.0,1992032.0,,,13200436.0,19965160.0,,19742181.5,4457267.0,6809607.0,7045081.666666667,1.0,11034894.0,1.7290307002495902,55913380.0,,,,
AXON,Industrials,2015-06-30,151300000.0,212153000.0,40354000.0,1346000.0,15990000.0,,7477000.0,745000.0,,9473000.0,-350000.0,5906000.0,21349000.0,,23687000.0,31693000.0,,30723000.0,6103000.0,9374000.0,7205666.666666667,1.0,1179870.0,115.29714285714286,119607000.0,,,,
AXON,Industrials,2016-06-30,153775000.0,228695000.0,37306000.0,684000.0,21457000.0,,8083000.0,942000.0,,6087000.0,-4821000.0,6710000.0,31089000.0,,21936000.0,52193000.0,,37299000.0,3650000.0,6210000.0,-6139166.666666667,0.0,4821000.0,7.738228583281477,101582000.0,,,,
AXON,Industrials,2017-03-31,180338000.0,299518000.0,41974000.0,2343000.0,30572000.0,,15632000.0,1604000.0,,5556000.0,-6609000.0,12463000.0,43320000.0,,48699000.0,90488000.0,,48670000.0,4580000.0,5350000.0,-8411250.0,0.0,6609000.0,6.351036465425934,89850000.0,,,,
AXON,Industrials,2017-06-30,190954000.0,316311000.0,28038000.0,3398000.0,34006000.0,,17993000.0,1796000.0,,2508000.0,-23431500.0,12989000.0,44813000.0,,60743000.0,94844000.0,,45637000.0,2276000.0,824000.0,12328750.0,1.0,23431500.0,1.1965943281480058,96110000.0,,,,
AXON,Industrials,2019-03-31,566922000.0,739195000.0,223642000.0,5271000.0,46893000.0,,9865000.0,2800000.0,,4984000.0,-13970000.0,23354000.0,66246000.0,,37587000.0,163794000.0,4700000.0,68917000.0,6419000.0,2671000.0,5653666.666666667,1.0,13970000.0,16.00873299928418,403128000.0,,,,
AXON,Industrials,2019-06-30,575055000.0,746370000.0,219720000.0,,46802000.0,,9064000.0,,,550000.0,-18894000.0,23493000.0,66855000.0,,40999000.0,163673000.0,,65560000.0,738000.0,-1295000.0,6315333.333333333,1.0,18894000.0,11.629088599555415,411382000.0,,,,
AXON,Industrials,2020-06-30,885724000.0,1232912000.0,319253000.0,,53082000.0,,40105000.0,,,-12063000.0,-16909000.0,29560000.0,101853000.0,,81010000.0,242830000.0,,88177000.0,-30759000.0,-13676000.0,55037500.0,1.0,16909000.0,18.880655272340174,642894000.0,,,,
AXON,Industrials,2023-03-31,2052696000.0,3007949000.0,263414000.0,8513000.0,138941000.0,,65988000.0,6689000.0,,41884000.0,-56323000.0,70927000.0,187494000.0,,220268000.0,616127000.0,1320000.0,204102000.0,45265666.666666664,16608000.0,-6277833.333333333,0.0,56323000.0,4.676846048683486,1436569000.0,,,,
AXON,Industrials,2023-06-30,2112650000.0,3077404000.0,474203000.0,,142484000.0,,72989000.0,,,-12109000.0,-65787500.0,71940000.0,191862000.0,,249767000.0,625239000.0,839000.0,232121000.0,12193500.0,40259000.0,29722166.666666668,1.0,65787500.0,7.2081018430552914,1487411000.0,,,,
AXON,Industrials,2024-03-31,2201707000.0,3616196000.0,403870000.0,16194000.0,201058666.66666666,,82075000.0,9460000.0,,165837333.33333334,-15938000.0,91097000.0,242703333.33333334,,271318000.0,757474000.0,29595000.0,259100666.66666666,133307333.33333333,16397333.333333334,53109166.666666664,1.0,15938000.0,25.34006776258,1444233000.0,,,,
BA,Industrials,2008-09-30,,,4186000000.0,,,,,,,,-442000000.0,937000000.0,,15293000000.0,,,,2752000000.0,695000000.0,1147000000.0,383500000.0,1.0,442000000.0,9.470588235294118,,0.17995161184855815,0.075001634734846,0.061269862028378995,
BA,Industrials,2010-03-31,36798000000.0,62970000000.0,4517000000.0,186000000.0,,6359000000.0,7469000000.0,,,,-285000000.0,1000000000.0,,15216000000.0,,33484000000.0,,3072000000.0,519000000.0,1174000000.0,-104166666.66666667,0.0,285000000.0,15.849122807017544,3314000000.0,0.20189274447949526,0.07715562565720295,0.06572029442691903,
BA,Industrials,2010-06-30,38327000000.0,63755000000.0,4468000000.0,,,6565000000.0,6960000000.0,,,1210000000.0,-1214500000.0,1001000000.0,,15573000000.0,,34088000000.0,,3033000000.0,787000000.0,1307000000.0,209000000.0,1.0,1214500000.0,3.678880197612186,4239000000.0,0.19476016181853206,0.08392731008797277,0.06427791690746805,
BA,Industrials,2011-03-31,41009000000.0,68760000000.0,5670000000.0,417000000.0,,6036000000.0,8304000000.0,384000000.0,,883000000.0,-953000000.0,1057000000.0,,14910000000.0,,35257000000.0,,2861000000.0,586000000.0,1000000000.0,337000000.0,1.0,953000000.0,5.949632738719832,5752000000.0,0.19188464118041582,0.0670690811535882,0.07089201877934272,
BA,Industrials,2011-06-30,44353000000.0,72119000000.0,5050000000.0,,,6162000000.0,8262000000.0,,,1425000000.0,-275000000.0,1047000000.0,,16543000000.0,,37370000000.0,,3343000000.0,941000000.0,1534000000.0,828333333.3333334,1.0,275000000.0,18.363636363636363,6983000000.0,0.20207942936589493,0.09272804207217554,0.06328960889802333,
BA,Industrials,2014-06-30,65527000000.0,92737000000.0,7533000000.0,,,7694000000.0,11060000000.0,,,1717000000.0,-478500000.0,733000000.0,,22045000000.0,,53339000000.0,,3375000000.0,1653000000.0,1787000000.0,827333333.3333334,1.0,478500000.0,15.74294670846395,12188000000.0,0.15309594012247676,0.08106146518484918,0.033250170106600134,
BA,Industrials,2019-06-30,95111000000.0,126261000000.0,9167000000.0,,,3291000000.0,15267000000.0,,,-3427000000.0,-3989500000.0,826000000.0,,15751000000.0,,92189000000.0,,-2059000000.0,-2942000000.0,-3380000000.0,-5398333333.333333,0.0,3989500000.0,2.2977816769018675,2922000000.0,-0.03657003943304942,-0.21458954986984954,0.052441114849850805,
BA,Industrials,2019-09-30,101656000000.0,132598000000.0,9763000000.0,,,3564000000.0,15101000000.0,,,1177000000.0,-2424000000.0,778000000.0,,19980000000.0,,91846000000.0,,3050000000.0,1167000000.0,1259000000.0,-6196666666.666667,0.0,2424000000.0,4.027640264026402,9810000000.0,0.15265265265265265,0.06301301301301301,0.03893893893893894,
BA,Industrials,2020-03-31,111011000000.0,143075000000.0,15039000000.0,428000000.0,,3211000000.0,14963000000.0,556000000.0,,-1503000000.0,-4302000000.0,672000000.0,,16908000000.0,,94502000000.0,,140000000.0,-628000000.0,-1353000000.0,-5891666666.666667,0.0,4302000000.0,3.49581589958159,16509000000.0,0.008280104092737165,-0.08002129169623846,0.0397444996451384,
BA,Industrials,2020-06-30,130277000000.0,162872000000.0,19992000000.0,,,2793000000.0,13700000000.0,,58788000000.0,-3423000000.0,-9469000000.0,625000000.0,,11807000000.0,,92482000000.0,,-1171000000.0,-2376000000.0,-2964000000.0,-1625166666.6666667,0.0,4558205000.000002,2.111310592459605,24848959999.999943,-0.03657003943304942,-0.25103752011518593,0.052934699754382995,0.3609460189596739
BA,Industrials,2020-09-30,131012000000.0,161261000000.0,10564000000.0,,,2762000000.0,14479000000.0,,58840000000.0,-925000000.0,-4819000000.0,574000000.0,,14139000000.0,,92307000000.0,,1034000000.0,-449000000.0,-401000000.0,-106166666.66666667,0.0,4558205000.000002,2.192156048972816,24848959999.999943,0.07313105594455054,-0.02836127024542047,0.0405969304759884,0.3648743341539492
BA,Industrials,2021-03-31,119945000000.0,150035000000.0,7059000000.0,291000000.0,,2356000000.0,12410000000.0,536000000.0,63384000000.0,-572000000.0,-3387000000.0,499000000.0,,15217000000.0,,89892000000.0,,1409000000.0,-537000000.0,-83000000.0,-49166666.666666664,0.0,3387000000.0,2.08414526129318,24848959999.999943,0.09259380955510285,-0.005454425970953539,0.03279227180127489,0.4224614256673443
BA,Industrials,2021-09-30,116888000000.0,146846000000.0,9764000000.0,,,2247000000.0,10151000000.0,,62238000000.0,-310000000.0,-262000000.0,575000000.0,,15278000000.0,,85771000000.0,,1712000000.0,-109000000.0,329000000.0,-365000000.0,0.0,262000000.0,37.267175572519086,24848959999.999943,0.11205655190469957,0.02153423222934939,0.03763581620630973,0.4238317693365839
BA,Industrials,2022-03-31,106012000000.0,135801000000.0,7409000000.0,349000000.0,,2407000000.0,8779000000.0,486000000.0,57559000000.0,-1618000000.0,-3216000000.0,633000000.0,,13991000000.0,,81692000000.0,,349500000.0,-1219000000.0,-1165500000.0,601000000.0,1.0,3216000000.0,2.3037935323383083,24320000000.0,0.02498034450718319,-0.08330355228361089,0.04524337073833178,0.4238481307206869
BA,Industrials,2022-06-30,106000000000.0,135479000000.0,10090000000.0,,,2996000000.0,9575000000.0,,57009000000.0,377000000.0,-1069000000.0,698000000.0,,16681000000.0,,84799000000.0,,2125000000.0,193000000.0,777000000.0,1800500000.0,1.0,1069000000.0,9.438727782974743,21201000000.0,0.12739044421797255,0.04657994125052455,0.04184401414783286,0.42079584289816135
BA,Industrials,2023-03-31,108811000000.0,136347000000.0,10812000000.0,468000000.0,,2862000000.0,10274000000.0,457000000.0,55175000000.0,-496000000.0,-318000000.0,741000000.0,,17921000000.0,,93510000000.0,,1923000000.0,-414000000.0,-149000000.0,-270166666.6666667,0.0,318000000.0,34.0,15301000000.0,0.10730427989509514,-0.008314268176999052,0.041348139054740246,0.4046660359230493
BA,Industrials,2024-03-31,106532000000.0,134484000000.0,6914000000.0,567000000.0,,2959000000.0,11616000000.0,442000000.0,47689000000.0,-378000000.0,-3362000000.0,868000000.0,,16569000000.0,,93258000000.0,,1876000000.0,-343000000.0,-86000000.0,-3845166666.6666665,0.0,3362000000.0,2.056513979773944,13274000000.0,0.11322348964934516,-0.005190415836803669,0.05238698774820448,0.35460723952291723
BA,Industrials,2024-06-30,114439000000.0,142720000000.0,10894000000.0,,,3155000000.0,11864000000.0,441000000.0,57669000000.0,-1515000000.0,-8574500000.0,954000000.0,,16866000000.0,,96630000000.0,,1229000000.0,-1439000000.0,-1090000000.0,1426666666.6666667,1.0,4558205000.000002,1.2705114000816373,17809000000.0,0.07286849282580339,-0.06462706035811693,0.05656350053361793,0.4040709080717489
BA,Industrials,2024-09-30,109436000000.0,137695000000.0,9961000000.0,,,2894000000.0,12267000000.0,444000000.0,57397000000.0,-6224000000.0,-1345000000.0,1154000000.0,,17840000000.0,,97300000000.0,,-3507000000.0,-6170000000.0,-5761000000.0,2249333333.3333335,1.0,1345000000.0,7.405947955390334,12136000000.0,-0.03657003943304942,-0.32292600896860985,0.06468609865470852,0.41684157013689677
BALL,Materials,2009-09-27,,,418100000.0,,,,,,,,-3100000.0,,,,,,,,103700000.0,187500000.0,32116666.666666668,1.0,3100000.0,134.8709677419355,,,,,
BALL,Materials,2010-03-28,,,391400000.0,33300000.0,,,,,,,-272000000.0,,,,,,,,79300000.0,132600000.0,97983333.33333333,1.0,272000000.0,1.4389705882352941,,,,,
BALL,Materials,2011-04-03,2714400000.0,7783000000.0,193100000.0,95000000.0,,,854000000.0,,,,-74400000.0,,,,1245700000.0,1683400000.0,6400000.0,,91300000.0,194000000.0,12333333.333333334,1.0,74400000.0,2.5954301075268815,1031000000.0,,,,
BALL,Materials,2011-07-03,2724600000.0,7850400000.0,144800000.0,,,1134400000.0,868700000.0,,3185200000.0,,-24500000.0,,,,1196700000.0,1751800000.0,5900000.0,,143100000.0,254100000.0,-28100000.0,0.0,24500000.0,5.910204081632653,972800000.0,,,,0.40573728727198616
BALL,Materials,2012-04-01,2516800000.0,7559400000.0,106800000.0,76000000.0,,1028300000.0,832600000.0,,3275600000.0,,-218300000.0,,,,1124500000.0,1812500000.0,6800000.0,,,182000000.0,-52266666.666666664,0.0,218300000.0,0.48923499770957396,704300000.0,,,,0.43331481334497446
BALL,Materials,2012-07-01,2511700000.0,7439500000.0,123500000.0,,,1074000000.0,852500000.0,,3073900000.0,,-145800000.0,,,,1035600000.0,1888500000.0,6800000.0,,,237600000.0,-92400000.0,0.0,145800000.0,0.8470507544581619,623200000.0,,,,0.4131863700517508
BALL,Materials,2013-03-31,2622700000.0,7776000000.0,208000000.0,88700000.0,,973100000.0,915800000.0,,3489100000.0,,-324600000.0,,,,1143600000.0,1742900000.0,7700000.0,,,143000000.0,33750000.0,1.0,324600000.0,0.640788662969809,879800000.0,,,,0.4487011316872428
BALL,Materials,2013-06-30,2619500000.0,7815600000.0,169500000.0,,,1051200000.0,950200000.0,,3517800000.0,,-266200000.0,,,,1100400000.0,1767400000.0,5700000.0,,,203500000.0,123933333.33333333,1.0,266200000.0,0.6367392937640871,852100000.0,,,,0.4500998003992016
BALL,Materials,2014-03-31,2404300000.0,7744900000.0,175400000.0,61400000.0,,913100000.0,969900000.0,,3413400000.0,,-136200000.0,,,,1081600000.0,1821300000.0,,,,217400000.0,87866666.66666667,1.0,136200000.0,1.287812041116006,583000000.0,,,,0.440728737620886
BALL,Materials,2015-03-31,2467900000.0,7660500000.0,228900000.0,105250000.0,,901200000.0,1271200000.0,,3214600000.0,,-180750000.0,,,,1033200000.0,2039300000.0,,,,125950000.0,-38000000.0,0.0,180750000.0,1.2663900414937759,428600000.0,,,,0.419633183212584
BALL,Materials,2015-06-30,2505100000.0,7852900000.0,227150000.0,,,1068700000.0,1444400000.0,,3037700000.0,,-113650000.0,,,,929000000.0,2192300000.0,,,,273900000.0,-87616666.66666667,0.0,113650000.0,1.9986801583809943,312800000.0,,,,0.38682524927096995
BALL,Materials,2016-03-31,2323000000.0,10059000000.0,205000000.0,138000000.0,,908000000.0,1259000000.0,,5461000000.0,,-386000000.0,,,,956000000.0,2232000000.0,,,,-110000000.0,-377500000.0,0.0,386000000.0,0.5310880829015544,91000000.0,,,,0.5428969082413759
BALL,Materials,2016-06-30,10086000000.0,25077000000.0,6399000000.0,,,1524000000.0,2168000000.0,,11035000000.0,,-262500000.0,,,,1483000000.0,10353000000.0,,,,278500000.0,-130500000.0,0.0,262500000.0,24.377142857142857,-267000000.0,,,,0.44004466243968576
BALL,Materials,2016-09-30,4104000000.0,17060000000.0,645000000.0,,,1474000000.0,1864000000.0,,7803000000.0,34000000.0,-469000000.0,,,,1418000000.0,2943000000.0,,,,124000000.0,187000000.0,1.0,469000000.0,1.3752665245202558,1161000000.0,,,,0.4573856975381008
BALL,Materials,2017-03-31,3907000000.0,16644000000.0,458000000.0,125000000.0,,1354000000.0,1830000000.0,,7555000000.0,,-401000000.0,,,,1554000000.0,3018000000.0,,,,152000000.0,481000000.0,1.0,401000000.0,1.14214463840399,889000000.0,,,,0.4539173275654891
BALL,Materials,2018-03-31,4160000000.0,17731000000.0,477000000.0,242000000.0,,1751000000.0,2822000000.0,,7140000000.0,,-74000000.0,,,,1447000000.0,3905000000.0,,,,226000000.0,175333333.33333334,1.0,74000000.0,6.445945945945946,255000000.0,,,,0.40268456375838924
BALL,Materials,2019-03-31,4399000000.0,16923000000.0,603000000.0,154000000.0,,1426000000.0,2739000000.0,,6747000000.0,,-129000000.0,,,,1275000000.0,4035000000.0,,,,221000000.0,-188500000.0,0.0,129000000.0,4.674418604651163,364000000.0,,,,0.3986881758553448
BALL,Materials,2019-06-30,4533000000.0,17109000000.0,764000000.0,,,1511000000.0,2739000000.0,,6944000000.0,,-260500000.0,,,,1183000000.0,4134000000.0,,,,307000000.0,-288333333.3333333,0.0,260500000.0,2.9328214971209214,399000000.0,,,,0.40586825647320124
BALL,Materials,2020-03-31,4241000000.0,16545000000.0,801000000.0,213000000.0,,1417000000.0,2613000000.0,,7481000000.0,,-708000000.0,,,,1354000000.0,4003000000.0,,,,155000000.0,-153333333.33333334,0.0,708000000.0,1.13135593220339,238000000.0,,,,0.4521607736476277
BALL,Materials,2020-06-30,4010000000.0,16610000000.0,643000000.0,,,1447000000.0,2699000000.0,,7162000000.0,,-560000000.0,,,,1388000000.0,4126000000.0,,,,178000000.0,31833333.333333332,1.0,560000000.0,1.1482142857142856,-116000000.0,,,,0.43118603251053583
BALL,Materials,2021-03-31,4237000000.0,17979000000.0,461000000.0,363000000.0,,1640000000.0,3355000000.0,,,,-477000000.0,,,,1399000000.0,4984000000.0,,,,300000000.0,-33500000.0,0.0,477000000.0,0.9664570230607966,-747000000.0,,,,
BALL,Materials,2021-06-30,5029000000.0,19146000000.0,571000000.0,,,2102000000.0,3961000000.0,,,,-4500000.0,,,,1490000000.0,5917000000.0,,,,373000000.0,-310666666.6666667,0.0,4500000.0,126.88888888888889,-888000000.0,,,,
BALL,Materials,2022-03-31,6306000000.0,20926000000.0,437000000.0,362000000.0,,2495000000.0,5026000000.0,,,,-804000000.0,,,,2323000000.0,6486000000.0,,,,610000000.0,-312333333.3333333,0.0,804000000.0,0.5435323383084577,-180000000.0,,,,
BALL,Materials,2022-06-30,6493000000.0,20926000000.0,480000000.0,,,2546000000.0,4991000000.0,,,,-836000000.0,,,,2473000000.0,6483000000.0,,,,-107000000.0,124000000.0,1.0,836000000.0,0.5741626794258373,10000000.0,,,,
BALL,Materials,2023-03-31,5507000000.0,20109000000.0,572000000.0,343000000.0,,2072000000.0,3647000000.0,,,,-275000000.0,,,,2191000000.0,7220000000.0,,,,297000000.0,-2666666.6666666665,0.0,275000000.0,2.08,-1713000000.0,,,,
BALL,Materials,2024-03-31,6524000000.0,19898000000.0,1719000000.0,154000000.0,,2585000000.0,3257000000.0,,,,-1247000000.0,,,,1498000000.0,5384000000.0,,,,196000000.0,-537833333.3333334,0.0,1247000000.0,1.3785084202085005,1140000000.0,,,,
BALL,Materials,2024-06-30,5752000000.0,18961000000.0,1346000000.0,,,2193000000.0,3174000000.0,,,,-1558500000.0,,,,1426000000.0,4889000000.0,,,,,-1000000.0,0.0,1558500000.0,0.8636509464228425,863000000.0,,,,
BAX,Health Care,2011-06-30,7809000000.0,17741000000.0,2018000000.0,,1701000000.0,,,,,1019000000.0,-31000000.0,239000000.0,,,2648000000.0,4031000000.0,,1835000000.0,615000000.0,,591333333.3333334,1.0,31000000.0,65.09677419354838,3778000000.0,,,,
BAX,Health Care,2015-06-30,14497000000.0,30015000000.0,6680000000.0,,1713500000.0,,,,,108000000.0,-244000000.0,269500000.0,,,3842000000.0,6312000000.0,,1470500000.0,332000000.0,87000000.0,-79333333.33333333,0.0,244000000.0,27.37704918032787,8185000000.0,,,,
BAX,Health Care,2016-03-31,8017000000.0,17350000000.0,2211000000.0,,1410000000.0,,,189000000.0,,3329000000.0,-333000000.0,136000000.0,,,1682000000.0,3823000000.0,,965000000.0,3380000000.0,188000000.0,202166666.66666666,1.0,333000000.0,6.63963963963964,4194000000.0,,,,
BAX,Health Care,2016-06-30,6823000000.0,15982000000.0,2630000000.0,,1613000000.0,,,,,1218000000.0,-98000000.0,195000000.0,,,1591000000.0,3723000000.0,,972000000.0,1212000000.0,68000000.0,317333333.3333333,1.0,98000000.0,26.836734693877553,3100000000.0,,,,
BAX,Health Care,2019-06-30,7218000000.0,17544000000.0,2925000000.0,,1681000000.0,,,,,344500000.0,-61500000.0,166000000.0,,,1757000000.0,2597000000.0,,1156000000.0,328000000.0,352500000.0,321000000.0,1.0,61500000.0,47.5609756097561,4621000000.0,,,,
BAX,Health Care,2022-06-30,7882000000.0,31831000000.0,1852000000.0,,2258000000.0,,1282000000.0,,,257000000.0,-282500000.0,148000000.0,,,2663000000.0,3916000000.0,,1412000000.0,252000000.0,302000000.0,404333333.3333333,1.0,282500000.0,6.555752212389381,3966000000.0,,,,
BAX,Health Care,2024-06-30,8593000000.0,26312000000.0,1834500000.0,,2022000000.0,2639000000.0,1251000000.0,,,-70000000.0,-319500000.0,151500000.0,,,2985000000.0,6131000000.0,,1231000000.0,-314000000.0,-6500000.0,-149000000.0,0.0,319500000.0,5.741784037558685,2462000000.0,,,,
BBY,Consumer Discretionary,2008-11-29,12318000000.0,20647000000.0,569000000.0,,,,8219000000.0,,,,-130000000.0,,,,8207000000.0,13195000000.0,,2861000000.0,52000000.0,274000000.0,222000000.0,1.0,130000000.0,4.376923076923077,-877000000.0,,,,
BBY,Consumer Discretionary,2009-05-30,8410000000.0,16214000000.0,535000000.0,186000000.0,,,4996000000.0,,,,-53000000.0,,,,5486000000.0,8356000000.0,,2557000000.0,153000000.0,296000000.0,296000000.0,1.0,53000000.0,10.09433962264151,54000000.0,,,,
BBY,Consumer Discretionary,2010-08-28,9959000000.0,17362000000.0,843000000.0,,,,5573000000.0,,1120000000.0,403000000.0,-255500000.0,,,,6346000000.0,8471000000.0,,2918000000.0,254000000.0,411000000.0,1042666666.6666666,1.0,255500000.0,3.299412915851272,1488000000.0,,,,0.06450869715470568
BBY,Consumer Discretionary,2012-08-04,10184000000.0,15849000000.0,680000000.0,,,,6055000000.0,,1707000000.0,,-1172000000.0,,,,6299000000.0,9448000000.0,,2412500000.0,12000000.0,60500000.0,58500000.0,1.0,1172000000.0,0.5802047781569966,736000000.0,,,,0.10770395608555745
BBY,Consumer Discretionary,2013-05-04,10006000000.0,14331000000.0,1214000000.0,174000000.0,,,4776000000.0,,1686000000.0,,-5000000.0,,,,5461000000.0,8561000000.0,,2164000000.0,-81000000.0,168000000.0,234000000.0,1.0,5000000.0,242.8,1445000000.0,,,,0.11764705882352941
BBY,Consumer Discretionary,2015-05-02,10262500000.0,13715500000.0,2173000000.0,124000000.0,,,4584000000.0,,1607000000.0,,-10000000.0,,,,4930000000.0,6721000000.0,,2030000000.0,129000000.0,86000000.0,187833333.33333334,1.0,10000000.0,217.3,3541500000.0,,,,0.11716670919762313
BBY,Consumer Discretionary,2015-08-01,10112500000.0,13562500000.0,1800000000.0,,,,4680000000.0,,1609000000.0,,-79000000.0,,,,4995000000.0,6838000000.0,,2098000000.0,164000000.0,288000000.0,567833333.3333334,1.0,79000000.0,22.78481012658228,3274500000.0,,,,0.11863594470046084
BBY,Consumer Discretionary,2017-07-29,10078000000.0,13444000000.0,1365000000.0,,6787000000.0,,5072000000.0,,,,-11500000.0,,,8940000000.0,5167000000.0,7105000000.0,,2153000000.0,209000000.0,321000000.0,407166666.6666667,1.0,11500000.0,118.69565217391305,2973000000.0,0.24082774049217,0.035906040268456375,,
BBY,Consumer Discretionary,2018-11-03,10901000000.0,15000000000.0,1228000000.0,,7266000000.0,,7964000000.0,,1326000000.0,,-1000000.0,,,9590000000.0,8168000000.0,9933000000.0,,2324000000.0,277000000.0,322000000.0,-27666666.666666668,0.0,1179870.0,469.25,968000000.0,0.24233576642335766,0.033576642335766425,,0.0884
BBY,Consumer Discretionary,2019-08-03,8192000000.0,14978000000.0,1289000000.0,,7253000000.0,,5045000000.0,,1261000000.0,,-241000000.0,,,9536000000.0,5208000000.0,7576000000.0,,2283000000.0,238000000.0,313000000.0,1434166666.6666667,1.0,241000000.0,5.348547717842323,616000000.0,0.23940855704697986,0.03282298657718121,,0.08419014554680197
BBY,Consumer Discretionary,2021-07-31,12040000000.0,18579000000.0,4340000000.0,,9039000000.0,,6946000000.0,,1257000000.0,,-1089500000.0,,,11849000000.0,6417000000.0,10357000000.0,,2810000000.0,734000000.0,797000000.0,-808833333.3333334,0.0,1089500000.0,3.9834786599357503,1683000000.0,0.23715081441471855,0.06726306017385433,,0.06765703213305345
BBY,Consumer Discretionary,2022-04-30,8315000000.0,15251000000.0,640000000.0,215000000.0,8294000000.0,,5492000000.0,224000000.0,1185000000.0,,-1384000000.0,,,10647000000.0,6258000000.0,8635000000.0,,2353000000.0,341000000.0,462000000.0,-323166666.6666667,0.0,1384000000.0,0.4624277456647399,-320000000.0,0.221001221001221,0.04339250493096647,,0.0776998229624287
BBY,Consumer Discretionary,2022-07-30,8344000000.0,15419000000.0,840000000.0,,8042000000.0,,5406000000.0,,1199000000.0,,-1239500000.0,,,10329000000.0,6043000000.0,8650000000.0,,2287000000.0,306000000.0,371000000.0,168333333.33333334,1.0,1239500000.0,0.6776926179911255,-306000000.0,0.22141543227805208,0.03591828831445445,,0.0777612037097088
BBY,Consumer Discretionary,2023-04-29,7762000000.0,14688000000.0,1030000000.0,204000000.0,7317000000.0,,4874000000.0,237000000.0,1170000000.0,,-331000000.0,,,9467000000.0,5219000000.0,7908000000.0,,2150000000.0,244000000.0,311000000.0,166666666.66666666,1.0,331000000.0,3.11178247734139,-146000000.0,0.22710467941269674,0.0328509559522552,,0.07965686274509803
BBY,Consumer Discretionary,2024-11-02,9955000000.0,17018000000.0,643000000.0,,7228000000.0,,7145000000.0,,1156000000.0,,-256000000.0,,,9445000000.0,7806000000.0,9948000000.0,,2217000000.0,273000000.0,350000000.0,52333333.333333336,1.0,256000000.0,2.51171875,7000000.0,0.23472736897829538,0.037056643726839596,,0.06792807615465977
BF.B,Consumer Staples,2010-10-31,1603700000.0,3440100000.0,155700000.0,,,544000000.0,,,,,-246700000.0,,,,698900000.0,542500000.0,,458800000.0,154000000.0,235000000.0,142850000.0,1.0,246700000.0,0.6311309282529388,1061200000.0,,,,
BF.B,Consumer Staples,2017-10-31,2661000000.0,4978000000.0,212000000.0,,304000000.0,753000000.0,,,1969000000.0,,-6500000.0,,,,1359000000.0,1052000000.0,,610000000.0,239000000.0,347500000.0,154333333.33333334,1.0,6500000.0,32.61538461538461,1609000000.0,,,,0.3955403776617115
BF.B,Consumer Staples,2018-10-31,2743000000.0,5149000000.0,193000000.0,,320000000.0,768000000.0,,,2288000000.0,,-19000000.0,,,,1477000000.0,895000000.0,,590000000.0,249000000.0,332000000.0,91833333.33333333,1.0,19000000.0,10.157894736842104,1848000000.0,,,,0.4443581277918042
BF.B,Consumer Staples,2019-10-31,3039000000.0,5553000000.0,235000000.0,,370000000.0,823000000.0,,,2288000000.0,,-101500000.0,,,,1654000000.0,771000000.0,,619000000.0,282000000.0,352000000.0,147166666.66666666,1.0,101500000.0,2.315270935960591,2268000000.0,,,,0.4120295335854493
BF.B,Consumer Staples,2022-10-31,4258000000.0,6852000000.0,1087000000.0,,481000000.0,894000000.0,,,2224000000.0,298000000.0,-25500000.0,,,,1995000000.0,1243000000.0,,613000000.0,227000000.0,313000000.0,8000000.0,1.0,25500000.0,42.627450980392155,3015000000.0,,,,0.32457676590776413
BF.B,Consumer Staples,2023-10-31,4273000000.0,8115000000.0,373000000.0,,436000000.0,948000000.0,,,2654000000.0,310000000.0,-108000000.0,,,,2585000000.0,1297000000.0,,671000000.0,242000000.0,339000000.0,76666666.66666667,1.0,108000000.0,3.4537037037037037,2976000000.0,,,,0.3270486752926679
BF.B,Consumer Staples,2024-10-31,4196000000.0,8332000000.0,416000000.0,,449000000.0,954000000.0,,,2691000000.0,313000000.0,-52000000.0,,,,2565000000.0,1553000000.0,,646000000.0,258000000.0,341000000.0,107666666.66666667,1.0,52000000.0,8.0,2643000000.0,,,,0.32297167546807487
BG,Consumer Staples,2024-06-30,15452000000.0,24428000000.0,1161000000.0,,12577000000.0,2277000000.0,3429000000.0,114000000.0,4091000000.0,103000000.0,-1410000000.0,,,13241000000.0,8057000000.0,7606000000.0,,664000000.0,70000000.0,,-387333333.3333333,0.0,1410000000.0,0.823404255319149,7846000000.0,0.050147269843667394,,,0.16747175372523335
BIIB,Health Care,2009-06-30,2744278000.0,8777196000.0,786804000.0,,,511286000.0,,,,,-48299000.0,416453000.0,,1093289000.0,268529000.0,803926000.0,41100000.0,,142845000.0,222914000.0,323111000.0,1.0,48299000.0,16.290275160976417,1940352000.0,,0.20389302371102244,0.38091757988967234,
BIIB,Health Care,2017-06-30,7108700000.0,21759000000.0,1169550000.0,,366200000.0,1630200000.0,330300000.0,,5954000000.0,,-98250000.0,,,3078400000.0,936500000.0,3379700000.0,,,862800000.0,1200800000.0,1375150000.0,1.0,98250000.0,11.90381679389313,3729000000.0,,0.39007276507276506,,0.2736338986166644
BIIB,Health Care,2021-06-30,7183700000.0,24470400000.0,,,459700000.0,1688000000.0,375300000.0,,7269200000.0,,-302150000.0,,,2775000000.0,1254800000.0,3347200000.0,-55800000.0,,448500000.0,485700000.0,154866666.66666666,1.0,302150000.0,,3836500000.0,,0.17502702702702702,,0.29706093893029945
BIIB,Health Care,2022-06-30,9740900000.0,25081400000.0,,,484000000.0,1567600000.0,434800000.0,,6277400000.0,,-502500000.0,,,2589100000.0,1294200000.0,5018000000.0,-58000000.0,,1058000000.0,,426316666.6666667,1.0,502500000.0,,4722900000.0,,,,0.2502810847879305
BKNG,Consumer Discretionary,2011-06-30,2376435000.0,3360075000.0,611249000.0,,353489000.0,321358000.0,127794000.0,,,,-97878000.0,,424519000.0,,,1126193000.0,13106500.0,749227000.0,,324708000.0,560469000.0,1.0,97878000.0,6.245009092952451,1250242000.0,,,,
BKNG,Consumer Discretionary,2019-06-30,10020000000.0,21494000000.0,5256000000.0,,,1973000000.0,1291000000.0,,7686000000.0,,-190000000.0,,2603000000.0,3850000000.0,,6349000000.0,79000000.0,,,1247000000.0,-227000000.0,0.0,190000000.0,27.66315789473684,3671000000.0,,0.3238961038961039,,0.35758816413882943
BKNG,Consumer Discretionary,2020-03-31,9260000000.0,17862000000.0,6363000000.0,80000000.0,,,926000000.0,117000000.0,7553000000.0,,-380000000.0,,2597000000.0,2288000000.0,,4136000000.0,6000000.0,,,-309000000.0,-479666666.6666667,0.0,380000000.0,16.74473684210526,5124000000.0,,-0.13505244755244755,,0.4228529839883552
BKNG,Consumer Discretionary,2020-06-30,11453000000.0,20912000000.0,10404000000.0,,,,581000000.0,,10633000000.0,,-2152000000.0,,1114000000.0,630000000.0,,3909000000.0,77000000.0,,,-484000000.0,442333333.3333333,1.0,2152000000.0,4.83457249070632,7544000000.0,,-0.7682539682539683,,0.5084640397857689
BKNG,Consumer Discretionary,2021-03-31,14108000000.0,23655000000.0,12151000000.0,65000000.0,,,570000000.0,113000000.0,,-278000000.0,-207000000.0,,1452000000.0,1141000000.0,,6468000000.0,109000000.0,,,-311000000.0,1301666666.6666667,1.0,207000000.0,58.70048309178744,7640000000.0,,-0.27256792287467135,,
BLDR,Industrials,2010-06-30,,,124586000.0,,172748000.0,,,,,,-22360000.0,,,,,,,38735000.0,-19039000.0,-12715000.0,-17932333.333333332,0.0,22360000.0,5.571824686940966,,,,,
BLDR,Industrials,2010-09-30,,,121413000.0,,144865000.0,,,,,,-1766000.0,,,,,,,35529000.0,-20470000.0,-13290000.0,-20401666.666666668,0.0,1766000.0,68.75028312570781,,,,,
BLDR,Industrials,2011-03-31,,,77615000.0,527000.0,131396000.0,,,,,,-25330000.0,,,,,,,31433000.0,-21249000.0,-15290000.0,-16926666.666666668,0.0,25330000.0,3.0641531780497435,,,,,
BLDR,Industrials,2011-06-30,225429000.0,396793000.0,63103000.0,,163590000.0,80357000.0,59754000.0,,,,-26701000.0,,,,69470000.0,91621000.0,,42803000.0,-15484000.0,-8044000.0,-12629000.0,0.0,26701000.0,2.363319725852964,133808000.0,,,,
BLDR,Industrials,2011-09-30,222126000.0,391036000.0,52917000.0,,172755000.0,81883000.0,62361000.0,,,,-9174000.0,,,,71033000.0,96756000.0,,44439000.0,-11564000.0,-5876000.0,-13260666.666666666,0.0,9174000.0,5.768149117069981,125370000.0,,,,
BLDR,Industrials,2012-03-31,327537000.0,495319000.0,129629000.0,1746000.0,174270000.0,93736000.0,65449000.0,,,,-14905000.0,,,,82075000.0,95795000.0,,45119000.0,-19188000.0,-5842000.0,-16688666.666666666,0.0,14905000.0,8.697014424689701,231742000.0,,,,
BLDR,Industrials,2012-06-30,331567000.0,499097000.0,105090000.0,,218255000.0,113635000.0,79528000.0,,298151000.0,,-13808000.0,,,,91035000.0,109565000.0,,53664000.0,-12055000.0,-1372000.0,-32567666.666666668,0.0,13808000.0,7.610805330243338,222002000.0,,,,0.5973808698509508
BLDR,Industrials,2012-09-30,329357000.0,498772000.0,90675000.0,,234067000.0,123080000.0,84173000.0,,298492000.0,,-11069000.0,,,,90168000.0,120578000.0,,57713000.0,-13565000.0,-1629000.0,-18979333.333333332,0.0,11069000.0,8.19179691029,208779000.0,,,,0.5984538025390359
BLDR,Industrials,2013-03-31,396277000.0,563491000.0,117666000.0,981000.0,257355000.0,137443000.0,98869000.0,,361529000.0,,-25189000.0,,,,132830000.0,140383000.0,,62347000.0,-11808000.0,1210000.0,-5996333.333333333,0.0,25189000.0,4.671324784628211,255894000.0,,,,0.641587886940519
BLDR,Industrials,2013-06-30,325237000.0,505507000.0,25511000.0,,315916000.0,157877000.0,90575000.0,,354003000.0,,-61445000.0,,,,129172000.0,136930000.0,,82232000.0,-48206000.0,13169000.0,24078000.0,1.0,61445000.0,0.41518431117259336,188307000.0,,,,0.7002929731932496
BLDR,Industrials,2015-06-30,397805000.0,662372000.0,40151000.0,,350907000.0,184675000.0,110538000.0,,408868000.0,3372000.0,-12939000.0,,,,146227000.0,246076000.0,,110614000.0,3576000.0,15945000.0,101212000.0,1.0,12939000.0,3.1030991575855937,151729000.0,,,,0.617278508149499
BLDR,Industrials,2017-06-30,1470461000.0,3130710000.0,6931000.0,,1382500000.0,720639000.0,503533000.0,24173000.0,,57631000.0,-76346000.0,,,,651041000.0,814764000.0,,460797000.0,37910000.0,91341000.0,-91582333.33333333,0.0,76346000.0,0.2196183591894155,655697000.0,,,,
BLDR,Industrials,2018-03-31,1503115000.0,3109689000.0,10069000.0,20113000.0,1289384000.0,710448000.0,488178000.0,22819000.0,,25402000.0,-178325000.0,,,,678790000.0,719391000.0,,411052000.0,23220000.0,52144000.0,6468666.666666667,1.0,178325000.0,0.2196183591894155,783724000.0,,,,
BLDR,Industrials,2018-06-30,1726952000.0,3322852000.0,13196000.0,,1593560000.0,820396000.0,562549000.0,24768000.0,,75602000.0,-165170000.0,,,,782757000.0,846750000.0,,496328000.0,56622000.0,104559000.0,119531666.66666667,1.0,165170000.0,0.2196183591894155,880202000.0,,,,
BLDR,Industrials,2020-03-31,1604881000.0,3561358000.0,163872000.0,28498000.0,1321608000.0,702192000.0,551548000.0,29400000.0,,9016000.0,-50654000.0,,,,640048000.0,859013000.0,,465413000.0,8767000.0,60947000.0,-75164666.66666667,0.0,50654000.0,3.2351245706163385,745868000.0,,,,
BLDR,Industrials,2020-06-30,1801587000.0,3764678000.0,385461000.0,,1428311000.0,719684000.0,554394000.0,28475000.0,,102443000.0,-10246000.0,,,,615142000.0,933106000.0,,517332000.0,78924000.0,129255000.0,-165532333.33333334,0.0,10246000.0,37.62063244192856,868481000.0,,,,
BLDR,Industrials,2020-09-30,2061742000.0,4014934000.0,340927000.0,,1724799000.0,860842000.0,651332000.0,29423000.0,,111715000.0,-14740000.0,,,,751149000.0,1084871000.0,,570651000.0,85932000.0,139758000.0,208378666.66666666,1.0,14740000.0,23.129375848032563,976871000.0,,,,
BLDR,Industrials,2021-03-31,3570668000.0,9379506000.0,19118000.0,39263000.0,3104221000.0,1749650000.0,1123804000.0,134331000.0,,216112000.0,-200508000.0,,,,1585612000.0,1861178000.0,,1069554000.0,172580000.0,247956000.0,335155333.3333333,1.0,200508000.0,0.2196183591894155,1709490000.0,,,,
BLDR,Industrials,2021-06-30,4915075000.0,10626094000.0,90266000.0,,3993531000.0,2174674000.0,1318446000.0,,,652443000.0,-281349000.0,,,,2074448000.0,2252748000.0,,1583151000.0,497235000.0,680238000.0,654092166.6666666,1.0,281349000.0,0.32083284461647277,2662327000.0,,,,
BLDR,Industrials,2023-06-30,3605217000.0,10733112000.0,89316000.0,,2933944000.0,1618666000.0,1061965000.0,,,524056000.0,-268226000.0,,,,1362250000.0,1955856000.0,,1594946000.0,404619000.0,577072000.0,296112500.0,1.0,268226000.0,0.3329878535265038,1649361000.0,,,,
BLDR,Industrials,2024-06-30,3454705000.0,10721187000.0,75569000.0,,2993656000.0,1482336000.0,1028355000.0,,,437467000.0,-78315500.0,,,,1289708000.0,1892541000.0,,1462684000.0,344090000.0,489483000.0,-54525000.0,0.0,78315500.0,0.9649303139225313,1562164000.0,,,,
BMY,Health Care,2009-06-30,14570000000.0,29809000000.0,7507000000.0,,,,,,,,-407500000.0,820000000.0,,,1780000000.0,6744000000.0,45000000.0,,983000000.0,,696500000.0,1.0,407500000.0,18.422085889570553,7826000000.0,,,,
BMY,Health Care,2012-06-30,11013000000.0,31667000000.0,2801000000.0,,,1623000000.0,2134000000.0,,,,-115000000.0,962000000.0,,,1521000000.0,6991000000.0,40000000.0,,645000000.0,,728500000.0,1.0,115000000.0,24.356521739130436,4022000000.0,,,,
BMY,Health Care,2013-03-31,10076000000.0,35958000000.0,1355000000.0,115000000.0,,1798000000.0,2079000000.0,213000000.0,,,-428000000.0,930000000.0,,,1791000000.0,8414000000.0,49000000.0,,609000000.0,,-100166666.66666667,0.0,428000000.0,3.1658878504672896,1662000000.0,,,,
BMY,Health Care,2013-06-30,10486000000.0,36252000000.0,1821000000.0,,,1851000000.0,2346000000.0,,,,-1970500000.0,951000000.0,,,1785000000.0,8354000000.0,46000000.0,,536000000.0,,758500000.0,1.0,1970500000.0,0.924130931235727,2132000000.0,,,,
BMY,Health Care,2015-06-30,13056000000.0,31954000000.0,4199000000.0,,,2543000000.0,1839000000.0,,,,-591000000.0,1856000000.0,,,1304000000.0,7435000000.0,59000000.0,,-130000000.0,,-91833333.33333333,0.0,591000000.0,7.104906937394247,5621000000.0,,,,
BMY,Health Care,2016-03-31,11215000000.0,31892000000.0,2644000000.0,242000000.0,,3363000000.0,1543000000.0,65000000.0,,,-307000000.0,1136000000.0,,,1336000000.0,7597000000.0,47000000.0,,1195000000.0,,589666666.6666666,1.0,307000000.0,8.612377850162867,3618000000.0,,,,
BMY,Health Care,2016-06-30,12298000000.0,32831000000.0,2934000000.0,,,3685000000.0,1504000000.0,,,,-492500000.0,1266000000.0,,,1437000000.0,7885000000.0,54000000.0,,1166000000.0,,1299666666.6666667,1.0,492500000.0,5.957360406091371,4413000000.0,,,,
BMY,Health Care,2022-06-30,30186000000.0,100357000000.0,10750000000.0,,2720000000.0,7586000000.0,2882000000.0,,41753000000.0,1958000000.0,-2000000.0,2321000000.0,,11887000000.0,2142000000.0,20915000000.0,116000000.0,,1421000000.0,,2211333333.3333335,1.0,2000000.0,469.25,9271000000.0,,,0.19525532093884074,0.4160447203483564
BMY,Health Care,2023-06-30,28074000000.0,93489000000.0,8372000000.0,,2876000000.0,8125000000.0,3069000000.0,,37070000000.0,1859000000.0,-23000000.0,2258000000.0,,11226000000.0,2364000000.0,20150000000.0,137000000.0,,2073000000.0,,2647000000.0,1.0,23000000.0,364.0,7924000000.0,,,0.20114021022626047,0.39651723732203786
BR,Industrials,2012-09-30,620900000.0,1830500000.0,211800000.0,6400000.0,,,88900000.0,,524400000.0,,-15600000.0,,,495800000.0,,313600000.0,4500000.0,,18300000.0,,34050000.0,1.0,15600000.0,13.576923076923077,307300000.0,,,,0.28647910406992627
BR,Industrials,2013-09-30,656600000.0,1907200000.0,183100000.0,10500000.0,,,110500000.0,,524000000.0,,-5400000.0,,,545200000.0,,338100000.0,4800000.0,,44400000.0,,55916666.666666664,1.0,5400000.0,33.907407407407405,318500000.0,,,,0.274748322147651
BR,Industrials,2014-12-31,780400000.0,2099800000.0,314100000.0,,,,93500000.0,,524300000.0,51600000.0,-22900000.0,,,574600000.0,,359700000.0,11200000.0,,34700000.0,59100000.0,8500000.0,1.0,22900000.0,13.716157205240174,420700000.0,,0.1028541594152454,,0.2496904467092104
BR,Industrials,2015-09-30,795500000.0,2299500000.0,286300000.0,14900000.0,,,111700000.0,,734400000.0,51700000.0,-24600000.0,,,594700000.0,,413000000.0,9000000.0,,33500000.0,59100000.0,-1533333.3333333333,0.0,24600000.0,11.638211382113822,382500000.0,,0.0993778375651589,,0.3193737769080235
BR,Industrials,2015-12-31,828200000.0,2353600000.0,305100000.0,,,,113000000.0,,754500000.0,61300000.0,-35700000.0,,,638900000.0,,428400000.0,13300000.0,,40200000.0,70200000.0,-18316666.666666668,0.0,35700000.0,8.546218487394958,399800000.0,,0.10987634997652215,,0.3205727396329028
BR,Industrials,2016-09-30,885800000.0,2942300000.0,227400000.0,7200000.0,,,134100000.0,,1125800000.0,51500000.0,-87400000.0,,,895300000.0,,641800000.0,8800000.0,,33700000.0,66000000.0,-3916666.6666666665,0.0,87400000.0,2.601830663615561,244000000.0,,0.07371830671283369,,0.3826258369302926
BR,Industrials,2016-12-31,899400000.0,2967300000.0,235700000.0,,,,140600000.0,,1206000000.0,45700000.0,-86050000.0,,,892600000.0,,638200000.0,14000000.0,,30100000.0,58800000.0,45016666.666666664,1.0,86050000.0,2.73910517141197,261200000.0,,0.06587497199193368,,0.40643008795875035
BR,Industrials,2017-09-30,1034300000.0,3224500000.0,288800000.0,29700000.0,726000000.0,,157300000.0,,,74300000.0,-93300000.0,,,924800000.0,,609400000.0,8500000.0,,49900000.0,84800000.0,32750000.0,1.0,93300000.0,3.095391211146838,424900000.0,,0.09169550173010381,,
BR,Industrials,2018-09-30,967900000.0,3381700000.0,204700000.0,8700000.0,739000000.0,,128400000.0,,,89300000.0,-95500000.0,,,,,573300000.0,10700000.0,,76700000.0,100100000.0,-1966666.6666666667,0.0,95500000.0,2.143455497382199,394600000.0,,,,
BR,Industrials,2018-12-31,966400000.0,3357600000.0,249800000.0,,734000000.0,,137500000.0,,,64300000.0,-55300000.0,,,,,597900000.0,18600000.0,,49900000.0,78200000.0,-16016666.666666666,0.0,55300000.0,4.517179023508137,368500000.0,,,,
BR,Industrials,2019-09-30,1095100000.0,4220100000.0,358300000.0,14100000.0,727500000.0,,89600000.0,,1768200000.0,63800000.0,-86400000.0,,,,,1040900000.0,11800000.0,,55900000.0,73100000.0,816666.6666666666,1.0,86400000.0,4.1469907407407405,54200000.0,,,,0.41899481054951304
BR,Industrials,2019-12-31,1010600000.0,4384600000.0,234000000.0,,780900000.0,,92700000.0,,1848800000.0,10500000.0,-97450000.0,,,,,1124800000.0,18500000.0,,10100000.0,26800000.0,35133333.333333336,1.0,97450000.0,2.401231400718317,-114200000.0,,,,0.42165761985129774
BR,Industrials,2020-09-30,1120000000.0,4749700000.0,356600000.0,14300000.0,787100000.0,,120000000.0,,1776100000.0,,-44200000.0,,,,,743900000.0,10400000.0,,65800000.0,78600000.0,-7900000.0,0.0,44200000.0,8.06787330316742,376100000.0,,,,0.3739394066993705
BR,Industrials,2021-09-30,1211100000.0,8028400000.0,316700000.0,5700000.0,914100000.0,,156900000.0,,4165900000.0,,-135400000.0,,,,,966800000.0,13600000.0,,67200000.0,103300000.0,-104383333.33333333,0.0,135400000.0,2.3389955686853767,244300000.0,,,,0.5188954212545464
BR,Industrials,2021-12-31,1266600000.0,8115900000.0,281200000.0,,978400000.0,,192200000.0,,4156600000.0,,-189350000.0,,,,,1087800000.0,22700000.0,,47200000.0,68900000.0,-66083333.333333336,0.0,189350000.0,1.4850805386849748,178800000.0,,,,0.5121551522320383
BR,Industrials,2022-09-30,1222000000.0,8090600000.0,227100000.0,5500000.0,990400000.0,,167100000.0,,4064200000.0,,-204500000.0,,,,,991700000.0,15600000.0,,50400000.0,87500000.0,13016666.666666666,1.0,204500000.0,1.110513447432763,230300000.0,,,,0.5023360442983215
BR,Industrials,2022-12-31,1282700000.0,8051300000.0,280000000.0,,988200000.0,,169800000.0,,4105400000.0,,-74450000.0,,,,,1018900000.0,20900000.0,,57500000.0,107900000.0,64750000.0,1.0,74450000.0,3.760913364674278,263800000.0,,,,0.5099052326953412
BR,Industrials,2023-09-30,1326900000.0,8071200000.0,234000000.0,4700000.0,1075300000.0,,143200000.0,,3682000000.0,,-62000000.0,,,,,924000000.0,16400000.0,,90900000.0,148400000.0,54216666.666666664,1.0,62000000.0,3.774193548387097,402900000.0,,,,0.4561899098027555
BR,Industrials,2024-09-30,1350200000.0,8017100000.0,292800000.0,7900000.0,1075000000.0,,168000000.0,,3585900000.0,,-125500000.0,,,,,972400000.0,14900000.0,,79800000.0,134400000.0,115433333.33333333,1.0,125500000.0,2.333067729083665,377800000.0,,,,0.44728143593069813
BR,Industrials,2024-12-31,1508400000.0,8230600000.0,289900000.0,,1145800000.0,,198300000.0,,3655600000.0,,-56400000.0,,,,,1114300000.0,21800000.0,,142400000.0,210700000.0,219533333.33333334,1.0,56400000.0,5.140070921985815,394100000.0,,,,0.4441474497606493
BSX,Health Care,2010-03-31,3747000000.0,22853000000.0,519000000.0,70000000.0,663000000.0,,232000000.0,,,,-284000000.0,,2783000000.0,,906000000.0,2913000000.0,,1297000000.0,,-1486000000.0,-267666666.66666666,0.0,284000000.0,1.8274647887323943,834000000.0,,,,
BSX,Health Care,2010-06-30,3987000000.0,23019000000.0,811000000.0,,654000000.0,,180000000.0,,,119000000.0,-580000000.0,,1043000000.0,,885000000.0,3723000000.0,,1274000000.0,98000000.0,231000000.0,44000000.0,1.0,580000000.0,1.3982758620689655,264000000.0,,,,
BSX,Health Care,2010-09-30,3556000000.0,22486000000.0,624000000.0,,623000000.0,,195000000.0,,,163000000.0,-126000000.0,,1042000000.0,,923000000.0,2955000000.0,,1293000000.0,190000000.0,251000000.0,208000000.0,1.0,126000000.0,4.9523809523809526,601000000.0,,,,
BSX,Health Care,2011-03-31,3569000000.0,22070000000.0,595000000.0,69000000.0,631000000.0,,217000000.0,,4950000000.0,273000000.0,-97000000.0,,972000000.0,,899000000.0,2040000000.0,,1294000000.0,,322000000.0,311000000.0,1.0,97000000.0,6.134020618556701,1529000000.0,,,,0.2242863615768011
BSX,Health Care,2015-03-31,3189000000.0,16472000000.0,242000000.0,46000000.0,520000000.0,,228000000.0,,4200000000.0,-51000000.0,-197000000.0,,1224000000.0,1891000000.0,958000000.0,2463000000.0,,1248000000.0,,24000000.0,-9166666.666666666,0.0,197000000.0,1.2284263959390862,726000000.0,0.6599682707562137,0.01269169751454257,,0.25497814473045166
BSX,Health Care,2015-06-30,3773000000.0,17123000000.0,903000000.0,,540000000.0,,191000000.0,,5050000000.0,105000000.0,-551500000.0,,1084000000.0,1981000000.0,968000000.0,1937000000.0,,1303000000.0,,219000000.0,308500000.0,1.0,551500000.0,1.6373526745240254,1836000000.0,0.657748611812216,0.11055022715800102,,0.29492495473923963
BSX,Health Care,2016-09-30,3181000000.0,17697000000.0,237000000.0,,594000000.0,,298000000.0,,5400000000.0,257000000.0,-31000000.0,,1163000000.0,2173500000.0,998000000.0,3016000000.0,,1511000000.0,,348000000.0,149500000.0,1.0,31000000.0,7.645161290322581,165000000.0,0.6951920864964343,0.1601104209799862,,0.305136463807425
BSX,Health Care,2018-06-30,3929000000.0,19615000000.0,208000000.0,,739000000.0,,403000000.0,,4808000000.0,347000000.0,-581000000.0,,1359000000.0,,1087000000.0,4753000000.0,,1751000000.0,,392000000.0,449166666.6666667,1.0,581000000.0,0.35800344234079173,-824000000.0,,,,0.24511853173591638
BSX,Health Care,2020-03-31,4823000000.0,30113000000.0,370000000.0,100000000.0,806000000.0,,605000000.0,277000000.0,,22000000.0,-77000000.0,,1591000000.0,,1628000000.0,3976000000.0,,1737000000.0,,146000000.0,182333333.33333334,1.0,77000000.0,4.805194805194805,847000000.0,,,,
BSX,Health Care,2020-06-30,5803000000.0,30823000000.0,1724000000.0,,791000000.0,,408000000.0,,,-181000000.0,-380000000.0,,1283000000.0,,1516000000.0,3108000000.0,,1212000000.0,,-71000000.0,478833333.3333333,1.0,380000000.0,4.536842105263158,2695000000.0,,,,
BSX,Health Care,2022-03-31,5065000000.0,32337000000.0,325000000.0,121000000.0,955000000.0,,696000000.0,274000000.0,,156000000.0,-58000000.0,,1605000000.0,,1736000000.0,4275000000.0,,2071000000.0,,466000000.0,71000000.0,1.0,58000000.0,5.603448275862069,790000000.0,,,,
BSX,Health Care,2022-06-30,5083000000.0,32189000000.0,276000000.0,,1011000000.0,,732000000.0,,,345000000.0,-447000000.0,,1810000000.0,,1752000000.0,3883000000.0,,2233000000.0,,423000000.0,382833333.3333333,1.0,447000000.0,0.6174496644295302,1200000000.0,,,,
CAG,Consumer Staples,2008-08-24,3657700000.0,11526300000.0,296400000.0,106300000.0,,,942200000.0,,,,-437500000.0,,,,2040100000.0,2453300000.0,,,442400000.0,,-37900000.0,0.0,437500000.0,0.6774857142857142,1204400000.0,,,,
CAG,Consumer Staples,2008-11-23,3840500000.0,11770700000.0,132100000.0,,,,1019500000.0,,,,-615700000.0,,,,2275300000.0,2671900000.0,,,168100000.0,,449116666.6666667,1.0,615700000.0,0.2196183591894155,1168600000.0,,,,
CAG,Consumer Staples,2010-11-28,4193800000.0,11603500000.0,545200000.0,,,,1122800000.0,,3200000000.0,,-234150000.0,,,,1974300000.0,2280000000.0,14300000.0,,200900000.0,405900000.0,467950000.0,1.0,234150000.0,2.3284219517403373,1913800000.0,,,,0.2757788598267764
CAG,Consumer Staples,2014-11-23,4116100000.0,19501700000.0,110900000.0,,,,1643400000.0,,7900000000.0,,-66300000.0,,,,2532900000.0,3405300000.0,18200000.0,,10000000.0,247500000.0,122516666.66666667,1.0,66300000.0,1.6726998491704375,710800000.0,,,,0.4050928893378526
CAG,Consumer Staples,2015-11-29,3912500000.0,15994600000.0,83950000.0,,,,1195500000.0,,7700000000.0,,-35200000.0,,,,1975600000.0,3953600000.0,15000000.0,,154900000.0,,293533333.3333333,1.0,35200000.0,2.3849431818181817,-41100000.0,,,,0.48141247671088994
CAG,Consumer Staples,2017-11-26,2056300000.0,10400100000.0,84000000.0,,1515100000.0,,886700000.0,,3460000000.0,,-2550000.0,,,,1059200000.0,1850300000.0,12300000.0,,223500000.0,395900000.0,258150000.0,1.0,2550000.0,32.94117647058823,206000000.0,,,,0.3326891087585696
CAG,Consumer Staples,2018-11-25,3275400000.0,23006800000.0,442300000.0,,1706500000.0,,1246100000.0,,11560000000.0,,-159250000.0,,,,1729700000.0,2234500000.0,22900000.0,,131600000.0,433300000.0,250250000.0,1.0,159250000.0,2.7773940345368917,1040900000.0,,,,0.5024601422188223
CAG,Consumer Staples,2021-11-28,3039300000.0,22592000000.0,68700000.0,,2304100000.0,,1596900000.0,,8800000000.0,,-272900000.0,,,,1858700000.0,3277000000.0,11700000.0,,275500000.0,468400000.0,225233333.33333334,1.0,272900000.0,0.2517405643092708,-237700000.0,,,,0.3895184135977337
CAG,Consumer Staples,2022-11-27,3416400000.0,22414000000.0,39700000.0,,2390600000.0,,1596300000.0,,9040000000.0,,-78500000.0,,,,2347700000.0,3722700000.0,36000000.0,,381900000.0,656100000.0,450666666.6666667,1.0,78500000.0,0.5057324840764331,-306300000.0,,,,0.4033193539751941
CAG,Consumer Staples,2024-11-24,3205400000.0,21018100000.0,37400000.0,,2348400000.0,,1571700000.0,97500000.0,7270000000.0,346000000.0,-11450000.0,,,,2180800000.0,4559700000.0,9200000.0,846700000.0,284500000.0,437550000.0,96533333.33333333,1.0,11450000.0,3.2663755458515285,-1354300000.0,,,,0.3458923499269677
CAH,Health Care,2008-09-30,,,387400000.0,57400000.0,,,,,,,-155200000.0,,,23437100000.0,,,,901200000.0,249100000.0,286600000.0,411633333.3333333,1.0,155200000.0,2.4961340206185567,,0.038451856245013245,0.012228475365979579,,
CAH,Health Care,2010-12-31,16277000000.0,22849700000.0,1348000000.0,,,,11778800000.0,,2670100000.0,,-544150000.0,,,25371800000.0,8314200000.0,13631100000.0,21000000.0,994200000.0,215400000.0,343900000.0,390183333.3333333,1.0,544150000.0,2.477258108977304,2645900000.0,0.039185237153059695,0.01355441868531204,,0.11685492588524138
CAH,Health Care,2011-12-31,17779100000.0,24263200000.0,1797850000.0,,,,12456700000.0,,,,-247550000.0,,,27078000000.0,8888900000.0,14623700000.0,21850000.0,1113950000.0,262000000.0,449150000.0,419200000.0,1.0,247550000.0,7.262573217531812,3155400000.0,0.04113856267080287,0.01658726641554029,,
CAH,Health Care,2012-12-31,17861000000.0,24642000000.0,2271666666.6666665,,,,11796000000.0,,,,-203500000.0,,,25232000000.0,8452000000.0,14202000000.0,22000000.0,1224000000.0,303000000.0,506000000.0,738166666.6666666,1.0,203500000.0,11.162981162981163,3659000000.0,0.04850982878883957,0.020053899809765376,,
CAH,Health Care,2015-09-30,21218000000.0,31222000000.0,2974000000.0,83000000.0,,,14868000000.0,137000000.0,,,-52000000.0,,,28055000000.0,9758000000.0,17782000000.0,30000000.0,1579000000.0,383000000.0,620000000.0,532666666.6666667,1.0,52000000.0,57.19230769230769,3436000000.0,0.056282302619853855,0.022099447513812154,,
CAH,Health Care,2016-12-31,23153000000.0,35021000000.0,1881000000.0,,,,18857000000.0,,,,-507000000.0,,,33150000000.0,11915000000.0,21014000000.0,24000000.0,1602000000.0,324000000.0,542000000.0,737666666.6666666,1.0,507000000.0,3.710059171597633,2139000000.0,0.04832579185520362,0.0163499245852187,,
CAH,Health Care,2017-03-31,22283000000.0,34174000000.0,1368000000.0,,,,17535000000.0,,,,-198000000.0,,,31821000000.0,11641000000.0,19796000000.0,25000000.0,1728000000.0,381000000.0,605000000.0,1055000000.0,1.0,198000000.0,6.909090909090909,2487000000.0,0.0543037616668238,0.019012601740988656,,
CAH,Health Care,2018-12-31,25091000000.0,40462000000.0,2182000000.0,,36010000000.0,,20610000000.0,,,,-371000000.0,,,37740000000.0,13037000000.0,23824000000.0,22000000.0,1730000000.0,280000000.0,504000000.0,-79000000.0,0.0,371000000.0,5.881401617250674,1267000000.0,0.04583995760466349,0.013354531001589825,,
CAH,Health Care,2019-09-30,23715000000.0,39179000000.0,1212000000.0,72000000.0,35662000000.0,,19724000000.0,234000000.0,,,-653000000.0,,,37341000000.0,12458000000.0,22549000000.0,20000000.0,1679000000.0,-4922000000.0,-5264000000.0,294000000.0,1.0,653000000.0,1.8560490045941807,1166000000.0,0.0449639806111245,-0.14097105058782572,,
CAH,Health Care,2019-12-31,25736000000.0,41042000000.0,1659000000.0,,38021000000.0,,21459000000.0,,,,-1064000000.0,,,39735000000.0,13799000000.0,24890000000.0,21000000.0,1714000000.0,220000000.0,334000000.0,857666666.6666666,1.0,1064000000.0,1.5592105263157894,846000000.0,0.04313577450610293,0.008405687680885869,,
CAH,Health Care,2021-09-30,29731000000.0,42993000000.0,2463000000.0,67000000.0,42326000000.0,,23408000000.0,168000000.0,,369000000.0,-646000000.0,,,43968000000.0,14720000000.0,26499000000.0,24000000.0,1642000000.0,271000000.0,415000000.0,-243000000.0,0.0,646000000.0,3.8126934984520124,3232000000.0,0.03734534206695779,0.0094386826783115,,
CAH,Health Care,2021-12-31,31847000000.0,43680000000.0,3161000000.0,,43841000000.0,,24759000000.0,,,-973000000.0,-333000000.0,,,45457000000.0,14941000000.0,27729000000.0,18000000.0,1616000000.0,49000000.0,-950000000.0,53000000.0,1.0,333000000.0,9.492492492492492,4118000000.0,0.03555008029566403,-0.020898871460941108,,
CAH,Health Care,2022-03-31,30884000000.0,42111000000.0,2356000000.0,,43154000000.0,,24821000000.0,,,-137000000.0,-419000000.0,,,44836000000.0,15493000000.0,28715000000.0,23000000.0,1682000000.0,-1391000000.0,-97000000.0,646333333.3333334,1.0,419000000.0,5.62291169451074,2169000000.0,0.037514497278972256,-0.0021634400927825854,,
CAH,Health Care,2024-03-31,35734000000.0,45880000000.0,3718000000.0,,52948500000.0,,32089000000.0,,,341500000.0,-38000000.0,,,54889500000.0,17277000000.0,36306000000.0,31000000.0,1941000000.0,259500000.0,368000000.0,-538333333.3333334,0.0,38000000.0,97.84210526315789,-572000000.0,0.03536195447216681,0.006704378797402053,,
CAH,Health Care,2024-09-30,32905000000.0,43059000000.0,2867000000.0,90000000.0,50375000000.0,,30365000000.0,182000000.0,,541000000.0,-1647000000.0,,,52277000000.0,15619000000.0,34678000000.0,30000000.0,1902000000.0,416000000.0,568000000.0,335000000.0,1.0,1647000000.0,1.7407407407407407,-1773000000.0,0.03638311303249995,0.010865198844616179,,
CAH,Health Care,2024-12-31,35756000000.0,47002000000.0,3810000000.0,,53323000000.0,,31298000000.0,192000000.0,,511000000.0,-2885000000.0,,,55264000000.0,16904000000.0,35223000000.0,30000000.0,1941000000.0,400000000.0,549000000.0,2530666666.6666665,1.0,2885000000.0,1.3206239168110918,533000000.0,0.035122321945570356,0.00993413433700058,,
CARR,Industrials,2019-03-31,,,863000000.0,,,,,,,543000000.0,-183000000.0,97000000.0,,,,,,,400000000.0,500000000.0,345333333.3333333,1.0,183000000.0,4.715846994535519,,,,,
CARR,Industrials,2021-06-30,8754000000.0,25738000000.0,2630000000.0,,,,2362000000.0,,,731000000.0,-1500000.0,125000000.0,,,1885000000.0,5604000000.0,27000000.0,,,783000000.0,-151666666.66666666,0.0,1500000.0,469.25,3150000000.0,,,,
CARR,Industrials,2022-03-31,9602000000.0,24193000000.0,3604000000.0,,,,2519000000.0,,,1688000000.0,-202000000.0,125000000.0,,,2358000000.0,5531000000.0,15000000.0,,,1737000000.0,26000000.0,1.0,202000000.0,17.84158415841584,4071000000.0,,,,
CARR,Industrials,2022-06-30,9276000000.0,23662000000.0,3017000000.0,,,,2403000000.0,,,757000000.0,-832000000.0,122000000.0,,,2350000000.0,5546000000.0,9000000.0,,,819000000.0,368000000.0,1.0,832000000.0,3.626201923076923,3730000000.0,,,,
CARR,Industrials,2024-06-30,11573000000.0,40424000000.0,2837500000.0,,,,3181000000.0,,,2045500000.0,-72500000.0,173500000.0,,,3045000000.0,10675000000.0,27000000.0,,2337000000.0,2207500000.0,305000000.0,1.0,72500000.0,39.13793103448276,898000000.0,,,,
CARR,Industrials,2024-09-30,11194000000.0,40201000000.0,2224500000.0,,,,2829000000.0,,,770000000.0,-269000000.0,172000000.0,,,2646000000.0,10378000000.0,30000000.0,,447000000.0,763000000.0,508333333.3333333,1.0,269000000.0,8.269516728624536,816000000.0,,,,
CAT,Industrials,2010-09-30,28577000000.0,61642000000.0,,,,7395000000.0,4970000000.0,565000000.0,,,-1686000000.0,510000000.0,9947000000.0,11134000000.0,9006000000.0,20178000000.0,58000000.0,,792000000.0,1187000000.0,1074000000.0,1.0,1686000000.0,,8399000000.0,,0.10661038261181965,0.04580564038081552,
CAT,Industrials,2022-06-30,41982000000.0,81107000000.0,6014000000.0,,,8393000000.0,8092000000.0,553000000.0,,,-347000000.0,480000000.0,,14247000000.0,15881000000.0,28963000000.0,67000000.0,,,1944000000.0,2120833333.3333333,1.0,347000000.0,17.3314121037464,13019000000.0,,0.13644977890082122,0.03369130343230154,
CCL,Consumer Discretionary,2012-05-31,2169000000.0,39462000000.0,900000000.0,,,,532000000.0,,,,-50000000.0,,,,377000000.0,7262000000.0,,,14000000.0,253000000.0,578333333.3333334,1.0,50000000.0,18.0,-5093000000.0,,,,
CCL,Consumer Discretionary,2020-05-31,8222000000.0,49817000000.0,6881000000.0,,,,1809000000.0,,,,-4011000000.0,,,,362000000.0,11858000000.0,,,-4374000000.0,-4177000000.0,-1628500000.0,0.0,4011000000.0,1.7155322862129145,-3636000000.0,,,,
CCL,Consumer Discretionary,2020-08-31,9268000000.0,50818000000.0,8176000000.0,,,,691000000.0,,22532000000.0,,-2845000000.0,,,,349000000.0,10184000000.0,,,-2858000000.0,-2333000000.0,-973166666.6666666,0.0,2845000000.0,2.8738137082601054,-916000000.0,,,,0.44338620173954113
CCL,Consumer Discretionary,2021-02-28,12459000000.0,57226000000.0,9674000000.0,1774000000.0,,,505000000.0,,32065000000.0,,-1503000000.0,,,,312000000.0,8619000000.0,,,-1973000000.0,-1524000000.0,-876166666.6666666,0.0,1503000000.0,6.436460412508317,3840000000.0,,,,0.5603222311536714
CCL,Consumer Discretionary,2021-05-31,10198000000.0,55064000000.0,7067000000.0,,,,499000000.0,,31475000000.0,-2060000000.0,-537500000.0,,,,308000000.0,8754000000.0,,,-2072000000.0,-1616000000.0,-476500000.0,0.0,537500000.0,13.147906976744187,1444000000.0,,,,0.5716075839023681
CCL,Consumer Discretionary,2021-08-31,8909000000.0,53514000000.0,7151000000.0,,,,672000000.0,,31964000000.0,-2859000000.0,-879000000.0,,,,322000000.0,9491000000.0,,,-2836000000.0,-2057000000.0,-298166666.6666667,0.0,879000000.0,8.1353811149033,-582000000.0,,,,0.5973016406921553
CCL,Consumer Discretionary,2022-02-28,8057000000.0,53281000000.0,6414000000.0,2730000000.0,,,772000000.0,,35721000000.0,,-1212000000.0,,,,392000000.0,10920000000.0,,,-1891000000.0,-1491000000.0,235166666.66666666,1.0,1212000000.0,5.292079207920792,-2863000000.0,,,,0.6704266061072427
CCL,Consumer Discretionary,2022-08-31,8432000000.0,51917000000.0,7071000000.0,,,,920000000.0,,34808000000.0,-759000000.0,-344000000.0,,,,420000000.0,12954000000.0,,,-770000000.0,-279000000.0,1507833333.3333333,1.0,344000000.0,20.555232558139537,-4522000000.0,,,,0.6704547643353814
CDNS,Information Technology,2014-06-28,1414719000.0,2785833000.0,557416000.0,,,,,,,29763000.0,-27257500.0,,,,58311000.0,1408047000.0,,,23263000.0,35497000.0,70164833.33333333,1.0,27257500.0,20.45000458589379,6672000.0,,,,
CDNS,Information Technology,2024-06-30,2196388000.0,7225741000.0,1058955000.0,,,,,,,315710000.0,-129345500.0,370740000.0,,,171508000.0,1533722000.0,,,229520000.0,293876000.0,314149333.3333333,1.0,129345500.0,8.187026220471529,662666000.0,,,,
CDW,Information Technology,2011-09-30,1862100000.0,5965000000.0,25900000.0,,2161000000.0,1257000000.0,,51100000.0,,54700000.0,-75300000.0,,,2581400000.0,315100000.0,1172800000.0,,420400000.0,37100000.0,139700000.0,168116666.66666666,1.0,75300000.0,0.34395750332005315,689300000.0,0.16285736422096536,0.05411792050825134,,
CDW,Information Technology,2014-06-30,2415300000.0,6045300000.0,227600000.0,,2609100000.0,1526100000.0,,52000000.0,,137200000.0,-9500000.0,,,,449600000.0,1529400000.0,4300000.0,496900000.0,86600000.0,188200000.0,92083333.33333333,1.0,9500000.0,23.957894736842107,885900000.0,,,,
CDW,Information Technology,2015-06-30,2714400000.0,6251200000.0,335700000.0,,2779500000.0,1712500000.0,,52600000.0,,172100000.0,-76150000.0,,,,436200000.0,1625600000.0,,534500000.0,108200000.0,205900000.0,263050000.0,1.0,76150000.0,4.408404464871963,1088800000.0,,,,
CDW,Information Technology,2021-06-30,5421600000.0,8990900000.0,501200000.0,,4263600000.0,3370500000.0,,46600000.0,,371200000.0,-24300000.0,,,,888700000.0,3770100000.0,,882800000.0,274100000.0,369900000.0,371783333.3333333,1.0,24300000.0,20.625514403292183,1651500000.0,,,,
CF,Materials,2010-06-30,1267400000.0,8595300000.0,601400000.0,,,,,,,,-239250000.0,,,,287300000.0,580600000.0,2000000.0,396800000.0,105100000.0,350400000.0,515766666.6666667,1.0,239250000.0,2.5136886102403344,686800000.0,,,,
CF,Materials,2018-06-30,1348000000.0,12987000000.0,728000000.0,,,,,,4695000000.0,,-102500000.0,,,1300000000.0,257000000.0,482000000.0,,312000000.0,,274000000.0,340833333.3333333,1.0,102500000.0,7.102439024390244,866000000.0,0.24,0.21076923076923076,,0.3615153615153615
CF,Materials,2024-06-30,2801000000.0,13775000000.0,,,,531000000.0,,,2970000000.0,629000000.0,-218500000.0,,,1572000000.0,302000000.0,596000000.0,,679000000.0,,638000000.0,271666666.6666667,1.0,218500000.0,,2205000000.0,0.43193384223918574,0.4056571445047538,,0.21560798548094373
CHD,Consumer Staples,2010-07-02,875384000.0,3110882000.0,364282500.0,,,242074000.0,,11300000.0,,,-30595000.0,13000000.0,,,230616000.0,465635000.0,6100000.0,290892500.0,74287500.0,119995000.0,90576666.66666667,1.0,30595000.0,11.906602386010785,409749000.0,,,,
CHD,Consumer Staples,2013-06-30,911000000.0,4047700000.0,274100000.0,,,327400000.0,,,,132200000.0,-154900000.0,14300000.0,,,255500000.0,580400000.0,,351000000.0,,140500000.0,159000000.0,1.0,154900000.0,1.7695287282117496,330600000.0,,,,
CHD,Consumer Staples,2021-06-30,1128700000.0,7368500000.0,149800000.0,,,386200000.0,,,1713800000.0,287300000.0,-54800000.0,25400000.0,,,555800000.0,1376100000.0,,552200000.0,218300000.0,298700000.0,148566666.66666666,1.0,54800000.0,2.7335766423357666,-247400000.0,,,,0.23258465087874058
CHD,Consumer Staples,2022-06-30,1750700000.0,8444800000.0,639700000.0,,,405800000.0,,,2803800000.0,246500000.0,-16400000.0,27200000.0,,,663000000.0,1726800000.0,,545300000.0,187100000.0,261600000.0,246316666.66666666,1.0,16400000.0,39.00609756097561,23900000.0,,,,0.33201496779082984
CHD,Consumer Staples,2024-06-30,1755200000.0,8762100000.0,491700000.0,,,587900000.0,673200000.0,59600000.0,2207600000.0,320500000.0,-295200000.0,33000000.0,,,627300000.0,1149700000.0,,712100000.0,243500000.0,336900000.0,364000000.0,1.0,295200000.0,1.6656504065040652,605500000.0,,,,0.25194873375104143
CHRW,Industrials,2009-06-30,1316875000.0,1803671000.0,356871000.0,,,,,,,,-1328500.0,,,1926020000.0,,690053000.0,6040000.0,,92253000.0,149884000.0,16215500.0,1.0,1328500.0,268.62702295822356,626822000.0,,0.07782058337919648,,
CHRW,Industrials,2010-06-30,1410856000.0,1921894000.0,166125000.0,,,,697375000.0,,,,-111312500.0,,,2453982000.0,,792173000.0,7717000.0,,97226000.0,156455000.0,63387333.333333336,1.0,111312500.0,1.4924199887703538,618683000.0,,0.0637555613692358,,
CHRW,Industrials,2012-06-30,1707601000.0,2239999000.0,240627000.0,,,,834692000.0,,,,-36749500.0,,,2955714000.0,,949341000.0,6793000.0,,114582000.0,184914000.0,7923666.666666667,1.0,36749500.0,6.5477625545925795,758260000.0,,0.0625615333553923,,
CHRW,Industrials,2013-03-31,1690579000.0,2830560000.0,159900000.0,8745000.0,,,701770000.0,,,,-58050000.0,,,2994267000.0,,1249427000.0,5115000.0,,103343000.0,168706000.0,21263666.666666668,1.0,58050000.0,2.7545219638242893,441152000.0,,0.05634300481553582,,
CHRW,Industrials,2013-06-30,1782968000.0,2921545000.0,150017000.0,,,,747022000.0,,,,-75307000.0,,,3288262000.0,,1330987000.0,4770000.0,,111872000.0,182476000.0,58667166.666666664,1.0,75307000.0,1.99207245010424,451981000.0,,0.055493145010951074,,
CHRW,Industrials,2017-06-30,2285022000.0,3965889000.0,273182000.0,,,,978431000.0,,750000000.0,,-38403000.0,,,2141903500.0,,1797494000.0,4524000.0,,111071000.0,181820000.0,134454000.0,1.0,38403000.0,7.1135588365492275,487528000.0,,0.08488711092726633,,0.18911270587754725
CHRW,Industrials,2020-09-30,2852699000.0,5074838000.0,252569000.0,,,,1196797000.0,,1153066000.0,160774000.0,-168594000.0,,,,,1760979000.0,10776000.0,,136529000.0,168239000.0,-68705500.0,0.0,168594000.0,1.4980900862426896,1091720000.0,,,,0.22721237604037803
CHRW,Industrials,2021-03-31,3410109000.0,5596623000.0,217611000.0,5435000.0,,,1399464000.0,,1343517000.0,212069000.0,-56692000.0,,,,,2300907000.0,23989000.0,,173305000.0,223329000.0,-54450833.333333336,0.0,56692000.0,3.83847809214704,1109202000.0,,,,0.24005851385737434
CHRW,Industrials,2021-06-30,3722562000.0,5906564000.0,172803000.0,,,,1622947000.0,,1367013000.0,247107000.0,-75926500.0,,,,,2586379000.0,29161000.0,,193789000.0,260604000.0,51451000.0,1.0,75926500.0,2.2759247430080407,1136183000.0,,,,0.23143963224642958
CHRW,Industrials,2021-09-30,4430663000.0,6602606000.0,202649000.0,,,,1797441000.0,,1725950000.0,294107000.0,-73498000.0,,,,,3251693000.0,40812000.0,,247053000.0,310769000.0,284437000.0,1.0,73498000.0,2.7572042776674195,1178970000.0,,,,0.2614043606418435
CHRW,Industrials,2022-03-31,5279231000.0,7521338000.0,242809000.0,10046000.0,,,2001180000.0,,2165756000.0,331300000.0,-13928000.0,,,,,3541203000.0,24606000.0,,270348000.0,345474000.0,373927666.6666667,1.0,13928000.0,17.433156232050546,1738028000.0,,,,0.28794823474227593
CHRW,Industrials,2024-03-31,3124181000.0,5472088000.0,121838000.0,8620000.0,,,1390019000.0,,1700776000.0,110353000.0,-33323000.0,,,,,2274286000.0,22673000.0,,92904000.0,127133000.0,1792500.0,1.0,33323000.0,3.656273444767878,849895000.0,,,,0.31080932908973685
CHRW,Industrials,2024-06-30,3179174000.0,5512346000.0,113166000.0,,,,1431662000.0,,1609066000.0,156565000.0,-209208500.0,,,,,2244213000.0,19572000.0,,126251000.0,178090000.0,102363666.66666667,1.0,209208500.0,0.540924484425824,934961000.0,,,,0.2919022136854254
CI,Health Care,2021-06-30,25011000000.0,154207000000.0,3821000000.0,,29001000000.0,,5647000000.0,,,1898000000.0,-2231000000.0,,,43131000000.0,3042000000.0,34711000000.0,,,,2147000000.0,1988333333.3333333,1.0,2231000000.0,1.712684894666069,-6987757640.0,,0.04977858153068559,,
CI,Health Care,2024-06-30,46215000000.0,155446000000.0,6788000000.0,,44492000000.0,,9275000000.0,738000000.0,,1989000000.0,-68000000.0,,,60523000000.0,5173000000.0,55373000000.0,,,,2412000000.0,-1050333333.3333334,0.0,68000000.0,99.82352941176471,-6987757640.0,,0.0398526180129868,,
CIEN,Information Technology,2010-04-30,,,584229000.0,,148529000.0,,,,,,-73236000.0,71142000.0,196164000.0,,,,,104942000.0,-90009000.0,-91222000.0,-82287000.0,0.0,73236000.0,7.977347206291988,,,,,
CIEN,Information Technology,2010-07-31,1071433000.0,1811471000.0,470237000.0,,245666000.0,260277000.0,118972000.0,,,,-169370000.0,100869000.0,243562000.0,,222164000.0,360381000.0,,144009000.0,-109855000.0,-99553000.0,-31509333.333333332,0.0,169370000.0,2.7763889708921297,711052000.0,,,,
CIEN,Information Technology,2011-01-31,1397942000.0,2049644000.0,625820000.0,17265000.0,264802000.0,369718000.0,202236000.0,,,,-63661000.0,95790000.0,242398000.0,,267346000.0,466850000.0,,168506000.0,-79056000.0,-73892000.0,-5995333.333333333,0.0,63661000.0,9.830508474576272,931092000.0,,,,
CIEN,Information Technology,2011-04-30,1323402000.0,2004884000.0,506840000.0,,252061000.0,391330000.0,178747000.0,,,,-13830000.0,99624000.0,221451000.0,,285696000.0,468552000.0,,165833000.0,-62686000.0,-55618000.0,45147500.0,1.0,13830000.0,36.64786695589299,854850000.0,,,,
CIEN,Information Technology,2011-07-31,1286386000.0,1938433000.0,486332000.0,,250416000.0,414826000.0,140806000.0,,,,-17037000.0,93216000.0,202282000.0,,243827000.0,424357000.0,,184897000.0,-31450000.0,-17385000.0,58541500.0,1.0,17037000.0,28.545635968773844,862029000.0,,,,
CIEN,Information Technology,2013-01-31,1434873000.0,1885172000.0,552267000.0,12243000.0,257298000.0,394785000.0,182671000.0,,,,-45726000.0,89125000.0,201404000.0,,266901000.0,693715000.0,,195795000.0,-47324000.0,-5609000.0,-14760500.0,0.0,45726000.0,12.077745702663693,741158000.0,,,,
CIEN,Information Technology,2013-04-30,1264158000.0,1693344000.0,356498000.0,,298199000.0,421014000.0,198820000.0,,,,-49119500.0,100787000.0,220093000.0,,248096000.0,520206000.0,,209513000.0,-27079000.0,-10580000.0,-16964166.666666668,0.0,49119500.0,7.2577693176844225,743952000.0,,,,
CIEN,Information Technology,2014-01-31,1416964000.0,1800615000.0,330084000.0,15776000.0,307852000.0,518915000.0,245828000.0,,,,-37158000.0,101497000.0,222496000.0,,284124000.0,616156000.0,,225851000.0,-15936000.0,3355000.0,5847166.666666667,1.0,37158000.0,8.883255288228645,800808000.0,,,,
CIEN,Information Technology,2014-04-30,1431336000.0,1795464000.0,325083000.0,,322370000.0,514973000.0,229498000.0,,,,-55730500.0,103492000.0,230529000.0,,293952000.0,790054000.0,,237691000.0,-10158000.0,7162000.0,41743500.0,1.0,55730500.0,5.833125487838796,641282000.0,,,,
CIEN,Information Technology,2016-04-30,2078049000.0,2981583000.0,922033000.0,,357624000.0,555056000.0,225237000.0,,,,-13060000.0,114603000.0,254860000.0,,190861000.0,630132000.0,,283093000.0,13997000.0,28233000.0,6740166.666666667,1.0,13060000.0,70.59977029096478,1447917000.0,,,,
CIEN,Information Technology,2017-01-31,1998052000.0,2860094000.0,693853000.0,25706000.0,347712000.0,595706000.0,273513000.0,,,,-26250000.0,116869000.0,254681000.0,,284595000.0,841561000.0,,273785000.0,3861000.0,19104000.0,18547833.333333332,1.0,26250000.0,26.43249523809524,1156491000.0,,,,
CIEN,Information Technology,2017-04-30,1942250000.0,2777103000.0,628623000.0,,388782000.0,564856000.0,249556000.0,,393377000.0,,-30656500.0,121623000.0,260420000.0,,287073000.0,806773000.0,,318240000.0,38026000.0,57820000.0,37085833.333333336,1.0,30656500.0,20.505374064227816,1135477000.0,,,,0.14165012964949444
CIEN,Information Technology,2019-01-31,2089667000.0,3618106000.0,668810000.0,15345000.0,455186000.0,761186000.0,335547000.0,,,,-14105000.0,128633000.0,275398000.0,778527000.0,323106000.0,700760000.0,,323341000.0,33616000.0,47943000.0,46254750.0,1.0,14105000.0,47.41651896490606,1388907000.0,0.4153240671164905,0.06158167924811856,0.16522612574772616,
CIEN,Information Technology,2019-04-30,2178168000.0,3686778000.0,,,490334000.0,756607000.0,366932000.0,,,,-71223000.0,137969000.0,294357000.0,865011000.0,359417000.0,769379000.0,,374677000.0,52738000.0,80320000.0,85414000.0,1.0,71223000.0,,1408789000.0,0.433147092927142,0.09285431052321878,0.15949970578408829,
CIEN,Information Technology,2021-01-30,2596539000.0,4186897000.0,1029237000.0,20868000.0,399239000.0,700025000.0,247241000.0,,,67314000.0,-7319000.0,132741000.0,282096000.0,757130000.0,389733000.0,684767000.0,,357891000.0,55348000.0,75795000.0,26388500.0,1.0,7319000.0,140.62535865555404,1911772000.0,0.4726942532986409,0.10010830372591233,0.17532127904058747,
CIEN,Information Technology,2022-01-29,3164114000.0,4900362000.0,1118636000.0,25804000.0,460256000.0,795247000.0,310107000.0,,,55042000.0,-54411000.0,148409000.0,324183000.0,844443000.0,457604000.0,760328000.0,,384187000.0,45823000.0,60004000.0,-187422000.0,0.0,54411000.0,20.559004613037803,2403786000.0,0.4549590676931421,0.07105748996675916,0.1757478006212379,
CIEN,Information Technology,2022-04-30,3228533000.0,4964129000.0,1019863000.0,,547446000.0,774896000.0,352999000.0,,,47252000.0,-91237000.0,159324000.0,343352000.0,949227000.0,536878000.0,868758000.0,,401781000.0,38922000.0,58429000.0,-143410833.33333334,0.0,91237000.0,11.178173328803007,2359775000.0,0.42327177798355925,0.06155429628529319,0.16784604736274886,
CIEN,Information Technology,2022-07-30,3188376000.0,4900782000.0,859687000.0,,527202000.0,802484000.0,439229000.0,,,14831000.0,-205390000.0,150025000.0,313672000.0,867981000.0,826673000.0,915342000.0,,340779000.0,10512000.0,27107000.0,-72051500.0,0.0,205390000.0,4.185632211889576,2273034000.0,0.3926111285846119,0.031229946277625893,0.1728436451949985,
CIEN,Information Technology,2023-01-28,3762569000.0,5672497000.0,1054549000.0,30030000.0,600575000.0,1054917000.0,478486000.0,,,101319000.0,-265639000.0,181730000.0,370730000.0,1056521000.0,1178089000.0,1018210000.0,,455946000.0,76241000.0,85216000.0,105186833.33333333,1.0,265639000.0,3.969857588682385,2744359000.0,0.4315541290707899,0.08065717576839457,0.17200793926481348,
CIEN,Information Technology,2024-07-27,3538459000.0,5575130000.0,883365000.0,,538363000.0,899877000.0,316599000.0,,,16355000.0,-159377000.0,188888000.0,377202000.0,942308000.0,937399000.0,870559000.0,,403945000.0,14230000.0,26743000.0,124522333.33333333,1.0,159377000.0,5.542612798584488,2667900000.0,0.42867618655471457,0.028380317263569873,0.2004525059746919,
CL,Consumer Staples,2021-06-30,4652000000.0,15999000000.0,937000000.0,,,1443000000.0,1272000000.0,,,953000000.0,-153000000.0,,,,1700000000.0,4203000000.0,,2556000000.0,703000000.0,996000000.0,394833333.3333333,1.0,153000000.0,6.124183006535947,449000000.0,,,,
CL,Consumer Staples,2022-06-30,5160000000.0,15711000000.0,858000000.0,,,1490000000.0,1507000000.0,,,841000000.0,-195500000.0,,,,2012000000.0,4395000000.0,,2554000000.0,603000000.0,884000000.0,739833333.3333334,1.0,195500000.0,4.388746803069053,765000000.0,,,,
CLX,Consumer Staples,2011-12-31,1348000000.0,4290000000.0,297000000.0,,,,345000000.0,,,,-35000000.0,29000000.0,,,451000000.0,1637000000.0,,507000000.0,105000000.0,,175833333.33333334,1.0,35000000.0,8.485714285714286,-289000000.0,,,,
CLX,Consumer Staples,2013-12-31,1500000000.0,4388000000.0,341000000.0,,,,359000000.0,,,,-32500000.0,31000000.0,,,466000000.0,1181000000.0,,556000000.0,115000000.0,,175000000.0,1.0,32500000.0,10.492307692307692,319000000.0,,,,
CLX,Consumer Staples,2015-12-31,1490000000.0,4175000000.0,390000000.0,,,,366000000.0,,,230000000.0,-62500000.0,34000000.0,,,450000000.0,1358000000.0,,600000000.0,149000000.0,,159500000.0,1.0,62500000.0,6.24,132000000.0,,,,
CLX,Consumer Staples,2021-12-31,1741000000.0,6190000000.0,192000000.0,,1133000000.0,569000000.0,,,,93000000.0,-224500000.0,34000000.0,,,818000000.0,2596000000.0,,558000000.0,69000000.0,,189500000.0,1.0,224500000.0,0.8552338530066815,-855000000.0,,,,
CLX,Consumer Staples,2023-12-31,1804000000.0,5908000000.0,355000000.0,,1124000000.0,,,,,136000000.0,-191000000.0,32000000.0,,,655000000.0,2022000000.0,,866000000.0,93000000.0,,208833333.33333334,1.0,191000000.0,1.8586387434554974,-218000000.0,,,,
CMG,Consumer Discretionary,2013-06-30,555010000.0,1808931000.0,281632000.0,,,14961000.0,63305000.0,23597000.0,,146748000.0,-26184000.0,,,,11270000.0,182707000.0,19243000.0,,87853000.0,146418000.0,150370000.0,1.0,26184000.0,10.755881454323251,372303000.0,,,,
CMI,Industrials,2009-06-28,4373000000.0,8121000000.0,534000000.0,,,,773000000.0,,,,-41500000.0,79000000.0,,,1535000000.0,2114000000.0,,448000000.0,56000000.0,121000000.0,199000000.0,1.0,41500000.0,12.867469879518072,2259000000.0,,,,
CMI,Industrials,2018-04-01,9201000000.0,18392000000.0,1207000000.0,72000000.0,,,2854000000.0,154000000.0,,523000000.0,-117000000.0,210000000.0,,5570000000.0,3411000000.0,5832000000.0,,1200000000.0,,530000000.0,354833333.3333333,1.0,117000000.0,10.316239316239317,3369000000.0,0.21543985637342908,0.09515260323159784,0.03770197486535009,
CMI,Industrials,2018-07-01,9835000000.0,18915000000.0,1318000000.0,,,,2981000000.0,,,715000000.0,-262500000.0,219000000.0,,6132000000.0,3559000000.0,6104000000.0,,1440000000.0,,722000000.0,617666666.6666666,1.0,262500000.0,5.020952380952381,3731000000.0,0.23483365949119372,0.1177429876060013,0.03571428571428571,
CMI,Industrials,2020-06-28,9834000000.0,20314000000.0,1751000000.0,,,,2281000000.0,,,362000000.0,-814500000.0,189000000.0,,3852000000.0,3655000000.0,6916000000.0,,890000000.0,,336000000.0,575666666.6666666,1.0,814500000.0,2.1497851442602824,2918000000.0,0.23104880581516096,0.08722741433021806,0.04906542056074766,
CMI,Industrials,2024-06-30,14962000000.0,31320000000.0,1590000000.0,,,,4405000000.0,,,977000000.0,-1828500000.0,379000000.0,,8796000000.0,5857000000.0,11144000000.0,,2193000000.0,,1045000000.0,451333333.3333333,1.0,1828500000.0,0.8695652173913043,3818000000.0,0.24931787175989087,0.11880400181900864,0.04308776716689404,
CNC,Health Care,2010-03-31,,,350089000.0,12520000.0,,,,,,,-38500000.0,,,1068721000.0,,,,,24002000.0,29611000.0,-6730166.666666667,0.0,38500000.0,9.093220779220779,,,0.027706950644742642,,
CNC,Health Care,2010-06-30,545837000.0,1733537000.0,265600000.0,,,,,,,,-186744500.0,,,1076772000.0,,636819000.0,,,22773000.0,41709000.0,77518166.66666667,1.0,186744500.0,1.4222641095186204,-90982000.0,,0.038735219712251065,,
CNC,Health Care,2012-03-31,920377000.0,2283147000.0,432998000.0,14980000.0,,,,,,,-32096000.0,,,1712148000.0,,888322000.0,,,23978000.0,34198000.0,101812833.33333333,1.0,32096000.0,13.490715353938185,32055000.0,,0.01997374058784638,,
CNC,Health Care,2012-06-30,1073438000.0,2449550000.0,421894000.0,,,,,,,,-54736500.0,,,2110746000.0,,1034236000.0,,,-34999000.0,-46746000.0,95824333.33333333,1.0,54736500.0,7.707727019447717,39202000.0,,-0.02214667231395914,,
CNC,Health Care,2013-06-30,1342360000.0,3045235000.0,688712000.0,,,,,,,,-72702000.0,,,2668242000.0,,1320572000.0,,,39484000.0,67881500.0,229687666.66666666,1.0,72702000.0,9.473081895958845,21788000.0,,0.02544053350483202,,
CNC,Health Care,2015-06-30,3838000000.0,7022000000.0,1967000000.0,,,,,,,,-31500000.0,,,5506000000.0,,3458000000.0,,,88000000.0,173000000.0,-65000000.0,0.0,31500000.0,62.44444444444444,380000000.0,,0.03142026879767526,,
CNC,Health Care,2016-06-30,7853000000.0,19496000000.0,2710000000.0,,,,,,,,-452500000.0,,,10897000000.0,,8814000000.0,,,169500000.0,377000000.0,847166666.6666666,1.0,452500000.0,5.988950276243094,-961000000.0,,0.03459667798476645,,
CNC,Health Care,2019-09-30,13457000000.0,34252000000.0,6215000000.0,,619000000.0,,,,,,-99000000.0,,,18976000000.0,,13280000000.0,,,95000000.0,176000000.0,405000000.0,1.0,99000000.0,62.77777777777778,177000000.0,,0.00927487352445194,,
CNC,Health Care,2020-03-31,24696000000.0,66431000000.0,9308000000.0,177000000.0,825000000.0,,,,,,-240000000.0,,,26025000000.0,,21651000000.0,,,46000000.0,188000000.0,499333333.3333333,1.0,240000000.0,38.78333333333333,3045000000.0,,0.007223823246878002,,
CNC,Health Care,2020-09-30,27275000000.0,68364000000.0,12198000000.0,,861000000.0,,,,,772000000.0,-952000000.0,,,29090000000.0,,21795000000.0,,,568000000.0,861000000.0,770666666.6666666,1.0,952000000.0,12.813025210084033,5480000000.0,,0.02959779993124785,,
CNC,Health Care,2024-03-31,38448000000.0,82624000000.0,17585000000.0,151000000.0,669000000.0,,,,,1473000000.0,-456000000.0,,,40407000000.0,,32784000000.0,,4736000000.0,1163000000.0,1106000000.0,-555666666.6666666,0.0,456000000.0,38.56359649122807,5664000000.0,0.1172074145568837,0.027371495037988466,,
CNC,Health Care,2024-06-30,38406000000.0,83137000000.0,17605000000.0,,680000000.0,,,,,1516000000.0,-2199000000.0,,,39836000000.0,,32729000000.0,,4528000000.0,1146000000.0,1229000000.0,1028666666.6666666,1.0,2199000000.0,8.005911778080947,5677000000.0,0.1136660307259765,0.03085149111356562,,
CNC,Health Care,2024-09-30,37409000000.0,82351000000.0,14577000000.0,,692000000.0,,,,,921000000.0,-978000000.0,,,42023000000.0,,34061000000.0,,4006000000.0,713000000.0,665000000.0,1806666666.6666667,1.0,978000000.0,14.904907975460123,3348000000.0,0.09532874854246484,0.015824667444018753,,
COO,Health Care,2017-04-30,958300000.0,4749800000.0,121300000.0,,178500000.0,311200000.0,100400000.0,,,,-76200000.0,16800000.0,,,437600000.0,343200000.0,8700000.0,343900000.0,104900000.0,117100000.0,165950000.0,1.0,76200000.0,1.5918635170603674,615100000.0,,,,
COO,Health Care,2020-04-30,1166200000.0,6510000000.0,79800000.0,,201400000.0,368800000.0,128700000.0,,,9000000.0,-101150000.0,23800000.0,,,568200000.0,1025300000.0,10000000.0,323500000.0,11500000.0,28600000.0,155550000.0,1.0,101150000.0,0.7889273356401384,140900000.0,,,,
COR,Health Care,2008-12-31,,,674515500.0,42344000.0,,,,,,,-304366000.0,,,17338377000.0,,,,489848000.0,111056000.0,197884000.0,97833833.33333333,1.0,304366000.0,2.2161328794937676,,0.028252240679736057,0.011413063633349303,,
COR,Health Care,2009-12-31,9916131000.0,13556271000.0,989500666.6666666,42574000.0,,3540919000.0,8225557000.0,,,,-41689000.0,,,19335859000.0,5361851000.0,9243448000.0,,563370000.0,151307000.0,262382000.0,81653833.33333333,1.0,41689000.0,23.73529388247899,672683000.0,0.02913602131666351,0.013569710039776356,,
COR,Health Care,2010-12-31,10428173000.0,14132319000.0,1400895000.0,50091000.0,,3551315000.0,8467004000.0,,1402789000.0,,-99200000.0,,,19888609000.0,5440751000.0,9640905000.0,,580232000.0,160500000.0,276766000.0,319950833.3333333,1.0,99200000.0,14.121925403225806,787268000.0,0.02917408653365351,0.013915804770459311,,0.09926106253333229
COR,Health Care,2012-12-31,11022199000.0,15495532000.0,417404000.0,56414500.0,,4361266000.0,9879850000.0,,1396107000.0,,-241707000.0,,,21263062500.0,5965563000.0,11435737000.0,,666376000.0,168611000.0,293349500.0,-188202166.66666666,0.0,241707000.0,1.7269007517366066,-413538000.0,0.03133960594810837,0.013796201746573429,,0.09009739065428667
COR,Health Care,2013-12-31,15228345000.0,19796095000.0,347465000.0,59183000.0,,6214193000.0,13858659000.0,,1396776000.0,,-1003643000.0,,,29176362000.0,8602809000.0,15828898000.0,,688225000.0,41385000.0,159616000.0,373309000.0,1.0,1003643000.0,0.34620377963080495,-600553000.0,0.02358844464570326,0.005470730038241231,,0.07055815806097111
COR,Health Care,2014-03-31,15760027000.0,20361247000.0,696730000.0,,,6506412000.0,14909626000.0,,1396948000.0,,-296879000.0,,,28455903000.0,8493269000.0,16499931000.0,,729593000.0,180077000.0,301128000.0,807665000.0,1.0,296879000.0,2.346848379306047,-739904000.0,0.025639425324158575,0.010582268290695255,,0.06860817512797718
COR,Health Care,2016-12-31,23078756000.0,33919272000.0,1791134000.0,137282000.0,,9696200000.0,24172341000.0,,4135333000.0,,-430355000.0,,,38169265000.0,11414771000.0,25542758000.0,,1037680000.0,247246000.0,399987000.0,-259326000.0,0.0,430355000.0,4.161991843942792,-2464002000.0,0.027186271467370408,0.010479295317842773,,0.12191691496208999
COR,Health Care,2017-03-31,23493921000.0,34397013000.0,2404433000.0,,,9583520000.0,24276019000.0,,4094061000.0,,-543604000.0,,,37147402000.0,11335816000.0,25531426000.0,,1256427000.0,411473000.0,624981000.0,-124486000.0,0.0,543604000.0,4.42313338386031,-2037505000.0,0.03382274216646429,0.01682435288475894,,0.11902373615988109
COR,Health Care,2017-06-30,23677224000.0,34654010000.0,1311467000.0,,37627269000.0,10553258000.0,24804544000.0,,3433193000.0,,-244700000.0,,,38707144000.0,11669529000.0,25751076000.0,,1079875000.0,50352000.0,170376000.0,231509000.0,1.0,244700000.0,5.3594891704127505,-2073852000.0,0.027898596703492255,0.004401668074503249,,0.09907058375062511
COR,Health Care,2018-03-31,26397211000.0,38395732000.0,2091359000.0,,39778175000.0,11265014000.0,26403594000.0,,,,-139084000.0,,,41033858000.0,12867481000.0,28094404000.0,,1255683000.0,287455000.0,481420000.0,677521166.6666666,1.0,139084000.0,15.036661298208276,-1697193000.0,0.03060114406010763,0.011732262659777202,,
COR,Health Care,2020-06-30,29918572000.0,40789703000.0,,,44141061000.0,12548399000.0,29145149000.0,,4140351000.0,,-87899000.0,,,45366777000.0,11849201000.0,30631571000.0,,1225716000.0,289439000.0,404831000.0,701972666.6666666,1.0,87899000.0,,-712999000.0,0.02701792106589366,0.008923512463757343,,0.1015048087013529
COR,Health Care,2021-03-31,35469149000.0,47003250000.0,,,47620790000.0,14134326000.0,31420390000.0,,6190997000.0,566511000.0,-4754000.0,,,49154171000.0,12954676000.0,32996446000.0,,1533381000.0,435267000.0,624347000.0,790880500.0,1.0,4754000.0,,2472703000.0,0.031195338438318898,0.012701811205401063,,0.13171423252647424
COR,Health Care,2024-03-31,44161052000.0,63868046000.0,2068858000.0,,65876284000.0,22642880000.0,46320774000.0,,5249458000.0,467066000.0,-1035547500.0,,,68414307000.0,17630985000.0,49761811000.0,,2538023000.0,420775000.0,553259000.0,-697680000.0,0.0,1035547500.0,1.9978397900627445,-5600759000.0,0.037097839783716585,0.008086890363444009,,0.08219224367690849
COR,Health Care,2024-12-31,49986634000.0,69054314000.0,3224260000.0,105893000.0,78929022000.0,24545724000.0,49910853000.0,278492000.0,8148547000.0,620447000.0,-2718782000.0,,1585691000.0,81487060000.0,20508020000.0,54509105000.0,,2558038000.0,488600000.0,706254000.0,-1349257333.3333333,0.0,2718782000.0,1.1859207542200882,-4522471000.0,0.03139195351998219,0.008667069348188535,,0.118001997673889
COST,Consumer Staples,2008-11-23,,,2215000000.0,375000000.0,,,,155000000.0,,,-15000000.0,,,16395000000.0,,,,,263000000.0,422000000.0,764666666.6666666,1.0,15000000.0,147.66666666666666,,,0.02573955474229948,,
COST,Consumer Staples,2015-02-15,18058000000.0,33408500000.0,5866000000.0,612000000.0,,,8302000000.0,260000000.0,5030000000.0,870000000.0,-1114000000.0,,,27454000000.0,8558000000.0,18249000000.0,,,598000000.0,877000000.0,1229000000.0,1.0,1114000000.0,5.265709156193896,-191000000.0,,0.031944343265097985,,0.15056048610383585
CPB,Consumer Staples,2008-11-02,,,63000000.0,-35000000.0,,,,66000000.0,,,-15000000.0,,,,,,,,260000000.0,399000000.0,256666666.66666666,1.0,15000000.0,4.2,,,,,
CPB,Consumer Staples,2009-11-01,1852000000.0,6431000000.0,76000000.0,0.0,,,594000000.0,60000000.0,,,-36000000.0,,,,839000000.0,1984000000.0,20000000.0,,304000000.0,478000000.0,142333333.33333334,1.0,36000000.0,2.111111111111111,-132000000.0,,,,
CPB,Consumer Staples,2010-10-31,2124000000.0,6818000000.0,291000000.0,27000000.0,,,577000000.0,65000000.0,,,-29000000.0,,,,838000000.0,2479000000.0,21000000.0,,279000000.0,444000000.0,167166666.66666666,1.0,29000000.0,10.03448275862069,-355000000.0,,,,
CPB,Consumer Staples,2014-01-26,2174000000.0,8119000000.0,293000000.0,,,,528000000.0,,2956000000.0,,-69000000.0,,,,891000000.0,3189000000.0,15000000.0,,325000000.0,361000000.0,263500000.0,1.0,69000000.0,4.246376811594203,-1015000000.0,,,,0.36408424682842716
CPRT,Industrials,2011-01-31,392353000.0,1188411000.0,203954000.0,,,136972000.0,,,,60717000.0,-80660000.0,,,,,160893000.0,4479000.0,,37893000.0,60195000.0,107327000.0,1.0,80660000.0,2.5285643441606744,231460000.0,,,,
CRH,Materials,2023-03-31,14230000000.0,45107000000.0,4650000000.0,332000000.0,4808000000.0,,2627000000.0,384000000.0,9678000000.0,-39000000.0,-671000000.0,,,,4458000000.0,9255000000.0,,1619000000.0,-28000000.0,2000000.0,627333333.3333334,1.0,671000000.0,6.929955290611028,4975000000.0,,,,0.21455649899128737
CRH,Materials,2024-03-31,13709000000.0,46333000000.0,3308000000.0,506000000.0,4726000000.0,,2730000000.0,397000000.0,12554000000.0,99000000.0,-712000000.0,,,,4619000000.0,9997000000.0,,1807000000.0,116000000.0,28000000.0,101000000.0,1.0,712000000.0,4.646067415730337,3712000000.0,,,,0.27095158957978116
CRH,Materials,2024-06-30,15113000000.0,48105000000.0,3066000000.0,,5979000000.0,,3363000000.0,,12959000000.0,1733000000.0,-524000000.0,,,,4514000000.0,10548000000.0,,3675000000.0,1297000000.0,1829000000.0,-237666666.66666666,0.0,524000000.0,5.851145038167939,4565000000.0,,,,0.26938987631223366
CRL,Health Care,2022-06-25,1393086000.0,7529361000.0,200321000.0,,,747605000.0,211381000.0,76421000.0,,,-13666500.0,,,,256765000.0,1048135000.0,,,109321000.0,187411000.0,102408500.0,1.0,13666500.0,14.65781290015732,344951000.0,,,,
CRWD,Information Technology,2018-04-30,,,,8649000.0,19394000.0,,,,,-33496000.0,-6393000.0,17615000.0,61009000.0,,,,1719000.0,27895000.0,-33617000.0,-33114000.0,-12453666.666666666,0.0,6393000.0,,,,,,
CRWD,Information Technology,2018-07-31,,,,,18575000.0,,,,,-32515000.0,-35137000.0,18963000.0,67553000.0,,,,2224000.0,37126000.0,-32877000.0,-30427000.0,4921500.0,1.0,35137000.0,,,,,,
CRWD,Information Technology,2018-10-31,,,,,22274000.0,,,,,-41788000.0,-3639000.0,25968000.0,86196000.0,,,,13460000.0,44105000.0,-42323000.0,-42091000.0,12573666.666666666,1.0,3639000.0,,,,,,
CSCO,Information Technology,2013-01-26,60725000000.0,96378000000.0,6847000000.0,,4755000000.0,4462000000.0,890000000.0,,16300000000.0,,-2589000000.0,,4554000000.0,12098000000.0,1574000000.0,17950000000.0,302000000.0,7343000000.0,3143000000.0,2789000000.0,3094000000.0,1.0,2589000000.0,2.644650444186945,24848959999.999943,0.6069598280707555,0.2305339725574475,,0.16912573408869244
CSCO,Information Technology,2024-01-27,42127000000.0,101174000000.0,13715000000.0,,4574000000.0,4884000000.0,1848000000.0,,7666000000.0,3161000000.0,-3781000000.0,1943000000.0,5121000000.0,,3209000000.0,30851000000.0,802000000.0,8217000000.0,2634000000.0,3096000000.0,3319666666.6666665,1.0,3781000000.0,3.627347262628934,11276000000.0,,,,0.07577045485994426
CSX,Industrials,2009-06-26,2636000000.0,26735000000.0,1108000000.0,,,885000000.0,,,,,-119500000.0,,1605500000.0,2185000000.0,,1961000000.0,11000000.0,,306500000.0,579500000.0,664500000.0,1.0,119500000.0,9.271966527196653,675000000.0,,0.26521739130434785,,
CSX,Industrials,2012-06-29,2372000000.0,29589000000.0,642000000.0,,,1136000000.0,1055000000.0,,,809000000.0,-1500000.0,,,,,2575000000.0,4000000.0,,512000000.0,943000000.0,723666666.6666666,1.0,1500000.0,428.0,-203000000.0,,,,
CSX,Industrials,2023-06-30,2900333333.3333335,41058333333.333336,,,,1327000000.0,1120000000.0,403333333.3333333,,1301333333.3333333,-1608333333.3333333,,,,,2067666666.6666667,17000000.0,,990000000.0,1471333333.3333333,567583333.3333334,1.0,1608333333.3333333,,832666666.6666667,,,,
CSX,Industrials,2024-06-30,3180000000.0,42362000000.0,,,,1430000000.0,1192000000.0,410000000.0,,1267000000.0,-584000000.0,,,,,2739000000.0,13000000.0,,963000000.0,1448000000.0,324000000.0,1.0,584000000.0,,441000000.0,,,,
CTAS,Industrials,2010-11-30,1354846000.0,3928295000.0,260953000.0,,,402369000.0,92206000.0,,,,-319960000.0,,,936566000.0,208380000.0,468795000.0,,,55866000.0,102344000.0,98726000.0,1.0,319960000.0,0.8155800725090636,886051000.0,,0.10927580117151381,,
CTAS,Industrials,2016-02-29,1758824000.0,4231210000.0,315116000.0,,,550748000.0,151833000.0,,,,-24187500.0,,,1216083000.0,255203000.0,858804000.0,,,117341000.0,192952000.0,164256333.33333334,1.0,24187500.0,13.028051679586563,900020000.0,,0.1586668015258827,,
CTSH,Information Technology,2010-06-30,2804924000.0,3764154000.0,1039686000.0,,,814239000.0,80986000.0,,,,-79779500.0,,,,,645598000.0,,,172175000.0,205915000.0,118309666.66666667,1.0,79779500.0,13.031994434660533,2159326000.0,,,,
CTSH,Information Technology,2016-06-30,7758900000.0,13140100000.0,1684250000.0,,,2427400000.0,164500000.0,,,,-298450000.0,,,,,2120000000.0,,,252200000.0,590950000.0,384333333.3333333,1.0,298450000.0,5.643323839839169,5638900000.0,,,,
CTSH,Information Technology,2019-06-30,7206000000.0,15517000000.0,1660000000.0,,,3386000000.0,254000000.0,,,,-101000000.0,,,4141000000.0,,2824000000.0,,,509000000.0,619000000.0,636500000.0,1.0,101000000.0,16.435643564356436,4382000000.0,,0.14948080173871045,,
CTSH,Information Technology,2021-06-30,6451000000.0,16829000000.0,1368000000.0,,,3419000000.0,351000000.0,,,,-478500000.0,,,4585000000.0,,3183000000.0,,,512000000.0,696000000.0,417666666.6666667,1.0,478500000.0,2.8589341692789967,3268000000.0,,0.15179934569247547,,
CTSH,Information Technology,2022-06-30,7023000000.0,17258000000.0,1768000000.0,,,3785000000.0,357000000.0,,,,-1000000.0,,,4906000000.0,,3153000000.0,,,577000000.0,760000000.0,531000000.0,1.0,1179870.0,469.25,3870000000.0,,0.15491235222176927,,
CTSH,Information Technology,2023-06-30,6951000000.0,17967000000.0,2055000000.0,,,3755000000.0,318000000.0,,,,-168000000.0,,,4886000000.0,,3056000000.0,,,463000000.0,577000000.0,161166666.66666666,1.0,168000000.0,12.232142857142858,3895000000.0,,0.11809250920998772,,
CTSH,Information Technology,2024-06-30,7245000000.0,18580000000.0,2193000000.0,,,3973000000.0,298000000.0,,,,-439500000.0,,,4850000000.0,,2946000000.0,,,566000000.0,708000000.0,280333333.3333333,1.0,439500000.0,4.989761092150171,4299000000.0,,0.14597938144329897,,
CTVA,Materials,2018-03-31,,,,,4847000000.0,,,647000000.0,,-189000000.0,-1975000000.0,382000000.0,,6699000000.0,,,,,-228000000.0,,-1420500000.0,0.0,1975000000.0,,,,,0.05702343633378116,
CTVA,Materials,2018-06-30,24641000000.0,116129000000.0,2696000000.0,,3687000000.0,4261000000.0,3629000000.0,237000000.0,,308000000.0,-1590000000.0,354000000.0,,5731000000.0,4362000000.0,13049000000.0,22000000.0,,694000000.0,,-789833333.3333334,0.0,1590000000.0,1.6955974842767296,11592000000.0,,,0.061769324725178855,
CTVA,Materials,2018-09-30,23340000000.0,109648000000.0,1657000000.0,,1485000000.0,3559000000.0,3642000000.0,215000000.0,,-5650000000.0,-1190000000.0,325000000.0,,1947000000.0,4898000000.0,13242000000.0,16000000.0,,-5121000000.0,,-798166666.6666666,0.0,1190000000.0,1.392436974789916,10098000000.0,,,0.16692347200821778,
CTVA,Materials,2019-03-31,21652500000.0,105969500000.0,2777500000.0,,3223000000.0,4683000000.0,3660000000.0,468000000.0,,-176000000.0,-1481500000.0,327000000.0,,4119000000.0,6083000000.0,13010000000.0,,,124500000.0,,-947666666.6666666,0.0,1481500000.0,1.8747890651366859,8642500000.0,,,0.07938820101966497,
CTVA,Materials,2019-09-30,14117000000.0,43235000000.0,1980000000.0,,1349000000.0,3969000000.0,3014000000.0,226000000.0,,-631000000.0,-1215000000.0,289000000.0,,1911000000.0,4403000000.0,8993000000.0,19000000.0,,-494000000.0,,-671833333.3333334,0.0,1215000000.0,1.6296296296296295,5124000000.0,,,0.1512297226582941,
CTVA,Materials,2020-03-31,14679000000.0,42978000000.0,1963000000.0,,2269000000.0,5367000000.0,3021000000.0,283000000.0,,408000000.0,-1930000000.0,280000000.0,,3956000000.0,4401000000.0,9199000000.0,,,272000000.0,,-678500000.0,0.0,1930000000.0,1.017098445595855,5480000000.0,,,0.07077856420626896,
CTVA,Materials,2020-09-30,14088000000.0,41690000000.0,2768000000.0,,1297000000.0,3231000000.0,2994000000.0,,,-507000000.0,-368000000.0,284000000.0,,1863000000.0,4374000000.0,7734000000.0,,,-392000000.0,,-716833333.3333334,0.0,368000000.0,7.521739130434782,6354000000.0,,,0.1524422973698336,
CTVA,Materials,2021-03-31,15036000000.0,42549000000.0,2404000000.0,,2420000000.0,5231000000.0,3098000000.0,,,791000000.0,-1950000000.0,281000000.0,,4178000000.0,4321000000.0,8999000000.0,,,600000000.0,,-976833333.3333334,0.0,1950000000.0,1.2328205128205127,6037000000.0,,,0.06725706079463858,
CTVA,Materials,2021-06-30,14285000000.0,41496000000.0,2861000000.0,,3010000000.0,4318000000.0,3070000000.0,,,1302000000.0,-24500000.0,293000000.0,,5627000000.0,3541000000.0,7252000000.0,,,970000000.0,,-1372500000.0,0.0,24500000.0,116.77551020408163,7033000000.0,,,0.052070374977785674,
CTVA,Materials,2021-09-30,14146000000.0,41122000000.0,2779000000.0,,1558000000.0,3336000000.0,3512000000.0,,,8000000.0,-176000000.0,297000000.0,,2371000000.0,4417000000.0,7805000000.0,,,30000000.0,,-1488833333.3333333,0.0,176000000.0,15.789772727272727,6341000000.0,,,0.12526360185575705,
CTVA,Materials,2022-03-31,15878000000.0,42633000000.0,2031000000.0,,2724000000.0,5603000000.0,3685000000.0,,,698000000.0,-2730000000.0,268000000.0,,4601000000.0,4986000000.0,9653000000.0,,,564000000.0,,-1682500000.0,0.0,2730000000.0,0.743956043956044,6225000000.0,,,0.05824820691154097,
CTVA,Materials,2022-06-30,14764000000.0,40906000000.0,2401000000.0,,3323000000.0,4457000000.0,3567000000.0,,,0.0,-1211500000.0,296000000.0,,6252000000.0,4184000000.0,7856000000.0,,,969000000.0,,-1754000000.0,0.0,1211500000.0,1.9818406933553445,6908000000.0,,,0.04734484964811261,
CTVA,Materials,2022-09-30,15045000000.0,40651000000.0,2199000000.0,,1879000000.0,3642000000.0,4140000000.0,,,-396000000.0,-525000000.0,312000000.0,,2777000000.0,5415000000.0,8918000000.0,,,-331000000.0,,-1614000000.0,0.0,525000000.0,4.188571428571429,6127000000.0,,,0.11235145840835434,
CTVA,Materials,2023-03-31,18329000000.0,45500000000.0,1646000000.0,,2771000000.0,6883000000.0,3957000000.0,287000000.0,,776000000.0,-3311000000.0,316000000.0,,4884000000.0,6585000000.0,13231000000.0,,,595000000.0,,-1380000000.0,0.0,3311000000.0,0.49713077620054363,5098000000.0,,,0.0647010647010647,
CTVA,Materials,2023-06-30,17207000000.0,44189000000.0,2563000000.0,,3137000000.0,5248000000.0,3379000000.0,,,0.0,-1426000000.0,329000000.0,,6045000000.0,5628000000.0,10346000000.0,,,714000000.0,,-1190000000.0,0.0,1426000000.0,1.797335203366059,6861000000.0,,,0.05442514474772539,
CTVA,Materials,2023-09-30,16333000000.0,43110000000.0,2254000000.0,,1646000000.0,4013000000.0,3678000000.0,,,-444000000.0,-105000000.0,335000000.0,,2590000000.0,6320000000.0,10348000000.0,,,-321000000.0,,-1111666666.6666667,0.0,105000000.0,21.466666666666665,5985000000.0,,,0.12934362934362933,
CTVA,Materials,2024-03-31,17163000000.0,43625000000.0,1505000000.0,,2550000000.0,6320000000.0,3606000000.0,307000000.0,,482000000.0,-2609000000.0,332000000.0,,4492000000.0,6183000000.0,11332000000.0,,,419000000.0,,-945000000.0,0.0,2609000000.0,0.576849367573783,5831000000.0,,,0.07390917186108638,
CTVA,Materials,2024-06-30,15359000000.0,41464000000.0,1839000000.0,,2918000000.0,5168000000.0,3300000000.0,312000000.0,,1338000000.0,-856000000.0,357000000.0,,6112000000.0,4893000000.0,8953000000.0,,,1053000000.0,,-371000000.0,0.0,856000000.0,2.1483644859813085,6406000000.0,,,0.05840968586387434,
CVNA,Consumer Discretionary,2016-06-30,,,60089000.0,,,,,,,,-100592000.0,,,,,,137000.0,6037000.0,-18108000.0,,-28658000.0,0.0,100592000.0,0.5973536662955304,,,,,
CVNA,Consumer Discretionary,2016-09-30,,,80354000.0,,,,,,,,-44186000.0,,,,,,138000.0,6766000.0,-21985000.0,,-32170333.333333332,0.0,44186000.0,1.8185398089892726,,,,,
CVNA,Consumer Discretionary,2017-03-31,,,8307000.0,18556000.0,,,,,,,-52886000.0,,,,,,158000.0,9746000.0,-38439000.0,,-58358000.0,0.0,52886000.0,0.2196183591894155,,,,,
CVNA,Consumer Discretionary,2017-09-30,366207000.0,495172000.0,103454000.0,,,11639000.0,11543000.0,,,,-54723000.0,,,,192242000.0,244413000.0,1887000.0,20416000.0,-4380000.0,,-112439000.0,0.0,54723000.0,1.8905030791440527,121794000.0,,,,
CVNA,Consumer Discretionary,2018-03-31,541323000.0,720734000.0,121497000.0,28011000.0,,20969000.0,15866000.0,,,,-131449000.0,,,,299780000.0,419756000.0,1510000.0,34234000.0,-7043000.0,,-140125666.66666666,0.0,131449000.0,0.9242900288324749,121567000.0,,,,
CVNA,Consumer Discretionary,2018-06-30,643493000.0,881763000.0,199192000.0,,426251000.0,23573000.0,23996000.0,,,,-121478000.0,,,,302989000.0,438824000.0,2583000.0,49035000.0,-9965000.0,,-153931833.33333334,0.0,121478000.0,1.639737236372018,204669000.0,,,,
CVNA,Consumer Discretionary,2018-09-30,935365000.0,1212103000.0,439794000.0,,477615000.0,23498000.0,28972000.0,,,,-84390000.0,,,,339005000.0,457603000.0,13888000.0,57306000.0,-16042000.0,,-172415500.0,0.0,84390000.0,5.2114468538926415,477762000.0,,,,
CVNA,Consumer Discretionary,2019-03-31,876786000.0,1338401000.0,85321000.0,43199000.0,666702000.0,38179000.0,44106000.0,,,,-214509000.0,,,,525694000.0,630030000.0,6834000.0,88532000.0,-25832000.0,,-156988833.33333334,0.0,214509000.0,0.39775021094686003,246756000.0,,,,
CVNA,Consumer Discretionary,2019-06-30,957542000.0,1474404000.0,40200000.0,,848428000.0,42128000.0,55849000.0,,,,-162896500.0,,,,606534000.0,249835000.0,7067000.0,137793000.0,-23466500.0,,-88647833.33333333,0.0,162896500.0,0.2467824661671675,707707000.0,,,,
CVNA,Consumer Discretionary,2019-09-30,1097958000.0,1684321000.0,94943000.0,,957311000.0,59043000.0,45266000.0,,,,-139841000.0,,,,629798000.0,507453000.0,7797000.0,137543000.0,-34552500.0,,-132581166.66666667,0.0,139841000.0,0.6789353623043314,590505000.0,,,,
CVNA,Consumer Discretionary,2020-03-31,1393584000.0,2239218000.0,72217500.0,89716500.0,959897000.0,26591000.0,56008000.0,,,,-168229000.0,,,,844681000.0,1128424000.0,5924500.0,138211000.0,-59943500.0,,-253838166.66666666,0.0,168229000.0,0.42928092064982853,265160000.0,,,,
CVNA,Consumer Discretionary,2020-09-30,1747104000.0,2732798000.0,173852000.0,,1282168000.0,82932000.0,96477000.0,,,,-271641000.0,,,,967547000.0,548786000.0,5880500.0,261636500.0,-7042500.0,,-576833333.3333334,0.0,271641000.0,0.640006479139747,1198318000.0,,,,
CVNA,Consumer Discretionary,2021-03-31,2628000000.0,3819000000.0,370000000.0,82000000.0,1907000000.0,118000000.0,143000000.0,,,,-532000000.0,,,,1439000000.0,696000000.0,8000000.0,338000000.0,-36000000.0,,-597166666.6666666,0.0,532000000.0,0.6954887218045113,1932000000.0,,,,
CVNA,Consumer Discretionary,2021-06-30,3245000000.0,4581000000.0,201000000.0,,2784000000.0,185000000.0,154000000.0,,,,-915500000.0,,,,1974000000.0,1333000000.0,10000000.0,552000000.0,22000000.0,,-217333333.33333334,0.0,915500000.0,0.2196183591894155,1912000000.0,,,,
CVNA,Consumer Discretionary,2021-09-30,3690000000.0,5360000000.0,297000000.0,,2957000000.0,178000000.0,200000000.0,,,,-283000000.0,,,,2285000000.0,1261000000.0,10000000.0,523000000.0,-32000000.0,,-155666666.66666666,0.0,283000000.0,1.0494699646643109,2429000000.0,,,,
CVNA,Consumer Discretionary,2022-03-31,5070000000.0,7585000000.0,247000000.0,220000000.0,3199000000.0,208000000.0,154000000.0,,,,-593000000.0,,,,3304000000.0,3741000000.0,28000000.0,298000000.0,-260000000.0,,20000000.0,1.0,593000000.0,0.41652613827993257,1329000000.0,,,,
CVNA,Consumer Discretionary,2022-09-30,4469000000.0,9621000000.0,316000000.0,,3027000000.0,359000000.0,292000000.0,,,,-98000000.0,,,,2577000000.0,1878000000.0,14000000.0,359000000.0,-283000000.0,,422833333.3333333,1.0,98000000.0,3.2244897959183674,2591000000.0,,,,
CVNA,Consumer Discretionary,2023-03-31,4616000000.0,8646000000.0,488000000.0,32000000.0,2265000000.0,342000000.0,264000000.0,,,,-66000000.0,,,,1485000000.0,2850000000.0,15000000.0,341000000.0,-160000000.0,-132000000.0,478500000.0,1.0,66000000.0,7.393939393939394,1766000000.0,,,,
CVNA,Consumer Discretionary,2024-06-30,3477000000.0,7170000000.0,542000000.0,,2695000000.0,349000000.0,275000000.0,,,,-66000000.0,,,,1221000000.0,1118000000.0,23000000.0,715000000.0,18000000.0,259000000.0,12666666.666666666,1.0,66000000.0,8.212121212121213,2359000000.0,,,,
CVS,Health Care,2024-06-30,69952000000.0,252481000000.0,12507000000.0,,49998000000.0,32385000000.0,,1151000000.0,,2337000000.0,-39000000.0,,,91234000000.0,16068000000.0,81386000000.0,,,1770000000.0,3045000000.0,1005666666.6666666,1.0,39000000.0,320.6923076923077,-6987757640.0,,0.03337571519389701,,
CVS,Health Care,2024-09-30,67343000000.0,252427000000.0,6875000000.0,,52948000000.0,36179000000.0,,1161000000.0,,105000000.0,-745000000.0,,,95428000000.0,17649000000.0,84627000000.0,,,87000000.0,832000000.0,1519333333.3333333,1.0,745000000.0,9.228187919463087,-6987757640.0,,0.008718615081527435,,
DAL,Industrials,2011-09-30,7329000000.0,43036000000.0,2307000000.0,,,,1641000000.0,,13750000000.0,547000000.0,-98000000.0,,8956000000.0,9816000000.0,,12012000000.0,,,549000000.0,860000000.0,639666666.6666666,1.0,98000000.0,23.540816326530614,-4683000000.0,,0.0876120619396903,,0.3194999535272795
DAL,Industrials,2017-03-31,6880000000.0,51766000000.0,1907000000.0,,,,2353000000.0,538500000.0,,882000000.0,-815500000.0,,8098500000.0,9124500000.0,,15953000000.0,,,582000000.0,1026000000.0,499500000.0,1.0,815500000.0,2.3384426732066217,-6987757640.0,,0.11244451750780865,,
DAL,Industrials,2017-06-30,7177000000.0,52133000000.0,2241000000.0,,,,2726000000.0,533000000.0,,1861000000.0,-1478000000.0,,8764000000.0,10791000000.0,,16631000000.0,,,1205000000.0,2005000000.0,1873500000.0,1.0,1478000000.0,1.5162381596752368,-6987757640.0,,0.1858029839681216,,
DAL,Industrials,2020-06-30,18915000000.0,72261000000.0,11366000000.0,,,,2332000000.0,591000000.0,,-7014000000.0,-3659500000.0,,,,,20150000000.0,,,-5717000000.0,-4815000000.0,642166666.6666666,1.0,3659500000.0,3.1058887826205765,-1235000000.0,,,,
DAL,Industrials,2020-09-30,25030000000.0,79076000000.0,16477000000.0,,,,2403000000.0,545000000.0,,-6859000000.0,-2575000000.0,,,,,19725000000.0,,,-5379000000.0,-6386000000.0,1550833333.3333333,1.0,2575000000.0,6.398834951456311,5305000000.0,,,,
DASH,Consumer Discretionary,2020-03-31,,,469000000.0,22000000.0,,,,24000000.0,,,-125000000.0,33000000.0,,,,,5000000.0,,-129000000.0,-123000000.0,160333333.33333334,1.0,125000000.0,3.752,,,,,
DASH,Consumer Discretionary,2022-03-31,4418000000.0,6822000000.0,2243000000.0,32000000.0,,321000000.0,203000000.0,59000000.0,,-167000000.0,-20000000.0,148000000.0,,,,1760000000.0,129000000.0,,-167000000.0,-173000000.0,159500000.0,1.0,20000000.0,112.15,2658000000.0,,,,
DASH,Consumer Discretionary,2022-06-30,4833000000.0,9928000000.0,2727000000.0,,,346000000.0,207000000.0,81000000.0,,-272000000.0,-117500000.0,205000000.0,,,,2026000000.0,231000000.0,,-263000000.0,-273000000.0,404666666.6666667,1.0,117500000.0,23.208510638297874,2807000000.0,,,,
DD,Materials,2017-03-31,,,5848000000.0,,10194000000.0,,,778000000.0,,1128000000.0,-76000000.0,419000000.0,,,,,,,888000000.0,,-468250000.0,0.0,76000000.0,76.94736842105263,,,,,
DD,Materials,2017-06-30,,,6218000000.0,,10761000000.0,,,739000000.0,,1814000000.0,-101000000.0,408000000.0,,,,,,,1321000000.0,,-1486250000.0,0.0,101000000.0,61.56435643564357,,,,,
DD,Materials,2017-09-30,54801000000.0,198527000000.0,13148000000.0,,12178000000.0,11250000000.0,,1001000000.0,31725000000.0,1125000000.0,-835500000.0,525000000.0,,15354000000.0,17255000000.0,27278000000.0,,,514000000.0,,169000000.0,1.0,835500000.0,15.736684619988031,24848959999.999943,,,0.03419304415787417,0.15980194129765724
DD,Materials,2018-03-31,49733000000.0,192441000000.0,10281000000.0,,16315000000.0,14378000000.0,,1484000000.0,32050000000.0,1542000000.0,-2137000000.0,768000000.0,,21510000000.0,17457000000.0,26617000000.0,,,1104000000.0,,726000000.0,1.0,2137000000.0,4.810949929808142,23116000000.0,,,0.03570432357043236,0.16654455131702703
DD,Materials,2018-09-30,45405000000.0,184453000000.0,6939000000.0,,9623500000.0,14542000000.0,,1470000000.0,30411000000.0,511500000.0,-323000000.0,502000000.0,,12903000000.0,16441000000.0,27680000000.0,23000000.0,,499000000.0,,26000000.0,1.0,323000000.0,21.48297213622291,17725000000.0,,,0.03890568084941486,0.16487126801949548
DD,Materials,2021-09-30,8497000000.0,46015000000.0,1670000000.0,,2405000000.0,2237000000.0,2538000000.0,,10630000000.0,448500000.0,-146000000.0,144500000.0,,,2844000000.0,4221000000.0,16000000.0,,391000000.0,,-245666666.66666666,0.0,146000000.0,11.438356164383562,4276000000.0,,,,0.23101162664348582
DD,Materials,2022-06-30,14006000000.0,44440000000.0,1439000000.0,,2149000000.0,1741000000.0,2135000000.0,,10636000000.0,478000000.0,-1365000000.0,141000000.0,,,2356000000.0,5494000000.0,19000000.0,,787000000.0,,381000000.0,1.0,1365000000.0,1.0542124542124542,8512000000.0,,,,0.23933393339333933
DDOG,Information Technology,2019-09-30,872476000.0,1006753000.0,760945000.0,,23297000.0,87208000.0,18992000.0,3800000.0,,-4128000.0,-2378000.0,28684000.0,76785000.0,,,176661000.0,4677000.0,72567000.0,-4161000.0,-4218000.0,35372000.0,1.0,2378000.0,319.9936921783011,695815000.0,,,,
DE,Industrials,2009-01-31,,41339600000.0,5004100000.0,262100000.0,,,,216900000.0,,,-1615500000.0,219400000.0,,5145900000.0,3836600000.0,,,,203900000.0,,-299016666.6666667,0.0,1615500000.0,3.097554936552151,,,,0.042635884879224234,
DE,Industrials,2009-04-30,,41800800000.0,4797200000.0,,,,,,,,-1180900000.0,255700000.0,,6747800000.0,3551000000.0,,,,472300000.0,,152983333.33333334,1.0,1180900000.0,4.06232534507579,,,,0.03789383206378375,
DE,Industrials,2010-01-31,,40780700000.0,5043300000.0,162700000.0,,,,241400000.0,,,-318300000.0,235700000.0,,4834800000.0,2752500000.0,,,,243200000.0,416000000.0,-17900000.0,0.0,318300000.0,15.844486333647502,,,0.08604285596094978,0.048750723918259284,
DE,Industrials,2011-01-31,,42895800000.0,3438000000.0,214900000.0,,,,219000000.0,,,-900300000.0,268900000.0,,6119200000.0,4178400000.0,,,,513700000.0,818000000.0,-378250000.0,0.0,900300000.0,3.8187270909696767,,,0.13367760491567526,0.04394365276506733,
DE,Industrials,2011-04-30,,46585500000.0,3949800000.0,,,,,,,,-1209350000.0,298500000.0,,8909700000.0,4687000000.0,,,,904300000.0,1431000000.0,-262466666.66666666,0.0,1209350000.0,3.2660520114110887,,,0.1606114683996094,0.033502811542476175,
DE,Industrials,2012-01-31,,48576900000.0,3388300000.0,269100000.0,,,,243300000.0,,,-1226800000.0,312500000.0,,6766500000.0,5677700000.0,,,,532900000.0,873000000.0,-862000000.0,0.0,1226800000.0,2.7619008803390934,,,0.12901795610729327,0.046183403532106704,
DE,Industrials,2017-01-29,,56296400000.0,3890000000.0,155200000.0,,,,415700000.0,,,-736700000.0,311500000.0,,5625200000.0,3959600000.0,,,,196400000.0,419000000.0,-436933333.3333333,0.0,736700000.0,5.280304058639881,,,0.07448624048922704,0.05537580886012942,
DE,Industrials,2017-04-30,,58968800000.0,4525800000.0,,,,,,,,-163700000.0,324900000.0,,8287000000.0,4114800000.0,,,,805450000.0,1274500000.0,-910883333.3333334,0.0,163700000.0,27.646915088576666,,,0.15379510076022687,0.0392059852781465,
DE,Industrials,2018-01-28,,66577500000.0,3915100000.0,176300000.0,,,,463200000.0,,,-1296400000.0,356800000.0,,6913500000.0,6614200000.0,,,,-535100000.0,636000000.0,-896283333.3333334,0.0,1296400000.0,3.0199784017278617,,,0.09199392492948578,0.051609170463585735,
DE,Industrials,2018-04-29,,69873000000.0,4201400000.0,,,,,,,,-1585550000.0,415200000.0,,10720000000.0,6888900000.0,,,,1208300000.0,1494000000.0,-754066666.6666666,0.0,1585550000.0,2.6498060609883005,,,0.13936567164179103,0.03873134328358209,
DE,Industrials,2019-01-27,,69918100000.0,3625850000.0,297200000.0,,,,503150000.0,,,-1650850000.0,406900000.0,,7983800000.0,7401950000.0,,,,498250000.0,769000000.0,77333333.33333333,1.0,1650850000.0,2.1963533937062727,,,0.09632004809739723,0.050965705553746334,
DE,Industrials,2019-04-28,,72729800000.0,3483850000.0,,,,,,,,-1158900000.0,457050000.0,,11342200000.0,7160950000.0,,,,1134950000.0,1536000000.0,654966666.6666666,1.0,1158900000.0,3.0061696436275778,,,0.13542346282026416,0.04029641515755321,
DE,Industrials,2020-02-02,,71821000000.0,3602000000.0,271000000.0,,,,538000000.0,,,-508000000.0,425000000.0,,7631000000.0,6482000000.0,,,,517000000.0,645000000.0,1332666666.6666667,1.0,508000000.0,7.090551181102362,,,0.08452365351854278,0.05569388022539641,
DE,Industrials,2021-05-02,,78979000000.0,7182000000.0,,,,,,,,-242500000.0,377000000.0,,12058000000.0,6042000000.0,,,,1790000000.0,2439000000.0,-1314666666.6666667,0.0,242500000.0,29.616494845360826,,,0.20227235030685023,0.03126554984242826,
DE,Industrials,2022-01-30,,79614000000.0,4472000000.0,193000000.0,,,,486000000.0,,,-2553000000.0,402000000.0,,9569000000.0,7935000000.0,,,,903000000.0,1235000000.0,-995000000.0,0.0,2553000000.0,1.7516647081864474,,,0.12906259797261993,0.04201065942104713,
DE,Industrials,2022-05-01,,84099000000.0,3878000000.0,,,,,,,,-3919000000.0,453000000.0,,13370000000.0,9030000000.0,,,,2098000000.0,2670000000.0,192666666.66666666,1.0,3919000000.0,0.9895381474866037,,,0.19970082273747194,0.03388182498130142,
DE,Industrials,2023-01-29,,91620000000.0,3976000000.0,315000000.0,,,,494000000.0,,,-1246000000.0,495000000.0,,12652000000.0,10056000000.0,,,,1959000000.0,2518000000.0,593000000.0,1.0,1246000000.0,3.191011235955056,,,0.19901991779955738,0.03912424913057224,
DE,Industrials,2023-04-30,,98347000000.0,5267000000.0,,,,,,,,-356000000.0,547000000.0,,17387000000.0,9713000000.0,,,,2860000000.0,3898000000.0,543666666.6666666,1.0,356000000.0,14.794943820224718,,,0.22419048714556852,0.03146028642088917,
DE,Industrials,2024-01-28,,101371000000.0,5137000000.0,362000000.0,,,,520000000.0,,,-908000000.0,533000000.0,,12185000000.0,8937000000.0,,,,1751000000.0,,519666666.6666667,1.0,908000000.0,5.657488986784141,,,,0.04374230611407468,
DE,Industrials,2024-04-28,,105628000000.0,5553000000.0,,,,,,,,-504000000.0,565000000.0,,15235000000.0,8443000000.0,,,,2370000000.0,,-502666666.6666667,0.0,504000000.0,11.017857142857142,,,,0.037085658024286185,
DE,Industrials,2025-01-26,,103119000000.0,6601000000.0,352000000.0,,,,549000000.0,,,-1132000000.0,526000000.0,,8508000000.0,7744000000.0,,,,869000000.0,,-521666666.6666667,0.0,1132000000.0,5.831272084805653,,,,0.061824165491302305,
DECK,Consumer Discretionary,2009-06-30,,,108163000.0,,,,,,,,-9895000.0,,,,,,,40785000.0,2879000.0,3225000.0,6156666.666666667,1.0,9895000.0,10.931076301162204,,,,,
DECK,Consumer Discretionary,2009-09-30,,,75612000.0,,,,,,,,-24537000.0,,,,,,,97951000.0,33825000.0,53080000.0,-7697666.666666667,0.0,24537000.0,3.0815503117740555,,,,,
DECK,Consumer Discretionary,2010-09-30,607914000.0,697178000.0,250536000.0,,,142232000.0,,,,,-66100000.0,,,,197313000.0,126765000.0,,130953000.0,42143000.0,66314000.0,-39485000.0,0.0,66100000.0,3.7902571860816945,481149000.0,,,,
DECK,Consumer Discretionary,2014-06-30,725578000.0,1168613000.0,158226000.0,18734000.0,,130691000.0,,,,,-64959000.0,,,,355979000.0,259592000.0,,86772000.0,,-50482000.0,-28916000.0,0.0,64959000.0,2.435782570544497,465986000.0,,,,
DECK,Consumer Discretionary,2014-09-30,938382000.0,1402003000.0,114651000.0,,,264920000.0,,,,,-259370000.0,,,,481651000.0,421034000.0,,223873000.0,,59583000.0,-84179166.66666667,0.0,259370000.0,0.44203647299225046,517348000.0,,,,
DECK,Consumer Discretionary,2015-06-30,760915000.0,1253498000.0,168744000.0,18755000.0,,117399000.0,,,,,-27020000.0,,,,373622000.0,338238000.0,,86596000.0,,-63708000.0,1831666.6666666667,1.0,27020000.0,6.2451517394522575,422677000.0,,,,
DECK,Consumer Discretionary,2015-09-30,1075182000.0,1572666000.0,99775000.0,,,285528000.0,,,,,-425159500.0,,,,595006000.0,639174000.0,,214113000.0,,51213000.0,22921666.666666668,1.0,425159500.0,0.2346766331223929,436008000.0,,,,
DECK,Consumer Discretionary,2016-06-30,858963000.0,1357745000.0,202309000.0,20114000.0,,102951000.0,,,,,-43363500.0,,,,469163000.0,372031000.0,,76252000.0,,-78319000.0,29077333.333333332,1.0,43363500.0,4.665421379731802,486932000.0,,,,
DECK,Consumer Discretionary,2016-09-30,1075029000.0,1572601000.0,110047000.0,,,300159000.0,,,,,-361889500.0,,,,578027000.0,545861000.0,,216425000.0,,54023000.0,60767000.0,1.0,361889500.0,0.3040900606400573,529168000.0,,,,
DECK,Consumer Discretionary,2017-06-30,903380000.0,1272858000.0,279940000.0,3835000.0,,108895000.0,,,,,-7348000.0,,,,441648000.0,285875000.0,,90625000.0,-42121000.0,-56256000.0,59046166.666666664,1.0,7348000.0,38.097441480675016,617505000.0,,,,
DECK,Consumer Discretionary,2017-09-30,1152911000.0,1520288000.0,230586000.0,,257343000.0,306573000.0,,,,,-266820500.0,,,,555560000.0,474047000.0,,225117000.0,49559000.0,67355000.0,52224833.333333336,1.0,266820500.0,0.8641989652219376,678864000.0,,,,
DECK,Consumer Discretionary,2018-09-30,1078465000.0,1423968000.0,182192000.0,,250026000.0,321784000.0,,,,,-287284500.0,,,,514927000.0,448217000.0,,251887000.0,74372000.0,90412000.0,12607166.666666666,1.0,287284500.0,0.6341866686159539,630248000.0,,,,
DECK,Consumer Discretionary,2019-06-30,1188493000.0,1751056000.0,502626000.0,7393000.0,146820000.0,159679000.0,,,,,-46629000.0,,,,473394000.0,441745000.0,,130019000.0,-19351000.0,-31417000.0,40008000.0,1.0,46629000.0,10.779257543588754,746748000.0,,,,
DECK,Consumer Discretionary,2019-09-30,1135031000.0,1691659000.0,177673000.0,,269181000.0,334601000.0,,,,,-356026000.0,,,,558875000.0,465847000.0,,273024000.0,77810000.0,97131000.0,113575500.0,1.0,356026000.0,0.49904501356642494,669184000.0,,,,
DECK,Consumer Discretionary,2020-09-30,1499736000.0,2050348000.0,626414000.0,,304548000.0,326266000.0,,,,,-135323500.0,,,,484138000.0,503842000.0,,318977000.0,101554000.0,128604000.0,22695333.333333332,1.0,135323500.0,4.629011221258687,995894000.0,,,,
DECK,Consumer Discretionary,2021-06-30,1726198000.0,2291255000.0,956712000.0,15515000.0,244175000.0,218807000.0,,,,,-36332000.0,,,,457704000.0,600533000.0,,260503000.0,48124000.0,61832000.0,-20894000.0,0.0,36332000.0,26.332489265661124,1125665000.0,,,,
DECK,Consumer Discretionary,2021-09-30,1843550000.0,2410432000.0,746211000.0,,354814000.0,370361000.0,,,,,-433805000.0,,,,636270000.0,682963000.0,,367088000.0,102063000.0,128181000.0,6864000.0,1.0,433805000.0,1.7201530641647744,1160587000.0,,,,
DECK,Consumer Discretionary,2022-06-30,1949728000.0,2513252000.0,695230000.0,12467000.0,319709000.0,321996000.0,,,,,-28921000.0,,,,839509000.0,799758000.0,,294752000.0,44849000.0,56341000.0,163153333.33333334,1.0,28921000.0,24.038933646831023,1149970000.0,,,,
DECK,Consumer Discretionary,2022-09-30,1913285000.0,2466349000.0,419259000.0,,453693000.0,434674000.0,,,,,-350531000.0,,,,925043000.0,728624000.0,,421921000.0,101524000.0,127831000.0,240859166.66666666,1.0,350531000.0,1.196068250739592,1184661000.0,,,,
DECK,Consumer Discretionary,2023-09-30,2179881000.0,2848533000.0,823051000.0,,508888000.0,487677000.0,,,,,-117413500.0,,,,726332000.0,759390000.0,,583019000.0,178547000.0,224617000.0,181383666.66666666,1.0,117413500.0,7.009849804324034,1420491000.0,,,,
DECK,Consumer Discretionary,2024-09-30,2701294000.0,3398136000.0,1225681000.0,,578048000.0,537137000.0,,,,,-508829000.0,,,,777891000.0,875640000.0,,733272000.0,242321000.0,305086000.0,19426333.333333332,1.0,508829000.0,2.408826933999438,1825654000.0,,,,
DELL,Information Technology,2015-05-01,,,4774000000.0,114000000.0,,,,718000000.0,,-514000000.0,-895000000.0,325000000.0,2464000000.0,,,,,2129000000.0,-504000000.0,-335000000.0,376000000.0,1.0,895000000.0,5.334078212290502,,,,,
DELL,Information Technology,2016-04-29,20764000000.0,43879000000.0,6005000000.0,92000000.0,,5075000000.0,12412000000.0,692000000.0,13144000000.0,-362000000.0,-63000000.0,298500000.0,2455500000.0,,1655000000.0,23948000000.0,,2305500000.0,55000000.0,-150000000.0,408166666.6666667,1.0,63000000.0,95.31746031746032,-3184000000.0,,,,0.29955103808199823
DELL,Information Technology,2016-10-28,36407000000.0,125632000000.0,8822000000.0,,,8830000000.0,14644000000.0,,55672000000.0,-2306000000.0,-257500000.0,855000000.0,5411000000.0,,3504000000.0,41369000000.0,150000000.0,3899000000.0,-2064000000.0,-1512000000.0,1063166666.6666666,1.0,257500000.0,34.26019417475728,-4962000000.0,,,,0.44313550687722875
DELL,Information Technology,2020-05-01,40931000000.0,120236000000.0,12229000000.0,559000000.0,,10797000000.0,18432000000.0,1316000000.0,56728000000.0,,-796000000.0,1265000000.0,6151000000.0,21897000000.0,3616000000.0,50011000000.0,,6853000000.0,143000000.0,702000000.0,1625500000.0,1.0,796000000.0,15.363065326633166,-6987757640.0,0.31296524638078277,0.032059186189889025,0.05777047084075444,0.4718054492830766
DELL,Information Technology,2020-07-31,41090000000.0,121276000000.0,11221000000.0,,,11643000000.0,19500000000.0,,53953000000.0,,-355500000.0,1259000000.0,6020000000.0,22733000000.0,3602000000.0,54288000000.0,,7156000000.0,1048000000.0,1136000000.0,2143333333.3333333,1.0,355500000.0,31.563994374120956,-6987757640.0,0.31478467426208595,0.04997140720538424,0.0553820437249813,0.44487779939971633
DELL,Information Technology,2022-04-29,41376000000.0,88406000000.0,6654000000.0,690000000.0,,11837000000.0,25585000000.0,726000000.0,27122000000.0,1213000000.0,-269000000.0,681000000.0,4234000000.0,26116000000.0,6277000000.0,53059000000.0,,5784000000.0,1072000000.0,1550000000.0,-326333333.3333333,0.0,269000000.0,24.736059479553905,-6987757640.0,0.22147342625210598,0.059350589676826465,0.02607596875478634,0.3067891319593693
DELL,Information Technology,2022-07-29,42262000000.0,88775000000.0,5507000000.0,,,13431000000.0,25339000000.0,,26934000000.0,635000000.0,-3152000000.0,626000000.0,4169000000.0,26425000000.0,5883000000.0,54789000000.0,,5439000000.0,511000000.0,1270000000.0,2246166666.6666665,1.0,3152000000.0,1.7471446700507614,-6987757640.0,0.20582781456953642,0.04806054872280038,0.023689687795648062,0.30339622641509434
DELL,Information Technology,2024-08-02,37543000000.0,82687000000.0,4550000000.0,,,11391000000.0,24095000000.0,,24522000000.0,1014000000.0,-1188500000.0,780000000.0,3969000000.0,25026000000.0,5953000000.0,52033000000.0,,5336000000.0,866500000.0,1367000000.0,1917333333.3333333,1.0,1188500000.0,3.8283550694152293,-6987757640.0,0.21321825301686245,0.05462319188044434,0.031167585710860705,0.29656415155949545
DG,Consumer Staples,2021-07-30,5992718000.0,25487808000.0,313666000.0,,5912539000.0,,3369984000.0,,4156765000.0,810138000.0,-374226000.0,,,,5279273000.0,5479084000.0,,2737659000.0,637019000.0,849568000.0,397782000.0,1.0,374226000.0,0.8381726550266416,513634000.0,,,,0.1630883675834344
DG,Consumer Staples,2022-07-29,7682892000.0,28239256000.0,326263000.0,,6377490000.0,,4358388000.0,,5191335000.0,870328000.0,-165342000.0,,,,6935856000.0,7566786000.0,,3048223000.0,678030000.0,913426000.0,197971166.66666666,1.0,165342000.0,1.9732614822610106,116106000.0,,,,0.18383398627782546
DGX,Health Care,2009-06-30,1339098000.0,8211435000.0,119294000.0,,,896535000.0,,,,,-86507500.0,,,,79715000.0,1023876000.0,,,188200000.0,359375000.0,247530833.33333334,1.0,86507500.0,1.3790018206513885,315222000.0,,,,
DGX,Health Care,2011-06-30,1477955000.0,9431191000.0,184218000.0,,,929372000.0,,,,,-169146000.0,,,,87967000.0,1993357000.0,,,163143000.0,316854000.0,210727333.33333334,1.0,169146000.0,1.089106452413891,-515402000.0,,,,
DGX,Health Care,2013-06-30,1469699000.0,9036185000.0,148171000.0,,,946753000.0,,,,,-148215500.0,,,,89442000.0,1290691000.0,,,165234000.0,288860500.0,137887333.33333334,1.0,148215500.0,0.9996997614959299,179008000.0,,,,
DGX,Health Care,2023-06-30,1733000000.0,13425000000.0,126000000.0,,,1235000000.0,,112000000.0,,,-154000000.0,,,,184000000.0,1875000000.0,,,235000000.0,348000000.0,167500000.0,1.0,154000000.0,0.8181818181818182,-142000000.0,,,,
DHI,Consumer Discretionary,2010-06-30,,6211400000.0,1392500000.0,,,,,,,,-177800000.0,,,1406100000.0,,,,,50500000.0,,-106450000.0,0.0,177800000.0,7.831833520809899,,,,,
DHI,Consumer Discretionary,2011-03-31,,5621300000.0,1081100000.0,,,,,,,,-314650000.0,,,751100000.0,,,,,,,-33350000.0,0.0,314650000.0,3.4358811377721277,,,,,
DHI,Consumer Discretionary,2011-06-30,,5504800000.0,841000000.0,,,,,,,,-54200000.0,,,999200000.0,,,,,,,-46816666.666666664,0.0,54200000.0,15.51660516605166,,,,,
DHI,Consumer Discretionary,2011-12-31,,5363400000.0,738100000.0,2400000.0,,,,,,29200000.0,-2500000.0,,,906600000.0,,,,,,,-264816666.66666666,0.0,2500000.0,295.24,,,,,
DHI,Consumer Discretionary,2012-03-31,,5484900000.0,679800000.0,,,,,,,42300000.0,-43350000.0,,,961200000.0,,,,,,,-501466666.6666667,0.0,43350000.0,15.681660899653979,,,,,
DHI,Consumer Discretionary,2012-06-30,,6657000000.0,904900000.0,,,,,,,72200000.0,-94600000.0,,,1150000000.0,,,,,,,-568600000.0,0.0,94600000.0,9.56553911205074,,,,,
DHI,Consumer Discretionary,2012-12-31,,7347300000.0,566900000.0,14000000.0,,,,4800000.0,,107900000.0,-656500000.0,,,1275100000.0,,,,,,,-352300000.0,0.0,656500000.0,0.8635186595582636,,,,,
DHI,Consumer Discretionary,2013-03-31,,8232500000.0,1150500000.0,,,,,,,142100000.0,-753300000.0,,,1431600000.0,,,,,,,-600000.0,0.0,753300000.0,1.5272799681401832,,,,,
DHI,Consumer Discretionary,2013-06-30,,8287000000.0,638000000.0,,,,,,,205100000.0,-296000000.0,,,1692800000.0,,,,,,,-4616666.666666667,0.0,296000000.0,2.1554054054054053,,,,,
DHI,Consumer Discretionary,2013-12-31,,8927200000.0,840450000.0,18300000.0,,,,7800000.0,,189700000.0,-7600000.0,,,1670600000.0,,,,,,,-45083333.333333336,0.0,7600000.0,110.58552631578948,,,,,
DHI,Consumer Discretionary,2014-06-30,,9716600000.0,596150000.0,,,,,,,171800000.0,-308050000.0,,,2147000000.0,,,,,,,115483333.33333333,1.0,308050000.0,1.9352377860736893,,,,,
DHI,Consumer Discretionary,2014-12-31,,10338700000.0,541000000.0,11300000.0,,,,12300000.0,,220700000.0,-129000000.0,,,2302600000.0,,,,,,,157983333.33333334,1.0,129000000.0,4.1937984496124034,,,,,
DHI,Consumer Discretionary,2015-12-31,,11179500000.0,1268700000.0,20100000.0,,,,13600000.0,,241300000.0,-1500000.0,,,2416400000.0,,,,,,,-12150000.0,0.0,1500000.0,469.25,,,,,
DHI,Consumer Discretionary,2016-03-31,,11300200000.0,1224100000.0,,,,,,,300500000.0,-67400000.0,,,2767900000.0,,,,,,,-50533333.333333336,0.0,67400000.0,18.161721068249257,,,,,
DHI,Consumer Discretionary,2016-12-31,,11712100000.0,1150300000.0,22200000.0,,,,14400000.0,,318100000.0,-30750000.0,,,2904200000.0,,,,,206900000.0,,-102516666.66666667,0.0,30750000.0,37.40813008130081,,,,,
DHI,Consumer Discretionary,2017-03-31,,11921100000.0,993200000.0,,,,,,,353900000.0,-182550000.0,,,3251300000.0,,,,,229200000.0,,-43650000.0,0.0,182550000.0,5.440701177759518,,,,,
DHI,Consumer Discretionary,2017-06-30,,11977100000.0,512400000.0,,,,,,,444500000.0,-50000000.0,,,3776400000.0,,,,,289000000.0,,108116666.66666667,1.0,50000000.0,10.248,,,,,
DHI,Consumer Discretionary,2017-12-31,,12957300000.0,920300000.0,34850000.0,,,,16200000.0,,391200000.0,-75000000.0,,,3332700000.0,,,,,189300000.0,,8750000.0,1.0,75000000.0,12.270666666666667,,,,,
DHI,Consumer Discretionary,2018-03-31,,13218100000.0,1010800000.0,,,,,,,444800000.0,-5950000.0,,,3794700000.0,,,,,351000000.0,,-194250000.0,0.0,5950000.0,169.88235294117646,,,,,
DHI,Consumer Discretionary,2018-12-31,,14535800000.0,737000000.0,20200000.0,,,,16900000.0,,375700000.0,-373100000.0,,,3519000000.0,,,,,287200000.0,,-62116666.666666664,0.0,373100000.0,1.9753417314392925,,,,,
DHI,Consumer Discretionary,2019-03-31,,15007000000.0,698800000.0,,,,,,,462800000.0,-614950000.0,,,4128700000.0,,,,,351300000.0,,-2283333.3333333335,0.0,614950000.0,1.1363525489877226,,,,,
DHI,Consumer Discretionary,2019-12-31,,16322900000.0,1583300000.0,21600000.0,,,,19000000.0,,523300000.0,-113800000.0,,,4020700000.0,,,,,431300000.0,,98816666.66666667,1.0,113800000.0,13.913005272407732,,,,,
DHI,Consumer Discretionary,2020-03-31,,17130000000.0,1522800000.0,,,,,,,621300000.0,-435450000.0,,,4500000000.0,,,,,482700000.0,,94183333.33333333,1.0,435450000.0,3.49707199448846,,,,,
DHI,Consumer Discretionary,2020-12-31,,19780400000.0,2454900000.0,16300000.0,,,,21650000.0,,1034300000.0,-252100000.0,,,5933400000.0,,,,,791800000.0,,-167683333.33333334,0.0,252100000.0,9.73780245934153,,,,,
DHI,Consumer Discretionary,2021-03-31,,21083800000.0,2205200000.0,,,,,,,1179900000.0,-449350000.0,,,6446900000.0,,,,,929500000.0,,-290350000.0,0.0,449350000.0,4.907533103371537,,,,,
DHI,Consumer Discretionary,2021-12-31,,24999400000.0,2442100000.0,30900000.0,,,,19400000.0,,1497300000.0,-174100000.0,,,7053400000.0,,,,,1141600000.0,,94516666.66666667,1.0,174100000.0,14.026995979322228,,,,,
DHI,Consumer Discretionary,2022-03-31,,26685300000.0,1663900000.0,,,,,,,1883300000.0,-817350000.0,,,7999000000.0,,,,,1436300000.0,,951966666.6666666,1.0,817350000.0,2.0357252095185663,,,,,
DHI,Consumer Discretionary,2023-12-31,,33381600000.0,3323400000.0,47600000.0,,,,20000000.0,,1247500000.0,-153400000.0,,,7726000000.0,,,,,947400000.0,,-85216666.66666667,0.0,153400000.0,21.664928292046937,,,,,
DHI,Consumer Discretionary,2024-03-31,,34398200000.0,3063100000.0,,,,,,,1528500000.0,-1600650000.0,,,9107200000.0,,,,,1172100000.0,,442433333.3333333,1.0,1600650000.0,1.9136600755942899,,,,,
DHR,Health Care,2009-07-03,4788672000.0,18322397000.0,1258411000.0,,1411340000.0,1750114000.0,,,,,-547329000.0,158500000.0,,,1067075000.0,2508126000.0,,,295694000.0,343946000.0,743333666.6666666,1.0,547329000.0,2.2991856817380407,2280546000.0,,,,
DIS,Communication Services,2022-12-31,26912000000.0,202124000000.0,8470000000.0,1181000000.0,,,,1306000000.0,,1773000000.0,-974000000.0,,,23512000000.0,1830000000.0,27070000000.0,270000000.0,,1279000000.0,3043000000.0,2416333333.3333335,1.0,974000000.0,8.696098562628336,-158000000.0,,0.12942327322218442,,
DLTR,Consumer Staples,2015-08-01,4524700000.0,16565100000.0,1302500000.0,,,,1152500000.0,,8507000000.0,,-229300000.0,,,,,2073300000.0,1000000.0,855200000.0,-98000000.0,123400000.0,333700000.0,1.0,229300000.0,5.680331443523768,2451400000.0,,,,0.5135495710861993
DLTR,Consumer Staples,2015-10-31,4628000000.0,16699000000.0,1106900000.0,,,,1259300000.0,,8486200000.0,,-4700000.0,,,,,2161200000.0,,1400000000.0,81900000.0,223700000.0,326933333.3333333,1.0,4700000.0,235.51063829787233,2466800000.0,,,,0.5081861189292772
DLTR,Consumer Staples,2016-10-29,4342400000.0,16195000000.0,733800000.0,,,,1266400000.0,,,,-25000000.0,,,,,2134200000.0,,1520500000.0,171600000.0,342400000.0,231883333.33333334,1.0,25000000.0,29.352,2208200000.0,,,,
DLTR,Consumer Staples,2017-10-28,3972600000.0,15730200000.0,400100000.0,,3650600000.0,,1181300000.0,,5781200000.0,,-82600000.0,,,,,2039900000.0,300000.0,1666000000.0,239900000.0,425200000.0,380733333.3333333,1.0,82600000.0,4.843825665859564,1932700000.0,,,,0.36752234555186836
DLTR,Consumer Staples,2021-07-31,4648100000.0,20445200000.0,720800000.0,,4479200000.0,,1559600000.0,,,369200000.0,-130750000.0,,,6343200000.0,,3722700000.0,,1861000000.0,282400000.0,402200000.0,277450000.0,1.0,130750000.0,5.512810707456979,925400000.0,0.2933850422499685,0.06340648253247572,,
DLTR,Consumer Staples,2024-08-03,6092300000.0,22616600000.0,475250000.0,,3916200000.0,,1790800000.0,122600000.0,,180050000.0,-427000000.0,,,5723700000.0,,5999900000.0,,1802900000.0,132400000.0,209450000.0,785600000.0,1.0,427000000.0,1.1129976580796253,92400000.0,0.3149885563534078,0.03659346227090868,,
DOV,Industrials,2022-06-30,3590996000.0,10807421000.0,,,1377432000.0,1514455000.0,1200612000.0,,2936124000.0,335356000.0,-191837000.0,,,,1381607000.0,2547635000.0,,781283000.0,289618000.0,356850000.0,236302166.66666666,1.0,191837000.0,,1043361000.0,,,,0.2716766562531431
DOW,Materials,2018-03-31,,,5186000000.0,,11552000000.0,,,837000000.0,,1740000000.0,-158000000.0,386000000.0,,14899000000.0,,,,,1342000000.0,,1309166666.6666667,1.0,158000000.0,32.822784810126585,,,,0.02590777904557353,
DOW,Materials,2021-03-31,19163000000.0,60437000000.0,4133000000.0,,10062000000.0,5576000000.0,,717000000.0,16692000000.0,1323000000.0,-291000000.0,,,11882000000.0,6157000000.0,11354000000.0,,,991000000.0,,1246333333.3333333,1.0,291000000.0,14.20274914089347,7809000000.0,,,,0.27618842761884277
DOW,Materials,2021-06-30,20352000000.0,61768000000.0,3491000000.0,,10740000000.0,6456000000.0,,,15538000000.0,2456000000.0,-585000000.0,,,13885000000.0,6952000000.0,12308000000.0,,,1901000000.0,,1854666666.6666667,1.0,585000000.0,5.967521367521368,8044000000.0,,,,0.25155420282346846
DOW,Materials,2023-06-30,18549000000.0,58294000000.0,2924000000.0,,9875000000.0,5539000000.0,,,,711000000.0,-816500000.0,,,11420000000.0,6487000000.0,9649000000.0,,,485000000.0,,550666666.6666666,1.0,816500000.0,3.5811390079608083,8900000000.0,,,,
DOW,Materials,2024-06-30,18053000000.0,58526000000.0,3341000000.0,,9591000000.0,5098000000.0,,682000000.0,,608000000.0,-470000000.0,,,10915000000.0,6459000000.0,10308000000.0,,,439000000.0,,-529333333.3333333,0.0,470000000.0,7.108510638297872,7745000000.0,,,,
DPZ,Consumer Discretionary,2013-06-16,302536000.0,468799000.0,40838000.0,,288022000.0,93987000.0,63875000.0,,,,-34412000.0,,,414009000.0,27996000.0,228812000.0,,125987000.0,33270000.0,73841000.0,37735000.0,1.0,34412000.0,1.1867371847030106,73724000.0,0.3043098096901275,0.1783560260767278,,
DPZ,Consumer Discretionary,2022-06-19,845870000.0,1670630000.0,114353000.0,,678917000.0,274957000.0,99465000.0,,,133482000.0,-88885500.0,,,1065182000.0,70201000.0,575449000.0,,386265000.0,102493000.0,178114000.0,122878333.33333333,1.0,88885500.0,1.2865202985863835,270421000.0,0.3626281705849329,0.1672146168448209,,
DVA,Health Care,2014-06-30,4161247000.0,17925571000.0,1420973000.0,152031000.0,,1550252000.0,405751000.0,,,,-737656000.0,,,,99650000.0,2608148000.0,,,147683000.0,484295000.0,628994500.0,1.0,737656000.0,1.926335581897253,1553099000.0,,,,
DVA,Health Care,2022-06-30,3264108000.0,17100575000.0,262605000.0,,,2093830000.0,402308000.0,,,348845000.0,-190178000.0,,,2926757000.0,109522000.0,2310747000.0,,,224809000.0,432715000.0,491776333.3333333,1.0,190178000.0,1.380837951813564,953361000.0,,0.14784794227877476,,
DVA,Health Care,2024-03-31,3683753000.0,17430935000.0,345131000.0,121015000.0,,2594675000.0,489883000.0,,,371786000.0,-134836000.0,,,3070555000.0,145808000.0,2583101000.0,,,239649000.0,483845000.0,289169000.0,1.0,134836000.0,2.559635408941232,1100652000.0,,0.1575757477068478,,
DVA,Health Care,2024-06-30,3466925000.0,17025572000.0,416493000.0,,,2303119000.0,493534000.0,,,371440000.0,-122903000.0,,,3186722000.0,126765000.0,2994790000.0,,,222676000.0,506398000.0,6748000.0,1.0,122903000.0,3.3887944151078493,472135000.0,,0.15890874698200846,,
DXCM,Health Care,2010-06-30,,,6090000.0,,,,,,,,-19742000.0,5425000.0,15787000.0,11786000.0,,,,4519000.0,-11687000.0,-11268000.0,-5322666.666666667,0.0,19742000.0,0.3084793840543005,,0.3834210079755642,-0.9560495503139318,0.46029187171220093,
DXCM,Health Care,2010-09-30,,,5529000.0,,,,,,,,-9470000.0,6161000.0,16538000.0,11664000.0,,,,3476000.0,-13398000.0,-13062000.0,-4413000.0,0.0,9470000.0,0.583843717001056,,0.29801097393689985,-1.1198559670781894,0.5282064471879286,
DXCM,Health Care,2011-03-31,,,3805000.0,1791000.0,,,,806000.0,,-11850000.0,-9289000.0,6268000.0,16986000.0,14174000.0,,,2500000.0,5116000.0,-11850000.0,-11870000.0,-4710666.666666667,0.0,9289000.0,0.40962428679082785,,0.36094257090447296,-0.8374488500070552,0.4422181459009454,
DXCM,Health Care,2011-09-30,115232000.0,128793000.0,17523000.0,,,,,,,-13278000.0,-6741000.0,8231000.0,21472000.0,18254000.0,6455000.0,14743000.0,3700000.0,8164000.0,-13278000.0,-13308000.0,-7808500.0,0.0,6741000.0,2.5994659546061416,100489000.0,0.4472444395748877,-0.7290456886161937,0.45091486797414265,
DXCM,Health Care,2012-03-31,92822000.0,117962000.0,5109500.0,2310000.0,,,,1191000.0,,-15386000.0,-10182000.0,9557500.0,24792000.0,20097500.0,8044000.0,16076000.0,4100000.0,9393500.0,-14082000.0,-15398500.0,-5914500.0,0.0,10182000.0,0.5018169318405028,76746000.0,0.4673964423435751,-0.7661898246050504,0.47555666127627816,
DXCM,Health Care,2012-06-30,83993000.0,110522000.0,5992500.0,,,,,,,-14663500.0,-7218500.0,10249000.0,25896000.0,23425000.0,7378000.0,16961000.0,4800000.0,11221500.0,-14695500.0,-14674500.0,-958333.3333333334,0.0,7218500.0,0.8301586202119554,67032000.0,0.4790394877267876,-0.6264461045891142,0.4375240128068303,
DXCM,Health Care,2012-09-30,75571000.0,102796000.0,4722000.0,,,,,,,-17303000.0,-6025000.0,10441000.0,25712000.0,23094500.0,7141000.0,20404000.0,4900000.0,8401000.0,-17281500.0,-17311000.0,1583333.3333333333,1.0,6025000.0,0.7837344398340249,55167000.0,0.36376626469505724,-0.7495724090151334,0.45209898460672454,
DXCM,Health Care,2013-03-31,71300000.0,98800000.0,18900000.0,1400000.0,,,,1800000.0,7000000.0,-11100000.0,-4500000.0,9300000.0,27400000.0,29600000.0,7500000.0,16200000.0,5000000.0,16500000.0,-11100000.0,-10900000.0,2283333.3333333335,1.0,4500000.0,4.2,55100000.0,0.5574324324324325,-0.36824324324324326,0.3141891891891892,0.0708502024291498
DXCM,Health Care,2014-03-31,93600000.0,124900000.0,45700000.0,3900000.0,,,,1900000.0,6300000.0,,-2400000.0,14500000.0,42100000.0,47100000.0,8900000.0,29700000.0,8700000.0,29800000.0,-12500000.0,-12300000.0,6533333.333333333,1.0,2400000.0,19.041666666666668,63900000.0,0.6326963906581741,-0.2611464968152866,0.3078556263269639,0.05044035228182546
DXCM,Health Care,2016-03-31,227400000.0,299400000.0,77900000.0,11500000.0,,67300000.0,,3400000.0,,-19200000.0,-200000.0,32200000.0,94300000.0,116200000.0,46100000.0,64100000.0,,75100000.0,-19200000.0,-19200000.0,8116666.666666667,1.0,1179870.0,389.5,163300000.0,0.6462994836488812,-0.16523235800344235,0.27710843373493976,
DXCM,Health Care,2017-06-30,656800000.0,795600000.0,395900000.0,,,101700000.0,,,,-14400000.0,-6850000.0,45300000.0,131100000.0,170600000.0,42800000.0,105100000.0,,117500000.0,2900000.0,-13600000.0,11600000.0,1.0,6850000.0,57.7956204379562,551700000.0,0.6887456037514654,-0.07971864009378664,0.26553341148886284,
DXCM,Health Care,2018-03-31,729300000.0,896800000.0,420400000.0,15300000.0,65500000.0,123900000.0,,6000000.0,,-24000000.0,-8700000.0,44800000.0,149600000.0,184400000.0,51600000.0,125100000.0,24600000.0,118900000.0,-24200000.0,-30700000.0,25300000.0,1.0,8700000.0,48.32183908045977,604200000.0,0.6447939262472885,-0.16648590021691975,0.24295010845986983,
DXCM,Health Care,2021-06-30,3474200000.0,4503800000.0,1158800000.0,,178000000.0,483500000.0,,,,86900000.0,-62400000.0,129100000.0,316100000.0,,319300000.0,600700000.0,31600000.0,417100000.0,70650000.0,101000000.0,131250000.0,1.0,62400000.0,18.57051282051282,2873500000.0,,,,
EA,Communication Services,2021-06-30,4677000000.0,12734000000.0,2838000000.0,,,557000000.0,73000000.0,,,308000000.0,-143000000.0,,914000000.0,1551000000.0,,2471000000.0,125000000.0,1236000000.0,204000000.0,322000000.0,185333333.33333334,1.0,143000000.0,19.846153846153847,2206000000.0,0.7885024413453642,0.2076079948420374,,
EA,Communication Services,2021-09-30,3390000000.0,13019000000.0,1630000000.0,,,1031000000.0,136000000.0,,,326000000.0,-79000000.0,,992000000.0,1826000000.0,,2577000000.0,149000000.0,1332000000.0,294000000.0,340000000.0,-94166666.66666667,0.0,79000000.0,20.632911392405063,813000000.0,0.7294633077765608,0.18619934282584885,,
EA,Communication Services,2022-06-30,3517000000.0,13192000000.0,2082000000.0,,,579000000.0,70000000.0,,,436000000.0,-78000000.0,,1012000000.0,1767000000.0,,2833000000.0,125000000.0,1453000000.0,311000000.0,441000000.0,188166666.66666666,1.0,78000000.0,26.692307692307693,684000000.0,0.7885024413453642,0.2495755517826825,,
EA,Communication Services,2022-09-30,3442000000.0,13079000000.0,1539000000.0,,,919000000.0,136000000.0,,,427000000.0,-917500000.0,,1015000000.0,1904000000.0,,2561000000.0,140000000.0,1442000000.0,299000000.0,427000000.0,495500000.0,1.0,917500000.0,1.677384196185286,881000000.0,0.7573529411764706,0.22426470588235295,,
EA,Communication Services,2024-09-30,3972000000.0,13136000000.0,2197000000.0,,,1012000000.0,171000000.0,,,399000000.0,-513500000.0,,1185000000.0,2025000000.0,,2787000000.0,174000000.0,1569000000.0,294000000.0,384000000.0,-63333333.333333336,0.0,513500000.0,4.2784810126582276,1185000000.0,0.7748148148148148,0.18962962962962962,,
EBAY,Consumer Discretionary,2016-06-30,9914000000.0,19993000000.0,2001000000.0,,,628000000.0,304000000.0,,9054000000.0,523000000.0,-92500000.0,295000000.0,1206000000.0,,,2206000000.0,113000000.0,1737000000.0,435000000.0,531000000.0,520666666.6666667,1.0,92500000.0,21.63243243243243,7708000000.0,,,,0.4528585004751663
EBAY,Consumer Discretionary,2018-06-30,6184000000.0,23988000000.0,1619000000.0,,,745000000.0,253000000.0,,9201000000.0,707000000.0,-212000000.0,352000000.0,1637000000.0,,,2608000000.0,151000000.0,2043000000.0,642000000.0,406000000.0,563166666.6666666,1.0,212000000.0,7.636792452830188,3576000000.0,,,,0.38356678339169586
EBAY,Consumer Discretionary,2022-06-30,5067000000.0,19653000000.0,1742000000.0,,,82000000.0,249000000.0,,,-727000000.0,-341000000.0,344000000.0,1234000000.0,,,3972000000.0,137000000.0,1759000000.0,-531000000.0,525000000.0,742333333.3333334,1.0,341000000.0,5.108504398826979,1095000000.0,,,,
EBAY,Consumer Discretionary,2024-06-30,7269000000.0,20378000000.0,1963000000.0,,,96000000.0,319000000.0,,,328000000.0,-1322000000.0,379000000.0,1288000000.0,,,5799000000.0,154000000.0,1837000000.0,224000000.0,549000000.0,1246000000.0,1.0,1322000000.0,1.4848714069591529,1470000000.0,,,,
ECL,Materials,2020-06-30,5166200000.0,18082400000.0,1369000000.0,,1635700000.0,2255500000.0,1087700000.0,,,,-41250000.0,,,,1228700000.0,3227700000.0,,,,192000000.0,313400000.0,1.0,41250000.0,33.18787878787879,1938500000.0,,,,
ECL,Materials,2022-06-30,4905000000.0,21163600000.0,124900000.0,,2211100000.0,2668000000.0,1524800000.0,,,389300000.0,-218000000.0,,,,1720700000.0,3806000000.0,,,308300000.0,425800000.0,313966666.6666667,1.0,218000000.0,0.5729357798165138,1099000000.0,,,,
EFX,Industrials,2019-06-30,813800000.0,7473500000.0,135800000.0,,,502600000.0,156900000.0,,,,-5700000.0,,,,,1497900000.0,,,66800000.0,113800000.0,35450000.0,1.0,5700000.0,23.82456140350877,-684100000.0,,,,
EFX,Industrials,2019-09-30,853000000.0,7430700000.0,167500000.0,,,516600000.0,135400000.0,,,,-164900000.0,,,,,1491800000.0,,,81100000.0,121600000.0,212750000.0,1.0,164900000.0,1.015767131594906,-638800000.0,,,,
EFX,Industrials,2022-03-31,1264200000.0,11391700000.0,200900000.0,,,856800000.0,187100000.0,139300000.0,,303800000.0,-198500000.0,,,,,2343400000.0,,,221800000.0,332400000.0,35950000.0,1.0,198500000.0,1.0120906801007556,-1079200000.0,,,,
EFX,Industrials,2022-06-30,1353300000.0,11221200000.0,223600000.0,,,892900000.0,190400000.0,,,264800000.0,-397950000.0,,,,,2633200000.0,,,200600000.0,304600000.0,234316666.66666666,1.0,397950000.0,0.5618796331197387,-1279900000.0,,,,
EL,Consumer Staples,2010-09-30,3198400000.0,5637500000.0,693500000.0,57700000.0,488100000.0,1155400000.0,379200000.0,68800000.0,,,-39100000.0,,1305600000.0,,905200000.0,1686900000.0,30600000.0,1603600000.0,191100000.0,298000000.0,-35300000.0,0.0,39100000.0,17.736572890025574,1511500000.0,,,,
EL,Consumer Staples,2010-12-31,3514100000.0,5981800000.0,1043100000.0,,541100000.0,1172500000.0,349300000.0,,,,-290200000.0,,1433200000.0,,866900000.0,1751400000.0,23800000.0,1950900000.0,343900000.0,517700000.0,219600000.0,1.0,290200000.0,3.5944176430048245,1762700000.0,,,,
EL,Consumer Staples,2016-09-30,4401000000.0,9348000000.0,664000000.0,85000000.0,596000000.0,1624000000.0,,106000000.0,,403000000.0,-150000000.0,,1851000000.0,,1296000000.0,2712000000.0,,2269000000.0,,418000000.0,446500000.0,1.0,150000000.0,4.426666666666667,1689000000.0,,,,
EL,Consumer Staples,2018-09-30,6249000000.0,12543000000.0,,128000000.0,823000000.0,2214000000.0,,132000000.0,,633000000.0,-119000000.0,,2049000000.0,,1681000000.0,3563000000.0,,2701000000.0,,652000000.0,208666666.66666666,1.0,119000000.0,,2686000000.0,,,,
EL,Consumer Staples,2019-09-30,7022000000.0,15431000000.0,,125000000.0,908000000.0,2294000000.0,,143000000.0,,760000000.0,-170000000.0,,2208000000.0,,2055000000.0,4590000000.0,,2987000000.0,,779000000.0,475000000.0,1.0,170000000.0,,2432000000.0,,,,
EL,Consumer Staples,2021-09-30,9486000000.0,21580000000.0,,205000000.0,1057000000.0,2265000000.0,,183000000.0,,897000000.0,-81000000.0,,2400000000.0,,2633000000.0,5319000000.0,,3335000000.0,,935000000.0,-23166666.666666668,0.0,81000000.0,,4167000000.0,,,,
EL,Consumer Staples,2022-09-30,8866000000.0,19989000000.0,,152000000.0,1023000000.0,2156000000.0,,178000000.0,,633000000.0,-650000000.0,,2246000000.0,,3018000000.0,5271000000.0,,2907000000.0,,661000000.0,-125166666.66666667,0.0,650000000.0,,3595000000.0,,,,
EL,Consumer Staples,2022-12-31,9367000000.0,20731000000.0,,,1219000000.0,1932000000.0,,,,532000000.0,-233500000.0,,2845000000.0,,3069000000.0,5655000000.0,,3401000000.0,,556000000.0,95500000.0,1.0,233500000.0,,3712000000.0,,,,
EL,Consumer Staples,2023-09-30,8585000000.0,22650000000.0,,295000000.0,1070000000.0,1909000000.0,,203000000.0,,46000000.0,-408000000.0,,2350000000.0,,2863000000.0,5914000000.0,,2448000000.0,,98000000.0,97500000.0,1.0,408000000.0,,2671000000.0,,,,
EL,Consumer Staples,2024-09-30,7215000000.0,21317000000.0,,141000000.0,928000000.0,1977000000.0,,208000000.0,,-180000000.0,-670000000.0,,2554000000.0,,2255000000.0,5486000000.0,,2433000000.0,-156000000.0,-121000000.0,-134833333.33333334,0.0,670000000.0,,1729000000.0,,,,
EL,Consumer Staples,2024-12-31,6896000000.0,19760000000.0,,,957000000.0,1611000000.0,,207000000.0,,-650000000.0,-348500000.0,,3627000000.0,,2002000000.0,5031000000.0,,3047000000.0,-590000000.0,-580000000.0,114000000.0,1.0,348500000.0,,1865000000.0,,,,
ELV,Health Care,2009-06-30,25001400000.0,49344300000.0,1724600000.0,,,,,,,,-488300000.0,,,15413200000.0,,14342300000.0,,,693500000.0,,611566666.6666666,1.0,488300000.0,3.5318451771451977,10659100000.0,,,,
ELV,Health Care,2010-03-31,27116500000.0,51180900000.0,3526200000.0,120200000.0,,,,,,,-322900000.0,,,15085700000.0,,14810500000.0,,,876800000.0,1286700000.0,135533333.33333334,1.0,322900000.0,10.92040879529266,12306000000.0,,0.08529269440596061,,
ELV,Health Care,2010-06-30,,,2027900000.0,,,,,,,,-66800000.0,,,14431300000.0,,,,,722400000.0,1058000000.0,648416666.6666666,1.0,66800000.0,30.357784431137723,,,0.0733128685565403,,
ELV,Health Care,2010-09-30,26939400000.0,51032400000.0,2246200000.0,,,,,,,,-641500000.0,,,14585250000.0,,14141500000.0,,,739100000.0,1039700000.0,1338850000.0,1.0,641500000.0,3.501480904130943,12797900000.0,,0.07128434548602183,,
ELV,Health Care,2020-09-30,45450000000.0,86574000000.0,3984000000.0,,2222000000.0,,,,,389000000.0,-1150000000.0,,,31158000000.0,,28561000000.0,,,222000000.0,201000000.0,4111875000.0,1.0,1150000000.0,3.4643478260869567,16889000000.0,,0.006450991719622569,,
ELV,Health Care,2021-12-31,51122000000.0,97459000000.0,4880000000.0,,,,,,22756000000.0,,-2324000000.0,,,,,34885000000.0,,,,,853000000.0,1.0,2324000000.0,2.099827882960413,16237000000.0,,,,0.23349305861952205
ELV,Health Care,2022-06-30,53655000000.0,100877000000.0,6456000000.0,,3069000000.0,,,,,2132500000.0,-2535000000.0,,,38632000000.0,,39308000000.0,,,1645000000.0,2356500000.0,3523625000.0,1.0,2535000000.0,2.5467455621301776,14347000000.0,,0.06099865396562435,,
ELV,Health Care,2022-12-31,55617000000.0,102755000000.0,7387000000.0,,,,,,23849000000.0,,-1518000000.0,,,,,39696000000.0,,,,,4433833333.333333,1.0,1518000000.0,4.866271409749671,15921000000.0,,,,0.23209576176341784
ELV,Health Care,2024-06-30,62274000000.0,112988000000.0,6497000000.0,,4820000000.0,,,0.0,,2986000000.0,-3091000000.0,,,43886000000.0,,41813000000.0,,,2300000000.0,2765000000.0,554333333.3333334,1.0,3091000000.0,2.1019087673891943,20461000000.0,,0.06300414710841726,,
EME,Industrials,2010-03-31,,,600561000.0,,1047096000.0,,,,,,-73066000.0,,,,,,,165116000.0,21817000.0,42319000.0,-67342166.66666667,0.0,73066000.0,8.219431746640025,,,,,
EME,Industrials,2010-06-30,1859362000.0,2816359000.0,599941000.0,,1099250000.0,1050509000.0,333810000.0,,,,-213324000.0,,,,,1150297000.0,,176399000.0,27141000.0,34948000.0,10610000.0,1.0,213324000.0,2.8123464776583975,709065000.0,,,,
EME,Industrials,2011-03-31,1941871000.0,2750013000.0,631984000.0,,1128897500.0,1103195000.0,392524000.0,,,,-35743500.0,,,,,1187454000.0,,159839500.0,24594000.0,42087500.0,13472333.333333334,1.0,35743500.0,17.681088869304908,754417000.0,,,,
EME,Industrials,2012-03-31,1861627000.0,2944231000.0,438655000.0,,1357828000.0,1175629000.0,445142000.0,,,,-33129000.0,,,,,1232499000.0,,180693000.0,27145000.0,46189000.0,-27307500.0,0.0,33129000.0,13.240816203326391,629128000.0,,,,
EME,Industrials,2012-06-30,1886878000.0,2960729000.0,434272000.0,,1396071000.0,1194191000.0,467777000.0,,,,-40413500.0,,,1590035000.0,,1229897000.0,,193964000.0,33448000.0,56289000.0,-38411833.333333336,0.0,40413500.0,10.745716159204227,656981000.0,0.12198725185294663,0.03540110752279038,,
EME,Industrials,2013-03-31,1962193000.0,3014716000.0,499102000.0,,1377263000.0,1253264000.0,457769000.0,,,,-95102000.0,,,1568401000.0,,1175912000.0,,191138000.0,30167000.0,51265000.0,7405166.666666667,1.0,95102000.0,5.248070492734117,786281000.0,0.12186806817899248,0.03268615615521796,,
EME,Industrials,2013-06-30,2058697000.0,3105336000.0,530385000.0,,1375218000.0,1293160000.0,488414000.0,,,,-73726500.0,,,1556753000.0,,1251625000.0,,181535000.0,21014000.0,36099000.0,33852833.333333336,1.0,73726500.0,7.193953327500966,807072000.0,0.11661130571131066,0.02318864970872065,,
EME,Industrials,2014-03-31,1881180000.0,3407516000.0,406668000.0,,1379255000.0,1251473000.0,426799000.0,,,,-24316000.0,,,1594962000.0,,1202414000.0,,215707000.0,41261000.0,70749000.0,19049833.333333332,1.0,24316000.0,16.724296759335417,678766000.0,0.13524272051622546,0.04435779661208229,,
EME,Industrials,2015-03-31,1827293000.0,3315582000.0,368894000.0,,1372258000.0,1230581000.0,410566000.0,,,,-17821000.0,,,1589187000.0,,1212878000.0,,216929000.0,32849000.0,55330000.0,1307666.6666666667,1.0,17821000.0,20.69996072049829,614415000.0,0.13650313021689706,0.03481654456020594,,
EME,Industrials,2015-06-30,1937734000.0,3417786000.0,360849000.0,,1413058000.0,1309095000.0,428424000.0,,,,-60563000.0,,,1652585000.0,,1273965000.0,,239527000.0,46849000.0,77703000.0,21493500.0,1.0,60563000.0,5.958241830820798,663769000.0,0.14494080486026437,0.04701906407234726,,
EME,Industrials,2016-03-31,1980927000.0,3449659000.0,392364000.0,,1521862000.0,1352416000.0,439782000.0,,,,-37161000.0,,,1744970000.0,,1319752000.0,,223108000.0,34348000.0,55615000.0,25532000.0,1.0,37161000.0,10.558488738193267,661175000.0,0.12785778552066798,0.03187160810787578,,
EME,Industrials,2016-06-30,2141908000.0,3800366000.0,443019000.0,,1658675000.0,1448323000.0,450646000.0,,,,-5500.0,,,1933416000.0,,1392661000.0,,274741000.0,55380000.0,92289000.0,38305166.666666664,1.0,1179870.0,469.25,749247000.0,0.1421013377359037,0.0477336486301965,,
EME,Industrials,2017-03-31,2041792000.0,3805162000.0,302754000.0,,1625392000.0,1508471000.0,466962000.0,,,,-4537500.0,,,1891732000.0,,1472860000.0,,266340000.0,52640000.0,82774000.0,38251500.0,1.0,4537500.0,66.72264462809918,568932000.0,0.14079161318833747,0.04375566940771737,,
EME,Industrials,2018-03-31,2169777000.0,3841999000.0,352443000.0,,1631269000.0,1572919000.0,487333000.0,,,,-59087000.0,,,1900388000.0,,1512297000.0,,269119000.0,55374000.0,78372500.0,-36901500.0,0.0,59087000.0,5.964814595427082,657480000.0,0.1416126601515059,0.04124026251481276,,
EME,Industrials,2018-06-30,2190223000.0,3869401000.0,306624000.0,,1663042000.0,1635289000.0,505379000.0,,,,-151811500.0,,,1953886000.0,,1504930000.0,,290844000.0,70816000.0,99656000.0,-11345666.666666666,0.0,151811500.0,2.0197679358941847,685293000.0,0.1488541296677493,0.051003999209779896,,
EME,Industrials,2019-03-31,2313861000.0,4278324000.0,252031000.0,,1849974000.0,1797479000.0,577883000.0,,,99893000.0,-57435000.0,,,2158728000.0,,1673183000.0,,308754000.0,72410000.0,102310000.0,21720666.666666668,1.0,57435000.0,4.388108296334988,640678000.0,0.14302589302589303,0.04739365033482681,,
EME,Industrials,2019-06-30,2420635000.0,4393578000.0,213374000.0,,1977822000.0,1946811000.0,579461000.0,,,117128000.0,-75144000.0,,,2324202000.0,,1704566000.0,,346380000.0,83972000.0,119959000.0,109529500.0,1.0,75144000.0,2.8395347599276057,716069000.0,0.14903179671990643,0.05161298372516675,,
EME,Industrials,2020-03-31,2685388000.0,4835547000.0,347092000.0,,1966771000.0,2055483000.0,592576000.0,,,104249000.0,-78813000.0,,,2299832000.0,,1786382000.0,,333061000.0,75665000.0,105995000.0,123128166.66666667,1.0,78813000.0,4.403994264905536,899006000.0,0.14481970857001727,0.04608814904740868,,
EME,Industrials,2021-03-31,3105631000.0,5061189000.0,758833000.0,,1962976000.0,2037525000.0,624884000.0,,,116549000.0,-88989000.0,,,2304049000.0,,2093407000.0,,341073000.0,84774000.0,117004000.0,-85096666.66666667,0.0,88989000.0,8.527267415073773,1012224000.0,0.14803200799982985,0.05078190611397587,,
EME,Industrials,2021-06-30,3113354000.0,5133170000.0,668908000.0,,2061387000.0,2102735000.0,635803000.0,,,132964000.0,-280389000.0,,,2437666000.0,,2143110000.0,,376279000.0,97350000.0,133358000.0,-16907500.0,0.0,280389000.0,2.3856428033910033,970244000.0,0.15436035945859686,0.05470724865506595,,
EME,Industrials,2022-03-31,3216405000.0,5231154000.0,514513000.0,,2239994000.0,2303449000.0,719792000.0,,,99837000.0,-95814000.0,,,2592549000.0,,2296570000.0,,352555000.0,73386000.0,99957000.0,32266833.333333332,1.0,95814000.0,5.369914626255036,919835000.0,0.1359877865374965,0.03855549114018674,,
EME,Industrials,2022-06-30,3125540000.0,5146444000.0,262370000.0,,2324380000.0,2439594000.0,722924000.0,,,136987000.0,-75821500.0,,,2707388000.0,,2402935000.0,,383008000.0,100664000.0,137644000.0,89459000.0,1.0,75821500.0,3.460364144734673,722605000.0,0.14146771722412893,0.05084014555726774,,
EME,Industrials,2023-03-31,3562420000.0,5640910000.0,420075000.0,,2454370000.0,2669356000.0,724104000.0,,,152804000.0,-84583000.0,,,2890432000.0,,2661391000.0,,436062000.0,111473000.0,154910000.0,162994666.66666666,1.0,84583000.0,4.966423512999066,901029000.0,0.15086395390031662,0.053594064831831364,,
EMR,Industrials,2012-03-31,9544000000.0,24134000000.0,2153000000.0,,3583000000.0,4319000000.0,2419000000.0,,,875000000.0,-93000000.0,,,,2402000000.0,6925000000.0,,,545000000.0,,584500000.0,1.0,93000000.0,23.150537634408604,2619000000.0,,,,
EMR,Industrials,2015-03-31,10344000000.0,22968000000.0,3256000000.0,,3234000000.0,4299000000.0,2407000000.0,,,1604000000.0,-213000000.0,,,,2107000000.0,8770000000.0,,,973000000.0,,492666666.6666667,1.0,213000000.0,15.286384976525822,1574000000.0,,,,
EMR,Industrials,2017-03-31,9446000000.0,17277000000.0,5039000000.0,,2017000000.0,2479000000.0,1368000000.0,,,565000000.0,-552000000.0,,,,1331000000.0,3771000000.0,,,292000000.0,,503333333.3333333,1.0,552000000.0,9.128623188405797,5675000000.0,,,,
EMR,Industrials,2019-03-31,7152000000.0,21071000000.0,1384000000.0,,2645000000.0,2911000000.0,1730000000.0,204000000.0,,675000000.0,-78000000.0,,,,2073000000.0,6714000000.0,,,520000000.0,,493666666.6666667,1.0,78000000.0,17.743589743589745,438000000.0,,,,
EMR,Industrials,2022-03-31,13539000000.0,29497000000.0,,,2327000000.0,2958000000.0,2049000000.0,196000000.0,,660000000.0,-395000000.0,,,,2399000000.0,8072000000.0,,,674000000.0,,263833333.33333334,1.0,395000000.0,,5467000000.0,,,,
EMR,Industrials,2023-03-31,8985000000.0,36147000000.0,,,1955000000.0,2330000000.0,1207000000.0,263000000.0,,639000000.0,-366500000.0,,,,2034000000.0,7549000000.0,,,792000000.0,,575666666.6666666,1.0,366500000.0,,1436000000.0,,,,
EPAM,Information Technology,2012-03-31,223105000.0,274610000.0,112736000.0,3324000.0,,54235000.0,4060000.0,,,,-4745000.0,,,,,47109000.0,,,12099000.0,13784000.0,-4358333.333333333,0.0,4745000.0,23.75890410958904,175996000.0,,,,
EPAM,Information Technology,2012-06-30,224772000.0,287994000.0,104930000.0,,,68186000.0,4345000.0,,,,-12448000.0,,,103800000.0,,43901000.0,,,13321000.0,16830000.0,-3592333.3333333335,0.0,12448000.0,8.429466580976865,180871000.0,,0.1621387283236994,,
EPAM,Information Technology,2013-03-31,255397000.0,356746000.0,102806000.0,2887000.0,,75665000.0,9728000.0,3617000.0,,,-11738000.0,,,124198000.0,,48367000.0,,,12680000.0,15536000.0,7204333.333333333,1.0,11738000.0,8.758391548815812,207030000.0,,0.12509058116877889,,
EPAM,Information Technology,2013-06-30,273469000.0,374517000.0,107475000.0,,,82817000.0,8376000.0,,,,-10150000.0,,,133184000.0,,47340000.0,,,14118000.0,17535000.0,19630833.333333332,1.0,10150000.0,10.588669950738916,226129000.0,,0.13165995915425277,,
EPAM,Information Technology,2015-06-30,456966000.0,636493000.0,175717000.0,,,134941000.0,11993000.0,,,,-19050500.0,,,217781000.0,,90001000.0,12253000.0,,19231000.0,23606000.0,27819333.333333332,1.0,19050500.0,9.22374740820451,366965000.0,,0.1083932941808514,,
EPAM,Information Technology,2019-03-31,1244747000.0,1831435000.0,762529000.0,13424000.0,,307202000.0,4397000.0,10200000.0,,,-202000.0,,,,,282566000.0,21856000.0,,60754000.0,64658000.0,47192333.333333336,1.0,1179870.0,469.25,962181000.0,,,,
EPAM,Information Technology,2019-06-30,1285823000.0,1931451000.0,777365000.0,,,343864000.0,6043000.0,,,,-40717000.0,,,,,272614000.0,15697000.0,,58777000.0,72882000.0,103424000.0,1.0,40717000.0,19.09190264508682,1013209000.0,,,,
EPAM,Information Technology,2021-06-30,2038018000.0,2961615000.0,1283233000.0,,,,9712000.0,,,123161000.0,-110824500.0,,,,,522948000.0,23898000.0,,114671000.0,125274000.0,12004166.666666666,1.0,110824500.0,11.578964940062892,1515070000.0,,,,
EPAM,Information Technology,2022-03-31,2266753000.0,3507570000.0,1276461000.0,23274000.0,,,19406000.0,,,106292000.0,-51848000.0,,,,,683252000.0,7112000.0,,89719000.0,129242000.0,73837500.0,1.0,51848000.0,24.61929100447462,1583501000.0,,,,
EPAM,Information Technology,2022-06-30,2359678000.0,3563964000.0,1293518000.0,,,,22488000.0,,,8658000.0,-118189500.0,,,,,684703000.0,27893000.0,,18604000.0,93020000.0,125690166.66666667,1.0,118189500.0,10.944440919032571,1674975000.0,,,,
EPAM,Information Technology,2024-06-30,2915643000.0,4223329000.0,1787182000.0,,,,30954000.0,,,133810000.0,-8685500.0,,,,,602458000.0,35684000.0,,98645000.0,120561000.0,-28475000.0,0.0,8685500.0,205.76616199412814,2313185000.0,,,,
ETN,Industrials,2012-03-31,,,367000000.0,105000000.0,,,,140000000.0,,,-98000000.0,105000000.0,,,,,,,,544000000.0,257998718.33333334,1.0,98000000.0,3.7448979591836733,,,,,
ETN,Industrials,2014-06-30,8838000000.0,35258000000.0,631000000.0,,,,2044000000.0,,9031000000.0,,-61500000.0,168000000.0,,,2534000000.0,5543000000.0,,,171000000.0,,185000000.0,1.0,61500000.0,10.260162601626016,3295000000.0,,,,0.2561404503942368
ETN,Industrials,2018-06-30,7913000000.0,31865000000.0,256000000.0,,,,2192000000.0,,,694000000.0,-55500000.0,145000000.0,,,2753000000.0,5387000000.0,,,610000000.0,,687666666.6666666,1.0,55500000.0,4.612612612612613,2526000000.0,,,,
ETN,Industrials,2020-06-30,8213000000.0,30348000000.0,292000000.0,,,,1620000000.0,,,47000000.0,-177000000.0,126000000.0,,,2138000000.0,5489000000.0,,,51000000.0,,359166666.6666667,1.0,177000000.0,1.6497175141242937,2724000000.0,,,,
ETN,Industrials,2021-06-30,9789000000.0,36804000000.0,279000000.0,,,,2484000000.0,,8729000000.0,620000000.0,-103500000.0,154000000.0,,,2668000000.0,8906000000.0,,,506000000.0,,70333333.33333333,1.0,103500000.0,2.6956521739130435,883000000.0,,,,0.23717530703184436
ETN,Industrials,2022-06-30,8687000000.0,35153000000.0,364000000.0,,,,3013000000.0,,8307000000.0,720000000.0,-302000000.0,168000000.0,,,3445000000.0,8974000000.0,,,601000000.0,,603833333.3333334,1.0,302000000.0,1.205298013245033,-287000000.0,,,,0.236309845532387
EW,Health Care,2018-06-30,2696000000.0,5686100000.0,1226400000.0,,246200000.0,431400000.0,124600000.0,,,,-26900000.0,154100000.0,,,568100000.0,1183200000.0,19200000.0,697500000.0,,252100000.0,123200000.0,1.0,26900000.0,45.5910780669145,1512800000.0,,,,
EW,Health Care,2022-06-30,3263100000.0,8425100000.0,1198100000.0,,269400000.0,636400000.0,162500000.0,,,464700000.0,-53750000.0,250800000.0,,,740000000.0,969100000.0,36200000.0,1104500000.0,406400000.0,459500000.0,168000000.0,1.0,53750000.0,22.290232558139536,2294000000.0,,,,
EW,Health Care,2023-06-30,3647000000.0,9004000000.0,1042600000.0,,299950000.0,754400000.0,193000000.0,,,306800000.0,-120000000.0,257000000.0,,,980200000.0,1157200000.0,35550000.0,1112900000.0,307100000.0,295350000.0,98800000.0,1.0,120000000.0,8.688333333333333,2489800000.0,,,,
EW,Health Care,2024-03-31,4170500000.0,9736300000.0,1224600000.0,65300000.0,336250000.0,817600000.0,212300000.0,38500000.0,,390300000.0,-53500000.0,270950000.0,,,1207300000.0,1110800000.0,41800000.0,1127800000.0,351900000.0,368250000.0,190200000.0,1.0,53500000.0,22.889719626168223,3059700000.0,,,,
EW,Health Care,2024-06-30,4516000000.0,10099300000.0,1644500000.0,,280400000.0,778300000.0,185900000.0,,,385300000.0,-61600000.0,272200000.0,,,1024700000.0,1217000000.0,37400000.0,1097250000.0,366300000.0,367800000.0,177666666.66666666,1.0,61600000.0,26.696428571428573,3299000000.0,,,,
EXPE,Consumer Discretionary,2009-09-30,,,838579000.0,,,,,,,,-24218000.0,,,,,,,,117014000.0,222974000.0,382359333.3333333,1.0,24218000.0,34.626269716739614,,,,,
EXPE,Consumer Discretionary,2018-09-30,6172000000.0,19141000000.0,2920000000.0,,,2294000000.0,,,3727000000.0,612000000.0,-98500000.0,,,,,8763000000.0,,,525000000.0,672000000.0,1171666666.6666667,1.0,98500000.0,29.64467005076142,-2591000000.0,,,,0.19471291991014053
EXPE,Consumer Discretionary,2019-09-30,7969000000.0,21381000000.0,3797000000.0,,,2684000000.0,,228000000.0,4919000000.0,561000000.0,-861000000.0,,,,,10582000000.0,,,409000000.0,609000000.0,-1815333333.3333333,0.0,861000000.0,4.409988385598142,-2613000000.0,,,,0.23006407558112343
EXPE,Consumer Discretionary,2020-03-31,7652000000.0,20417000000.0,3905000000.0,287000000.0,,1423000000.0,,229000000.0,4930000000.0,-1479000000.0,-784000000.0,,,,,9608000000.0,,,-1301000000.0,-1294000000.0,-830666666.6666666,0.0,784000000.0,4.980867346938775,-1956000000.0,,,,0.2414654454621149
EXPE,Consumer Discretionary,2020-06-30,8944000000.0,21905000000.0,5053000000.0,,,1002000000.0,,232000000.0,7653000000.0,-953000000.0,-3843000000.0,,,,,7872000000.0,,,-736000000.0,-849000000.0,2586500000.0,1.0,3843000000.0,1.3148581837106428,1072000000.0,,,,0.3493722894316366
EXPE,Consumer Discretionary,2020-09-30,6735000000.0,19679000000.0,4353000000.0,,,839000000.0,,220000000.0,8176000000.0,-224000000.0,-819000000.0,,,,,5636000000.0,,,-192000000.0,-113000000.0,2452500000.0,1.0,819000000.0,5.315018315018315,1099000000.0,,,,0.4154682656639057
EXPE,Consumer Discretionary,2021-09-30,9043000000.0,21944000000.0,5031000000.0,,,1485000000.0,,201000000.0,8465000000.0,465000000.0,-1221000000.0,,,,,9751000000.0,,,376000000.0,524000000.0,1627166666.6666667,1.0,1221000000.0,4.12039312039312,-708000000.0,,,,0.3857546481954065
EXPE,Consumer Discretionary,2022-09-30,9270000000.0,21879000000.0,4588000000.0,,,1991000000.0,,199000000.0,6237000000.0,690000000.0,-997000000.0,,,,,11119000000.0,,,482000000.0,747000000.0,1424666666.6666667,1.0,997000000.0,4.601805416248746,-1849000000.0,,,,0.2850678733031674
EXPE,Consumer Discretionary,2023-09-30,10094000000.0,22522000000.0,5056000000.0,,,2753000000.0,,208000000.0,6250000000.0,444000000.0,-1375000000.0,,,,,12560000000.0,,,425000000.0,607000000.0,1434000000.0,1.0,1375000000.0,3.677090909090909,-2466000000.0,,,,0.27750643814936504
EXPE,Consumer Discretionary,2024-09-30,10832000000.0,23405000000.0,4722000000.0,,,3764000000.0,,211000000.0,6263000000.0,874000000.0,-1493000000.0,,,,,14787000000.0,,,684000000.0,762000000.0,1213666666.6666667,1.0,1493000000.0,3.162759544541192,-3955000000.0,,,,0.26759239478743857
F,Consumer Discretionary,2020-03-31,124276000000.0,264150000000.0,25971000000.0,,30522000000.0,6625000000.0,,,,-1146000000.0,-473000000.0,,,34320000000.0,11312000000.0,94494000000.0,,,,-1558000000.0,5617500000.0,1.0,473000000.0,54.906976744186046,24848959999.999943,,-0.045396270396270394,,
F,Consumer Discretionary,2021-06-30,101275000000.0,248532000000.0,22955000000.0,,22904000000.0,8750000000.0,,,,735000000.0,-4617000000.0,,,26752000000.0,13593000000.0,83474000000.0,,,,-22000000.0,553000000.0,1.0,4558205000.000002,4.971843188217457,17801000000.0,,-0.0008223684210526315,,
F,Consumer Discretionary,2022-03-31,106142000000.0,252986000000.0,21013000000.0,,29036000000.0,13031000000.0,,,,-3848000000.0,-1084000000.0,,,34476000000.0,14647000000.0,90352000000.0,,,-3110000000.0,1343000000.0,782333333.3333334,1.0,1084000000.0,19.384686346863468,15790000000.0,,0.03895463510848126,,
F,Consumer Discretionary,2022-06-30,100469000000.0,245755000000.0,19516000000.0,,33191000000.0,15037000000.0,,,,791000000.0,-4265000000.0,,,40190000000.0,13976000000.0,86452000000.0,,,667000000.0,2868000000.0,3869833333.3333335,1.0,4265000000.0,4.575849941383352,14017000000.0,,0.07136103508335406,,
FAST,Industrials,2010-06-30,1088486000.0,1441855000.0,196392000.0,,273525000.0,280823000.0,71435000.0,,,,-7065000.0,,,,522214000.0,166164000.0,,297658000.0,69167000.0,111836000.0,46393500.0,1.0,7065000.0,27.79787685774947,922322000.0,,,,
FCX,Materials,2009-03-31,5400000000.0,23708000000.0,644000000.0,,,880000000.0,,,,,-258000000.0,,,,,2648000000.0,,,207000000.0,672000000.0,1027833333.3333334,1.0,258000000.0,2.496124031007752,2752000000.0,,,,
FCX,Materials,2009-06-30,6336000000.0,24624000000.0,1319000000.0,,,1329000000.0,,,,,-688500000.0,,,,,2989000000.0,,,,1508000000.0,1743000000.0,1.0,688500000.0,1.915758896151053,3347000000.0,,,,
FCX,Materials,2012-06-30,10176000000.0,33689000000.0,4508000000.0,,,1052000000.0,,,,,-954000000.0,,,,,2942000000.0,,,,1311000000.0,655833333.3333334,1.0,954000000.0,4.7253668763102725,7234000000.0,,,,
FCX,Materials,2015-06-30,8697000000.0,54008000000.0,392000000.0,,,949000000.0,,,,,-470500000.0,,,,,4739000000.0,,,,-2397500000.0,624000000.0,1.0,470500000.0,0.8331562167906482,3958000000.0,,,,
FCX,Materials,2019-06-30,8730000000.0,41086000000.0,2623000000.0,,,725000000.0,,,,,-874500000.0,,,3546000000.0,,3286000000.0,,,,33000000.0,-5666666.666666667,0.0,874500000.0,2.9994282447112637,5444000000.0,,0.009306260575296108,,
FCX,Materials,2020-03-31,7357000000.0,40219000000.0,1602000000.0,,,515000000.0,,341000000.0,,,-38000000.0,,,2798000000.0,,3143000000.0,,,,-473000000.0,703000000.0,1.0,38000000.0,42.1578947368421,4214000000.0,,-0.1690493209435311,,
FCX,Materials,2020-06-30,7155000000.0,40230000000.0,1465000000.0,,,717000000.0,,,,,-203000000.0,,,3054000000.0,,2906000000.0,,,,321000000.0,1645666666.6666667,1.0,203000000.0,7.216748768472907,4249000000.0,,0.10510805500982318,,
FDX,Industrials,2018-02-28,13575000000.0,51851000000.0,2789000000.0,,3935000000.0,,3102000000.0,786000000.0,16700000000.0,,-336000000.0,,,16526000000.0,,9503000000.0,,,2074000000.0,929500000.0,1147666666.6666667,1.0,336000000.0,8.300595238095237,4072000000.0,,0.05624470531284037,,0.3220767198318258
FDX,Industrials,2022-11-30,18217000000.0,85591000000.0,4646000000.0,,,,3989000000.0,1046000000.0,,1059000000.0,-40000000.0,,,,,14039000000.0,40000000.0,,788000000.0,1176000000.0,1936500000.0,1.0,40000000.0,116.15,4178000000.0,,,,
FDX,Industrials,2024-11-30,17721000000.0,85481000000.0,5029000000.0,,,,3896000000.0,1063000000.0,,981000000.0,-302000000.0,,,,,14392000000.0,36000000.0,,741000000.0,1052000000.0,959333333.3333334,1.0,302000000.0,16.6523178807947,3329000000.0,,,,
FFIV,Information Technology,2022-03-31,1734831000.0,5077173000.0,586543000.0,,126359000.0,414218000.0,69131000.0,,,72713000.0,-7196500.0,135838000.0,433218000.0,,27883000.0,1773229000.0,,507865000.0,56236000.0,74647000.0,127816000.0,1.0,7196500.0,81.50392551934968,-38398000.0,,,,
FICO,Information Technology,2010-06-30,371812000.0,1162397000.0,112612000.0,,45316000.0,107804000.0,8520000.0,,,,-13130500.0,19176000.0,,,,128634000.0,,,17938000.0,31077000.0,31973500.0,1.0,13130500.0,8.576367998172195,243178000.0,,,,
FICO,Information Technology,2012-03-31,315298000.0,1080591000.0,146036000.0,,,107436000.0,11198000.0,,,,-21577000.0,13986000.0,,,,142245000.0,,,20012000.0,38196000.0,22932000.0,1.0,21577000.0,6.768132733929647,173053000.0,,,,
FICO,Information Technology,2023-03-31,521326000.0,1502431000.0,137771000.0,,,338239000.0,13915000.0,,1817663000.0,137469000.0,-68000.0,40266000.0,,,,373278000.0,,,101550000.0,159761000.0,95154666.66666667,1.0,1179870.0,469.25,148048000.0,,,,0.8710363795763403
FIX,Industrials,2010-06-30,,,107602000.0,860000.0,207623000.0,,,,,,-4968500.0,,,,,,,41965000.0,,2376000.0,-9837500.0,0.0,4968500.0,21.65683807990339,,,,,
FIX,Industrials,2010-09-30,,,44661000.0,2021000.0,257339000.0,,,,,,-3772000.0,,,,,,,50309000.0,,8453000.0,-8087500.0,0.0,3772000.0,11.840137857900318,,,,,
FIX,Industrials,2011-03-31,,,63636000.0,2360000.0,247850000.0,,,,,,-19066000.0,,,,,,,34209000.0,,-8328000.0,-8337500.0,0.0,19066000.0,3.3376691492709534,,,,,
FIX,Industrials,2011-06-30,385900000.0,621544000.0,50101000.0,1544000.0,264638000.0,255286000.0,98202000.0,,,,-6674500.0,,,,10062000.0,258065000.0,,47510000.0,,5601000.0,-7151000.0,0.0,6674500.0,7.506330062176942,127835000.0,,,,
FIX,Industrials,2012-03-31,373525000.0,576058000.0,27873000.0,2094000.0,285318500.0,265941000.0,105801000.0,,,,-19816000.0,,,,10699000.0,266241000.0,,42837500.0,,-3203000.0,996333.3333333334,1.0,19816000.0,1.4065906338312475,107284000.0,,,,
FIX,Industrials,2012-06-30,390241000.0,604621000.0,28811000.0,4494000.0,299657000.0,285333000.0,109833000.0,,29281000.0,,-3115000.0,,,,10465000.0,275846000.0,,54304000.0,,7551000.0,2256833.3333333335,1.0,3115000.0,9.249117174959872,114395000.0,,,,0.04842868507709788
FIX,Industrials,2013-03-31,377233000.0,583608000.0,25435000.0,3208000.0,274423000.0,271499000.0,100565000.0,,7400000.0,,-10351000.0,,,,9601000.0,270223000.0,,51467000.0,,5086000.0,6438500.0,1.0,10351000.0,2.4572505071973723,107010000.0,,,,0.01664324785442564
FIX,Industrials,2014-03-31,384172000.0,588844000.0,40650000.0,3882000.0,269232000.0,263165000.0,96779000.0,,9000000.0,,-8784000.0,,,,8893000.0,251088000.0,,52149000.0,,1897000.0,18781166.666666668,1.0,8784000.0,4.627732240437158,133084000.0,,,,0.01664324785442564
FIX,Industrials,2016-06-30,434539000.0,729013000.0,38282000.0,,338112000.0,335280000.0,116101000.0,,,,-870500.0,,,,9953000.0,326597000.0,,89426000.0,17717000.0,28615000.0,6563000.0,1.0,1179870.0,43.97702469844917,107942000.0,,,,
FIX,Industrials,2017-06-30,497169000.0,893155000.0,34465000.0,,369673000.0,391536000.0,124326000.0,,,,-3697000.0,,,465411000.0,10571000.0,375416000.0,,95738000.0,17972000.0,29265000.0,17678333.333333332,1.0,3697000.0,9.322423586691912,121753000.0,0.20570635416868102,0.06287990614746966,,
FIX,Industrials,2019-06-30,726582000.0,1444596000.0,36787000.0,,,,165119000.0,,284667000.0,,-7401000.0,,,650302000.0,12734000.0,527050000.0,,120016000.0,24173000.0,35702000.0,69654500.0,1.0,7401000.0,4.970544521010674,199532000.0,0.1845542532546417,0.05490064616132197,,0.19705647807414667
FOX,Communication Services,2017-12-31,,,56000000.0,,,,,,,312000000.0,-35000000.0,,,3108000000.0,,,15000000.0,,,,236833333.33333334,1.0,35000000.0,1.6,,,,,
FOX,Communication Services,2018-12-31,5877000000.0,13466000000.0,1951000000.0,,,2438000000.0,,,,31000000.0,-356500000.0,,,3583000000.0,1422000000.0,1241000000.0,12000000.0,,,,240666666.66666666,1.0,356500000.0,5.4726507713884995,4636000000.0,,,,
FOX,Communication Services,2019-12-31,6398000000.0,20450000000.0,,,,2733000000.0,,,6753000000.0,419000000.0,-1068000000.0,,,3778000000.0,1544000000.0,1816000000.0,42000000.0,,,,477500000.0,1.0,1068000000.0,,4582000000.0,,,,0.3302200488997555
FOX,Communication Services,2020-12-31,8440000000.0,22754000000.0,,,,2776000000.0,,,7949000000.0,304000000.0,-435500000.0,,,4087000000.0,1020000000.0,2213000000.0,44000000.0,,,,23000000.0,1.0,435500000.0,,6227000000.0,,,,0.34934517007998594
FOX,Communication Services,2021-12-31,8514000000.0,22878000000.0,,,,2952000000.0,,,7954000000.0,-95000000.0,-1589000000.0,,,,1148000000.0,2870000000.0,32000000.0,,,,380166666.6666667,1.0,1589000000.0,,5644000000.0,,,,0.34767025089605735
FOX,Communication Services,2022-12-31,8571000000.0,23126000000.0,,,,3004000000.0,,,7208000000.0,437000000.0,-736500000.0,,,,1300000000.0,2543000000.0,25000000.0,,,,126833333.33333333,1.0,736500000.0,,6028000000.0,,,,0.3116838190780939
FOX,Communication Services,2023-12-31,8501000000.0,22846000000.0,,,,3001000000.0,,,8445000000.0,131000000.0,-1188500000.0,,,,1038000000.0,3707000000.0,24000000.0,,,,319833333.3333333,1.0,1188500000.0,,4794000000.0,,,,0.3696489538650092
FOX,Communication Services,2024-12-31,8237000000.0,23022000000.0,,,,3492000000.0,,,7200000000.0,515000000.0,-674500000.0,,,,1171000000.0,3297000000.0,34000000.0,,,,430000000.0,1.0,674500000.0,,4940000000.0,,,,0.3127443315089914
FOXA,Communication Services,2017-12-31,,,56000000.0,,,,,,,312000000.0,-35000000.0,,,3108000000.0,,,15000000.0,,,,236833333.33333334,1.0,35000000.0,1.6,,,,,
FOXA,Communication Services,2018-12-31,5877000000.0,13466000000.0,1951000000.0,,,2438000000.0,,,,31000000.0,-356500000.0,,,3583000000.0,1422000000.0,1241000000.0,12000000.0,,,,240666666.66666666,1.0,356500000.0,5.4726507713884995,4636000000.0,,,,
FOXA,Communication Services,2019-12-31,6398000000.0,20450000000.0,,,,2733000000.0,,,6753000000.0,419000000.0,-1068000000.0,,,3778000000.0,1544000000.0,1816000000.0,42000000.0,,,,477500000.0,1.0,1068000000.0,,4582000000.0,,,,0.3302200488997555
FOXA,Communication Services,2020-12-31,8440000000.0,22754000000.0,,,,2776000000.0,,,7949000000.0,304000000.0,-435500000.0,,,4087000000.0,1020000000.0,2213000000.0,44000000.0,,,,23000000.0,1.0,435500000.0,,6227000000.0,,,,0.34934517007998594
FOXA,Communication Services,2021-12-31,8514000000.0,22878000000.0,,,,2952000000.0,,,7954000000.0,-95000000.0,-1589000000.0,,,,1148000000.0,2870000000.0,32000000.0,,,,380166666.6666667,1.0,1589000000.0,,5644000000.0,,,,0.34767025089605735
FOXA,Communication Services,2022-12-31,8571000000.0,23126000000.0,,,,3004000000.0,,,7208000000.0,437000000.0,-736500000.0,,,,1300000000.0,2543000000.0,25000000.0,,,,126833333.33333333,1.0,736500000.0,,6028000000.0,,,,0.3116838190780939
FOXA,Communication Services,2023-12-31,8501000000.0,22846000000.0,,,,3001000000.0,,,8445000000.0,131000000.0,-1188500000.0,,,,1038000000.0,3707000000.0,24000000.0,,,,319833333.3333333,1.0,1188500000.0,,4794000000.0,,,,0.3696489538650092
FOXA,Communication Services,2024-12-31,8237000000.0,23022000000.0,,,,3492000000.0,,,7200000000.0,515000000.0,-674500000.0,,,,1171000000.0,3297000000.0,34000000.0,,,,430000000.0,1.0,674500000.0,,4940000000.0,,,,0.3127443315089914
FSLR,Information Technology,2009-06-27,1244487000.0,2910179000.0,429160000.0,,,351266000.0,55631000.0,,,,-45361000.0,18605000.0,94055000.0,,162501000.0,366128000.0,,298096000.0,180579000.0,204041000.0,61675166.666666664,1.0,45361000.0,9.460990718899495,878359000.0,,,,
FSLR,Information Technology,2010-06-26,1615870000.0,3631315000.0,510482000.0,,,256344000.0,68268000.0,,138633000.0,,-23097500.0,22836000.0,103721000.0,,194308000.0,325219000.0,,284194000.0,159043000.0,180473000.0,-73469833.33333333,0.0,23097500.0,22.10117978136162,1290651000.0,,,,0.038177079102198516
FSLR,Information Technology,2011-03-31,1394255000.0,4433981000.0,355725000.0,168990000.0,,362695000.0,99398000.0,48269000.0,131700000.0,,-43813000.0,31351000.0,130282000.0,,271215000.0,469889000.0,25567000.0,259665000.0,115968000.0,129383000.0,-79390500.0,0.0,43813000.0,8.119165544473102,924366000.0,,,,0.029702427682933238
FSLR,Information Technology,2011-06-30,1836231000.0,4939232000.0,357477000.0,,,541977000.0,189875000.0,,360826000.0,,-424673500.0,33102000.0,130268000.0,,322995000.0,591869000.0,31271000.0,194798000.0,61138000.0,64530000.0,206978500.0,1.0,424673500.0,0.8417690296192252,1244362000.0,,,,0.07305305764134991
FSLR,Information Technology,2012-03-31,2900403000.0,5773512000.0,610480000.0,124490000.0,,315915000.0,218216000.0,73164000.0,864308000.0,,-16136000.0,36084000.0,533027000.0,,582607000.0,1171033000.0,23594000.0,76745000.0,-449416000.0,-456282000.0,174401166.66666666,1.0,16136000.0,37.83341596430342,1729370000.0,,,,0.14970229558715734
FSLR,Information Technology,2014-03-31,3036037000.0,6376353000.0,975194000.0,50813000.0,,233761000.0,186278000.0,60915000.0,198885000.0,,-318176000.0,38773000.0,97437000.0,,387050000.0,997934000.0,13298000.0,236711000.0,112007000.0,139274000.0,-333411000.0,0.0,318176000.0,3.064951473398371,2038103000.0,,,,0.03119102722198724
FSLR,Information Technology,2014-06-30,3170269000.0,6612015000.0,851346000.0,,,237924000.0,187530000.0,62866000.0,194674000.0,,-531756000.0,32659000.0,90817000.0,,385247000.0,1211243000.0,8154000.0,92725000.0,4528000.0,1908000.0,-259997166.66666666,0.0,531756000.0,1.6010087333288199,1959026000.0,,,,0.029442461942388212
FSLR,Information Technology,2014-09-30,3253026000.0,6580472500.0,622523000.0,,,282783000.0,219997000.0,60741000.0,218253000.0,,-47211000.0,37593000.0,105527000.0,,445201000.0,918672000.0,10617000.0,189344500.0,89128500.0,83817500.0,-237259500.0,0.0,47211000.0,13.185973607845629,2334354000.0,,,,0.03316676728000915
FSLR,Information Technology,2015-03-31,3149703000.0,6674674000.0,779908000.0,55342000.0,,254217000.0,202755000.0,63229000.0,249194000.0,,-421266000.0,34756000.0,109094000.0,,496599000.0,984906000.0,12079000.0,38981000.0,-61604500.0,-70113000.0,-74385500.0,0.0,421266000.0,1.8513433317666272,2164797000.0,,,,0.03733425782292888
FSLR,Information Technology,2015-06-30,3156206000.0,6803805000.0,1075144000.0,,,276819000.0,273280000.0,65346000.0,309789000.0,,-311514500.0,29479000.0,107350000.0,,481975000.0,914107000.0,8854000.0,164483000.0,94187500.0,57133000.0,98083500.0,1.0,311514500.0,3.451344961470493,2242099000.0,,,,0.04553172820208692
FSLR,Information Technology,2016-09-30,3465418000.0,8087660000.0,1414219000.0,,,323049000.0,201835000.0,58053000.0,795457000.0,,-80007500.0,32173000.0,97584000.0,,369086000.0,1407324000.0,5896000.0,178594000.0,152301500.0,81010000.0,476899833.3333333,1.0,80007500.0,17.67608036746555,2058094000.0,,,,0.09835440658979235
FSLR,Information Technology,2018-03-31,3770299000.0,6840189000.0,1858338000.0,177725000.0,394467000.0,273277000.0,136897000.0,,449860000.0,,-45286000.0,20324000.0,98534000.0,567265000.0,174070000.0,553738000.0,8652000.0,172798000.0,82951000.0,74264000.0,-299369833.3333333,0.0,45286000.0,41.03559598993066,3216561000.0,0.30461600839113995,0.13091588587344538,0.03582805214494108,0.06576718859668935
FSLR,Information Technology,2018-06-30,3986040000.0,7025692000.0,2024491000.0,,317376000.0,125379000.0,161139000.0,,468823000.0,,-369503500.0,20370000.0,95576000.0,309318000.0,234201000.0,815412000.0,10584000.0,-8058000.0,-48491000.0,-103634000.0,-249273666.66666666,0.0,369503500.0,5.478949455147245,3170628000.0,-0.02605086027971214,-0.335040314498348,0.06585455744573546,0.06672979686556142
FSLR,Information Technology,2018-09-30,3886089000.0,7094555000.0,1434883000.0,,547093000.0,141699000.0,154602000.0,,478101000.0,,-225166000.0,22390000.0,70652000.0,676220000.0,296038000.0,868184000.0,7551000.0,129127000.0,57750000.0,58475000.0,-280092333.3333333,0.0,225166000.0,6.372556247390814,3017905000.0,0.1909541273550028,0.08647333707964863,0.0331105261601254,0.06738985038526024
FSLR,Information Technology,2019-03-31,3662826000.0,7256926000.0,1013402000.0,149168000.0,531866000.0,301669000.0,221738000.0,,582698000.0,,-303440000.0,21877000.0,76751000.0,531978000.0,459472000.0,836516000.0,5019000.0,112000.0,-67599000.0,-76639000.0,-347233666.6666667,0.0,303440000.0,3.339711310308463,2826310000.0,0.00021053502212497509,-0.14406422821996398,0.041123881062750715,0.08029543087527695
FSLR,Information Technology,2019-06-30,3412246000.0,7137807000.0,1221568000.0,,507774000.0,269527000.0,242541000.0,,492247000.0,,-219215000.0,24395000.0,85766000.0,584956000.0,586621000.0,843319000.0,10763000.0,77182000.0,-18548000.0,-8584000.0,-291945000.0,0.0,219215000.0,5.572465387861232,2568927000.0,0.13194496680092177,-0.014674608004704628,0.04170399141131983,0.06896333845955768
FSLR,Information Technology,2019-09-30,3043490000.0,7054687000.0,878999000.0,,408443000.0,367306000.0,218088000.0,,490859000.0,,-317622000.0,24912000.0,97059000.0,546806000.0,576770000.0,760806000.0,9626000.0,138363000.0,30622000.0,41304000.0,-116772000.0,0.0,317622000.0,2.767437394135167,2282684000.0,0.25303855480737225,0.07553684487734223,0.04555911968778689,0.06957913228467826
FSLR,Information Technology,2020-03-31,2747843000.0,6949141000.0,929355000.0,112546000.0,441786000.0,290281000.0,173762000.0,,483395000.0,,-504864000.0,25613000.0,88682000.0,532124000.0,479792000.0,732435000.0,7204000.0,90338000.0,90704000.0,1656000.0,-41643333.333333336,0.0,504864000.0,1.8408026716105723,2015408000.0,0.16976870052844825,0.003112056588314002,0.04813351775150153,0.06956183505270651
FSLR,Information Technology,2020-06-30,2731176000.0,7072618000.0,1052700000.0,,504951000.0,287684000.0,158800000.0,,475554000.0,,-53349000.0,22483000.0,86564000.0,642411000.0,518242000.0,747036000.0,3776000.0,137460000.0,36911000.0,50896000.0,-33070333.333333332,0.0,53349000.0,19.73232862846539,1984140000.0,0.2139751654314761,0.07922653877346433,0.03499784405933273,0.06723875091232129
FSLR,Information Technology,2021-03-31,3136890000.0,7108910000.0,972879000.0,90155000.0,618607000.0,790096000.0,186087000.0,,264427000.0,256161000.0,-279478000.0,19873000.0,83314000.0,803374000.0,550270000.0,669341000.0,3115000.0,184767000.0,209671000.0,252348000.0,46284000.0,1.0,279478000.0,3.4810575429908615,2467549000.0,0.2299887723526029,0.31411024006253624,0.024736922031332854,0.037196560372827904
FSLR,Information Technology,2021-06-30,3155476000.0,7248473000.0,1346888000.0,,455062000.0,583028000.0,148326000.0,,288137000.0,102795000.0,-27630000.0,23935000.0,61996000.0,629180000.0,603057000.0,660923000.0,5430000.0,174118000.0,82449000.0,110377000.0,4705000.0,1.0,27630000.0,48.74730365544698,2494553000.0,0.27673797641374487,0.17542992466384819,0.038041577926825394,0.03975140695150551
FSLR,Information Technology,2022-03-31,2994993000.0,7399225000.0,,154761000.0,355577000.0,293357000.0,146233000.0,,258672000.0,-62754000.0,-138839000.0,27108000.0,71174000.0,367040000.0,840750000.0,734990000.0,3503000.0,11463000.0,-43255000.0,-57804000.0,-19330000.0,0.0,138839000.0,,2260003000.0,0.031230928509154314,-0.15748692240627724,0.07385571054925893,0.034959336957586774
FSLR,Information Technology,2022-06-30,3383417000.0,7419369000.0,,,644155000.0,454431000.0,160963000.0,,181186000.0,139604000.0,-152367000.0,25229000.0,77354000.0,620955000.0,810461000.0,803554000.0,5764000.0,-23200000.0,55805000.0,144827000.0,-22992000.0,0.0,152367000.0,,2579863000.0,-0.03657003943304942,0.2332326819173692,0.040629353173740446,0.024420675127493997
FSLR,Information Technology,2023-03-31,3619864000.0,8564596000.0,906634000.0,370961000.0,436235000.0,298620000.0,285760000.0,,321000000.0,35673000.0,-34598000.0,30510000.0,94032000.0,548286000.0,751407000.0,1174173000.0,6600000.0,112051000.0,42561000.0,18002000.0,89932333.33333333,1.0,34598000.0,26.20480952656223,2445691000.0,0.20436596958521647,0.03283322937299147,0.05564614088267802,0.03747987645885457
FSLR,Information Technology,2023-06-30,3660730000.0,8997166000.0,829913000.0,,500253000.0,631335000.0,245834000.0,,438000000.0,188471000.0,-163353000.0,36745000.0,142040000.0,810673000.0,756173000.0,1090614000.0,8411000.0,310420000.0,170579000.0,168515000.0,291103833.3333333,1.0,163353000.0,5.080488267739191,2570116000.0,0.38291641636023405,0.20787049772226285,0.0453265373337955,0.04868199608632318
FSLR,Information Technology,2024-09-30,3818103000.0,11436638000.0,1005130000.0,,442357000.0,762138000.0,265320000.0,,,327342000.0,-53734000.0,50197000.0,123312000.0,887668000.0,1250629000.0,1782165000.0,6796000.0,445311000.0,312956000.0,321999000.0,-66591000.0,0.0,53734000.0,18.705661220084117,2035938000.0,0.5016639103809082,0.3627471081530482,0.05654929545731062,
FTV,Industrials,2017-06-30,2701700000.0,8467100000.0,968400000.0,,823700000.0,985000000.0,,,3208100000.0,325600000.0,-15700000.0,99100000.0,,1628800000.0,560600000.0,1370800000.0,13300000.0,805100000.0,,348700000.0,215450000.0,1.0,15700000.0,61.681528662420384,1330900000.0,0.49429027504911593,0.21408398821218075,0.060842337917485265,0.3788900568081161
FTV,Industrials,2019-06-28,3436300000.0,16468100000.0,1092100000.0,,960700000.0,1315200000.0,,,6196500000.0,204300000.0,-34800000.0,117400000.0,,,693700000.0,2791200000.0,15900000.0,904000000.0,,249500000.0,281416666.6666667,1.0,34800000.0,31.382183908045977,645100000.0,,,,0.3762729155154511
FTV,Industrials,2021-07-02,3086400000.0,14495500000.0,1565800000.0,,564200000.0,817900000.0,,,2576400000.0,207500000.0,-151700000.0,87800000.0,,,488000000.0,2569700000.0,20200000.0,755500000.0,,211300000.0,214316666.66666666,1.0,151700000.0,10.321687541199736,516700000.0,,,,0.1777379186644131
GD,Industrials,2009-07-05,12298000000.0,28858000000.0,1614000000.0,,,3649000000.0,,,,,-398500000.0,,,8100000000.0,2138000000.0,9260000000.0,,,618000000.0,945000000.0,270333333.3333333,1.0,398500000.0,4.050188205771644,3038000000.0,,0.11666666666666667,,
GD,Industrials,2015-07-05,15773000000.0,33654000000.0,4032000000.0,,,3595000000.0,2275000000.0,,,,-508500000.0,,,7882000000.0,3359000000.0,12708000000.0,,,752000000.0,1081000000.0,233666666.66666666,1.0,508500000.0,7.929203539823009,3065000000.0,,0.13714793199695507,,
GD,Industrials,2019-03-31,18867000000.0,47466000000.0,673000000.0,181000000.0,7633000000.0,3718000000.0,3008000000.0,,,,-795000000.0,,,,6185000000.0,15382000000.0,,,745000000.0,1014000000.0,-290500000.0,0.0,795000000.0,0.8465408805031447,3485000000.0,,,,
GD,Industrials,2019-06-30,19557000000.0,48074000000.0,702000000.0,,7869000000.0,3673000000.0,2860000000.0,,,,-504000000.0,,,,6480000000.0,18014000000.0,,,806000000.0,1090000000.0,-161333333.33333334,0.0,504000000.0,1.3928571428571428,1543000000.0,,,,
GD,Industrials,2020-03-29,24741000000.0,53710000000.0,5330000000.0,185000000.0,,3547000000.0,2788000000.0,,,,-666000000.0,,,,6852000000.0,18440000000.0,,,706000000.0,937500000.0,335166666.6666667,1.0,666000000.0,8.003003003003004,6301000000.0,,,,
GD,Industrials,2020-06-28,21135000000.0,50222000000.0,2300000000.0,,,3515000000.0,2383000000.0,,,,-116500000.0,,,,6666000000.0,16606000000.0,,,625000000.0,837500000.0,530666666.6666667,1.0,116500000.0,19.742489270386265,4529000000.0,,,,
GD,Industrials,2024-03-31,24196000000.0,55563000000.0,1036000000.0,159000000.0,,3119000000.0,3203000000.0,,,968000000.0,-278000000.0,,,,9589000000.0,16790000000.0,,,799000000.0,1036000000.0,15666666.666666666,1.0,278000000.0,3.726618705035971,7406000000.0,,,,
GD,Industrials,2024-06-30,24312000000.0,55661000000.0,1362000000.0,,,3152000000.0,2969000000.0,,,1090000000.0,-1221000000.0,,,,9686000000.0,18257000000.0,,,905000000.0,1156000000.0,255333333.33333334,1.0,1221000000.0,1.1154791154791155,6055000000.0,,,,
GE,Industrials,2009-03-31,,,46830000000.0,2560000000.0,,,,2731000000.0,,,-201000000.0,,,38438000000.0,,,,,2829000000.0,,2294333333.3333335,1.0,201000000.0,232.98507462686567,,,,,
GE,Industrials,2009-06-30,,778168000000.0,52316000000.0,,,19194000000.0,19194000000.0,,,,-8607000000.0,,,39095000000.0,13307000000.0,,,,2680000000.0,,8351000000.0,1.0,4558205000.000002,6.078308353665621,,,,,
GE,Industrials,2016-06-30,,401461000000.0,,,,25128000000.0,13115000000.0,,,3824000000.0,-9447000000.0,,,33494000000.0,24723000000.0,,,,2899000000.0,,1438500000.0,1.0,4558205000.000002,,,,,,
GE,Industrials,2018-06-30,,342769000000.0,,,21749000000.0,20797000000.0,15026000000.0,,,1283500000.0,-810000000.0,,,29633000000.0,20473000000.0,,,,800000000.0,,-221833333.33333334,0.0,810000000.0,,,,,,
GE,Industrials,2018-09-30,,311691000000.0,,,17847000000.0,20414000000.0,15748000000.0,,,-22849000000.0,-2648000000.0,,,26482500000.0,20642000000.0,,,,-22769000000.0,,1303166666.6666667,1.0,2648000000.0,,,,,,
GE,Industrials,2020-03-31,,262021000000.0,,765500000.0,15060500000.0,16925000000.0,15212000000.0,,,6391500000.0,-223500000.0,723000000.0,,20007000000.0,15457000000.0,,,,6199000000.0,,-1008000000.0,0.0,223500000.0,,,,,0.036137351926825614,
GE,Industrials,2020-06-30,,256487000000.0,,,14358000000.0,16041000000.0,13469000000.0,,,-1818500000.0,-2400000000.0,611000000.0,,17277500000.0,15251000000.0,,,,-1987000000.0,,-678333333.3333334,0.0,2400000000.0,,,,,0.035363912603096515,
GE,Industrials,2021-03-31,113198000000.0,245164000000.0,,332000000.0,12538000000.0,15381000000.0,,,,238000000.0,-1959000000.0,561000000.0,,17094500000.0,16530000000.0,57681000000.0,,,-2802000000.0,,124666666.66666667,1.0,1959000000.0,,24848959999.999943,,,0.032817572903565476,
GE,Industrials,2021-06-30,102411000000.0,237559000000.0,,,13618000000.0,15190000000.0,,,,-1037000000.0,-1411000000.0,604000000.0,,18266000000.0,17016000000.0,56639000000.0,,,-1131000000.0,,443000000.0,1.0,1411000000.0,,24848959999.999943,,,0.03306690025183401,
GE,Industrials,2022-03-31,63299000000.0,191961000000.0,,289500000.0,,,,,,-852500000.0,-556000000.0,522000000.0,,14857500000.0,16570000000.0,53344000000.0,,,-1089000000.0,,236000000.0,1.0,556000000.0,,9955000000.0,,,0.03513377082281676,
GE,Industrials,2022-06-30,60658000000.0,185540000000.0,,,,,,,,-605000000.0,-456000000.0,567500000.0,,16386500000.0,17553000000.0,53883000000.0,,,-836000000.0,,225333333.33333334,1.0,456000000.0,,6775000000.0,,,0.03463216672260702,
GE,Industrials,2023-03-31,60286000000.0,164472000000.0,,279000000.0,,,,,,6492000000.0,-259000000.0,431000000.0,,14486000000.0,16198000000.0,48177000000.0,,,7506000000.0,,776000000.0,1.0,259000000.0,,12109000000.0,,,0.029752864835013115,
GE,Industrials,2023-06-30,60213000000.0,163006000000.0,,,,,,,,1449500000.0,-488000000.0,347000000.0,,12727000000.0,16789000000.0,48108000000.0,,,34000000.0,,1232166666.6666667,1.0,488000000.0,,12105000000.0,,,0.027264869961499176,
GEHC,Health Care,2023-06-30,9240000000.0,32311000000.0,1936000000.0,,,,2835000000.0,,,570000000.0,-134500000.0,298000000.0,1370000000.0,,2264000000.0,7581000000.0,28000000.0,1940000000.0,418000000.0,570000000.0,389500000.0,1.0,134500000.0,14.394052044609666,1659000000.0,,,,
GEN,Information Technology,2012-09-28,5206000000.0,13463000000.0,4002000000.0,,,735000000.0,278000000.0,,,265000000.0,-89000000.0,247000000.0,1114000000.0,1699000000.0,23000000.0,5008000000.0,45000000.0,1415000000.0,191000000.0,301000000.0,99000000.0,1.0,89000000.0,44.96629213483146,198000000.0,0.7885024413453642,0.17716303708063566,0.1453796350794585,
GEN,Information Technology,2013-09-27,4970000000.0,12914000000.0,3727000000.0,,,573000000.0,249000000.0,,,251000000.0,-478000000.0,248000000.0,1105000000.0,,16000000.0,3907000000.0,38000000.0,1353000000.0,241000000.0,248000000.0,311000000.0,1.0,478000000.0,7.797071129707113,1063000000.0,,,,
GEN,Information Technology,2016-01-01,7173000000.0,11936000000.0,2213000000.0,,,490000000.0,241000000.0,,,129000000.0,-83000000.0,174000000.0,613000000.0,,,3827000000.0,38000000.0,759000000.0,170000000.0,146000000.0,-537500000.0,0.0,83000000.0,26.662650602409638,3346000000.0,,,,
GEN,Information Technology,2016-07-01,6799000000.0,11530000000.0,6108000000.0,22000000.0,,314000000.0,115000000.0,72000000.0,3204000000.0,97000000.0,-771000000.0,170000000.0,629000000.0,,,3322000000.0,49000000.0,735000000.0,135000000.0,106000000.0,-209500000.0,0.0,771000000.0,7.9221789883268485,3477000000.0,,,,0.2778837814397225
GEN,Information Technology,2016-09-30,6469000000.0,16864000000.0,5610000000.0,,,459000000.0,139000000.0,,7176000000.0,-50000000.0,-987500000.0,200000000.0,781000000.0,,,3509000000.0,85000000.0,769000000.0,-144000000.0,-12000000.0,343666666.6666667,1.0,987500000.0,5.681012658227848,2960000000.0,,,,0.42552182163187857
GEN,Information Technology,2020-10-02,1792000000.0,6313000000.0,1009000000.0,,,96000000.0,66000000.0,,3603000000.0,231000000.0,-395500000.0,63000000.0,306000000.0,,,1748000000.0,20000000.0,536000000.0,64000000.0,230000000.0,231333333.33333334,1.0,395500000.0,2.5512010113780024,44000000.0,,,,0.5707270711230794
GEN,Information Technology,2022-09-30,1622000000.0,15882000000.0,1095000000.0,,,152000000.0,66000000.0,,10058000000.0,195000000.0,-197000000.0,73000000.0,388000000.0,,,2825000000.0,29000000.0,629000000.0,69000000.0,241000000.0,222166666.66666666,1.0,197000000.0,5.558375634517766,-1203000000.0,,,,0.6332955547160307
GEV,Industrials,2023-03-31,,,,,5903000000.0,,,,,-415000000.0,-690000000.0,202000000.0,,,,,,919000000.0,-315000000.0,-469000000.0,-396333333.3333333,0.0,690000000.0,,,,,,
GEV,Industrials,2023-06-30,,,,,6973000000.0,,,,,-27000000.0,-978000000.0,216000000.0,,,,,,1147000000.0,-150000000.0,-341000000.0,232166666.66666666,1.0,978000000.0,,,,,,
GEV,Industrials,2024-03-31,29243000000.0,47872000000.0,,,6109000000.0,,,,,-96000000.0,-444000000.0,237000000.0,,,8859000000.0,29516000000.0,,1150000000.0,-130000000.0,-289000000.0,1065166666.6666666,1.0,444000000.0,,-273000000.0,,,,
GILD,Health Care,2017-06-30,28592000000.0,60263000000.0,8712000000.0,,1126000000.0,4478000000.0,819000000.0,,,,-303000000.0,864000000.0,,7141000000.0,1408000000.0,8492000000.0,,,3073000000.0,4254000000.0,1411500000.0,1.0,303000000.0,28.752475247524753,20100000000.0,,0.4056571445047538,0.12099145777902255,
GILD,Health Care,2018-06-30,32728000000.0,65355000000.0,13234000000.0,,1196000000.0,3541000000.0,623000000.0,,29060000000.0,,-729500000.0,1192000000.0,,5648000000.0,859000000.0,10912000000.0,,,1817000000.0,2280000000.0,1495666666.6666667,1.0,729500000.0,18.141192597669637,21816000000.0,,0.40368271954674223,0.21104815864022664,0.4446484584194017
GILD,Health Care,2022-06-30,13175000000.0,62870000000.0,,,1442000000.0,4118000000.0,565000000.0,,26216000000.0,1503000000.0,-447500000.0,,,,1494000000.0,9220000000.0,,,1144000000.0,2029000000.0,1812166666.6666667,1.0,447500000.0,,3955000000.0,,,,0.41698743438842056
GIS,Consumer Staples,2010-11-28,4016600000.0,18378500000.0,566300000.0,,,,826700000.0,,5875800000.0,,-179600000.0,,,,1706000000.0,3733600000.0,30000000.0,,613900000.0,822900000.0,540066666.6666666,1.0,179600000.0,3.153118040089087,283000000.0,,,,0.3197105313273662
GIS,Consumer Staples,2013-11-24,4775800000.0,23152100000.0,,,,,1424100000.0,,,,-63950000.0,,,,1752300000.0,4990100000.0,27800000.0,,549900000.0,870100000.0,348600000.0,1.0,63950000.0,,-214300000.0,,,,
GLW,Information Technology,2019-03-31,6349000000.0,27321000000.0,,,,1974000000.0,1278000000.0,,,575000000.0,-29000000.0,,,2812000000.0,2190000000.0,3059000000.0,,1099000000.0,499000000.0,420000000.0,90666666.66666667,1.0,29000000.0,,3290000000.0,0.39082503556187764,0.14935988620199148,,
GLW,Information Technology,2019-06-30,6311000000.0,27575000000.0,,,,2103000000.0,1297000000.0,,,216000000.0,-865000000.0,,,2940000000.0,2291000000.0,3416000000.0,21000000.0,1065000000.0,92000000.0,374000000.0,476166666.6666667,1.0,865000000.0,,2895000000.0,0.3622448979591837,0.1272108843537415,,
GLW,Information Technology,2023-03-31,6877000000.0,28822000000.0,,,,1688000000.0,1662000000.0,,,228000000.0,-49000000.0,,,3178000000.0,2863000000.0,4773000000.0,52000000.0,1003000000.0,176000000.0,297000000.0,129666666.66666667,1.0,49000000.0,,2104000000.0,0.315607300188798,0.0934550031466331,,
GLW,Information Technology,2023-06-30,7293000000.0,28645000000.0,,,,1674000000.0,1519000000.0,,,409000000.0,-429000000.0,,,3243000000.0,2757000000.0,4411000000.0,59000000.0,1013000000.0,281000000.0,279000000.0,263000000.0,1.0,429000000.0,,2882000000.0,0.3123650940487203,0.08603145235892692,,
GLW,Information Technology,2024-06-30,7121000000.0,27179000000.0,,,,1721000000.0,1466000000.0,,,172000000.0,-29000000.0,,,3251000000.0,2682000000.0,4526000000.0,66000000.0,949000000.0,104000000.0,186000000.0,131000000.0,1.0,29000000.0,,2595000000.0,0.2919101814826207,0.05721316517994463,,
GM,Consumer Discretionary,2011-03-31,,,21308000000.0,1322000000.0,31685000000.0,,,,,,-377000000.0,,,36194000000.0,,,53000000.0,,3366000000.0,949000000.0,1687833333.3333333,1.0,377000000.0,56.51989389920424,,,0.026219815439023044,,
GM,Consumer Discretionary,2019-03-31,80090000000.0,233132000000.0,17176000000.0,2014000000.0,,,24560000000.0,4109000000.0,,2282000000.0,-81000000.0,,33634000000.0,34878000000.0,11108000000.0,85303000000.0,,,2157000000.0,1244000000.0,2832000000.0,1.0,81000000.0,212.0493827160494,-5213000000.0,,0.035667182751304545,,
GM,Consumer Discretionary,2020-06-30,87497000000.0,237535000000.0,28228000000.0,,,7946000000.0,15154000000.0,3258000000.0,,-892000000.0,-7028000000.0,,17992000000.0,16778000000.0,10280000000.0,77904000000.0,,,-758000000.0,-1214000000.0,5312166666.666667,1.0,4558205000.000002,4.016505406943654,9593000000.0,,-0.07235665752771486,,
GM,Consumer Discretionary,2021-09-30,77791000000.0,238557000000.0,17365000000.0,,,8091000000.0,18648000000.0,3081000000.0,,2538000000.0,-49000000.0,,25134000000.0,26779000000.0,14534000000.0,71951000000.0,82000000.0,,2420000000.0,1645000000.0,2777833333.3333335,1.0,49000000.0,354.38775510204084,5840000000.0,,0.06142873146868815,,
GNRC,Industrials,2011-06-30,301327000.0,1212775000.0,78746000.0,,,,44736000.0,,,,-13576500.0,3608000.0,38553000.0,,139728000.0,90936000.0,,60353000.0,15289000.0,21800000.0,48443333.333333336,1.0,13576500.0,5.800169410378227,210391000.0,,,,
GNRC,Industrials,2015-06-30,746930000.0,1871387000.0,155575000.0,,,160475000.0,149445000.0,10129000.0,933826.0,23472000.0,-29676500.0,8412000.0,56430000.0,,385848000.0,246002000.0,,95897000.0,14844000.0,39467000.0,33412166.666666668,1.0,29676500.0,5.242363486260172,500928000.0,,,,0.01664324785442564
GNRC,Industrials,2017-03-31,680694000.0,1867265000.0,57494000.0,3548000.0,221685000.0,221789000.0,159448000.0,12597000.0,,20552500.0,-4860500.0,10294000.0,78275500.0,,393949000.0,315900000.0,,109643000.0,12508500.0,31367500.0,28626500.0,1.0,4860500.0,11.828824195041662,364794000.0,,,,
GNRC,Industrials,2017-06-30,697780000.0,1887530000.0,67071000.0,,261954000.0,241713500.0,163359000.0,12986000.0,,39556500.0,-9781500.0,10560000.0,81636000.0,,381150500.0,310322000.0,,133690500.0,25475500.0,52054500.0,38336500.0,1.0,9781500.0,6.856923784695599,387458000.0,,,,
GNRC,Industrials,2019-06-30,1051710000.0,2523109000.0,110367000.0,,346078000.0,341535000.0,259696000.0,14740000.0,860083000.0,80533000.0,-46885000.0,17694000.0,104912000.0,,570327000.0,480363000.0,,195838000.0,61958000.0,90926000.0,56249000.0,1.0,46885000.0,2.353993814652874,571347000.0,,,,0.3408822211010305
GNRC,Industrials,2022-03-31,2125401000.0,5151533000.0,206023000.0,28200000.0,775108000.0,609870000.0,697486000.0,38461000.0,,145504000.0,-10142000.0,39744000.0,206013000.0,,1236772000.0,1253158000.0,,360748000.0,113858000.0,154735000.0,-78537666.66666667,0.0,10142000.0,20.31384342338789,872243000.0,,,,
GNRC,Industrials,2022-06-30,2491311000.0,5472951000.0,467140000.0,,834406000.0,692291000.0,614009000.0,39098000.0,,203463000.0,-161009000.0,41599000.0,240141000.0,,1240524000.0,1172176000.0,,456985000.0,156359000.0,216844000.0,3720000.0,1.0,161009000.0,2.9013284971647546,1319135000.0,,,,
GNRC,Industrials,2022-09-30,2313269000.0,5246293000.0,229911000.0,,727154000.0,542528000.0,523552000.0,39165000.0,,72040000.0,-56045000.0,39985000.0,273581000.0,,1424691000.0,1105130000.0,,361104000.0,58270000.0,87523000.0,69113666.66666667,1.0,56045000.0,4.10225711481845,1208139000.0,,,,
GNRC,Industrials,2023-03-31,2185774000.0,5211132000.0,137365000.0,23977000.0,615411000.0,490384000.0,426191000.0,39951000.0,1530000000.0,22010000.0,-18559000.0,41820000.0,228016000.0,,1438296000.0,910342000.0,,272499000.0,12430000.0,44483000.0,112599333.33333333,1.0,18559000.0,7.40153025486287,1275432000.0,,,,0.29360223460085066
GPC,Consumer Discretionary,2010-06-30,4210497000.0,5219360000.0,411872000.0,,,,1286681000.0,,,,-29714500.0,,621517000.0,,2164548000.0,1575373000.0,,822310000.0,,,78012000.0,1.0,29714500.0,13.860976964108431,2635124000.0,,,,
GPC,Consumer Discretionary,2011-06-30,4633291000.0,5717001000.0,516728000.0,,,,1492041000.0,,,241551000.0,-34260000.0,,674563000.0,,2251595000.0,2107415000.0,,916114000.0,,264623000.0,209877000.0,1.0,34260000.0,15.082545242265033,2525876000.0,,,,
GPC,Consumer Discretionary,2013-06-30,5107741000.0,7660313000.0,196770000.0,,,,2064878000.0,,,314728000.0,-297742000.0,,790380000.0,,2799150000.0,3322947000.0,,1105108000.0,,317262000.0,215093000.0,1.0,297742000.0,0.6608741796588993,1784794000.0,,,,
GPC,Consumer Discretionary,2019-06-30,8184670000.0,14639472000.0,562551000.0,,3155453000.0,,,,,292164000.0,-624151000.0,,1242261000.0,,3750778000.0,6498228000.0,,1540642500.0,224430000.0,,258948500.0,1.0,624151000.0,0.9013059339807195,1686442000.0,,,,
GPC,Consumer Discretionary,2023-06-30,9083706000.0,16941635000.0,,,3780263000.0,,,,,454089000.0,-165292500.0,,1680848000.0,,4512874000.0,7899794000.0,,2134743000.0,344494000.0,,338147000.0,1.0,165292500.0,,1183912000.0,,,,
GRMN,Consumer Discretionary,2010-06-26,2159517000.0,3431359000.0,1173169000.0,,337113000.0,499324000.0,150519000.0,,,,-466688000.0,73337000.0,189609000.0,,358576000.0,436436000.0,,391652000.0,,202043000.0,337944500.0,1.0,466688000.0,2.5138186540043885,1723081000.0,,,,
GRMN,Consumer Discretionary,2014-06-28,2496569000.0,4741802000.0,1234886000.0,,,496979000.0,132581000.0,,,,-244919000.0,98404000.0,225731000.0,,429673000.0,969250000.0,,444485000.0,181983000.0,218754000.0,142342000.0,1.0,244919000.0,5.042017973289128,1527319000.0,,,,
GRMN,Consumer Discretionary,2019-06-29,2460578000.0,5524783000.0,820181000.0,,379475000.0,583913000.0,214763000.0,,,275778000.0,-75673000.0,148883000.0,319144000.0,,648140000.0,1027701000.0,,575365000.0,223656000.0,256221000.0,202617333.33333334,1.0,75673000.0,10.838489289442734,1432877000.0,,,,
GRMN,Consumer Discretionary,2022-06-25,4122617000.0,7813696000.0,1087381000.0,,512007000.0,698859000.0,319732000.0,,,278966000.0,-156256500.0,201518000.0,436086000.0,,1454868000.0,1623886000.0,,728826000.0,257873000.0,292740000.0,258814333.33333334,1.0,156256500.0,6.958948907725438,2498731000.0,,,,
GWW,Industrials,2012-06-30,2698731000.0,4761308000.0,249746000.0,,1270932000.0,1015159000.0,,,,,-41765500.0,,,,1265830000.0,962912000.0,,978343000.0,190704000.0,314000000.0,204358166.66666666,1.0,41765500.0,5.979720103913517,1735819000.0,,,,
GWW,Industrials,2014-06-30,3030553000.0,5311312000.0,331707000.0,,1425418000.0,1177543000.0,,,,338425000.0,-41748000.0,,,,1317467000.0,1126453000.0,,1080686000.0,205915000.0,340751000.0,176221500.0,1.0,41748000.0,7.945458465076172,1904100000.0,,,,
GWW,Industrials,2016-06-30,3190262000.0,5964804000.0,315997000.0,,1523609000.0,1310382000.0,,,,282980000.0,-33224000.0,,,,1418678000.0,1641344000.0,,1040059000.0,172676000.0,305589000.0,184524833.33333334,1.0,33224000.0,9.511106429087407,1548918000.0,,,,
HAS,Consumer Discretionary,2009-06-28,1602229000.0,3478176000.0,392034000.0,,,652557000.0,165128000.0,,,,-179868000.0,43529000.0,719129000.0,,346814000.0,612723000.0,,,39275000.0,73073000.0,120272333.33333333,1.0,179868000.0,2.179565014343852,989506000.0,,,,
HAS,Consumer Discretionary,2010-09-26,2346710000.0,4215617000.0,497903000.0,,,1210460000.0,267175000.0,,,237757000.0,-167263000.0,51618000.0,1075545000.0,,467953000.0,978486000.0,,,155164000.0,237757000.0,91552333.33333333,1.0,167263000.0,2.976767127218811,1368224000.0,,,,
HAS,Consumer Discretionary,2011-09-25,2210305000.0,4084726000.0,186962000.0,,,1260521000.0,246461000.0,,,248072000.0,-127809000.0,49504000.0,1127739000.0,,518866000.0,942443000.0,,,170990000.0,248072000.0,142610333.33333334,1.0,127809000.0,1.4628234318396982,1267862000.0,,,,
HAS,Consumer Discretionary,2012-09-30,2618980000.0,4446287000.0,696733000.0,,,1195517000.0,237400000.0,,,237285500.0,-57165000.0,48472000.0,1095515000.0,524144000.0,463433000.0,1126619000.0,,,164852000.0,249622000.0,90987666.66666667,1.0,57165000.0,12.188104609463833,1492361000.0,,0.4056571445047538,0.09247840288165085,
HAS,Consumer Discretionary,2013-09-29,2597285000.0,4590145000.0,588668000.0,,,1215289000.0,263086000.0,,,155913000.0,-250819000.0,59366000.0,,582676000.0,447113000.0,1648879000.0,,,126574000.0,198706000.0,92061666.66666667,1.0,250819000.0,2.3469832827656596,948406000.0,,0.3410231415057425,0.10188509566208322,
HAS,Consumer Discretionary,2014-09-28,2646189000.0,4508802000.0,452184000.0,,,1314022000.0,284023000.0,,,244054000.0,-27809000.0,58220000.0,,649284000.0,499150000.0,1014028000.0,,,180457000.0,285814000.0,179006500.0,1.0,27809000.0,16.26034736955662,1632161000.0,,0.4056571445047538,0.0896680035238817,
HAS,Consumer Discretionary,2018-09-30,3192450000.0,5495329000.0,907107000.0,,655597000.0,1391242000.0,458808000.0,,,295794000.0,-66055000.0,65807000.0,,1569686000.0,610918000.0,1321923000.0,,,263861000.0,313336000.0,188896333.33333334,1.0,66055000.0,13.732601619862235,1870527000.0,,0.19961699346238673,0.041923671358475516,
HAS,Consumer Discretionary,2022-06-26,3085400000.0,9503000000.0,,,411500000.0,870500000.0,543800000.0,,,179900000.0,-195000000.0,79200000.0,,1339200000.0,867500000.0,2158200000.0,,,142000000.0,219100000.0,63766666.666666664,1.0,195000000.0,,927200000.0,,0.16360513739545998,0.05913978494623656,
HAS,Consumer Discretionary,2023-07-02,2509000000.0,8609700000.0,,,352200000.0,877000000.0,363400000.0,,,-227900000.0,-11900000.0,72400000.0,,1210000000.0,731300000.0,1950400000.0,,,-235000000.0,-188600000.0,197050000.0,1.0,11900000.0,,558600000.0,,-0.1558677685950413,0.05983471074380165,
HCA,Health Care,2013-06-30,7791000000.0,27934000000.0,462000000.0,,,4915000000.0,1657000000.0,425000000.0,28200000000.0,,-1358000000.0,,,,1152000000.0,6020000000.0,,,423000000.0,,1677000000.0,1.0,1358000000.0,0.3402061855670103,1771000000.0,,,,0.8710363795763403
HCA,Health Care,2021-06-30,12475000000.0,48164000000.0,1120000000.0,,,7636000000.0,3531000000.0,712000000.0,32572000000.0,2117000000.0,-2168500000.0,,,14435000000.0,2027000000.0,8615000000.0,,,1450000000.0,,1113000000.0,1.0,2168500000.0,0.5164860502651603,3860000000.0,,,,0.6762727348226891
HCA,Health Care,2022-06-30,13937000000.0,51584000000.0,858000000.0,,,8628000000.0,3742000000.0,738000000.0,38903000000.0,1760000000.0,-283000000.0,,,14820000000.0,2043000000.0,8999000000.0,,,1155000000.0,,2034500000.0,1.0,283000000.0,3.0318021201413425,4938000000.0,,,,0.754167959057072
HII,Industrials,2010-06-30,,,,,,,,,,,-22000000.0,,,,,,,,-11000000.0,-20000000.0,-148166666.66666666,0.0,22000000.0,,,,,,
HII,Industrials,2011-03-31,,,225000000.0,63000000.0,,,,,,70000000.0,-364000000.0,,,,,,,,45000000.0,85000000.0,-116833333.33333333,0.0,364000000.0,0.6181318681318682,,,,,
HII,Industrials,2011-06-30,1994000000.0,5937000000.0,381000000.0,,,898000000.0,255000000.0,,,61000000.0,-253500000.0,,,,389000000.0,1184000000.0,9000000.0,,40000000.0,91000000.0,-100666666.66666667,0.0,253500000.0,1.5029585798816567,810000000.0,,,,
HII,Industrials,2012-03-31,2156000000.0,5824000000.0,551000000.0,27000000.0,,954000000.0,293000000.0,,,50000000.0,-329000000.0,,,,,1252000000.0,8000000.0,,33000000.0,80000000.0,-143333333.33333334,0.0,329000000.0,1.674772036474164,904000000.0,,,,
HII,Industrials,2012-06-30,2167000000.0,5812000000.0,669000000.0,,,878000000.0,314000000.0,,1844000000.0,77000000.0,-205000000.0,,,,,1217000000.0,8000000.0,,50000000.0,106000000.0,-180500000.0,0.0,205000000.0,3.2634146341463413,950000000.0,,,,0.31727460426703374
HII,Industrials,2013-03-31,2391000000.0,6251000000.0,652000000.0,30000000.0,,1199000000.0,247000000.0,,1817000000.0,65000000.0,-362000000.0,,,,,1177000000.0,9000000.0,,44000000.0,95000000.0,-83166666.66666667,0.0,362000000.0,1.8011049723756907,1214000000.0,,,,0.2906734922412414
HII,Industrials,2013-06-30,2269000000.0,6047000000.0,623000000.0,,,1101000000.0,287000000.0,,1817000000.0,87000000.0,-316500000.0,,,,,1220000000.0,10000000.0,,57000000.0,116000000.0,51000000.0,1.0,316500000.0,1.9684044233807267,1049000000.0,,,,0.3004795766495783
HII,Industrials,2014-03-31,2544000000.0,6107000000.0,742000000.0,24000000.0,,1299000000.0,263000000.0,,1779000000.0,132000000.0,-214000000.0,,,,,1240000000.0,5000000.0,,90000000.0,159000000.0,115166666.66666667,1.0,214000000.0,3.467289719626168,1304000000.0,,,,0.29130505976747995
HII,Industrials,2018-09-30,1859000000.0,6199000000.0,68000000.0,,,472000000.0,407000000.0,,1282000000.0,295000000.0,-93000000.0,,,2083000000.0,,1631000000.0,11000000.0,,229000000.0,290000000.0,69333333.33333333,1.0,93000000.0,0.7311827956989247,228000000.0,,0.13922227556409025,,0.20680754960477496
HII,Industrials,2019-06-30,2123000000.0,7230000000.0,29000000.0,,,564000000.0,616000000.0,,1698000000.0,164000000.0,-166000000.0,,,2188000000.0,,1902000000.0,7000000.0,,128000000.0,175000000.0,178333333.33333334,1.0,166000000.0,0.2196183591894155,221000000.0,,0.07998171846435101,,0.23485477178423236
HII,Industrials,2021-06-30,2317000000.0,8132000000.0,348000000.0,,,443000000.0,349000000.0,,1689000000.0,161000000.0,-106500000.0,,,2231000000.0,,2123000000.0,3000000.0,,129000000.0,128000000.0,68833333.33333333,1.0,106500000.0,3.267605633802817,194000000.0,,0.05737337516808606,,0.20769798327594688
HII,Industrials,2022-03-31,2786000000.0,10557000000.0,330000000.0,43000000.0,,671000000.0,544000000.0,,,176000000.0,-83000000.0,,,2576000000.0,,2421000000.0,9000000.0,,140000000.0,138000000.0,-29500000.0,0.0,83000000.0,3.9759036144578315,365000000.0,,0.05357142857142857,,
HII,Industrials,2022-06-30,2820000000.0,10586000000.0,375000000.0,,,681000000.0,528000000.0,,,222000000.0,-60500000.0,,,2662000000.0,,2447000000.0,7000000.0,,178000000.0,191000000.0,-12500000.0,0.0,60500000.0,6.198347107438017,373000000.0,,0.07175056348610068,,
HII,Industrials,2022-09-30,2817000000.0,10615000000.0,117000000.0,,,721000000.0,539000000.0,,,162000000.0,-19000000.0,,,2626000000.0,,2892000000.0,12000000.0,,138000000.0,131000000.0,105500000.0,1.0,19000000.0,6.157894736842105,-75000000.0,,0.049885757806549885,,
HII,Industrials,2023-03-31,2752000000.0,10849000000.0,318000000.0,43000000.0,,755000000.0,505000000.0,,,163000000.0,-9000000.0,,,2674000000.0,,2867000000.0,12000000.0,,129000000.0,141000000.0,41166666.666666664,1.0,9000000.0,35.333333333333336,-115000000.0,,0.05272999252056844,,
HII,Industrials,2023-06-30,2817000000.0,10859000000.0,313000000.0,,,786000000.0,519000000.0,,,169000000.0,-9500000.0,,,2787000000.0,,2927000000.0,6000000.0,,130000000.0,156000000.0,-94000000.0,0.0,9500000.0,32.94736842105263,-110000000.0,,0.05597416576964478,,
HII,Industrials,2024-03-31,2833000000.0,11167000000.0,10000000.0,75000000.0,,718000000.0,608000000.0,80000000.0,,184000000.0,-202000000.0,,,2805000000.0,,2948000000.0,14000000.0,,153000000.0,154000000.0,-199000000.0,0.0,202000000.0,0.2196183591894155,-115000000.0,,0.054901960784313725,,
HII,Industrials,2024-06-30,2912000000.0,11310000000.0,,,,706000000.0,652000000.0,80000000.0,,216000000.0,-415000000.0,,,2977000000.0,,3563000000.0,,,173000000.0,189000000.0,81333333.33333333,1.0,415000000.0,,-651000000.0,,0.06348673160900235,,
HLT,Consumer Discretionary,2017-06-30,1999000000.0,14269000000.0,784000000.0,,,921000000.0,,,,262500000.0,-124500000.0,,,2211000000.0,,1989000000.0,34000000.0,,158000000.0,344500000.0,246000000.0,1.0,124500000.0,6.2971887550200805,10000000.0,,0.1558118498417006,,
HLT,Consumer Discretionary,2020-09-30,4584000000.0,17129000000.0,3405000000.0,,,890000000.0,,,,-114000000.0,-100000000.0,,,,,2299000000.0,,,-79000000.0,11000000.0,-205333333.33333334,0.0,100000000.0,34.05,2285000000.0,,,,
HLT,Consumer Discretionary,2021-03-31,3468000000.0,15974000000.0,2402000000.0,3000000.0,,797000000.0,,,,-144000000.0,-171000000.0,,,,,2476000000.0,,,-108000000.0,21000000.0,-83333333.33333333,0.0,171000000.0,14.046783625730994,992000000.0,,,,
HLT,Consumer Discretionary,2021-06-30,2379000000.0,15090000000.0,1044000000.0,,,952000000.0,,,,127000000.0,-723000000.0,,,,,2779000000.0,,,130000000.0,224000000.0,337333333.3333333,1.0,723000000.0,1.4439834024896265,-400000000.0,,,,
HOLX,Health Care,2017-04-01,2051800000.0,8706600000.0,1134600000.0,,,456700000.0,177100000.0,,3283200000.0,,-31450000.0,55400000.0,-611100000.0,715400000.0,384000000.0,2375400000.0,,388700000.0,526800000.0,999800000.0,34350000.0,1.0,31450000.0,36.07631160572337,-323600000.0,0.5433324014537322,0.4056571445047538,0.0774391948560246,0.37709323961132934
HOLX,Health Care,2017-07-01,1536000000.0,8118000000.0,588400000.0,,,520300000.0,148700000.0,,3220900000.0,,-411700000.0,62500000.0,294600000.0,806100000.0,357000000.0,1812800000.0,,409600000.0,59500000.0,115000000.0,249583333.33333334,1.0,411700000.0,1.4291960165168813,-276800000.0,0.5081255427366331,0.14266220071951372,0.07753380473886615,0.39676028578467604
HOLX,Health Care,2019-03-30,1511000000.0,6525300000.0,401000000.0,,232900000.0,557500000.0,165200000.0,,3110400000.0,,-12150000.0,57300000.0,365600000.0,818400000.0,443400000.0,1045200000.0,,42400000.0,-272600000.0,-323200000.0,102766666.66666667,1.0,12150000.0,33.00411522633745,465800000.0,0.05180840664711633,-0.3949169110459433,0.07001466275659823,0.4766677394142798
HOLX,Health Care,2023-04-01,4211400000.0,9448700000.0,,,292100000.0,714000000.0,187400000.0,,2823900000.0,279300000.0,-518850000.0,74000000.0,313700000.0,1026500000.0,687600000.0,955000000.0,,585800000.0,218500000.0,272100000.0,222983333.33333334,1.0,518850000.0,,3256400000.0,0.5706770579639552,0.2650754992693619,0.07208962493911349,0.29886651073692677
HON,Industrials,2011-03-31,16031000000.0,,3076000000.0,124000000.0,6517000000.0,,4308000000.0,242000000.0,7279000000.0,946000000.0,-443000000.0,,,8790500000.0,4290000000.0,11770000000.0,,,705000000.0,,-9000000.0,0.0,443000000.0,6.943566591422122,4261000000.0,,,,
HON,Industrials,2011-06-30,17386000000.0,,3548000000.0,,6664000000.0,,4442000000.0,,7304000000.0,1100000000.0,-884000000.0,,,9086000000.0,4197000000.0,12111000000.0,,,810000000.0,,449333333.3333333,1.0,884000000.0,4.013574660633484,5275000000.0,,,,
HON,Industrials,2022-06-30,23847000000.0,62258000000.0,8248000000.0,,5853000000.0,7738000000.0,6245000000.0,,15590000000.0,1704000000.0,-862500000.0,386000000.0,,,5576000000.0,19947000000.0,,,1261000000.0,1867000000.0,140333333.33333334,1.0,862500000.0,9.562898550724638,3900000000.0,,,,0.25040958591666934
HON,Industrials,2023-03-31,22510000000.0,59883000000.0,6869000000.0,193000000.0,5498000000.0,7862000000.0,6443000000.0,,15607000000.0,1782000000.0,-784000000.0,357000000.0,,,5776000000.0,17896000000.0,,,1394000000.0,1947000000.0,459666666.6666667,1.0,784000000.0,8.761479591836734,4614000000.0,,,,0.2606248851927926
HON,Industrials,2023-06-30,24183000000.0,62337000000.0,8626000000.0,,5626000000.0,7994000000.0,6445000000.0,,18545000000.0,1904000000.0,-878000000.0,375000000.0,,,5890000000.0,17174000000.0,,,1487000000.0,2082500000.0,961166666.6666666,1.0,878000000.0,9.824601366742597,7009000000.0,,,,0.2974958692269439
HPE,Information Technology,2016-01-31,27756000000.0,77352000000.0,8505000000.0,,,7898000000.0,4908000000.0,989000000.0,,319000000.0,-75000000.0,585000000.0,,12724000000.0,2345000000.0,20351000000.0,165000000.0,,267000000.0,384000000.0,8500000.0,1.0,75000000.0,113.4,7405000000.0,,0.030179188934297392,0.04597610814209368,
HPE,Information Technology,2017-01-31,25525000000.0,76662000000.0,9858000000.0,,,6482000000.0,5535000000.0,840000000.0,,340000000.0,-1327000000.0,420500000.0,,9154500000.0,1988000000.0,21686000000.0,174000000.0,,267000000.0,458000000.0,-315833333.3333333,0.0,1327000000.0,7.428786737000753,3839000000.0,,0.05003003987110164,0.04593369381178655,
HPE,Information Technology,2017-04-30,20273000000.0,67470000000.0,8101000000.0,,,3810000000.0,5194000000.0,,,107000000.0,-2012500000.0,431000000.0,,7126500000.0,2041000000.0,17578000000.0,126000000.0,,-612000000.0,188500000.0,400666666.6666667,1.0,2012500000.0,4.025341614906832,2695000000.0,,0.026450571809443626,0.06047849575527959,
HPE,Information Technology,2020-01-31,14751000000.0,52244000000.0,3171000000.0,,,2864000000.0,5332000000.0,690000000.0,,378000000.0,-79000000.0,485000000.0,,6949000000.0,2560000000.0,18754000000.0,,,333000000.0,348000000.0,391166666.6666667,1.0,79000000.0,40.139240506329116,-4003000000.0,,0.05007914807886027,0.0697942149949633,
HPE,Information Technology,2020-04-30,17983000000.0,54515000000.0,5131000000.0,,,2610000000.0,5482000000.0,,,-911000000.0,-1261500000.0,450000000.0,,6009000000.0,3476000000.0,20197000000.0,,,-821000000.0,-834000000.0,1157833333.3333333,1.0,1261500000.0,4.0673801030519225,-2214000000.0,,-0.13879181228157764,0.07488766849725412,
HPE,Information Technology,2022-01-31,19342000000.0,57873000000.0,3861000000.0,,,3432000000.0,6549000000.0,621000000.0,14072000000.0,493000000.0,-76000000.0,504000000.0,,6961000000.0,5321000000.0,20473000000.0,,,513000000.0,448000000.0,-243166666.66666666,0.0,76000000.0,50.80263157894737,-1131000000.0,,0.0643585691710961,0.07240339031748312,0.24315311112263058
HPE,Information Technology,2022-04-30,18172000000.0,56324000000.0,3027000000.0,,,3122000000.0,5671000000.0,,13501000000.0,276000000.0,-1154500000.0,517000000.0,,6713000000.0,5322000000.0,20190000000.0,,,250000000.0,207000000.0,-97833333.33333333,0.0,1154500000.0,2.6219142485924642,-2018000000.0,,0.03083569194100998,0.07701474750484136,0.23970243590654072
HPE,Information Technology,2023-01-31,18234000000.0,55591000000.0,2530000000.0,,,4201000000.0,6535000000.0,656000000.0,12926000000.0,623000000.0,-829000000.0,623000000.0,,7809000000.0,4644000000.0,21476000000.0,,,501000000.0,591000000.0,290166666.6666667,1.0,829000000.0,3.051869722557298,-3242000000.0,,0.07568190549366116,0.0797797413241132,0.23251965246172943
HPE,Information Technology,2023-04-30,17560000000.0,55549000000.0,2781000000.0,,,3711000000.0,5501000000.0,,13376000000.0,522000000.0,-718500000.0,570000000.0,,6973000000.0,4317000000.0,20251000000.0,,,418000000.0,520000000.0,651166666.6666666,1.0,718500000.0,3.8705636743215033,-2691000000.0,,0.07457335436684354,0.08174386920980926,0.24079641397684926
HPE,Information Technology,2025-01-31,33012000000.0,70327000000.0,13431000000.0,,,3450000000.0,10747000000.0,599000000.0,17877000000.0,733000000.0,-390000000.0,475000000.0,,7854000000.0,8577000000.0,24904000000.0,,,627000000.0,433000000.0,-226333333.33333334,0.0,390000000.0,34.43846153846154,8108000000.0,,0.055131143366437485,0.060478736949325186,0.25419824533962776
HPQ,Information Technology,2011-04-30,56075000000.0,125127000000.0,12738000000.0,,,18621000000.0,14222000000.0,,,,-1739000000.0,815000000.0,,31632000000.0,6778000000.0,51370000000.0,,,2304000000.0,2968000000.0,3207000000.0,1.0,1739000000.0,7.324899367452559,4705000000.0,,0.09382903388973192,0.025765048052604957,
HPQ,Information Technology,2016-01-31,15155000000.0,25517000000.0,3688000000.0,,,4114000000.0,9041000000.0,79000000.0,,834000000.0,-105000000.0,292000000.0,,12246000000.0,4052000000.0,16761000000.0,61000000.0,,592000000.0,928000000.0,455500000.0,1.0,105000000.0,35.12380952380953,-1606000000.0,,0.07577984648048343,0.023844520659807283,
HPQ,Information Technology,2016-04-30,15385000000.0,25523000000.0,4636000000.0,,,3884000000.0,9099000000.0,,,836000000.0,-468500000.0,301000000.0,,11588000000.0,3547000000.0,16862000000.0,40000000.0,,629000000.0,841000000.0,594333333.3333334,1.0,468500000.0,9.895410885805763,-1477000000.0,,0.07257507766655161,0.025975146703486364,
HPQ,Information Technology,2017-04-30,18302000000.0,28686000000.0,6223000000.0,,,3771000000.0,11079000000.0,,,754000000.0,-52000000.0,314000000.0,,12385000000.0,4756000000.0,18604000000.0,48000000.0,,559000000.0,818000000.0,1106166666.6666667,1.0,52000000.0,119.67307692307692,-302000000.0,,0.06604763827210335,0.025353249899071457,
HPQ,Information Technology,2019-04-30,18285000000.0,31946000000.0,3556000000.0,,,5414000000.0,13839000000.0,,,883000000.0,-57000000.0,353000000.0,,14036000000.0,5394000000.0,23203000000.0,,,782000000.0,928000000.0,790000000.0,1.0,57000000.0,62.3859649122807,-4918000000.0,,0.06611570247933884,0.025149615275007125,
HPQ,Information Technology,2020-04-30,19660000000.0,33773000000.0,4054000000.0,,,5146000000.0,14195000000.0,,,826000000.0,-1258000000.0,338000000.0,,12469000000.0,6354000000.0,25276000000.0,,,764000000.0,826000000.0,1312000000.0,1.0,1258000000.0,3.2225755166931638,-5616000000.0,,0.06624428582885557,0.0271072259202823,
HPQ,Information Technology,2023-01-31,17305000000.0,36148000000.0,1405000000.0,,,4312000000.0,13512000000.0,209000000.0,,569333333.3333334,-16000000.0,403000000.0,,13808000000.0,7344000000.0,25053000000.0,,2787000000.0,472600000.0,750333333.3333334,219111111.11111107,1.0,16000000.0,87.8125,-6987757640.0,0.20183951332560834,0.05434047894940132,0.02918597914252607,
HPQ,Information Technology,2023-04-30,17023000000.0,36366000000.0,1923000000.0,,,4137000000.0,13317000000.0,,,592000000.0,-439666666.6666667,410000000.0,,12909000000.0,7221000000.0,24034000000.0,,2914000000.0,1057000000.0,752000000.0,333666666.6666667,1.0,439666666.6666667,4.373768006065201,-6987757640.0,0.22573398404214115,0.05825393136571384,0.03176078704779611,
HPQ,Information Technology,2024-04-30,18593000000.0,37433000000.0,2442000000.0,,,4319000000.0,14362000000.0,,,797000000.0,-96000000.0,436000000.0,,12800000000.0,7512000000.0,24839000000.0,,3023000000.0,607000000.0,952000000.0,28000000.0,1.0,96000000.0,25.4375,-6246000000.0,0.236171875,0.074375,0.0340625,
HRL,Consumer Staples,2019-04-28,2250667000.0,7935745000.0,639327000.0,,1875595000.0,537447000.0,523673000.0,,,318046000.0,-6009500.0,,,,1030574000.0,1051676000.0,5600000.0,469149000.0,282429000.0,312364000.0,219190333.33333334,1.0,6009500.0,106.38605541226391,1198991000.0,,,,
HRL,Consumer Staples,2021-04-25,3514292000.0,9889004000.0,1484533000.0,,2130314000.0,722185000.0,577365000.0,,,292620000.0,-77784000.0,,,,1229030000.0,1175179000.0,,476307000.0,227901000.0,289415000.0,272833666.6666667,1.0,77784000.0,19.085326031060372,2339113000.0,,,,
HSIC,Health Care,2012-03-31,2307010000.0,4759633000.0,101813000.0,,,957470000.0,571341000.0,30420000.0,,,-48605000.0,,,,975797000.0,1139136000.0,,610579000.0,80752000.0,133295000.0,10663833.333333334,1.0,48605000.0,2.0947021911325994,1167874000.0,,,,
HSIC,Health Care,2012-06-30,2331144000.0,4835256000.0,87896000.0,,,972292000.0,619936000.0,,,,-8506500.0,,,,976996000.0,1283454000.0,,624395000.0,98086000.0,154702000.0,22937000.0,1.0,8506500.0,10.332804326103568,1047690000.0,,,,
HSIC,Health Care,2013-03-30,2585415000.0,5205686000.0,90562000.0,,1646520000.0,1028163000.0,609028000.0,32393000.0,,,-38047000.0,,,,1136043000.0,1242569000.0,5300000.0,646991000.0,91478000.0,153629000.0,90554500.0,1.0,38047000.0,2.380266512471417,1342846000.0,,,,
HSIC,Health Care,2017-04-01,3392257000.0,6844620000.0,62888000.0,,2100028000.0,1362832000.0,843782000.0,44749000.0,,,-52591000.0,,,2922948000.0,1623983000.0,2285432000.0,8500000.0,822920000.0,140748000.0,193968000.0,15841000.0,1.0,52591000.0,1.1957939571409557,1106825000.0,0.2815376804513799,0.06636040052713904,,
HSIC,Health Care,2017-07-01,3463777000.0,7097456000.0,74654000.0,,2220285000.0,1409060000.0,882674000.0,,,,-12895000.0,,,3059458000.0,1567159000.0,2229945000.0,10900000.0,839173000.0,136055000.0,210662000.0,41184500.0,1.0,12895000.0,5.789375727025979,1233832000.0,0.2742881255438055,0.06885598691009977,,
HSIC,Health Care,2018-03-31,4120805000.0,7914876000.0,89741000.0,,1939584000.0,1576390000.0,1020739000.0,43895500.0,,,-70944000.0,,,3220439000.0,2015069000.0,2856291000.0,8250000.0,807360500.0,140218000.0,184191000.0,67754833.33333333,1.0,70944000.0,1.2649554578258908,1264514000.0,0.25069889539904344,0.05719437629466045,,
HSIC,Health Care,2019-03-30,3109111000.0,7144864000.0,88115000.0,,1608578000.0,1193054000.0,695204000.0,40300000.0,,,-33739000.0,,,,1370376000.0,1878776000.0,7100000.0,751690000.0,109783000.0,172441000.0,83541666.66666667,1.0,33739000.0,2.6116660244820533,1230335000.0,,,,
HSIC,Health Care,2019-06-29,3108714000.0,7112337000.0,,,1680396000.0,1203925000.0,745621000.0,,,,-65885000.0,,,,1367516000.0,1825277000.0,12700000.0,767431000.0,114532000.0,162288000.0,43158833.333333336,1.0,65885000.0,,1283437000.0,,,,
HSIC,Health Care,2020-06-27,3409206000.0,7318125000.0,,,1230119000.0,1101201000.0,734957000.0,,,,-187033500.0,,,,1406719000.0,2307241000.0,5200000.0,454280000.0,-10797000.0,-7433000.0,138609833.33333334,1.0,187033500.0,,1101965000.0,,,,
HSY,Consumer Staples,2008-09-28,,,135632000.0,,,,,,,,-71481000.0,,,,,,,,124538000.0,,299530750.0,1.0,71481000.0,1.8974552678334102,,,,,
HSY,Consumer Staples,2010-07-04,1414988000.0,3619987000.0,249070000.0,,,321051000.0,304993000.0,,,,-52926000.0,,,,603728000.0,876009000.0,13200000.0,,46723000.0,,125107166.66666667,1.0,52926000.0,4.706004610210482,538979000.0,,,,
HSY,Consumer Staples,2011-10-02,1814015000.0,4130506000.0,292339000.0,,,620745000.0,430251000.0,,1598400000.0,,-29463000.0,,,,654455000.0,1181427000.0,6800000.0,,,,251031500.0,1.0,29463000.0,9.92224145538472,632588000.0,,,,0.38697438037857834
HSY,Consumer Staples,2014-06-29,2261809000.0,5184969000.0,562601000.0,,,423648000.0,464938000.0,50830000.0,1795832000.0,256730000.0,-139925000.0,,,,855182000.0,1261565000.0,14742000.0,,168168000.0,277283000.0,254411166.66666666,1.0,139925000.0,4.0207325352867604,1000244000.0,,,,0.34635346903713404
HUBB,Industrials,2010-06-30,1024500000.0,2559100000.0,287800000.0,,435400000.0,,168800000.0,,,,-55450000.0,,,,276500000.0,445800000.0,,211000000.0,57600000.0,93500000.0,54933333.333333336,1.0,55450000.0,5.190261496844004,578700000.0,,,,
HUBB,Industrials,2012-06-30,1405900000.0,2909300000.0,544600000.0,,518600000.0,,235000000.0,,,,-4000000.0,,,,355300000.0,480600000.0,,259800000.0,77500000.0,124500000.0,44666666.666666664,1.0,4000000.0,136.15,925300000.0,,,,
HUBB,Industrials,2015-06-30,1536800000.0,3330100000.0,444300000.0,,590400000.0,,279800000.0,,,,-20450000.0,,,,511900000.0,516300000.0,,283600000.0,80100000.0,126700000.0,60866666.666666664,1.0,20450000.0,21.726161369193154,1020500000.0,,,,
HUBB,Industrials,2017-06-30,1609600000.0,3666700000.0,367700000.0,,653200000.0,,353000000.0,,,,-2950000.0,,,,585300000.0,1025300000.0,,295100000.0,79100000.0,132500000.0,44850000.0,1.0,2950000.0,124.64406779661017,584300000.0,,,,
HUBB,Industrials,2018-03-31,1720800000.0,4975400000.0,216300000.0,,708300000.0,,374500000.0,39650000.0,,,-400000.0,,,,714300000.0,898500000.0,,282900000.0,58300000.0,99600000.0,101000000.0,1.0,1179870.0,469.25,822300000.0,,,,
HUBB,Industrials,2021-06-30,1745100000.0,5172800000.0,265400000.0,,808500000.0,,465700000.0,,,106500000.0,-246300000.0,,,,638300000.0,999400000.0,,314550000.0,95800000.0,147450000.0,97500000.0,1.0,246300000.0,1.077547706049533,745700000.0,,,,
HUM,Health Care,2009-06-30,8772364000.0,13684389000.0,1585109000.0,,,,,,,,-135488500.0,,,7898889000.0,,5466602000.0,,,281780000.0,466524000.0,733659500.0,1.0,135488500.0,11.699214324462961,3305762000.0,,0.059061976943846156,,
HUM,Health Care,2011-06-30,11475227000.0,17594905000.0,1567912000.0,,,,,,,,-187753000.0,,,9284065500.0,,6355764000.0,,,460143500.0,754088500.0,2126385833.3333333,1.0,187753000.0,8.350929146271964,5119463000.0,,0.08122395301928881,,
HUM,Health Care,2012-09-30,11678000000.0,18797000000.0,1363000000.0,,,,,,,,-1334000000.0,,,9651000000.0,,6369000000.0,,,426000000.0,701000000.0,239500000.0,1.0,1334000000.0,1.0217391304347827,5309000000.0,,0.07263496010776085,,
HUM,Health Care,2013-06-30,12628000000.0,20848000000.0,1519000000.0,,,,,,,,-1133000000.0,,,10321000000.0,,6770000000.0,,,420000000.0,689000000.0,860500000.0,1.0,1133000000.0,1.3406884377758164,5858000000.0,,0.06675709718050576,,
HUM,Health Care,2015-06-30,16975000000.0,25384000000.0,2250000000.0,,,,,,,,-1213500000.0,,,13732000000.0,,8973000000.0,,,431000000.0,573000000.0,488166666.6666667,1.0,1213500000.0,1.854140914709518,8002000000.0,,0.041727352170113606,,
HUM,Health Care,2016-06-30,17736000000.0,27236000000.0,2429000000.0,,,,,,,,-59500000.0,,,14007000000.0,,9934000000.0,,,311000000.0,683000000.0,3484166666.6666665,1.0,59500000.0,40.8235294117647,7802000000.0,,0.048761333618904834,,
HUM,Health Care,2018-09-30,19077000000.0,27490000000.0,4142000000.0,,,,,,,910000000.0,-1055000000.0,,,14206000000.0,,11324000000.0,,,644000000.0,961000000.0,1471666666.6666667,1.0,1055000000.0,3.9260663507109004,7753000000.0,,0.06764747289877517,,
HUM,Health Care,2021-03-31,25526000000.0,37415000000.0,3877000000.0,290000000.0,,,,,,1061000000.0,-837000000.0,,,20668000000.0,,15300000000.0,,,828000000.0,1223000000.0,-6000000.0,0.0,837000000.0,4.632019115890084,10226000000.0,,0.059173601703115926,,
HUM,Health Care,2021-06-30,25790000000.0,38070000000.0,3378000000.0,,,,,,,771000000.0,-3155000000.0,,,20645000000.0,,15051000000.0,,,588000000.0,1236000000.0,1073000000.0,1.0,3155000000.0,1.0706814580031696,10739000000.0,,0.0598692177282635,,
HUM,Health Care,2024-06-30,32858000000.0,50093000000.0,5501000000.0,,,,,,,901000000.0,-3921500000.0,,,29540000000.0,,19790000000.0,,,679000000.0,1141000000.0,99000000.0,1.0,3921500000.0,1.4027795486421013,13068000000.0,,0.038625592417061615,,
HWM,Industrials,2008-09-30,,,831000000.0,,,,,,,,-93000000.0,61000000.0,,,,,,,268000000.0,,-209166666.66666666,0.0,93000000.0,8.935483870967742,,,,,
HWM,Industrials,2009-03-31,,,1131000000.0,468000000.0,,,,283000000.0,,,-271000000.0,41000000.0,,,,,,,-497000000.0,,-52500000.0,0.0,271000000.0,4.173431734317343,,,,,
HWM,Industrials,2009-06-30,7459000000.0,37648000000.0,851000000.0,,,1611000000.0,,,,,-569000000.0,38000000.0,,,2493000000.0,5055000000.0,,,-454000000.0,,303500000.0,1.0,569000000.0,1.4956063268892794,2404000000.0,,,,
HWM,Industrials,2011-03-31,7209000000.0,40336000000.0,887000000.0,204000000.0,,2001000000.0,2488000000.0,361000000.0,,,-236000000.0,43000000.0,,,2995000000.0,5717000000.0,,,308000000.0,,123166666.66666667,1.0,236000000.0,3.7584745762711864,1492000000.0,,,,
HWM,Industrials,2012-03-31,7883000000.0,40703000000.0,1749000000.0,270000000.0,,1526000000.0,2734000000.0,369000000.0,,,-236000000.0,43000000.0,,,3097000000.0,6292000000.0,,,94000000.0,,-10500000.0,0.0,236000000.0,7.411016949152542,1591000000.0,,,,
HWM,Industrials,2012-06-30,7767000000.0,39498000000.0,1712000000.0,,,1575000000.0,2633000000.0,,,,-224500000.0,47000000.0,,,3051000000.0,6151000000.0,,,-2000000.0,,24333333.333333332,1.0,224500000.0,7.625835189309577,1616000000.0,,,,
HWM,Industrials,2013-03-31,7768000000.0,40106000000.0,1555000000.0,235000000.0,,1680000000.0,2860000000.0,361000000.0,,,-70000000.0,45000000.0,,,2982000000.0,6500000000.0,,,149000000.0,,-152333333.33333334,0.0,70000000.0,22.214285714285715,1268000000.0,,,,
HWM,Industrials,2013-06-30,7237000000.0,38551000000.0,1202000000.0,,,1354000000.0,2920000000.0,,,,-120000000.0,46000000.0,,,2905000000.0,6147000000.0,,,-119000000.0,,-168500000.0,0.0,120000000.0,10.016666666666667,1090000000.0,,,,
HWM,Industrials,2014-03-31,6765000000.0,35605000000.0,665000000.0,209000000.0,,1379000000.0,2853000000.0,340000000.0,,,-551000000.0,51000000.0,,,3067000000.0,5267000000.0,,,-178000000.0,,-175000000.0,0.0,551000000.0,1.206896551724138,1498000000.0,,,,
HWM,Industrials,2015-03-31,7722000000.0,35694000000.0,1191000000.0,247000000.0,,1469000000.0,2934000000.0,321000000.0,,,-175000000.0,55000000.0,,,3173000000.0,5064000000.0,,,195000000.0,,95666666.66666667,1.0,175000000.0,6.805714285714286,2658000000.0,,,,
HWM,Industrials,2016-03-31,7665000000.0,36140000000.0,1384000000.0,251000000.0,,1556000000.0,2657000000.0,309000000.0,,,-430000000.0,36500000.0,,,3549000000.0,5555000000.0,,,16000000.0,,-166000000.0,0.0,430000000.0,3.218604651162791,2110000000.0,,,,
HWM,Industrials,2016-06-30,8093000000.0,36139000000.0,1929000000.0,,,1595000000.0,2665000000.0,,,,-456500000.0,35500000.0,,,3438000000.0,5488000000.0,,,135000000.0,283000000.0,-115000000.0,0.0,456500000.0,4.225629791894852,2605000000.0,,,,
HWM,Industrials,2017-03-31,6710000000.0,20157000000.0,2553000000.0,103000000.0,,1148000000.0,1597000000.0,133000000.0,,,-347500000.0,28000000.0,,,2328000000.0,2587000000.0,,,322000000.0,283000000.0,-227333333.33333334,0.0,347500000.0,7.3467625899280575,4123000000.0,,,,
HWM,Industrials,2017-06-30,6033000000.0,19106000000.0,1785000000.0,,,1170000000.0,1667000000.0,,6796000000.0,,-303500000.0,29500000.0,,3261000000.0,2416000000.0,2658000000.0,,,212000000.0,300500000.0,-150666666.66666666,0.0,303500000.0,5.881383855024712,3375000000.0,,0.09214964734743944,0.009046304814474087,0.3556997801737674
HWM,Industrials,2018-03-31,5895000000.0,18219000000.0,1205000000.0,117000000.0,,1179000000.0,1874000000.0,142000000.0,6312000000.0,,-436000000.0,23000000.0,,3445000000.0,2648000000.0,2802000000.0,,,143000000.0,333000000.0,-93500000.0,0.0,436000000.0,2.7637614678899083,3093000000.0,,0.09666182873730043,0.006676342525399129,0.34645150666886215
HWM,Industrials,2018-06-30,6075000000.0,18219000000.0,1455000000.0,,,1159000000.0,2024000000.0,,6315000000.0,,-73500000.0,29000000.0,,3573000000.0,2659000000.0,2977000000.0,,,120000000.0,324000000.0,-84833333.33333333,0.0,73500000.0,19.79591836734694,3098000000.0,,0.0906801007556675,0.00811642877134061,0.34661616993248806
HWM,Industrials,2019-03-31,6053000000.0,18361000000.0,1319000000.0,168000000.0,,1170000000.0,2193000000.0,137000000.0,6304000000.0,,-258000000.0,22000000.0,,3541000000.0,2612000000.0,3659000000.0,,,187000000.0,374000000.0,-62166666.666666664,0.0,258000000.0,5.112403100775194,2394000000.0,,0.10561988138943801,0.006212934199378707,0.34333641958498995
HWM,Industrials,2019-06-30,6018000000.0,17913000000.0,1357000000.0,,,1155000000.0,2095000000.0,,6306000000.0,,-47500000.0,12000000.0,,3691000000.0,2606000000.0,3621000000.0,,,-121000000.0,-128500000.0,-122000000.0,0.0,47500000.0,28.568421052631578,2397000000.0,,-0.034814413438092655,0.003481354920164332,0.35203483503600735
HWM,Industrials,2020-03-31,6948000000.0,18465000000.0,2591000000.0,110500000.0,,1290000000.0,1799000000.0,129000000.0,7086000000.0,,-249500000.0,9500000.0,,,2512000000.0,4107000000.0,,,215000000.0,328500000.0,-52166666.666666664,0.0,249500000.0,10.384769539078157,2841000000.0,,,,0.383753046303818
HWM,Industrials,2020-06-30,3702000000.0,11363000000.0,1281000000.0,32000000.0,,364000000.0,632000000.0,,5086000000.0,,-227000000.0,4000000.0,,,1673000000.0,1658000000.0,,,-96000000.0,74000000.0,73500000.0,1.0,227000000.0,5.643171806167401,2044000000.0,,,,0.4475930652116519
HWM,Industrials,2021-03-31,3328000000.0,10971000000.0,1238000000.0,55000000.0,,339000000.0,596000000.0,68000000.0,4713000000.0,113000000.0,-6000000.0,5000000.0,,,1453000000.0,1680000000.0,,,80000000.0,189000000.0,90666666.66666667,1.0,6000000.0,206.33333333333334,1648000000.0,,,,0.42958709324582994
IBM,Information Technology,2022-06-30,27896000000.0,127503000000.0,7034000000.0,,,5867000000.0,3707000000.0,,,1722000000.0,-557000000.0,1673000000.0,,15535000000.0,1684000000.0,31844000000.0,254000000.0,8290000000.0,1392000000.0,,2950666666.6666665,1.0,557000000.0,12.628366247755835,-3948000000.0,0.53363373028645,,0.1076923076923077,
IDXX,Health Care,2012-06-30,555307000.0,1067317000.0,201813000.0,,,147159000.0,29706000.0,,,,-2959000.0,20058000.0,,,143703000.0,419151000.0,,184689000.0,51317000.0,75817000.0,40018833.333333336,1.0,2959000.0,68.20310915849949,136156000.0,,,,
IDXX,Health Care,2015-03-31,808909000.0,1431014000.0,182160000.0,23017000.0,,196231000.0,44183000.0,16154000.0,,,-14644000.0,25006000.0,,,173370000.0,803445000.0,,215544000.0,46594000.0,72803000.0,-49758000.0,0.0,14644000.0,12.43922425566785,5464000.0,,,,
IDXX,Health Care,2022-06-30,1042825000.0,2607185000.0,114362000.0,,,412898000.0,127262000.0,,,171083000.0,-92235000.0,123221000.0,,,332565000.0,1166547000.0,12300000.0,514032000.0,131979000.0,179066000.0,190786666.66666666,1.0,92235000.0,1.2398980864097142,-123722000.0,,,,
IEX,Industrials,2022-06-30,1551300000.0,4912800000.0,557800000.0,,439200000.0,421500000.0,,,1200100000.0,177100000.0,-9100000.0,,,796100000.0,457400000.0,513800000.0,,356900000.0,138200000.0,186600000.0,146683333.33333334,1.0,9100000.0,61.2967032967033,1037500000.0,0.44831051375455344,0.23439266423816105,,0.24428024751669108
IFF,Materials,2011-03-31,1387619000.0,2946546000.0,111970000.0,19375000.0,,,185205000.0,17962000.0,,,-34944000.0,57456000.0,,,559550000.0,633972000.0,6329000.0,,84043000.0,133357000.0,21733166.666666668,1.0,34944000.0,3.204269688644689,753647000.0,,,,
IFF,Materials,2011-06-30,1439230000.0,3008601000.0,123431000.0,,,,166438000.0,,983698000.0,,-102017500.0,56229000.0,,,568162000.0,628652000.0,9583000.0,,76188000.0,117985000.0,81406666.66666667,1.0,102017500.0,1.2099002622099149,810578000.0,,,,0.32696193347007463
IFF,Materials,2017-06-30,1993926000.0,4618875000.0,491386000.0,,,,265900000.0,,1894211000.0,,-112997500.0,71540500.0,,842861000.0,623762000.0,861223000.0,8372000.0,373786500.0,109795000.0,155414500.0,28532500.0,1.0,112997500.0,4.348644881523928,1132703000.0,0.44347347901967227,0.18438924093059236,0.08487817089650607,0.4101022435116776
IFF,Materials,2018-03-31,1970341000.0,4681276000.0,305276000.0,33105000.0,,,324262000.0,33384000.0,1713030000.0,,-11395000.0,78476000.0,,930928000.0,687817000.0,716752000.0,7775000.0,405809000.0,129416000.0,174856000.0,49815166.666666664,1.0,11395000.0,26.79034664326459,1253589000.0,0.4359187821184882,0.18782977845762508,0.08429867830809687,0.36593228000229
IFF,Materials,2018-06-30,2026580000.0,4673442000.0,322423000.0,,521299000.0,,315656000.0,,1723689000.0,,-44575500.0,74767000.0,,920016000.0,695192000.0,699370000.0,7796000.0,398717000.0,99149000.0,154509000.0,92652666.66666667,1.0,44575500.0,7.233188635012507,1327210000.0,0.4333805064259752,0.16794164449313925,0.08126706492061007,0.36882644526239977
IFF,Materials,2022-03-31,7507000000.0,39747000000.0,657000000.0,132000000.0,2081000000.0,,1629000000.0,303000000.0,,285000000.0,-4000000.0,157000000.0,,,2795000000.0,4032000000.0,9000000.0,1145000000.0,244000000.0,341000000.0,-82333333.33333333,0.0,4000000.0,164.25,3475000000.0,,,,
IFF,Materials,2022-06-30,7730000000.0,39304000000.0,569000000.0,,2171000000.0,,1576000000.0,,,130000000.0,-638500000.0,158000000.0,,,2993000000.0,4720000000.0,17000000.0,1136000000.0,107000000.0,213000000.0,224000000.0,1.0,638500000.0,0.8911511354737667,3010000000.0,,,,
IFF,Materials,2024-06-30,8149000000.0,29543000000.0,671000000.0,,1821000000.0,,1272000000.0,,,183000000.0,-61500000.0,173000000.0,,,2160000000.0,3425000000.0,26000000.0,1068000000.0,170000000.0,191000000.0,56500000.0,1.0,61500000.0,10.910569105691057,4724000000.0,,,,
INCY,Health Care,2011-03-31,425968000.0,459606000.0,377843000.0,,,,7791000.0,6430000.0,,,-44222000.0,36282000.0,,31973000.0,,110182000.0,6900000.0,,,-15825000.0,-175015000.0,0.0,44222000.0,8.544231378047126,315786000.0,,-0.4949488631032434,1.1347699621555687,
INCY,Health Care,2017-03-31,819175000.0,1607347000.0,361823000.0,,,,86327000.0,15027000.0,,,-173638000.0,407946000.0,,384082000.0,3961000.0,304716000.0,30600000.0,,-187083000.0,-133275500.0,-29357333.333333332,0.0,173638000.0,2.0837777445029313,514459000.0,,-0.3469975161554043,1.0621325654417546,
INCY,Health Care,2017-06-30,844803000.0,1639443000.0,451754000.0,,,,69093000.0,,,,-162033000.0,201812500.0,,326444000.0,2930000.0,293161000.0,33800000.0,,-12484000.0,7229500.0,43020833.333333336,1.0,162033000.0,2.788037004807663,551642000.0,,0.022146218034333608,0.6182147627158103,
INCY,Health Care,2020-03-31,1716169000.0,2752422000.0,1043241000.0,,,,60937000.0,13098000.0,,,-683417000.0,1085287000.0,,568507000.0,13977000.0,503412000.0,42500000.0,,-720642000.0,-664004000.0,-105114666.66666667,0.0,683417000.0,1.5265072422839936,1212757000.0,,-1.167978582497665,1.909012553935132,
INCY,Health Care,2020-06-30,2077625000.0,3212321000.0,1326730000.0,,,,90909000.0,,,307264000.0,-496536500.0,286601000.0,,688043000.0,16335000.0,556513000.0,46300000.0,,290298000.0,230773000.0,225397166.66666666,1.0,496536500.0,2.6719687273745234,1521112000.0,,0.3354049092861929,0.4165451868560541,
INCY,Health Care,2020-09-30,2159425000.0,3307430000.0,1497775000.0,,,,122512000.0,,,-3508000.0,-24902500.0,438109000.0,,620643000.0,17012000.0,606202000.0,43800000.0,,-15203000.0,5326000.0,420557166.6666667,1.0,24902500.0,60.14556771408493,1553223000.0,,0.008581422814726018,0.705895337577319,
INCY,Health Care,2023-03-31,3971633000.0,5797623000.0,2821051000.0,,,,55633000.0,19211000.0,,51856000.0,-105603000.0,406641000.0,,,40876000.0,1006111000.0,53400000.0,,21703000.0,24770000.0,74809833.33333333,1.0,105603000.0,26.71373919301535,2965522000.0,,,,
INCY,Health Care,2023-06-30,4264433000.0,6208259000.0,3131123000.0,,,,155538000.0,,,277604000.0,-142216500.0,400750000.0,,,35937000.0,1118773000.0,54500000.0,,203548000.0,193780000.0,-54828333.333333336,0.0,142216500.0,22.016594417666024,3145660000.0,,,,
INCY,Health Care,2024-06-30,2567085000.0,4661803000.0,987293000.0,,,,148174000.0,,,-389777000.0,-531131000.0,1138380000.0,,,100704000.0,1337055000.0,56600000.0,,-444601000.0,-478130000.0,311209000.0,1.0,531131000.0,1.8588502648122591,1230030000.0,,,,
INTC,Information Technology,2009-06-27,18467000000.0,49061000000.0,3826000000.0,,3945000000.0,1938000000.0,1726000000.0,,,,-403000000.0,1303000000.0,4091000000.0,,2805000000.0,7079000000.0,,4079000000.0,-398000000.0,-12000000.0,3921500000.0,1.0,403000000.0,9.49379652605459,11388000000.0,,,,
INTC,Information Technology,2012-06-30,25785000000.0,72352000000.0,5223000000.0,,4947000000.0,3544000000.0,3269000000.0,,,3934000000.0,-6622000000.0,2513000000.0,4722000000.0,,4904000000.0,10538000000.0,,8554000000.0,2827000000.0,3832000000.0,4716000000.0,1.0,4558205000.000002,0.7887345212926609,15247000000.0,,,,
INTC,Information Technology,2022-07-02,50588000000.0,170418000000.0,,,9734000000.0,6063000000.0,7945000000.0,,,-909000000.0,-5326500000.0,4400000000.0,6287000000.0,,12174000000.0,27218000000.0,,5587000000.0,-454000000.0,-700000000.0,-1199000000.0,0.0,4558205000.000002,,23370000000.0,,,,
INTC,Information Technology,2023-04-01,48314000000.0,185303000000.0,,7413000000.0,7707000000.0,3847000000.0,8083000000.0,,,-1158000000.0,-1785000000.0,4109000000.0,5476000000.0,,12993000000.0,27393000000.0,,4008000000.0,-2758000000.0,-1468000000.0,586333333.3333334,1.0,1785000000.0,,20921000000.0,,,,
INTC,Information Technology,2023-07-01,43356000000.0,185629000000.0,,,8311000000.0,2996000000.0,8757000000.0,,,-816000000.0,-2842000000.0,4080000000.0,5654000000.0,,11984000000.0,27180000000.0,,4638000000.0,1481000000.0,-1016000000.0,748833333.3333334,1.0,2842000000.0,,16176000000.0,,,,
INTC,Information Technology,2024-03-30,42608000000.0,192733000000.0,,5970000000.0,7507000000.0,3323000000.0,8559000000.0,,,-719000000.0,-1223000000.0,4382000000.0,6286000000.0,,11494000000.0,27213000000.0,,5217000000.0,-381000000.0,-1069000000.0,837500000.0,1.0,1223000000.0,,15395000000.0,,,,
INTC,Information Technology,2024-06-29,50829000000.0,206205000000.0,,,8286000000.0,3131000000.0,9618000000.0,,,-2004000000.0,-2354500000.0,4239000000.0,6511000000.0,,11244000000.0,32027000000.0,,4547000000.0,-1610000000.0,-1964000000.0,869000000.0,1.0,2354500000.0,,18802000000.0,,,,
INTU,Information Technology,2008-10-31,,,169000000.0,67000000.0,,,,,,,-200000000.0,136000000.0,,,,,,,-52000000.0,-76000000.0,279333333.3333333,1.0,200000000.0,0.845,,,,,
INTU,Information Technology,2009-10-31,1636000000.0,4454000000.0,313000000.0,32000000.0,,160000000.0,114000000.0,,,,-140000000.0,142000000.0,,,,1020000000.0,-27000000.0,,-68000000.0,-99500000.0,262833333.33333334,1.0,140000000.0,2.2357142857142858,616000000.0,,,,
INTU,Information Technology,2010-01-31,1916000000.0,4778000000.0,337000000.0,34000000.0,,468000000.0,159000000.0,,,,-44500000.0,144000000.0,,,,1354000000.0,37000000.0,,114000000.0,139000000.0,232750000.0,1.0,44500000.0,7.573033707865169,562000000.0,,,,
INTU,Information Technology,2010-10-31,2010000000.0,4943000000.0,112000000.0,51000000.0,,147000000.0,158000000.0,,,,-211000000.0,156000000.0,,,,1136000000.0,-35000000.0,,-70000000.0,-104000000.0,297750000.0,1.0,211000000.0,0.5308056872037915,874000000.0,,,,
INTU,Information Technology,2011-01-31,2024000000.0,4979000000.0,433000000.0,84000000.0,,481000000.0,199000000.0,,,,-134750000.0,158000000.0,,,,1504000000.0,38000000.0,,73000000.0,111000000.0,312250000.0,1.0,134750000.0,3.2133580705009277,520000000.0,,,,
INTU,Information Technology,2011-10-31,1880000000.0,4683000000.0,333000000.0,44000000.0,,166000000.0,168000000.0,,,,-110000000.0,165000000.0,,,,1636000000.0,,,-64000000.0,-89000000.0,347250000.0,1.0,110000000.0,3.0272727272727273,244000000.0,,,,
INTU,Information Technology,2012-01-31,2174000000.0,4962000000.0,277000000.0,48000000.0,,592000000.0,212000000.0,,,,-91250000.0,166000000.0,,,,2053000000.0,,,118000000.0,193500000.0,272111111.1111111,1.0,91250000.0,3.0356164383561643,121000000.0,,,,
INTU,Information Technology,2012-10-31,1334000000.0,4494000000.0,216000000.0,70000000.0,,184000000.0,167000000.0,,499000000.0,,-145000000.0,173000000.0,,,,1074000000.0,46000000.0,,-19000000.0,-71000000.0,314111111.1111111,1.0,145000000.0,1.4896551724137932,260000000.0,,,,0.11103693813974187
INTU,Information Technology,2013-01-31,1912000000.0,5089000000.0,399000000.0,45000000.0,,541000000.0,213000000.0,,499000000.0,,-316666666.6666667,174000000.0,,,,1596000000.0,44000000.0,,71000000.0,88500000.0,207000000.0,1.0,316666666.6666667,1.26,316000000.0,,,,0.09805462762821772
INTU,Information Technology,2013-10-31,1950000000.0,4068000000.0,417000000.0,47000000.0,,137000000.0,168000000.0,,499000000.0,,-190000000.0,176000000.0,,,,1153000000.0,47000000.0,,-11000000.0,-77000000.0,210666666.66666666,1.0,190000000.0,2.194736842105263,797000000.0,,,,0.12266470009832842
INTU,Information Technology,2014-01-31,2541000000.0,4718000000.0,625000000.0,,,435000000.0,225000000.0,,499000000.0,,-638000000.0,186000000.0,,,,1790000000.0,52000000.0,,-37000000.0,-46000000.0,250666666.66666666,1.0,638000000.0,0.9796238244514106,751000000.0,,,,0.10576515472657906
INTU,Information Technology,2014-10-31,2437000000.0,5038000000.0,542000000.0,55000000.0,,140000000.0,198000000.0,,499000000.0,,-118000000.0,194500000.0,,,,1360000000.0,59000000.0,,-84000000.0,-111500000.0,254833333.33333334,1.0,118000000.0,4.593220338983051,1077000000.0,,,,0.09904724096863834
INTU,Information Technology,2015-01-31,2578000000.0,5245000000.0,482000000.0,,,459000000.0,273000000.0,,499000000.0,,-518000000.0,194000000.0,,,,2109000000.0,58500000.0,,-66000000.0,-93500000.0,180166666.66666666,1.0,518000000.0,0.9305019305019305,469000000.0,,,,0.09513822688274547
INTU,Information Technology,2015-10-31,1427000000.0,3833000000.0,474000000.0,70000000.0,,124000000.0,178000000.0,,500000000.0,,-192500000.0,213000000.0,,,,1887000000.0,67000000.0,,-31000000.0,-29000000.0,220000000.0,1.0,192500000.0,2.4623376623376623,-460000000.0,,,,0.13044612575006523
INTU,Information Technology,2016-01-31,1467000000.0,4349000000.0,334000000.0,,,512000000.0,286000000.0,,1000000000.0,,-742000000.0,205000000.0,,,,2349000000.0,65000000.0,,24000000.0,42000000.0,206166666.66666666,1.0,742000000.0,0.4501347708894879,-882000000.0,,,,0.22993791676247413
INTU,Information Technology,2016-10-31,1262000000.0,3933000000.0,360000000.0,86000000.0,,121000000.0,165000000.0,,475000000.0,,-205000000.0,246000000.0,,,,2181000000.0,89000000.0,,-30000000.0,-61000000.0,313500000.0,1.0,205000000.0,1.7560975609756098,-919000000.0,,,,0.12077294685990338
INTU,Information Technology,2017-01-31,1679000000.0,4373000000.0,392000000.0,,,521000000.0,258000000.0,,463000000.0,,-783500000.0,243000000.0,,,,2803000000.0,81000000.0,,13000000.0,22000000.0,317833333.3333333,1.0,783500000.0,0.5003190810465858,-1124000000.0,,,,0.1058769723302081
INTU,Information Technology,2017-10-31,1415000000.0,4064000000.0,529000000.0,50000000.0,,116000000.0,220000000.0,,425000000.0,,-78000000.0,293000000.0,,,,2117000000.0,97000000.0,,-9500000.0,-46000000.0,353833333.3333333,1.0,78000000.0,6.782051282051282,-702000000.0,,,,0.1045767716535433
INTU,Information Technology,2018-01-31,1902000000.0,4898000000.0,478000000.0,,,532000000.0,343000000.0,,413000000.0,,-770500000.0,286000000.0,,,,3032000000.0,94000000.0,,81000000.0,107000000.0,318500000.0,1.0,770500000.0,0.6203763789746918,-1130000000.0,,,,0.08432013066557778
INTU,Information Technology,2018-10-31,2232000000.0,4928000000.0,1084000000.0,35000000.0,,77000000.0,209000000.0,,375000000.0,,-143000000.0,294000000.0,,,,1586000000.0,105000000.0,,34000000.0,-10000000.0,414833333.3333333,1.0,143000000.0,7.580419580419581,646000000.0,,,,0.07609577922077922
INTU,Information Technology,2019-01-31,2644000000.0,5335000000.0,1075000000.0,,,554000000.0,400000000.0,,363000000.0,,-876500000.0,295000000.0,,,,2001000000.0,100000000.0,,189000000.0,233000000.0,362666666.6666667,1.0,876500000.0,1.226468910439247,643000000.0,,,,0.06804123711340206
INTU,Information Technology,2019-10-31,3162000000.0,6183000000.0,1630000000.0,38000000.0,,104000000.0,272000000.0,,373000000.0,,-127000000.0,334000000.0,,,,1757000000.0,111000000.0,,57000000.0,10000000.0,316333333.3333333,1.0,127000000.0,12.834645669291339,1405000000.0,,,,0.06032670224809963
INTU,Information Technology,2020-01-31,3690000000.0,6701000000.0,1641000000.0,,,603000000.0,455000000.0,,373000000.0,,-1033000000.0,333000000.0,,,,2204000000.0,107000000.0,,240000000.0,270000000.0,414166666.6666667,1.0,1033000000.0,1.5885769603097772,1486000000.0,,,,0.05566333383077152
INTU,Information Technology,2021-01-31,4094000000.0,14598000000.0,1952000000.0,,,465000000.0,486000000.0,,2033000000.0,22000000.0,-739500000.0,368000000.0,,,,2677000000.0,180000000.0,,20000000.0,-25000000.0,468333333.3333333,1.0,739500000.0,2.6396213657876944,1417000000.0,,,,0.13926565282915468
INTU,Information Technology,2022-01-31,3490000000.0,26303000000.0,1257000000.0,,,889000000.0,883000000.0,,6732000000.0,30000000.0,-1124000000.0,590000000.0,,,,2968000000.0,336000000.0,,100000000.0,56000000.0,828333333.3333334,1.0,1124000000.0,1.1183274021352314,522000000.0,,,,0.25594038702809563
INTU,Information Technology,2023-01-31,4756000000.0,27202000000.0,1547000000.0,,,,811000000.0,,7077000000.0,228000000.0,-1163000000.0,630000000.0,,,,3862000000.0,423000000.0,,168000000.0,270000000.0,636333333.3333334,1.0,1163000000.0,1.3301805674978504,894000000.0,,,,0.2601646937725167
INTU,Information Technology,2023-10-31,6231000000.0,28488000000.0,1734000000.0,84000000.0,,,630000000.0,,5879000000.0,264000000.0,-97000000.0,680000000.0,,2978000000.0,,4996000000.0,495000000.0,,241000000.0,307000000.0,909000000.0,1.0,97000000.0,17.876288659793815,1235000000.0,,0.10308932169241102,0.22834116856950973,0.20636759337264812
INTU,Information Technology,2024-01-31,7300000000.0,29688000000.0,1474000000.0,,,,789000000.0,,5950000000.0,354000000.0,-1586000000.0,678000000.0,,3386000000.0,,6216000000.0,475000000.0,,353000000.0,369000000.0,1170166666.6666667,1.0,1586000000.0,0.9293820933165196,1084000000.0,,0.10897814530419374,0.2002362669816893,0.20041767717596334
INTU,Information Technology,2025-01-31,9135000000.0,31682000000.0,2435000000.0,,,,1038000000.0,,6260000000.0,571000000.0,-802500000.0,716000000.0,,3963000000.0,,7179000000.0,,,471000000.0,593000000.0,1936000000.0,1.0,802500000.0,3.034267912772586,1956000000.0,,0.14963411556901338,0.1806712086802927,0.19758853607726784
IP,Materials,2010-06-30,7729000000.0,25047000000.0,1871000000.0,,,,2307000000.0,,,,-985000000.0,,,,2212000000.0,4166000000.0,,,93000000.0,353000000.0,150500000.0,1.0,985000000.0,1.899492385786802,3563000000.0,,,,
IP,Materials,2010-09-30,7808000000.0,25089000000.0,1429000000.0,,,,2556000000.0,,,,-213000000.0,,,,2336000000.0,4518000000.0,,,397000000.0,752000000.0,691250000.0,1.0,213000000.0,6.708920187793427,3290000000.0,,,,
IP,Materials,2015-06-30,7727000000.0,28178000000.0,1590000000.0,,,,2744000000.0,328000000.0,,,-213500000.0,,,,2424000000.0,5104000000.0,,,227000000.0,676000000.0,629000000.0,1.0,213500000.0,7.447306791569087,2623000000.0,,,,
IP,Materials,2017-09-30,7211000000.0,33813000000.0,998000000.0,,,,2408000000.0,361500000.0,,,-709000000.0,,,,2465000000.0,4869000000.0,,,395000000.0,690500000.0,927833333.3333334,1.0,709000000.0,1.4076163610719323,2342000000.0,,,,
IQV,Health Care,2022-06-30,4911000000.0,24413000000.0,1428000000.0,,,,,270000000.0,,,-288000000.0,,,,,5104000000.0,,795000000.0,256000000.0,453000000.0,416333333.3333333,1.0,288000000.0,4.958333333333333,-193000000.0,,,,
IQV,Health Care,2023-06-30,5329000000.0,26036000000.0,1382000000.0,,,,,259000000.0,,,-31000000.0,,,,,6543000000.0,,850000000.0,297000000.0,524000000.0,504666666.6666667,1.0,31000000.0,44.58064516129032,-1214000000.0,,,,
IR,Industrials,2017-03-31,,,225600000.0,,,,,,,-8600000.0,-2600000.0,,,,,,,174600000.0,-7100000.0,36800000.0,30233333.333333332,1.0,2600000.0,86.76923076923077,,,,,
IR,Industrials,2017-06-30,1266500000.0,4422900000.0,245700000.0,,,475200000.0,246400000.0,,,-190200000.0,-33400000.0,,,579100000.0,485800000.0,500700000.0,61400000.0,215900000.0,-146300000.0,-101600000.0,92216666.66666667,1.0,33400000.0,7.3562874251497,765800000.0,0.37281989293731654,-0.17544465549991367,,
IR,Industrials,2019-06-30,1463900000.0,4594300000.0,317500000.0,,,498600000.0,331800000.0,,,53200000.0,-19050000.0,,,,557600000.0,591300000.0,6000000.0,234400000.0,44900000.0,74600000.0,84700000.0,1.0,19050000.0,16.666666666666668,872600000.0,,,,
ISRG,Health Care,2014-06-30,1533400000.0,3404600000.0,507600000.0,,,271100000.0,58900000.0,,,,-5150000.0,40200000.0,201400000.0,,202400000.0,495900000.0,41900000.0,344400000.0,104000000.0,143000000.0,115883333.33333333,1.0,5150000.0,98.5631067961165,1037500000.0,,,,
ISRG,Health Care,2022-06-30,6292500000.0,13705200000.0,1536100000.0,,498800000.0,838500000.0,149700000.0,,,406900000.0,-91150000.0,207300000.0,625700000.0,,724000000.0,1175000000.0,127300000.0,1023300000.0,307800000.0,397600000.0,421750000.0,1.0,91150000.0,16.85244103126714,5117500000.0,,,,
IT,Information Technology,2010-03-31,,,105913000.0,,,,,,,,-7966000.0,,,,,,,,19403000.0,29198000.0,14297333.333333334,1.0,7966000.0,13.295631433592769,,,,,
IT,Information Technology,2011-03-31,616240000.0,1275374000.0,109003000.0,,,345035000.0,,,,,-24663000.0,,149874000.0,329567000.0,,784218000.0,,195655000.0,29191000.0,45781000.0,43985500.0,1.0,24663000.0,4.419697522604712,-167978000.0,0.5936729102124909,0.1389125731641821,,
IT,Information Technology,2017-03-31,2175695000.0,3365300000.0,1227891000.0,,,716487000.0,,,1628697000.0,,-29605000.0,,,,,1470356000.0,22600000.0,,36433000.0,53514000.0,31286500.0,1.0,29605000.0,41.475798007093395,705339000.0,,,,0.48396784833447243
IT,Information Technology,2017-06-30,1759974000.0,6994887000.0,589282000.0,,352004000.0,886393000.0,,,,,-58413500.0,,,,,2243907000.0,31000000.0,,-92281000.0,-98388000.0,70962166.66666667,1.0,58413500.0,10.088113193011889,-483933000.0,,,,
ITW,Industrials,2010-06-30,5766470000.0,15671959000.0,1303276000.0,,2555088000.0,,731714000.0,,2732180000.0,,-207130000.0,,,,1458179000.0,2776560000.0,,,,639386500.0,179921166.66666666,1.0,207130000.0,6.292067783517598,2989910000.0,,,,0.17433557604381175
ITW,Industrials,2011-06-30,7557079000.0,18526175000.0,1230831000.0,,2996007000.0,,864955000.0,,2880980000.0,,-108985000.0,,,,1919679000.0,4062155000.0,,,,711025000.0,440029333.3333333,1.0,108985000.0,11.293581685553058,3494924000.0,,,,0.1555086249590107
ITW,Industrials,2014-06-30,9791000000.0,19936000000.0,5297000000.0,,2219000000.0,,683000000.0,,7170000000.0,,-23000000.0,,,,1305000000.0,3923000000.0,,,,763000000.0,341333333.3333333,1.0,23000000.0,230.30434782608697,5868000000.0,,,,0.35965088282504015
ITW,Industrials,2022-06-30,6371000000.0,15666000000.0,879000000.0,,2392000000.0,,679000000.0,,,903000000.0,-67500000.0,,,,1975000000.0,4294000000.0,,,,926000000.0,730166666.6666666,1.0,67500000.0,13.022222222222222,2077000000.0,,,,
J,Industrials,2010-04-02,2710330000.0,4650822000.0,839057000.0,,,,316308000.0,,,,-123408500.0,,,2586974000.0,,1352706000.0,,,77500000.0,122004000.0,71453000.0,1.0,123408500.0,6.7990211371177836,1357624000.0,,0.04716089145078381,,
J,Industrials,2011-04-01,2933514000.0,5637613000.0,747911000.0,,,,306026000.0,,,,-48193000.0,,,2558016000.0,,1486324000.0,,,80250000.0,128015000.0,92592500.0,1.0,48193000.0,15.519079534372212,1447190000.0,,0.050044643974079914,,
J,Industrials,2014-03-28,3648773000.0,8236049000.0,691256000.0,,,,321388000.0,,,,-22864000.0,,,3176033000.0,,1982803000.0,,,83460000.0,122434000.0,96674500.0,1.0,22864000.0,30.2333799860042,1665970000.0,,0.03854934756660274,,
J,Industrials,2015-03-27,3415950000.0,7931310000.0,464950000.0,,,,470817000.0,,,,-138425500.0,,,2903332000.0,,2004538000.0,,,81967000.0,133045000.0,154644500.0,1.0,138425500.0,3.358846455313508,1411412000.0,,0.04582493493682431,,
J,Industrials,2018-12-28,4898862000.0,12945259000.0,886707000.0,20721000.0,2515268000.0,,895434000.0,,,,-224701000.0,,,,,3094724000.0,,568520000.0,124296000.0,113130000.0,-163991333.33333334,0.0,224701000.0,3.9461640135112885,1804138000.0,,,,
J,Industrials,2019-03-29,4846470000.0,12945845000.0,674548000.0,,2474755000.0,,828522000.0,,,,-189707000.0,,,,,3188200000.0,,616841000.0,56917000.0,102681000.0,-59047500.0,0.0,189707000.0,3.555735950702926,1658270000.0,,,,
J,Industrials,2019-06-28,4475945000.0,11641262000.0,998242000.0,,2543488000.0,,884992000.0,,,,-165081000.0,,,,,3289448000.0,,626134000.0,524442000.0,89954000.0,115815500.0,1.0,165081000.0,6.046982996226095,1186497000.0,,,,
J,Industrials,2019-12-27,4378586000.0,12200559000.0,619212000.0,22260000.0,2715478000.0,,1032820000.0,,,,-137186000.0,,,,,2831636000.0,,644571000.0,257010000.0,151345000.0,199083500.0,1.0,137186000.0,4.5136675754085696,1546950000.0,,,,
J,Industrials,2022-07-01,4554155000.0,14722210000.0,1102284000.0,,3002618000.0,,945422000.0,,,272115000.0,-249087000.0,,,,,3189333000.0,,824475000.0,195983000.0,265762000.0,319704166.6666667,1.0,249087000.0,4.425297185320791,1364822000.0,,,,
J,Industrials,2024-03-29,4995458000.0,14897577000.0,1033519000.0,,2749847500.0,,1162078000.0,,,192797000.0,-2162000.0,,,,,4273323000.0,,808288500.0,162112000.0,232116000.0,-85685666.66666667,0.0,2162000.0,469.25,722135000.0,,,,
JBHT,Industrials,2012-06-30,540425000.0,2365276000.0,5887000.0,,,472077000.0,,,,130286000.0,-227630000.0,,,1255130000.0,,524361000.0,,,80451000.0,137215000.0,219030000.0,1.0,227630000.0,0.2196183591894155,16064000.0,,0.10932333702485002,,
JBHT,Industrials,2021-06-30,2209299000.0,6323394000.0,570918000.0,,,1293924000.0,,,,229487000.0,-121123000.0,,,,,1228355000.0,,,172162000.0,241546000.0,408954166.6666667,1.0,121123000.0,4.7135391296450715,980944000.0,,,,
JBL,Information Technology,2010-11-30,4625047000.0,6384454000.0,630154000.0,101269000.0,3771590000.0,1183949000.0,2592939000.0,74950000.0,,,-82728000.0,5741000.0,,,2158235000.0,3425134000.0,19500000.0,310591000.0,106677000.0,156000000.0,189300666.66666666,1.0,82728000.0,7.6171791896334975,1199913000.0,,,,
JBL,Information Technology,2012-02-29,5113350000.0,7167054000.0,707350000.0,,3914010000.0,1122529000.0,2723132000.0,,,,-256980500.0,6264000.0,,,2350842000.0,3851493000.0,21069000.0,322164000.0,97698000.0,150218000.0,182711166.66666666,1.0,256980500.0,2.7525434809255955,1261857000.0,,,,
JBL,Information Technology,2014-02-28,4962679000.0,8128208000.0,675129000.0,,3364165000.0,,2461765000.0,,,-29726000.0,-270224500.0,6604000.0,,,1821815000.0,3914995000.0,,213150000.0,-38667000.0,3641000.0,261534666.66666666,1.0,270224500.0,2.498400404108436,1047684000.0,,,,
JBL,Information Technology,2016-02-29,5565223000.0,9898202000.0,883218000.0,,4004161000.0,,3020794000.0,,,120787000.0,-368933500.0,8465000.0,,,2293024000.0,5372934000.0,20268000.0,399433000.0,78930000.0,154929000.0,223196500.0,1.0,368933500.0,2.393976150173405,192289000.0,,,,
JBL,Information Technology,2017-11-30,6922128000.0,11519565000.0,746258000.0,218617000.0,5116247000.0,,4803194000.0,194633000.0,,107439000.0,-351616000.0,9109000.0,,,3283215000.0,7249724000.0,52745000.0,469285000.0,63795000.0,145754000.0,-428619250.0,0.0,351616000.0,2.12236644521296,-327596000.0,,,,
JBL,Information Technology,2018-02-28,7036175000.0,11488257000.0,940796000.0,,4903968000.0,,4642860000.0,,,86262000.0,-549418500.0,8344000.0,,,3387995000.0,6765060000.0,15039000.0,397133000.0,37308000.0,129532000.0,-199756500.0,0.0,549418500.0,1.7123486012939135,271115000.0,,,,
JBL,Information Technology,2018-05-31,6731987000.0,11175510000.0,677492000.0,,5038725000.0,,4327659000.0,,,71153000.0,-307820000.0,10082000.0,,,3343782000.0,6581425000.0,15038000.0,398227000.0,42541000.0,112971000.0,352112250.0,1.0,307820000.0,2.200935611721136,150562000.0,,,,
JBL,Information Technology,2018-11-30,8220739000.0,12778337000.0,804409000.0,231513000.0,5986625000.0,,5458398000.0,188836000.0,,164887000.0,-91693000.0,11143000.0,,,3214513000.0,8035311000.0,17249000.0,519650000.0,123600000.0,216710000.0,273917500.0,1.0,91693000.0,8.772850708341966,185428000.0,,,,
JBL,Information Technology,2021-02-28,9143653000.0,14494163000.0,838099000.0,,6258810500.0,,5644359000.0,,2730016000.0,208769000.0,-199390500.0,9184000.0,,,3558970000.0,8842377000.0,23406500.0,569462500.0,151827000.0,236175000.0,134485833.33333334,1.0,199390500.0,4.203304570679145,301276000.0,,,,0.18835278725649768
JBL,Information Technology,2021-11-30,11812000000.0,17588000000.0,1229000000.0,281000000.0,7892000000.0,,7483000000.0,269000000.0,2879000000.0,317000000.0,-46000000.0,9000000.0,,,4681000000.0,11965000000.0,35000000.0,675000000.0,241000000.0,350000000.0,191833333.33333334,1.0,46000000.0,26.717391304347824,-153000000.0,,,,0.1636911530589038
JBL,Information Technology,2022-02-28,11867000000.0,17430000000.0,1093000000.0,,6944000000.0,,6868000000.0,,2881000000.0,284000000.0,-135500000.0,8000000.0,,,5395000000.0,11714000000.0,16000000.0,609000000.0,222000000.0,313000000.0,306166666.6666667,1.0,135500000.0,8.066420664206642,153000000.0,,,,0.16528973034997133
JCI,Industrials,2015-12-31,,,356000000.0,,3439000000.0,,,226000000.0,,386000000.0,-13000000.0,,,,,,,1257000000.0,450000000.0,,249000000.0,1.0,13000000.0,27.384615384615383,,,,,
JCI,Industrials,2016-12-31,10966000000.0,48788000000.0,377000000.0,,4972000000.0,6057000000.0,3453000000.0,346000000.0,,385000000.0,-1892500000.0,,,,2943000000.0,11459000000.0,,2114000000.0,329000000.0,,-596333333.3333334,0.0,1892500000.0,0.2196183591894155,-493000000.0,,,,
JCI,Industrials,2017-03-31,13229000000.0,49607000000.0,412000000.0,,4986000000.0,6094000000.0,3720000000.0,,,393000000.0,-1875500000.0,,,,3138000000.0,10742000000.0,,2281000000.0,-148000000.0,,640833333.3333334,1.0,1875500000.0,0.21967475339909356,2487000000.0,,,,
JCI,Industrials,2017-12-31,12429000000.0,49767000000.0,542500000.0,,4436500000.0,6731000000.0,4020000000.0,241000000.0,,354000000.0,-129000000.0,,,,3459000000.0,11246000000.0,,1933500000.0,230000000.0,,1282000000.0,1.0,129000000.0,4.205426356589148,1183000000.0,,,,
JCI,Industrials,2022-12-31,11837000000.0,42797000000.0,1509000000.0,,3977000000.0,5722000000.0,4138000000.0,203000000.0,,170000000.0,-296000000.0,,,,2895000000.0,11563000000.0,,2091000000.0,118000000.0,,195000000.0,1.0,296000000.0,5.097972972972973,274000000.0,,,,
JCI,Industrials,2023-12-31,12054000000.0,43981000000.0,1800000000.0,,3766500000.0,6045000000.0,3976000000.0,219500000.0,,361500000.0,-246000000.0,,,,3006000000.0,12409000000.0,,1885000000.0,374000000.0,,-129500000.0,0.0,246000000.0,7.317073170731708,-355000000.0,,,,
JCI,Industrials,2024-03-31,11877000000.0,43457000000.0,840500000.0,,4096500000.0,6688000000.0,4019000000.0,,,-416000000.0,-1280000000.0,,,,2991000000.0,13599000000.0,,2051500000.0,-277000000.0,,1021000000.0,1.0,1280000000.0,0.656640625,-1722000000.0,,,,
JNJ,Health Care,2011-07-03,52673000000.0,112114000000.0,14974000000.0,,,10982000000.0,5689000000.0,,,,-55500000.0,,,,6413000000.0,20985000000.0,,11425000000.0,,3538000000.0,3091666666.6666665,1.0,55500000.0,269.8018018018018,24848959999.999943,,,,
JNJ,Health Care,2016-07-03,66291000000.0,139814000000.0,18640000000.0,,,12062000000.0,6061000000.0,,,,-489000000.0,,,,8523000000.0,21536000000.0,,13146000000.0,3997000000.0,,3634000000.0,1.0,489000000.0,38.11860940695296,24848959999.999943,,,,
JNJ,Health Care,2020-06-28,45892000000.0,158380000000.0,11174000000.0,,6579000000.0,14645000000.0,6765000000.0,,,,-1699000000.0,,,,9424000000.0,36772000000.0,,11757000000.0,3626000000.0,,4749500000.0,1.0,1699000000.0,6.576809888169511,9120000000.0,,,,
JNJ,Health Care,2023-07-02,60567000000.0,191686000000.0,21183000000.0,,7337000000.0,16777000000.0,10443000000.0,,,6534000000.0,-483000000.0,,,,12888000000.0,54170000000.0,,16187500000.0,5144000000.0,,4324000000.0,1.0,483000000.0,43.857142857142854,6397000000.0,,,,
KDP,Consumer Staples,2011-06-30,1695000000.0,9228000000.0,550000000.0,,,610000000.0,,,,,-513500000.0,,,,275000000.0,1561000000.0,9000000.0,920000000.0,172000000.0,290000000.0,-110666666.66666667,0.0,513500000.0,1.071080817916261,134000000.0,,,,
KDP,Consumer Staples,2012-03-31,1261000000.0,8784000000.0,192000000.0,51000000.0,,564000000.0,313000000.0,,,,-325000000.0,,,,225000000.0,1412000000.0,8000000.0,778000000.0,102000000.0,192000000.0,17166666.666666668,1.0,325000000.0,0.5907692307692308,-151000000.0,,,,
KDP,Consumer Staples,2012-06-30,1391000000.0,8907000000.0,303000000.0,,,615000000.0,337000000.0,,,,-331000000.0,,,,217000000.0,1734000000.0,9000000.0,936000000.0,178000000.0,300000000.0,175666666.66666666,1.0,331000000.0,0.9154078549848943,-343000000.0,,,,
KDP,Consumer Staples,2015-06-30,1259000000.0,8267000000.0,127000000.0,,,630000000.0,305000000.0,,2499000000.0,,-35500000.0,,,,217000000.0,1563000000.0,12000000.0,981000000.0,220000000.0,369000000.0,205666666.66666666,1.0,35500000.0,3.5774647887323945,-304000000.0,,,,0.3022861981371719
KDP,Consumer Staples,2018-06-30,1416000000.0,10246000000.0,64000000.0,,458000000.0,814000000.0,484000000.0,,4205000000.0,,-162500000.0,,,,265000000.0,1526000000.0,10000000.0,793500000.0,133666666.66666667,264500000.0,609166666.6666666,1.0,162500000.0,0.39384615384615385,-110000000.0,,,,0.4104040601210228
KDP,Consumer Staples,2023-06-30,3570000000.0,51801000000.0,278000000.0,,1748000000.0,1311000000.0,4601000000.0,,,613000000.0,-597000000.0,,,,1384000000.0,9056000000.0,28000000.0,2041000000.0,503000000.0,769000000.0,297000000.0,1.0,597000000.0,0.4656616415410385,-5486000000.0,,,,
KEYS,Information Technology,2015-04-30,1927000000.0,3061000000.0,894000000.0,,,353000000.0,178000000.0,,,152000000.0,-21000000.0,96000000.0,,,476000000.0,631000000.0,13000000.0,,,130500000.0,96166666.66666667,1.0,21000000.0,42.57142857142857,1296000000.0,,,,
KEYS,Information Technology,2024-04-30,3968000000.0,8988000000.0,1657000000.0,,453000000.0,809000000.0,268000000.0,,1795000000.0,175000000.0,-77000000.0,228000000.0,,1216000000.0,1020000000.0,1994000000.0,36000000.0,,126000000.0,177000000.0,267333333.33333334,1.0,77000000.0,21.51948051948052,1974000000.0,,0.1455592105263158,0.1875,0.19971072541166
KHC,Consumer Staples,2015-03-29,,,1899000000.0,53000000.0,,,,90000000.0,,347000000.0,-83000000.0,,,,,,,847000000.0,276000000.0,509000000.0,116833333.33333333,1.0,83000000.0,22.879518072289155,,,,,
KHC,Consumer Staples,2015-06-28,4589000000.0,36062000000.0,2147000000.0,,,795000000.0,,,13636000000.0,-195000000.0,-254500000.0,,,,1162000000.0,2653000000.0,,916500000.0,-164000000.0,444000000.0,778666666.6666666,1.0,254500000.0,8.43614931237721,1936000000.0,,,,0.3781265598136543
KHC,Consumer Staples,2016-10-02,8943000000.0,121080000000.0,3920000000.0,,,855000000.0,,,,1105000000.0,-163000000.0,,,,3108000000.0,9414000000.0,,2218000000.0,842000000.0,1413000000.0,-291666666.6666667,0.0,163000000.0,24.049079754601227,-471000000.0,,,,
KHC,Consumer Staples,2017-04-01,8875000000.0,120802000000.0,3242000000.0,368000000.0,,886000000.0,,262000000.0,,1250000000.0,-383000000.0,,,,3151000000.0,9383000000.0,,2250000000.0,893000000.0,1492000000.0,-27166666.666666668,0.0,383000000.0,8.464751958224543,-508000000.0,,,,
KHC,Consumer Staples,2017-07-01,7108000000.0,119416000000.0,1445000000.0,,,913000000.0,,,,1590000000.0,-151500000.0,,,,3065000000.0,7356000000.0,,2557000000.0,1159000000.0,1782500000.0,94833333.33333333,1.0,151500000.0,9.537953795379538,-248000000.0,,,,
KHC,Consumer Staples,2017-09-30,7228000000.0,120051000000.0,1441000000.0,,4077000000.0,938000000.0,,,,1359000000.0,-340500000.0,,,,3188000000.0,9387000000.0,,2258500000.0,944000000.0,1599500000.0,430333333.3333333,1.0,340500000.0,4.232011747430249,-2159000000.0,,,,
KHC,Consumer Staples,2022-06-25,8138000000.0,91676000000.0,1518000000.0,,4570000000.0,2145000000.0,,,,399000000.0,-436000000.0,,,,3433000000.0,9119000000.0,,1984000000.0,265000000.0,542000000.0,680166666.6666666,1.0,436000000.0,3.481651376146789,-981000000.0,,,,
KLAC,Information Technology,2012-12-31,4136300000.0,5068763000.0,767313000.0,,,606115000.0,103575000.0,,,,-11319500.0,121608000.0,,,662735000.0,781737000.0,14958000.0,,106630000.0,153247000.0,171913500.0,1.0,11319500.0,67.78682804010778,3354563000.0,,,,
KLAC,Information Technology,2013-12-31,4507534000.0,5440734000.0,793382000.0,,,573077000.0,141545000.0,,,,-76290500.0,134587000.0,,,663040000.0,927999000.0,14870000.0,,139246000.0,187982000.0,17846666.666666668,1.0,76290500.0,10.399486174556465,3579535000.0,,,,
KLAC,Information Technology,2014-12-31,4046248000.0,4987366000.0,584865000.0,,,632089000.0,108307000.0,,3246071000.0,,-219113000.0,133557000.0,,,662799000.0,942340000.0,14848000.0,,20268000.0,154714000.0,195363833.33333334,1.0,219113000.0,2.6692391597029843,3103908000.0,,,,0.6508587899905481
KMB,Consumer Staples,2010-06-30,5621000000.0,18713000000.0,585000000.0,,,,,,,,-189000000.0,,,,2233000000.0,5456000000.0,,1644000000.0,498000000.0,711000000.0,372666666.6666667,1.0,189000000.0,3.0952380952380953,165000000.0,,,,
KMB,Consumer Staples,2012-06-30,6592000000.0,19596000000.0,994000000.0,,,2681000000.0,,,,,-446000000.0,,,,2368000000.0,5133000000.0,,1755000000.0,498000000.0,754000000.0,725500000.0,1.0,446000000.0,2.2286995515695067,1459000000.0,,,,
KMB,Consumer Staples,2016-06-30,5114000000.0,14770000000.0,656000000.0,,,2249000000.0,2448000000.0,,,,-228000000.0,,,,1807000000.0,5228000000.0,,1664000000.0,566000000.0,838000000.0,1117166666.6666667,1.0,228000000.0,2.8771929824561404,-114000000.0,,,,
KMB,Consumer Staples,2019-06-30,5321000000.0,15347000000.0,534000000.0,,3108000000.0,2397000000.0,2993000000.0,,,,-84500000.0,,,4594000000.0,1856000000.0,6585000000.0,,1486000000.0,485000000.0,670000000.0,989000000.0,1.0,84500000.0,6.319526627218935,-1264000000.0,0.3234653896386591,0.1458424031345233,,
KMB,Consumer Staples,2021-06-30,5572000000.0,17827000000.0,306000000.0,,3242000000.0,2340000000.0,3337000000.0,,,,-535000000.0,,,4722000000.0,2110000000.0,7244000000.0,,1480000000.0,404000000.0,613000000.0,365333333.3333333,1.0,535000000.0,0.5719626168224299,-1672000000.0,0.313426514188903,0.12981787378229565,,
KO,Consumer Staples,2016-07-01,35873000000.0,94094000000.0,9647000000.0,,,4768000000.0,,,34147000000.0,4299000000.0,-375000000.0,,,,3005000000.0,29544000000.0,,7068000000.0,3448000000.0,2859000000.0,119666666.66666667,1.0,375000000.0,25.72533333333333,6329000000.0,,,,0.3629030543924161
KO,Consumer Staples,2017-06-30,38961000000.0,91146000000.0,11988000000.0,,,4024000000.0,,,35283000000.0,2624000000.0,-3332000000.0,,,,2790000000.0,28830000000.0,,6043000000.0,1371000000.0,2057500000.0,2527000000.0,1.0,3332000000.0,3.5978391356542616,10131000000.0,,,,0.3871042064380225
KO,Consumer Staples,2020-06-26,29371000000.0,94689000000.0,10037000000.0,,3013000000.0,3849000000.0,,,42910000000.0,2197000000.0,-1099500000.0,,,7150000000.0,3501000000.0,26848000000.0,,4137000000.0,1779000000.0,1981000000.0,2495000000.0,1.0,1099500000.0,9.128694861300591,2523000000.0,0.5786013986013986,0.27706293706293705,,0.4531677385968803
KO,Consumer Staples,2022-07-01,23141000000.0,93169000000.0,8976000000.0,,4830000000.0,4494000000.0,,,37543000000.0,2284000000.0,-69500000.0,,,11325000000.0,3621000000.0,20531000000.0,,6495000000.0,1905000000.0,2341000000.0,1425666666.6666667,1.0,69500000.0,129.15107913669064,2610000000.0,0.5735099337748344,0.20671081677704195,,0.40295591881419784
KO,Consumer Staples,2024-06-28,31599000000.0,101202000000.0,13708000000.0,,4812000000.0,4545000000.0,,269000000.0,,3028000000.0,-351500000.0,,,12363000000.0,4763000000.0,29263000000.0,,7551000000.0,2411000000.0,2632000000.0,-3568666666.6666665,0.0,351500000.0,38.998577524893314,2336000000.0,0.6107740839602038,0.2128933106851088,,
KO,Consumer Staples,2024-09-27,30288000000.0,106266000000.0,13938000000.0,,4664000000.0,4233000000.0,,268000000.0,,3380000000.0,-1259000000.0,,,11854000000.0,4714000000.0,28569000000.0,,7190000000.0,2848000000.0,2510000000.0,-1468000000.0,0.0,1259000000.0,11.070691024622716,1719000000.0,0.6065463134806817,0.21174287160452168,,
KR,Consumer Staples,2011-05-21,7203000000.0,23111000000.0,431000000.0,,,,,,6940000000.0,,-1084000000.0,,,,,8320000000.0,,,,,958000000.0,1.0,1084000000.0,0.39760147601476015,-1117000000.0,,,,0.30028990523992904
KR,Consumer Staples,2017-11-04,10925000000.0,37028000000.0,352000000.0,,,,,573000000.0,14064000000.0,,-271000000.0,,,,,12890000000.0,,,397000000.0,743500000.0,735333333.3333334,1.0,271000000.0,1.2988929889298892,-1965000000.0,,,,0.37982067624500376
KR,Consumer Staples,2021-05-22,12545000000.0,48811000000.0,2309000000.0,,,,,,12723000000.0,,-692500000.0,,,,,15210000000.0,,,,,413833333.3333333,1.0,692500000.0,3.3342960288808663,-2665000000.0,,,,0.2606584581344369
KR,Consumer Staples,2022-05-21,12276000000.0,49091000000.0,1382000000.0,,,,,,11731000000.0,,-1293500000.0,,,,,16238000000.0,,,,,1142333333.3333333,1.0,1293500000.0,1.068419018167762,-3962000000.0,,,,0.23896437228819947
KR,Consumer Staples,2024-05-25,14163000000.0,51579000000.0,2846000000.0,,,,10777000000.0,,10186000000.0,,-92000000.0,,,,,16378000000.0,,,,,-64333333.333333336,0.0,92000000.0,30.934782608695652,-2215000000.0,,,,0.19748347195564087
KVUE,Consumer Staples,2024-06-30,5881000000.0,26443000000.0,1014000000.0,,1635000000.0,2240000000.0,2437000000.0,141000000.0,,65000000.0,-382000000.0,105000000.0,,,1849000000.0,5937000000.0,61000000.0,2365000000.0,58000000.0,154000000.0,250000000.0,1.0,382000000.0,2.654450261780105,-56000000.0,,,,
LDOS,Industrials,2010-07-31,2956000000.0,5174000000.0,604000000.0,,,,,,,,-16000000.0,,129500000.0,2771500000.0,,1619000000.0,,,189500000.0,272500000.0,133666666.66666667,1.0,16000000.0,37.75,1337000000.0,,0.09832220819051056,,
LDOS,Industrials,2011-07-31,3767000000.0,6113000000.0,1336000000.0,,,,,,1852000000.0,,-71000000.0,,129000000.0,2596000000.0,,2248000000.0,,,178000000.0,209000000.0,-103000000.0,0.0,71000000.0,18.816901408450704,1519000000.0,,0.08050847457627118,,0.30296090299362016
LDOS,Industrials,2012-04-30,3791000000.0,6220000000.0,1167000000.0,8000000.0,,,,27000000.0,1851000000.0,,-361000000.0,,124500000.0,2773000000.0,,2510000000.0,,,117000000.0,208000000.0,-371000000.0,0.0,361000000.0,3.2326869806094183,1281000000.0,,0.07500901550667148,,0.29758842443729905
LDOS,Industrials,2017-03-31,2395000000.0,9140000000.0,206000000.0,7000000.0,,,592000000.0,82000000.0,,108000000.0,-71000000.0,,,2580000000.0,,1983000000.0,,,72000000.0,141000000.0,128000000.0,1.0,71000000.0,2.9014084507042255,412000000.0,,0.05465116279069768,,
LDOS,Industrials,2021-07-02,3263000000.0,13035000000.0,338000000.0,,,,,,,223000000.0,-437000000.0,,,3448000000.0,251000000.0,3108000000.0,,,169000000.0,269000000.0,127666666.66666667,1.0,437000000.0,0.7734553775743707,155000000.0,,0.07801624129930394,,
LDOS,Industrials,2022-07-01,3526000000.0,12887000000.0,339000000.0,,,,,,,225000000.0,-275000000.0,,,3597000000.0,286000000.0,3906000000.0,,,171000000.0,271000000.0,91000000.0,1.0,275000000.0,1.2327272727272727,-380000000.0,,0.07534056157909369,,
LDOS,Industrials,2023-03-31,3665000000.0,13132000000.0,379000000.0,,,,,82000000.0,,207000000.0,-98000000.0,,,3699000000.0,300000000.0,3161000000.0,,,162000000.0,265000000.0,171833333.33333334,1.0,98000000.0,3.86734693877551,504000000.0,,0.07164098404974317,,
LDOS,Industrials,2023-06-30,3576000000.0,13026000000.0,329000000.0,,,,,,,274000000.0,-367500000.0,,,3838000000.0,310000000.0,2855000000.0,,,207000000.0,331000000.0,306000000.0,1.0,367500000.0,0.8952380952380953,721000000.0,,0.08624283480979678,,
LEN,Consumer Discretionary,2010-08-31,,8279899000.0,1037534000.0,,,,,,,39435000.0,-141708000.0,,,824975000.0,,,,,30035000.0,63429000.0,-66817166.666666664,0.0,141708000.0,7.321633217602393,,,0.07688596624140126,,
LEN,Consumer Discretionary,2011-05-31,,8699229000.0,1131454000.0,,,,,,,25800000.0,-89934500.0,,,764493000.0,,,,,13785000.0,46398000.0,-136217166.66666666,0.0,89934500.0,12.580867186674746,,,0.06069120318956485,,
LEN,Consumer Discretionary,2011-08-31,,8724018000.0,927331000.0,,,,,,,24079000.0,-120192000.0,,,820193000.0,,,,,20730000.0,46855000.0,-188386500.0,0.0,120192000.0,7.715413671458999,,,0.05712679820481277,,
LEN,Consumer Discretionary,2012-02-29,,8867494000.0,922906000.0,,,,,7630000.0,,6453000.0,-132444000.0,,,724856000.0,,,,,14968000.0,33295000.0,-251402500.0,0.0,132444000.0,6.9682733834677295,,,0.045933261227057515,,
LEN,Consumer Discretionary,2012-05-31,,9351209000.0,829382000.0,,,,,,,52103000.0,-156015500.0,,,930155000.0,,,,,452703000.0,81271000.0,-320949166.6666667,0.0,156015500.0,5.316023087449644,,,0.08737360977471496,,
LEN,Consumer Discretionary,2012-08-31,,9718500000.0,845158000.0,,,,,,,58635000.0,-276700000.0,,,1099758000.0,,,,,87109000.0,90921000.0,-364659166.6666667,0.0,276700000.0,3.054419949403686,,,0.08267364274685886,,
LEN,Consumer Discretionary,2013-02-28,,10432269000.0,1242116000.0,,,,,6333000.0,,53321000.0,-321492000.0,,,990094500.0,,,,,57492000.0,84591000.0,-389030833.3333333,0.0,321492000.0,3.8635984721237233,,,0.0854372991668977,,
LEN,Consumer Discretionary,2013-05-31,,10494157000.0,891677000.0,,,,,,,162289000.0,-364655500.0,,,1426502500.0,,,,,137436000.0,196142000.0,-338421166.6666667,0.0,364655500.0,2.445258607096287,,,0.1374985322493301,,
LEN,Consumer Discretionary,2013-08-31,,11015593000.0,571770000.0,,,,,,,189359000.0,-407830000.0,,,1602419500.0,,,,,120662000.0,226978000.0,-261412833.33333334,0.0,407830000.0,1.4019812176642228,,,0.14164705309689504,,
LEN,Consumer Discretionary,2014-02-28,,11526788000.0,874298000.0,,,,,7839000.0,,125876000.0,-394607000.0,,,1363095000.0,,,,,78117000.0,163988000.0,-373298500.0,0.0,394607000.0,2.2156170569706064,,,0.12030562800098306,,
LEN,Consumer Discretionary,2014-05-31,,11994626000.0,960239000.0,,,,,,,203630000.0,-212826500.0,,,1818745000.0,,,,,137719000.0,241947000.0,-484117166.6666667,0.0,212826500.0,4.511839456082772,,,0.13302964406775,,
LEN,Consumer Discretionary,2014-08-31,,12290077000.0,833513000.0,,,,,,,262335000.0,-176805000.0,,,2014034000.0,,,,,177757000.0,305407000.0,-456475833.3333333,0.0,176805000.0,4.714306722094963,,,0.1516394460073663,,
LEN,Consumer Discretionary,2015-02-28,,13120645000.0,818430000.0,,,,,8306000.0,,176643000.0,-730264000.0,,,1644139000.0,,,,,114963000.0,220297000.0,-285016833.3333333,0.0,730264000.0,1.1207316805977017,,,0.13398927949522516,,
LEN,Consumer Discretionary,2015-05-31,,13895459000.0,920157000.0,,,,,,,279810000.0,-545282500.0,,,2392604000.0,,,10399000.0,,183016000.0,330017000.0,19685666.666666668,1.0,545282500.0,1.6874867614493405,,,0.13793214422445169,,
LEN,Consumer Discretionary,2015-08-31,,14169375000.0,805294000.0,,,,,,,320658000.0,-93881000.0,,,2491698000.0,,,11549000.0,,223312000.0,377152000.0,108413333.33333333,1.0,93881000.0,8.57781659760761,,,0.15136344773724586,,
LEN,Consumer Discretionary,2016-02-29,,14195188000.0,720459000.0,18453000.0,,,,10077000.0,,201693000.0,-215887000.0,,,1993664000.0,,,,,144080000.0,249361000.0,206817000.0,1.0,215887000.0,3.337204185522982,,,0.12507674312221118,,
LEN,Consumer Discretionary,2017-05-31,,16754505000.0,983968000.0,,,,,,,309600000.0,-158219000.0,,,3261892000.0,,,,,213645000.0,376374000.0,67147500.0,1.0,158219000.0,6.219025527907521,,,0.11538518136100152,,
LEN,Consumer Discretionary,2018-02-28,,27944023000.0,1029585000.0,40810000.0,,,,,,269428000.0,-149128500.0,,,2980791000.0,,,,,136215000.0,355430500.0,16421500.0,1.0,149128500.0,6.904012311529989,,,0.1192403291609509,,
LEN,Consumer Discretionary,2018-05-31,,28351109000.0,1153854000.0,,,,,,,390810000.0,-136901000.0,,,5459061000.0,,,,,310257000.0,445205000.0,-202311000.0,0.0,136901000.0,8.428382553816261,,,0.08155340268225617,,
LEN,Consumer Discretionary,2019-02-28,,28749926000.0,,27395000.0,,,,,,319124000.0,-524423000.0,,,3868082000.0,,,,,239910000.0,358795500.0,106020166.66666667,1.0,524423000.0,,,,0.09275798703336692,,
LEN,Consumer Discretionary,2019-05-31,,29583064000.0,,,,,,,,559399000.0,-793098500.0,,,5562890000.0,,,,,421472000.0,597455500.0,757605166.6666666,1.0,793098500.0,,,,0.10740020025562252,,
LEN,Consumer Discretionary,2021-05-31,,31223227000.0,2737580000.0,,,,,,6824433000.0,1096885000.0,-730302000.0,,,6430245000.0,,,,,831363000.0,1202095000.0,-27189166.666666668,0.0,730302000.0,3.7485588153941793,,,0.18694388783009044,,0.21856911202676135
LEN,Consumer Discretionary,2022-02-28,,32635252000.0,,5780000.0,,,,,,676735000.0,-72231000.0,,,6203516000.0,,,,,503581000.0,802934000.0,291161166.6666667,1.0,72231000.0,,,,0.12943208335402054,,
LEN,Consumer Discretionary,2022-05-31,,34306202000.0,,,,,,,,1754834000.0,-603563500.0,,,8358696000.0,,,,,1320756000.0,,946665666.6666666,1.0,603563500.0,,,,,,
LEN,Consumer Discretionary,2024-05-31,,38667670000.0,,,,,,,,1261057000.0,-685644500.0,,,8765592000.0,,,,,954311000.0,,-760910666.6666666,0.0,685644500.0,,,,,,
LH,Health Care,2015-03-31,2328500000.0,14150600000.0,446400000.0,33800000.0,1161750000.0,1187000000.0,420800000.0,103650000.0,,,-86900000.0,,,1793200000.0,186500000.0,1412200000.0,,610550000.0,1900000.0,131300000.0,153483333.33333334,1.0,86900000.0,5.136939010356732,916300000.0,0.34048070488512155,0.07322105732768236,,
LH,Health Care,2022-06-30,5030800000.0,20403100000.0,1068800000.0,,,2216400000.0,754700000.0,,,,-277550000.0,,,3309950000.0,436300000.0,2642900000.0,,1032600000.0,358600000.0,477350000.0,105483333.33333333,1.0,277550000.0,3.850837686903261,2387900000.0,0.3119684587380474,0.14421668001027205,,
LH,Health Care,2023-06-30,5120900000.0,17718700000.0,1930600000.0,,,1904800000.0,713100000.0,,,,-178550000.0,,,3033700000.0,487800000.0,2183300000.0,,842200000.0,188900000.0,266300000.0,134316666.66666666,1.0,178550000.0,10.812657518902268,2937600000.0,0.27761479381613213,0.08778059794969839,,
LH,Health Care,2024-03-31,3456500000.0,16531000000.0,99300000.0,133800000.0,,2083700000.0,695500000.0,154500000.0,,,-29800000.0,,,3176600000.0,475000000.0,3941500000.0,,897300000.0,228000000.0,321300000.0,151016666.66666666,1.0,29800000.0,3.3322147651006713,-485000000.0,0.2824718252219354,0.10114587924195681,,
LHX,Industrials,2011-12-30,2227800000.0,6172200000.0,387000000.0,,894950000.0,,348100000.0,,,,-400000.0,,254350000.0,,701300000.0,1661100000.0,,,133100000.0,,121200000.0,1.0,1179870.0,469.25,566700000.0,,,,
LHX,Industrials,2015-01-02,1946000000.0,4798200000.0,469750000.0,,807900000.0,,292100000.0,,,,-4900000.0,,187750000.0,,649600000.0,1027900000.0,,,139250000.0,,142166666.66666666,1.0,4900000.0,95.86734693877551,918100000.0,,,,
LHX,Industrials,2018-03-30,2414000000.0,10070000000.0,443000000.0,,1017500000.0,,494000000.0,,4214000000.0,,-143000000.0,,318000000.0,,963000000.0,2146000000.0,,,198500000.0,256000000.0,253666666.66666666,1.0,143000000.0,3.097902097902098,268000000.0,,,,0.41847070506454814
LHX,Industrials,2022-07-01,6188000000.0,34138000000.0,420000000.0,,2907000000.0,1191000000.0,1721000000.0,,,525000000.0,-144500000.0,,,,1241000000.0,4884000000.0,,,471000000.0,,338000000.0,1.0,144500000.0,2.906574394463668,1304000000.0,,,,
LHX,Industrials,2024-03-29,8266000000.0,41816000000.0,477000000.0,115000000.0,3863000000.0,1209000000.0,2112000000.0,211500000.0,,290000000.0,-104000000.0,,,,1476000000.0,8437000000.0,26000000.0,,283000000.0,378000000.0,244833333.33333334,1.0,104000000.0,4.586538461538462,-171000000.0,,,,
LHX,Industrials,2024-06-28,8047000000.0,41657000000.0,547000000.0,,3939000000.0,1230000000.0,1896000000.0,319000000.0,,390000000.0,-3500000.0,,,,1432000000.0,8981000000.0,27000000.0,,366000000.0,476000000.0,-31333333.333333332,0.0,3500000.0,156.28571428571428,-934000000.0,,,,
LII,Industrials,2010-03-31,,,63000000.0,10700000.0,469800000.0,,,,,,-40300000.0,,,,,,,174300000.0,-1600000.0,500000.0,-70450000.0,0.0,40300000.0,1.5632754342431763,,,,,
LII,Industrials,2010-06-30,969500000.0,1667200000.0,61900000.0,,607400000.0,,314700000.0,,,,-132650000.0,,,,338400000.0,643800000.0,3400000.0,264700000.0,48300000.0,79300000.0,-80966666.66666667,0.0,132650000.0,0.4666415378816434,325700000.0,,,,
LII,Industrials,2011-03-31,1047000000.0,1900400000.0,55200000.0,8050000.0,513850000.0,,340800000.0,,,,-148300000.0,,,,453200000.0,676600000.0,4900000.0,164750000.0,-7200000.0,-4150000.0,-19433333.333333332,0.0,148300000.0,0.3722184760620364,370400000.0,,,,
LII,Industrials,2011-06-30,1165400000.0,2019000000.0,76500000.0,,679650000.0,,371800000.0,,,69800000.0,-164200000.0,,,,460100000.0,678500000.0,4200000.0,245900000.0,45000000.0,73350000.0,32133333.333333332,1.0,164200000.0,0.4658952496954933,486900000.0,,,,
LII,Industrials,2012-03-31,998300000.0,1790000000.0,54700000.0,6700000.0,495800000.0,,307400000.0,,,14200000.0,-34300000.0,,,,401900000.0,596400000.0,4050000.0,153500000.0,-6100000.0,11400000.0,-23933333.333333332,0.0,34300000.0,1.5947521865889214,401900000.0,,,,
LII,Industrials,2012-06-30,1112700000.0,1888200000.0,69100000.0,,658700000.0,,371200000.0,,,74400000.0,-9500000.0,,,,427300000.0,678500000.0,4250000.0,228400000.0,44700000.0,78800000.0,-60933333.333333336,0.0,9500000.0,7.273684210526316,434200000.0,,,,
LII,Industrials,2013-03-31,1004100000.0,1714100000.0,34900000.0,12100000.0,506400000.0,,312400000.0,,,24400000.0,-137300000.0,,,,464300000.0,562400000.0,7700000.0,162000000.0,8000000.0,27900000.0,-30733333.333333332,0.0,137300000.0,0.2541879096868172,441700000.0,,,,
LII,Industrials,2013-06-30,1129900000.0,1849600000.0,45300000.0,,659100000.0,,373600000.0,,,99000000.0,-120500000.0,,,,469200000.0,779700000.0,7500000.0,254000000.0,64300000.0,102400000.0,-25866666.666666668,0.0,120500000.0,0.3759336099585062,350200000.0,,,,
LII,Industrials,2014-03-31,1057500000.0,1787700000.0,39000000.0,17300000.0,527300000.0,,343100000.0,,,30600000.0,-125000000.0,,,,490300000.0,720000000.0,3800000.0,168100000.0,19900000.0,33900000.0,-43733333.333333336,0.0,125000000.0,0.312,337500000.0,,,,
LII,Industrials,2014-06-30,1222700000.0,1970100000.0,49600000.0,,698100000.0,,400900000.0,,,115400000.0,-105900000.0,,,,514900000.0,847300000.0,6900000.0,262600000.0,73900000.0,119100000.0,-28477777.77777778,0.0,105900000.0,0.4683663833805477,375400000.0,,,,
LII,Industrials,2015-03-31,1140300000.0,1879500000.0,37100000.0,18000000.0,522800000.0,,347600000.0,,,21300000.0,-122200000.0,,,,533100000.0,770500000.0,3500000.0,163000000.0,13900000.0,27000000.0,-8622222.22222223,0.0,122200000.0,0.30360065466448444,369800000.0,,,,
LII,Industrials,2015-06-30,1286700000.0,2026300000.0,47500000.0,33000000.0,709100000.0,,404300000.0,,,124500000.0,-60133333.333333336,,,,540700000.0,898700000.0,7300000.0,283400000.0,81200000.0,130900000.0,-12377777.777777782,0.0,60133333.333333336,0.7899113082039911,388000000.0,,,,
LII,Industrials,2016-03-31,1121600000.0,1861000000.0,39750000.0,23800000.0,531600000.0,,378300000.0,,,37900000.0,-107500000.0,,,,518100000.0,803200000.0,6300000.0,183600000.0,24900000.0,43700000.0,-14444444.444444448,0.0,107500000.0,0.3697674418604651,318400000.0,,,,
LII,Industrials,2016-06-30,1270200000.0,2024200000.0,54700000.0,41700000.0,704200000.0,,399800000.0,,,154100000.0,-71400000.0,,,,505700000.0,1122700000.0,8600000.0,315000000.0,110700000.0,160700000.0,-27894444.444444448,0.0,71400000.0,0.7661064425770309,147500000.0,,,,
LII,Industrials,2017-03-31,1186400000.0,1950600000.0,48800000.0,24900000.0,582500000.0,,401000000.0,,,53400000.0,-107600000.0,,,,522800000.0,1037500000.0,4900000.0,210900000.0,43500000.0,60800000.0,32775000.0,1.0,107600000.0,0.45353159851301117,148900000.0,,,,
LII,Industrials,2017-06-30,1366700000.0,2145800000.0,61300000.0,,761300000.0,,442500000.0,,,167300000.0,-111750000.0,,,,538800000.0,989500000.0,7600000.0,340800000.0,115500000.0,175400000.0,46900000.0,1.0,111750000.0,0.5485458612975391,377200000.0,,,,
LII,Industrials,2018-03-31,1346800000.0,2086100000.0,49925000.0,22700000.0,611600000.0,,405600000.0,,,44000000.0,-83500000.0,,,834800000.0,561500000.0,712800000.0,4800000.0,223200000.0,37900000.0,53000000.0,8600000.0,1.0,83500000.0,0.5979041916167664,634000000.0,0.2673694298035458,0.06348826066123622,,
LII,Industrials,2018-06-30,1385800000.0,2099400000.0,39400000.0,,813800000.0,,437500000.0,,,184500000.0,-99500000.0,,,1175400000.0,540200000.0,744100000.0,8800000.0,361600000.0,137600000.0,195100000.0,-33783333.333333336,0.0,99500000.0,0.39597989949748746,641700000.0,0.30763995235664454,0.16598604730304578,,
LII,Industrials,2019-03-31,1220900000.0,2105700000.0,31700000.0,37200000.0,588700000.0,,411900000.0,,,83000000.0,-141000000.0,,,790300000.0,600100000.0,917400000.0,5200000.0,201600000.0,69300000.0,94700000.0,-29983333.333333332,0.0,141000000.0,0.22482269503546098,303500000.0,0.2550930026572188,0.11982791345058838,,
LII,Industrials,2019-06-30,1443900000.0,2340400000.0,36400000.0,,767000000.0,,473600000.0,,,139800000.0,-226650000.0,,,1099100000.0,630200000.0,1075000000.0,6100000.0,332100000.0,110700000.0,213800000.0,26983333.333333332,1.0,226650000.0,0.2196183591894155,368900000.0,0.3021563097079429,0.19452279137476117,,
LII,Industrials,2020-03-31,1225100000.0,2128400000.0,39100000.0,24700000.0,558100000.0,,355000000.0,,,26500000.0,-98800000.0,,,723800000.0,611800000.0,894600000.0,3700000.0,165700000.0,12900000.0,36400000.0,122150000.0,1.0,98800000.0,0.395748987854251,330500000.0,0.22893064382426084,0.05029013539651837,,
LII,Industrials,2020-06-30,1226900000.0,2124300000.0,44800000.0,,665600000.0,,295000000.0,,,128000000.0,-55750000.0,,,941300000.0,499700000.0,946200000.0,6700000.0,275700000.0,100000000.0,136000000.0,124533333.33333333,1.0,55750000.0,0.8035874439461883,280700000.0,0.29289280781897375,0.14448103686391162,,
LII,Industrials,2021-03-31,1138200000.0,2075000000.0,35500000.0,24700000.0,674000000.0,,372900000.0,,,106400000.0,-17500000.0,,,930500000.0,502300000.0,849100000.0,8500000.0,256500000.0,84200000.0,114100000.0,25100000.0,1.0,17500000.0,2.0285714285714285,289100000.0,0.27565824825362706,0.12262224610424503,,
LII,Industrials,2021-06-30,1260400000.0,2204700000.0,44500000.0,,855800000.0,,404900000.0,,,208700000.0,-48600000.0,,,1239000000.0,433800000.0,1057800000.0,8900000.0,383200000.0,170000000.0,216000000.0,-25016666.666666668,0.0,48600000.0,0.9156378600823045,202600000.0,0.30928167877320417,0.17433414043583534,,
LII,Industrials,2022-03-31,1437200000.0,2456900000.0,34300000.0,25800000.0,745200000.0,,457300000.0,,,104400000.0,-97900000.0,,,1013400000.0,678900000.0,859400000.0,4700000.0,268200000.0,83600000.0,111900000.0,-35616666.666666664,0.0,97900000.0,0.3503575076608784,577800000.0,0.26465364120781526,0.11042036708111308,,
LII,Industrials,2022-06-30,1629100000.0,2659000000.0,57400000.0,,969200000.0,,485600000.0,,,217300000.0,-198950000.0,,,1366300000.0,692800000.0,967700000.0,5900000.0,397100000.0,177200000.0,226900000.0,41250000.0,1.0,198950000.0,0.288514702186479,661400000.0,0.29063895191392813,0.166068945326795,,
LII,Industrials,2023-03-31,1671600000.0,2770400000.0,40400000.0,35400000.0,742800000.0,,445000000.0,,,125100000.0,-78800000.0,,,1049400000.0,904100000.0,1526400000.0,6100000.0,306600000.0,98000000.0,139500000.0,107350000.0,1.0,78800000.0,0.5126903553299492,145200000.0,0.292166952544311,0.13293310463121785,,
LII,Industrials,2024-03-31,1564500000.0,2985400000.0,45700000.0,29500000.0,707100000.0,,437800000.0,,,154200000.0,-22800000.0,,,1047100000.0,823400000.0,1097400000.0,6600000.0,340000000.0,124300000.0,166800000.0,120850000.0,1.0,22800000.0,2.004385964912281,467100000.0,0.3247063317734696,0.15929710629357272,,
LII,Industrials,2024-06-30,1765300000.0,3221900000.0,47600000.0,,962900000.0,,450800000.0,,,307000000.0,-53750000.0,,,1451100000.0,776300000.0,1104500000.0,6550000.0,488200000.0,245900000.0,320100000.0,-48666666.666666664,0.0,53750000.0,0.8855813953488372,660800000.0,0.33643442905382126,0.22059127558403968,,
LIN,Materials,2017-09-30,,9067652.0,83342.0,,,,,,,,-34798.0,,,,,,,,-290825.0,-290825.0,-4755007.0,0.0,1179870.0,2.395022702454164,,,,,
LLY,Health Care,2009-06-30,10935300000.0,26931500000.0,3322300000.0,,,2841300000.0,918600000.0,,,,-3903900000.0,1040400000.0,,5292800000.0,2999700000.0,6989300000.0,,,1158500000.0,,1879633333.3333333,1.0,3903900000.0,0.8510207740976972,3946000000.0,,,0.1965689238210399,
LLY,Health Care,2012-06-30,12307300000.0,31812600000.0,4345800000.0,,,3181700000.0,1201600000.0,,,1185700000.0,-486400000.0,1320700000.0,,5600700000.0,2320800000.0,6609700000.0,34800000.0,,923600000.0,,696300000.0,1.0,486400000.0,8.934621710526315,5697600000.0,,,0.2358098094880997,
LLY,Health Care,2014-06-30,13156700000.0,35018400000.0,3765700000.0,,,3187900000.0,1124600000.0,,,940400000.0,-677900000.0,1195400000.0,,4935600000.0,3190300000.0,7417400000.0,38600000.0,,733500000.0,,320516666.6666667,1.0,677900000.0,5.554949107537985,5739300000.0,,,0.24219952994570063,
LLY,Health Care,2015-03-31,11742700000.0,35653900000.0,3064800000.0,,,3142500000.0,1179600000.0,357500000.0,,617900000.0,-84800000.0,1039300000.0,,4644700000.0,2980200000.0,8342900000.0,48900000.0,,529500000.0,,62250000.0,1.0,84800000.0,36.14150943396226,3399800000.0,,,0.22376041509677697,
LLY,Health Care,2015-06-30,12346000000.0,36036600000.0,3315500000.0,,,3348800000.0,1153000000.0,,,679700000.0,-644950000.0,1169500000.0,,4978700000.0,3288400000.0,8232000000.0,,,600800000.0,,325433333.3333333,1.0,644950000.0,5.140708582060625,4114000000.0,,,0.2349006768835238,
LLY,Health Care,2016-03-31,11714600000.0,34691800000.0,2307600000.0,,,3622600000.0,1151600000.0,385500000.0,,566800000.0,-273000000.0,1221000000.0,,4865100000.0,3740200000.0,7340900000.0,,,440100000.0,,714983333.3333334,1.0,273000000.0,8.452747252747253,4373700000.0,,,0.25097120305851883,
LLY,Health Care,2019-06-30,13454500000.0,38666400000.0,2290200000.0,,1124900000.0,4612500000.0,1198900000.0,,,1465900000.0,-675100000.0,1402200000.0,,5636700000.0,3181100000.0,11855400000.0,,,1327200000.0,,1111283333.3333333,1.0,675100000.0,3.392386313138794,1599100000.0,,,0.2487625738463995,
LLY,Health Care,2023-06-30,21331600000.0,54814000000.0,2694500000.0,,1807400000.0,7516100000.0,2474200000.0,,,2088900000.0,-599000000.0,2356500000.0,,8312100000.0,4798700000.0,18915000000.0,,,1763200000.0,,1237233333.3333333,1.0,599000000.0,4.498330550918197,2416600000.0,,,0.28350236402353196,
LMT,Industrials,2012-06-24,14800000000.0,38386000000.0,3802000000.0,,10745000000.0,,2359000000.0,,,1117000000.0,-279000000.0,,,,,12268000000.0,,1176000000.0,781000000.0,1196000000.0,1642666666.6666667,1.0,279000000.0,13.627240143369175,2532000000.0,,,,
LMT,Industrials,2018-06-24,16504000000.0,45125000000.0,1181000000.0,,11645000000.0,,2675000000.0,,,1420000000.0,-1922000000.0,,,13398000000.0,,13881000000.0,,1753000000.0,1163000000.0,1795000000.0,1631500000.0,1.0,1922000000.0,0.6144640998959418,2623000000.0,0.1308404239438722,0.13397522018211674,,
LMT,Industrials,2021-06-27,20674000000.0,52099000000.0,2745000000.0,,14878000000.0,,1608000000.0,,,2170000000.0,-172000000.0,,,17029000000.0,,15242000000.0,,2151000000.0,1815000000.0,2192000000.0,1203833333.3333333,1.0,172000000.0,15.959302325581396,5432000000.0,0.12631393505197017,0.128721592577368,,
LMT,Industrials,2023-06-25,24087000000.0,56978000000.0,3673000000.0,,,,3466000000.0,,,2006000000.0,-273000000.0,,,16693000000.0,,17704000000.0,,2090000000.0,1681000000.0,2135000000.0,1753166666.6666667,1.0,273000000.0,13.454212454212454,6383000000.0,0.12520218055472354,0.1278979212843707,,
LOW,Consumer Discretionary,2013-08-02,10913000000.0,33408000000.0,1085000000.0,,10314000000.0,,5664000000.0,,,,-152000000.0,,3891000000.0,,9106000000.0,9340000000.0,,5397000000.0,,,503000000.0,1.0,152000000.0,7.1381578947368425,1573000000.0,,,,
LOW,Consumer Discretionary,2020-10-30,26916000000.0,50880000000.0,8249000000.0,,15009000000.0,,12759000000.0,,,894000000.0,-267000000.0,,,,15712000000.0,19564000000.0,,7300000000.0,692000000.0,2175000000.0,2642833333.3333335,1.0,267000000.0,30.89513108614232,7352000000.0,,,,
LRCX,Information Technology,2011-12-25,3212851000.0,3978147000.0,1506928000.0,,350014000.0,462243000.0,108118000.0,,737000000.0,,-85544000.0,104024000.0,187280000.0,583981000.0,373130000.0,593605000.0,18200000.0,234826000.0,33212000.0,47546000.0,212330166.66666666,1.0,85544000.0,17.61582343589264,2619246000.0,0.40211239749238414,0.08141703240345148,0.17812908296674035,0.18526213335002453
LRCX,Information Technology,2013-12-29,4249036000.0,7555798000.0,1132555000.0,,628272000.0,909720000.0,252586000.0,,1306700000.0,,-363997000.0,174477000.0,323315000.0,,661572000.0,1522572000.0,23023000.0,487789000.0,148992000.0,164474000.0,290210000.0,1.0,363997000.0,3.111440478905046,2726464000.0,,,,0.1729400388946343
LRCX,Information Technology,2019-12-29,8454965000.0,11914122000.0,3035887000.0,,1403857000.0,2030490000.0,452779000.0,,4402963000.0,672587000.0,-375788000.0,318861000.0,493133000.0,,1528620000.0,2565501000.0,,1179644000.0,514510000.0,686511000.0,504795166.6666667,1.0,375788000.0,8.078722577623553,5889464000.0,,,,0.36955832750411655
LULU,Consumer Discretionary,2011-07-31,383972000.0,586461000.0,264728000.0,12493000.0,,,4445000.0,7521000.0,,,-24429500.0,,,,88884000.0,64958000.0,,2500.0,38379000.0,0.0,24971500.0,1.0,24429500.0,10.836406803250169,319014000.0,,,,
LULU,Consumer Discretionary,2015-08-02,918269000.0,1294221000.0,541262000.0,37182000.0,,,7488000.0,16695000.0,,,-51259500.0,,,,,148108000.0,,212025000.0,47668000.0,66579000.0,40426666.666666664,1.0,51259500.0,10.559252431256645,770161000.0,,,,
LULU,Consumer Discretionary,2015-11-01,928504000.0,1321559000.0,403446000.0,42943000.0,,,5845000.0,19707000.0,,,-6221000.0,,,,,208328000.0,,224797000.0,53153000.0,68178000.0,41635166.666666664,1.0,6221000.0,64.85227455393023,720176000.0,,,,
LULU,Consumer Discretionary,2016-10-30,1022910000.0,1478940000.0,480386000.0,34906000.0,,,9132000.0,23959000.0,,,-2595500.0,,,,,212708000.0,,278426000.0,68285000.0,92975000.0,33793166.666666664,1.0,2595500.0,185.0841841649008,810202000.0,,,,
LULU,Consumer Discretionary,2019-05-05,1171584000.0,2463020000.0,,68434000.0,360595000.0,,88258000.0,32823000.0,,,-62803000.0,,,,,502942000.0,11000000.0,421720000.0,96603000.0,128812000.0,-61525000.0,0.0,62803000.0,,668642000.0,,,,
LULU,Consumer Discretionary,2019-08-04,1333013000.0,2694744000.0,,67330000.0,397556000.0,,110513000.0,37599000.0,,,-108396000.0,,,,,552609000.0,,485796000.0,124990000.0,167982000.0,-21223333.333333332,0.0,108396000.0,,780404000.0,,,,
LULU,Consumer Discretionary,2020-05-03,1694545000.0,3201786000.0,,52101000.0,317560000.0,,78940000.0,43532000.0,,,-121243000.0,,,,,631496000.0,6600000.0,334402000.0,28632000.0,32751000.0,83986666.66666667,1.0,121243000.0,,1063049000.0,,,,
LULU,Consumer Discretionary,2022-05-01,2303240000.0,4697212000.0,,111352000.0,743070000.0,,308086000.0,64470000.0,,260325000.0,-243256000.0,,,,,1206891000.0,18200000.0,870393000.0,189998000.0,260347000.0,-121120000.0,0.0,243256000.0,,1096349000.0,,,,
LULU,Consumer Discretionary,2022-07-31,2387094000.0,4920711000.0,,144718000.0,812852000.0,,259927000.0,67971000.0,,401353000.0,-474680000.0,,,,,1207210000.0,,1055476000.0,289521000.0,401208000.0,224477833.33333334,1.0,474680000.0,,1179884000.0,,,,
LUV,Industrials,2008-09-30,,,2390000000.0,-178000000.0,,,,,,,-2276000000.0,,2805000000.0,2891000000.0,,,,,-120000000.0,86000000.0,153750000.0,1.0,2276000000.0,1.0500878734622143,,,0.029747492217225873,,
LUV,Industrials,2011-09-30,4594.0,17885.0,508000508.0,138000138.0,,,1083.0,,,,-108750108.75,,2043002043.0,2155502155.5,,5320.0,,,-70000070.0,112500112.5,733250000.0,1.0,108750108.75,4.671264367816092,-726.0,,0.05219206680584551,,
LUV,Industrials,2020-03-31,7028000000.0,26885000000.0,3940000000.0,,,,1043000000.0,,,,-377000000.0,,,,,10241000000.0,,,-94000000.0,-110000000.0,-162583333.33333334,0.0,377000000.0,10.450928381962864,-3213000000.0,,,,
LUV,Industrials,2020-06-30,15872000000.0,35596000000.0,12351000000.0,,,,970000000.0,,,,-82250000.0,,,,,9361000000.0,,,-915000000.0,-1127000000.0,684916666.6666666,1.0,82250000.0,150.16413373860183,6511000000.0,,,,
LUV,Industrials,2020-09-30,16133000000.0,35605000000.0,12109000000.0,,,,980000000.0,,,-1542000000.0,-1050500000.0,,,,,7804000000.0,,,-1157000000.0,-1411000000.0,843416666.6666666,1.0,1050500000.0,11.526891956211328,8329000000.0,,,,
LUV,Industrials,2021-09-30,18554000000.0,37110000000.0,12980000000.0,,,67000000.0,1229000000.0,,,600000000.0,-575000000.0,,,,,9135000000.0,,,446000000.0,733000000.0,1075916666.6666667,1.0,575000000.0,22.57391304347826,9419000000.0,,,,
LUV,Industrials,2024-03-31,13281000000.0,36018000000.0,8367000000.0,,,58000000.0,1949000000.0,,,-298000000.0,-104000000.0,,,,,12225000000.0,,,-231000000.0,-393000000.0,71083333.33333333,1.0,104000000.0,80.45192307692308,1056000000.0,,,,
LUV,Industrials,2024-06-30,12751000000.0,35563000000.0,8142000000.0,,,67000000.0,2028000000.0,,,478000000.0,-760250000.0,,,,,14113000000.0,,,367000000.0,398000000.0,603833333.3333334,1.0,760250000.0,10.709634988490627,-1362000000.0,,,,
LVS,Consumer Discretionary,2019-06-30,4957000000.0,22594000000.0,4017000000.0,,,767000000.0,138000000.0,,,1344000000.0,-804000000.0,,,3334000000.0,33000000.0,3031000000.0,9000000.0,,954000000.0,894000000.0,-762666666.6666666,0.0,804000000.0,4.996268656716418,1926000000.0,,0.26814637072585484,,
LVS,Consumer Discretionary,2020-03-31,3493000000.0,21167000000.0,2602000000.0,305000000.0,,653000000.0,82000000.0,,,-48000000.0,-370000000.0,,,1599500000.0,36000000.0,2419000000.0,7000000.0,,-1000000.0,30500000.0,-1556000000.0,0.0,370000000.0,7.032432432432432,1074000000.0,,0.019068458893404187,,
LVS,Consumer Discretionary,2020-06-30,3772000000.0,21695000000.0,3016000000.0,,,567000000.0,64000000.0,,,-955500000.0,-2818000000.0,,,80000000.0,37000000.0,2375000000.0,6500000.0,,-820000000.0,-839500000.0,-294000000.0,0.0,2818000000.0,1.070262597586941,1397000000.0,,-7.1106675660410135,,
LW,Consumer Staples,2022-02-27,1610700000.0,4100800000.0,428600000.0,,734000000.0,430600000.0,349300000.0,,,137700000.0,-33500000.0,,,,634500000.0,612900000.0,5900000.0,221000000.0,106600000.0,133800000.0,146733333.33333334,1.0,33500000.0,12.794029850746268,997800000.0,,,,
LYB,Materials,2019-06-30,11088000000.0,31171000000.0,1279000000.0,,,3576000000.0,,328000000.0,,1175000000.0,-244000000.0,27000000.0,,9048000000.0,4685000000.0,7538000000.0,,,,1177000000.0,797500000.0,1.0,244000000.0,5.241803278688525,3550000000.0,,0.13008399646330682,0.003481354920164332,
LYB,Materials,2020-06-30,10477000000.0,31541000000.0,2552000000.0,588000000.0,,2454000000.0,,356000000.0,,283000000.0,-25500000.0,25000000.0,,5546000000.0,3768000000.0,4435000000.0,,,,339000000.0,846833333.3333334,1.0,25500000.0,100.07843137254902,6042000000.0,,0.061125135232600075,0.004507753335737469,
LYB,Materials,2023-06-30,12693000000.0,36683000000.0,2468000000.0,301000000.0,,3638000000.0,,391000000.0,,905000000.0,-485500000.0,32000000.0,,10306000000.0,5195000000.0,7017000000.0,,,,1011000000.0,355666666.6666667,1.0,485500000.0,5.083419155509784,5676000000.0,,0.09809819522608189,0.003481354920164332,
LYB,Materials,2024-03-31,12875000000.0,36624000000.0,2314000000.0,483000000.0,,,,365000000.0,,569500000.0,-114000000.0,32000000.0,,9114500000.0,4853000000.0,6087000000.0,,,,677500000.0,-131333333.33333333,0.0,114000000.0,20.29824561403509,6788000000.0,,0.07433210817927478,0.0035108892424159308,
LYB,Materials,2024-06-30,12911000000.0,37064000000.0,2839000000.0,,,,,387000000.0,,1186500000.0,-485000000.0,33000000.0,,9618000000.0,5073000000.0,6147000000.0,,,,984500000.0,-680333333.3333334,0.0,485000000.0,5.85360824742268,6764000000.0,,0.10236015803701393,0.003481354920164332,
LYV,Communication Services,2010-09-30,,,855616000.0,,,,,,,75376000.0,-154573000.0,,,1835806000.0,,,12895000.0,,51007000.0,103106000.0,31124666.666666668,1.0,154573000.0,5.535352228396938,,,0.056163886598039225,,
LYV,Communication Services,2011-09-30,1636801000.0,5168701000.0,782573000.0,,,489236000.0,108272000.0,,,71760000.0,-160206000.0,,,1790025000.0,,1438064000.0,8198000.0,,51712000.0,104809000.0,122527166.66666667,1.0,160206000.0,4.884792080196747,198737000.0,,0.05855169620536026,,
LYV,Communication Services,2012-09-30,1842368000.0,5432248000.0,783671000.0,,,583322000.0,127356000.0,,,80126000.0,-221089000.0,,,1963146000.0,,1737980000.0,9677000.0,,57948000.0,104515000.0,163492833.33333334,1.0,221089000.0,3.5445951630338914,104388000.0,,0.05323852632458309,,
LYV,Communication Services,2013-09-30,2364550000.0,5775560000.0,1302578000.0,,,578426000.0,113385000.0,,,64828000.0,-115809000.0,,,2262236000.0,,2233751000.0,9105000.0,,43774000.0,126037000.0,74567666.66666667,1.0,115809000.0,11.24764051153192,130799000.0,,0.05571346225592732,,
LYV,Communication Services,2014-09-30,2497935000.0,6047731000.0,1358300000.0,,,607150000.0,96104000.0,,,112690000.0,-349568500.0,,,2502008000.0,,1991933000.0,8963000.0,,105163000.0,150604000.0,109872666.66666667,1.0,349568500.0,3.8856475912446347,506002000.0,,0.060193252779367615,,
LYV,Communication Services,2015-09-30,2296595000.0,6265354000.0,1061383000.0,,,631344000.0,88216000.0,,,117959000.0,-378565000.0,,,2622917000.0,,2131764000.0,8032000.0,,89049000.0,153510000.0,214792000.0,1.0,378565000.0,2.8037008175610527,164831000.0,,0.058526442125313154,,
LYV,Communication Services,2016-09-30,2407205000.0,6417029000.0,1039706000.0,,,785418000.0,66347000.0,,,146585000.0,-391459000.0,,,3170416000.0,,2280997000.0,,,111079000.0,191286000.0,373069666.6666667,1.0,391459000.0,2.655976743413742,126208000.0,,0.060334669015044085,,
LYV,Communication Services,2017-09-30,3563629000.0,7810524000.0,1801013000.0,,,991215000.0,93043000.0,,,174455000.0,-386426000.0,,,3499863000.0,,3212877000.0,,,136393000.0,201347000.0,273985666.6666667,1.0,386426000.0,4.660693121063282,350752000.0,,0.057529966172961626,,
LYV,Communication Services,2018-09-30,3881047000.0,8511699000.0,1900305000.0,,,1252585000.0,112036000.0,,,200228000.0,-264250000.0,,,3835246000.0,,3608798000.0,,,172683000.0,234219000.0,124728000.0,1.0,264250000.0,7.19131504257332,272249000.0,,0.06107013735233672,,
LYV,Communication Services,2019-09-30,3849723000.0,9967133000.0,1795166000.0,,,1215465000.0,119910000.0,,,221252000.0,-260401000.0,,,3773684000.0,,3959372000.0,11998000.0,,178925000.0,260041000.0,-113896333.33333333,0.0,260401000.0,6.893852174146796,-109649000.0,,0.06890905544820393,,
LYV,Communication Services,2020-06-30,4433194000.0,11622300000.0,3290052000.0,,,618580000.0,124806000.0,,,-639767000.0,-406821000.0,,,74084000.0,,3492296000.0,38538000.0,,-567517000.0,-588067000.0,385490500.0,1.0,406821000.0,8.087222635999616,940898000.0,,-7.1106675660410135,,
LYV,Communication Services,2020-09-30,3859857000.0,10885431000.0,2625082000.0,,,564873000.0,88869000.0,,,-559362000.0,-566543000.0,,,184018000.0,,3582877000.0,56695000.0,,-528902000.0,-504441000.0,525907500.0,1.0,566543000.0,4.633508842223803,276980000.0,,-2.7412590072710277,,
LYV,Communication Services,2021-09-30,6555291000.0,13330744000.0,4628880000.0,,,1182242000.0,111142000.0,,,93288000.0,-145292000.0,,,2698722000.0,,5558104000.0,27318000.0,,46878000.0,137145000.0,538102833.3333334,1.0,145292000.0,31.85915260303389,997187000.0,,0.05081849853375042,,
LYV,Communication Services,2022-09-30,7927389000.0,15787014000.0,4951161000.0,,,1989508000.0,195327000.0,,,439301000.0,-619081000.0,,,6153535000.0,,7634487000.0,,,361402000.0,506249000.0,483400166.6666667,1.0,619081000.0,7.997598052597318,292902000.0,,0.08226962225777541,,
LYV,Communication Services,2023-09-30,10006678000.0,19140573000.0,5948511000.0,,,2503135000.0,276982000.0,,,614118000.0,-888318000.0,,,8153291000.0,,8751521000.0,,,502487500.0,636095000.0,430537166.6666667,1.0,888318000.0,6.6963756222433855,1255157000.0,,0.078016962720943,,
LYV,Communication Services,2024-09-30,9775154000.0,19747070000.0,5489919000.0,,,2693998000.0,294765000.0,,,585912000.0,-720902000.0,,,7651087000.0,,9680578000.0,,,451805000.0,639525000.0,696748333.3333334,1.0,720902000.0,7.615347162305001,94576000.0,,0.08358616233222808,,
MAR,Consumer Discretionary,2012-06-15,1355000000.0,6007000000.0,105000000.0,,,,,,,209000000.0,-25500000.0,,,2776000000.0,12000000.0,2642000000.0,19000000.0,,143000000.0,243000000.0,238333333.33333334,1.0,25500000.0,4.117647058823529,-1287000000.0,,0.08753602305475504,,
MAR,Consumer Discretionary,2019-06-30,2869000000.0,24893000000.0,284000000.0,,,,,,,314000000.0,-174000000.0,,,5305000000.0,,5624000000.0,48000000.0,,232000000.0,409000000.0,625333333.3333334,1.0,174000000.0,1.632183908045977,-2755000000.0,,0.07709707822808672,,
MAR,Consumer Discretionary,2021-06-30,2799000000.0,24504000000.0,664000000.0,,,,,,,381000000.0,-685500000.0,,,3149000000.0,,6121000000.0,41000000.0,,422000000.0,486000000.0,564166666.6666666,1.0,685500000.0,0.9686360320933625,-3322000000.0,,0.15433470943156558,,
MAS,Industrials,2009-03-31,,,813000000.0,,1384000000.0,,,,,,-48000000.0,,,,,,,413000000.0,-81000000.0,-2000000.0,30500000.0,1.0,48000000.0,16.9375,,,,,
MAS,Industrials,2010-03-31,3640000000.0,9286000000.0,1378000000.0,,1360000000.0,,673000000.0,,,,-120000000.0,,,,805000000.0,1516000000.0,,492000000.0,-7000000.0,78000000.0,-43833333.333333336,0.0,120000000.0,11.483333333333333,2124000000.0,,,,
MAS,Industrials,2010-06-30,3678000000.0,9191000000.0,1384000000.0,,1502000000.0,,729000000.0,,,,-140500000.0,,,,840000000.0,1618000000.0,,546000000.0,3000000.0,119000000.0,-46666666.666666664,0.0,140500000.0,9.850533807829182,2060000000.0,,,,
MAS,Industrials,2011-03-31,3595000000.0,8246000000.0,1505000000.0,,1337500000.0,,787000000.0,,,,-160000000.0,,,,839000000.0,1626000000.0,,425000000.0,-46000000.0,23500000.0,-63333333.333333336,0.0,160000000.0,9.40625,1969000000.0,,,,
MAS,Industrials,2011-06-30,3831000000.0,8418000000.0,1611000000.0,,1478000000.0,,921000000.0,,,,-149000000.0,,,,901000000.0,1800000000.0,,532000000.0,8000000.0,93500000.0,-30833333.333333332,0.0,149000000.0,10.812080536912752,2031000000.0,,,,
MAS,Industrials,2012-03-31,3901000000.0,7750000000.0,1788000000.0,,1356000000.0,,904000000.0,,,51000000.0,-167000000.0,,,,828000000.0,2378000000.0,,484500000.0,33000000.0,105500000.0,-55833333.333333336,0.0,167000000.0,10.706586826347305,1523000000.0,,,,
MAS,Industrials,2012-06-30,3990000000.0,7759000000.0,1853000000.0,,1451500000.0,,941000000.0,,,-14000000.0,-51500000.0,,,,844000000.0,2551000000.0,,523000000.0,-75000000.0,50500000.0,-34000000.0,0.0,51500000.0,35.980582524271846,1439000000.0,,,,
MAS,Industrials,2013-03-31,3174000000.0,6789500000.0,930000000.0,,1368000000.0,,863000000.0,,,85000000.0,-210000000.0,,,,763000000.0,1826000000.0,,508000000.0,50000000.0,132000000.0,20333333.333333332,1.0,210000000.0,4.428571428571429,1348000000.0,,,,
MAS,Industrials,2014-03-31,3418000000.0,6880000000.0,906000000.0,,1418000000.0,,954000000.0,,,93000000.0,-244000000.0,,,,838000000.0,1720000000.0,12000000.0,547000000.0,74000000.0,152000000.0,-7000000.0,0.0,244000000.0,3.7131147540983607,1698000000.0,,,,
MAS,Industrials,2014-06-30,3783000000.0,7227000000.0,1195000000.0,,1450000000.0,,1122000000.0,,,180500000.0,-114000000.0,,,,894000000.0,2462000000.0,13000000.0,618000000.0,139000000.0,230500000.0,26333333.333333332,1.0,114000000.0,10.482456140350877,1321000000.0,,,,
MAS,Industrials,2015-03-31,4179000000.0,7468000000.0,1578000000.0,,1307000000.0,,1019000000.0,34000000.0,,113000000.0,-152000000.0,,,,863000000.0,2207000000.0,10500000.0,531500000.0,64000000.0,168000000.0,61333333.333333336,1.0,152000000.0,10.381578947368421,1972000000.0,,,,
MAS,Industrials,2015-06-30,3590000000.0,5869000000.0,1297000000.0,,1292000000.0,,889000000.0,,,221000000.0,-14000000.0,,,,779000000.0,1590000000.0,13000000.0,637000000.0,105000000.0,279000000.0,46333333.333333336,1.0,14000000.0,92.64285714285714,2000000000.0,,,,
MAS,Industrials,2016-03-31,4248000000.0,6554000000.0,2175000000.0,,1151000000.0,,834000000.0,32000000.0,,177000000.0,-85000000.0,,,,755000000.0,2789000000.0,9000000.0,569000000.0,109000000.0,234000000.0,24166666.666666668,1.0,85000000.0,25.58823529411765,1459000000.0,,,,
MAS,Industrials,2016-06-30,3057000000.0,5324000000.0,956000000.0,,1301000000.0,,913000000.0,,,253000000.0,-59000000.0,,,,765000000.0,1632000000.0,6000000.0,700000000.0,150000000.0,335000000.0,15000000.0,1.0,59000000.0,16.203389830508474,1425000000.0,,,,
MAS,Industrials,2017-03-31,2958000000.0,5139000000.0,689000000.0,,1171000000.0,,903000000.0,31000000.0,,211500000.0,-149000000.0,,,,826000000.0,1424000000.0,9000000.0,606500000.0,138500000.0,256000000.0,56833333.333333336,1.0,149000000.0,4.624161073825503,1534000000.0,,,,
MAS,Industrials,2017-06-30,3306000000.0,5489000000.0,992000000.0,,1320000000.0,,960000000.0,,,258500000.0,-86500000.0,,,,850000000.0,1692000000.0,12000000.0,741500000.0,161750000.0,368250000.0,105500000.0,1.0,86500000.0,11.468208092485549,1614000000.0,,,,
MAS,Industrials,2018-03-31,2993000000.0,5630000000.0,370000000.0,,1301000000.0,,1008000000.0,34000000.0,,200000000.0,-55000000.0,,,,1050000000.0,1770000000.0,7000000.0,619000000.0,149000000.0,244000000.0,96500000.0,1.0,55000000.0,6.7272727272727275,1223000000.0,,,,
MAS,Industrials,2019-03-31,2758000000.0,5602000000.0,316000000.0,,1150000000.0,,954000000.0,40000000.0,,160500000.0,-131000000.0,,,,1011000000.0,1929000000.0,8000000.0,560500000.0,116000000.0,204000000.0,62000000.0,1.0,131000000.0,2.4122137404580153,829000000.0,,,,
MAS,Industrials,2019-06-30,2843000000.0,5653000000.0,325000000.0,,1329500000.0,,1023000000.0,,,325000000.0,-114000000.0,,,,975000000.0,1953000000.0,9000000.0,727500000.0,240000000.0,369500000.0,95833333.33333333,1.0,114000000.0,2.8508771929824563,890000000.0,,,,
MAS,Industrials,2020-03-31,2745000000.0,4840000000.0,767000000.0,,1034000000.0,,743000000.0,33000000.0,,174000000.0,-92000000.0,,,,756000000.0,1504000000.0,16000000.0,547000000.0,530000000.0,225000000.0,60500000.0,1.0,92000000.0,8.33695652173913,1241000000.0,,,,
MAS,Industrials,2020-06-30,3225000000.0,5302000000.0,1089000000.0,,1136000000.0,,845000000.0,,,302000000.0,-12500000.0,,,,750000000.0,2154000000.0,10000000.0,628000000.0,224000000.0,339000000.0,48833333.333333336,1.0,12500000.0,87.12,1071000000.0,,,,
MAS,Industrials,2021-03-31,3206000000.0,5574000000.0,838000000.0,,1270000000.0,,925000000.0,43000000.0,,157000000.0,-89000000.0,,,,948000000.0,1748000000.0,30000000.0,700000000.0,94000000.0,365000000.0,27166666.666666668,1.0,89000000.0,9.415730337078651,1458000000.0,,,,
MAS,Industrials,2021-06-30,3259000000.0,5423000000.0,769000000.0,,1388000000.0,,1021000000.0,,,-3000000.0,-47500000.0,,,,1021000000.0,1778000000.0,12000000.0,791000000.0,-36000000.0,437000000.0,1833333.3333333333,1.0,47500000.0,16.189473684210526,1481000000.0,,,,
MAS,Industrials,2022-03-31,3428000000.0,5568000000.0,479000000.0,,1497000000.0,,1114000000.0,35000000.0,,327000000.0,-227000000.0,,,,1340000000.0,2136000000.0,27000000.0,704000000.0,233000000.0,353000000.0,85166666.66666667,1.0,227000000.0,2.1101321585903086,1292000000.0,,,,
MAS,Industrials,2022-06-30,3359000000.0,5467000000.0,440000000.0,,1583000000.0,,1128000000.0,,,397000000.0,-123500000.0,,,,1354000000.0,2467000000.0,12000000.0,769000000.0,278000000.0,408000000.0,189000000.0,1.0,123500000.0,3.562753036437247,892000000.0,,,,
MAS,Industrials,2024-03-31,2850000000.0,5336000000.0,368000000.0,,1241000000.0,,899000000.0,38000000.0,,289000000.0,-94000000.0,,,,1059000000.0,1641000000.0,,685000000.0,215000000.0,318000000.0,15333333.333333334,1.0,94000000.0,3.9148936170212765,1209000000.0,,,,
MAS,Industrials,2024-06-30,2898000000.0,5365000000.0,398000000.0,,1306000000.0,,924000000.0,38000000.0,,366000000.0,-212000000.0,,,,1057000000.0,1645000000.0,,785000000.0,258000000.0,397000000.0,-87333333.33333333,0.0,212000000.0,1.8773584905660377,1253000000.0,,,,
MCD,Consumer Discretionary,2020-06-30,6609400000.0,49938900000.0,3255700000.0,305000000.0,524500000.0,,538400000.0,71000000.0,5500000000.0,,-998300000.0,,,3761500000.0,42600000.0,7246100000.0,,,483800000.0,961100000.0,2263533333.3333335,1.0,998300000.0,3.2612441149954923,-636700000.0,,0.25550977003854847,,0.11013458446221282
MCHP,Information Technology,2024-09-30,2905500000.0,15622300000.0,286100000.0,,,1044300000.0,204200000.0,,6422900000.0,91500000.0,-810650000.0,240700000.0,521900000.0,,1339600000.0,3285700000.0,46300000.0,668500000.0,78400000.0,146600000.0,72866666.66666667,1.0,810650000.0,0.352926663788318,-380200000.0,,,,0.4111366444121544
MCK,Health Care,2010-09-30,20244000000.0,26792000000.0,3050000000.0,,,,12834000000.0,,,376000000.0,-64500000.0,,949000000.0,27534000000.0,8763000000.0,16385000000.0,,1366000000.0,327000000.0,417000000.0,530666666.6666667,1.0,64500000.0,47.286821705426355,3859000000.0,0.04961138955473233,0.015144911745478318,,
MCK,Health Care,2012-06-30,22054000000.0,31748000000.0,2013000000.0,45500000.0,,,15151000000.0,132500000.0,,529500000.0,-552000000.0,,1003000000.0,,10059000000.0,20097000000.0,,1580500000.0,380000000.0,577500000.0,44666666.666666664,1.0,552000000.0,3.6467391304347827,1957000000.0,,,,
MCK,Health Care,2012-09-30,23091000000.0,32968000000.0,2831000000.0,,,,15501000000.0,,,563500000.0,-399000000.0,,1093000000.0,,10070000000.0,20750000000.0,,1701500000.0,401000000.0,608500000.0,402666666.6666667,1.0,399000000.0,7.095238095238095,2341000000.0,,,,
MCK,Health Care,2012-12-31,23439000000.0,33433000000.0,2726000000.0,,,,15047000000.0,,,442500000.0,-183000000.0,,1165000000.0,,10390000000.0,20208000000.0,,1656500000.0,298000000.0,491500000.0,350000000.0,1.0,183000000.0,14.896174863387978,3231000000.0,,,,
MCK,Health Care,2013-12-31,25234000000.0,36479000000.0,2431000000.0,,,,16638000000.0,,,413000000.0,-341000000.0,,1356000000.0,,11462000000.0,21904000000.0,,1845000000.0,64500000.0,489000000.0,391666666.6666667,1.0,341000000.0,7.129032258064516,3330000000.0,,,,
MCK,Health Care,2014-09-30,33879000000.0,52232000000.0,3804000000.0,,,,22656000000.0,,10000000000.0,713500000.0,-71000000.0,,2106000000.0,,14063000000.0,29337000000.0,,2893500000.0,469000000.0,787500000.0,718166666.6666666,1.0,71000000.0,53.57746478873239,4542000000.0,,,,0.191453515086537
MCK,Health Care,2015-12-31,38261000000.0,55087000000.0,3406000000.0,,,,26854000000.0,,8711000000.0,846000000.0,-685000000.0,,1952000000.0,,16411000000.0,34479000000.0,,2872000000.0,634000000.0,920000000.0,1628333333.3333333,1.0,685000000.0,4.972262773722628,3782000000.0,,,,0.15813168261114238
MCK,Health Care,2017-09-30,39794000000.0,63846000000.0,2563000000.0,,49227000000.0,,33580000000.0,,8015000000.0,178000000.0,-315500000.0,,2302000000.0,,16885000000.0,37765000000.0,,2834000000.0,1000000.0,239000000.0,-473500000.0,0.0,315500000.0,8.123613312202853,2029000000.0,,,,0.12553644707577608
MCK,Health Care,2017-12-31,40195000000.0,64213000000.0,2619000000.0,,50902000000.0,,33009000000.0,,8045000000.0,697000000.0,-17000000.0,,1932500000.0,,17103000000.0,37652000000.0,,2715000000.0,903000000.0,834000000.0,-526833333.3333333,0.0,17000000.0,154.05882352941177,2543000000.0,,,,0.1252861570087054
MCK,Health Care,2018-06-30,38214000000.0,61282000000.0,2199000000.0,101000000.0,49828000000.0,,32063000000.0,235000000.0,7719000000.0,6000000.0,-1061000000.0,,2696000000.0,,16364000000.0,38348000000.0,,2779000000.0,-138000000.0,83000000.0,-190166666.66666666,0.0,1061000000.0,2.0725730442978323,-134000000.0,,,,0.12595868281061323
MCK,Health Care,2018-09-30,38544000000.0,61421000000.0,2118000000.0,,50271000000.0,,33227000000.0,,7694000000.0,587000000.0,-342500000.0,,2115000000.0,,16671000000.0,38863000000.0,,2804000000.0,499000000.0,689000000.0,-152500000.0,0.0,342500000.0,6.183941605839416,-319000000.0,,,,0.12526660262776576
MCK,Health Care,2018-12-31,38319000000.0,61011000000.0,1849000000.0,,53238000000.0,,32091000000.0,,8736000000.0,650000000.0,-177000000.0,,2287000000.0,,16951000000.0,37424000000.0,,2970000000.0,469000000.0,683000000.0,-133833333.33333333,0.0,177000000.0,10.44632768361582,895000000.0,,,,0.14318729409450756
MCK,Health Care,2019-06-30,38428000000.0,61680000000.0,1947000000.0,87000000.0,52941000000.0,,34021000000.0,229000000.0,7692000000.0,619000000.0,-51000000.0,,2153000000.0,,16604000000.0,37952000000.0,,2787000000.0,423000000.0,634000000.0,-470833333.3333333,0.0,51000000.0,38.1764705882353,476000000.0,,,,0.12470817120622568
MCK,Health Care,2019-09-30,37353000000.0,58994000000.0,1356000000.0,,54749000000.0,,32560000000.0,,7644000000.0,-970000000.0,-229500000.0,,2241000000.0,,16356000000.0,37145000000.0,,2867000000.0,-730000000.0,626000000.0,-361333333.3333333,0.0,229500000.0,5.908496732026144,208000000.0,,,,0.12957249889819303
MCK,Health Care,2019-12-31,39390000000.0,60873000000.0,2065000000.0,,56139000000.0,,32744000000.0,,7700000000.0,294000000.0,-121000000.0,,2673000000.0,,17020000000.0,40055000000.0,,3033000000.0,186000000.0,360000000.0,83333333.33333333,1.0,121000000.0,17.06611570247934,-665000000.0,,,,0.1264928621884908
MCK,Health Care,2020-06-30,38682000000.0,57666000000.0,2613000000.0,72000000.0,52979000000.0,,33209000000.0,,,645000000.0,-1062000000.0,,2022000000.0,,16607000000.0,38600000000.0,,2700000000.0,444000000.0,678000000.0,-103333333.33333333,0.0,1062000000.0,2.4604519774011298,82000000.0,,,,
MCK,Health Care,2021-06-30,43350000000.0,62894000000.0,2423000000.0,93000000.0,59642000000.0,,38389000000.0,,,562000000.0,-1622000000.0,,2464000000.0,,20016000000.0,43835000000.0,,3032000000.0,486000000.0,568000000.0,6666666.666666667,1.0,1622000000.0,1.4938347718865599,-485000000.0,,,,
MCK,Health Care,2021-09-30,45580000000.0,63601000000.0,2151000000.0,,63224000000.0,,38922000000.0,,,442000000.0,-416000000.0,,2813000000.0,,19342000000.0,46075000000.0,,3352000000.0,267000000.0,539000000.0,-57166666.666666664,0.0,416000000.0,5.170673076923077,-495000000.0,,,,
MCK,Health Care,2022-06-30,45383000000.0,62295000000.0,2233000000.0,71000000.0,64131000000.0,,39708000000.0,,,1006000000.0,-941000000.0,,1987000000.0,,19505000000.0,47201000000.0,,3023000000.0,768000000.0,1036000000.0,2833333.3333333335,1.0,941000000.0,2.373007438894793,-1818000000.0,,,,
MCK,Health Care,2022-09-30,46448000000.0,63081000000.0,2916000000.0,,67062000000.0,,41003000000.0,,,1244000000.0,-607500000.0,,1971000000.0,,19876000000.0,48357000000.0,,3095000000.0,926000000.0,1124000000.0,-129333333.33333333,0.0,607500000.0,4.8,-1909000000.0,,,,
MCK,Health Care,2023-06-30,45539000000.0,64096000000.0,2636000000.0,78000000.0,71461000000.0,,43982000000.0,,5661000000.0,1091000000.0,-1052000000.0,,1922000000.0,,20510000000.0,48422000000.0,,3022000000.0,958000000.0,1100000000.0,-710000000.0,0.0,1052000000.0,2.505703422053232,-2883000000.0,,,,0.08832064403394907
MCK,Health Care,2023-09-30,47531000000.0,66091000000.0,2524000000.0,,74146000000.0,,46795000000.0,,5584000000.0,916000000.0,-1004000000.0,,2118000000.0,,21945000000.0,51147000000.0,,3069000000.0,664000000.0,951000000.0,-163166666.66666666,0.0,1004000000.0,2.5139442231075697,-3616000000.0,,,,0.0844895674146253
MCK,Health Care,2024-06-30,52252000000.0,71670000000.0,2302000000.0,106000000.0,76131000000.0,,51704000000.0,,5635000000.0,1084000000.0,-1380000000.0,,2123000000.0,,25571000000.0,56434000000.0,,3152000000.0,915000000.0,1029000000.0,-888166666.6666666,0.0,1380000000.0,1.6681159420289855,-4182000000.0,,,,0.0786242500348821
MCK,Health Care,2024-12-31,51741000000.0,71081000000.0,1131000000.0,,92010000000.0,,49689000000.0,,5587000000.0,1226000000.0,-2383000000.0,,2060000000.0,,23837000000.0,58562000000.0,,3284000000.0,879000000.0,1224000000.0,1159666666.6666667,1.0,2383000000.0,0.4746118338229123,-6821000000.0,,,,0.07860046988646754
MDLZ,Consumer Staples,2009-06-30,11688000000.0,64654000000.0,1731000000.0,,,,,,,,-809000000.0,,,10162000000.0,4011000000.0,10303000000.0,,3665000000.0,827000000.0,1531000000.0,1061000000.0,1.0,809000000.0,2.1396786155747836,1385000000.0,0.3606573509151742,0.15065931903168667,,
MDLZ,Consumer Staples,2010-03-31,17215000000.0,95709000000.0,3878000000.0,241000000.0,,,5422000000.0,,,582000000.0,-5000000.0,,,11318000000.0,5097000000.0,15581000000.0,,4089000000.0,1883000000.0,1206000000.0,-335666666.6666667,0.0,5000000.0,469.25,1634000000.0,0.361282912175296,0.10655592860929493,,
MDLZ,Consumer Staples,2010-09-30,15824000000.0,93620000000.0,2288000000.0,,,,5130000000.0,,,,-800000000.0,,,11863000000.0,5735000000.0,13626000000.0,,4321000000.0,754000000.0,1519000000.0,22333333.333333332,1.0,800000000.0,2.86,2198000000.0,0.36424176009441117,0.12804518250021074,,
MDLZ,Consumer Staples,2011-03-31,17529000000.0,98269000000.0,2088000000.0,237000000.0,,,5535000000.0,,,1200000000.0,-986000000.0,,,12573000000.0,6116000000.0,19779000000.0,,4636000000.0,799000000.0,1646000000.0,67333333.33333333,1.0,986000000.0,2.1176470588235294,-2250000000.0,0.3687266364431719,0.13091545375009941,,
MDLZ,Consumer Staples,2011-06-30,17496000000.0,99027000000.0,2267000000.0,,,,5308000000.0,,,1365000000.0,-316000000.0,,,13878000000.0,6414000000.0,20280000000.0,,4871000000.0,976000000.0,1806000000.0,297833333.3333333,1.0,316000000.0,7.174050632911392,-2784000000.0,0.3509871739443724,0.13013402507565933,,
MDLZ,Consumer Staples,2012-03-31,17693000000.0,96647000000.0,1852000000.0,335000000.0,,,5545000000.0,,,,-851000000.0,,,10880000000.0,6286000000.0,19298000000.0,,3931000000.0,813000000.0,1297000000.0,319166666.6666667,1.0,851000000.0,2.1762632197414806,-1605000000.0,0.36130514705882355,0.11920955882352942,,
MDLZ,Consumer Staples,2013-03-31,14295000000.0,73298000000.0,2759000000.0,235000000.0,,,4378000000.0,,,,-385000000.0,,,8744000000.0,3849000000.0,13847000000.0,,3242000000.0,552000000.0,834000000.0,-155500000.0,0.0,385000000.0,7.166233766233766,448000000.0,0.37076852698993595,0.09537968892955169,,
MDLZ,Consumer Staples,2013-06-30,13738000000.0,71823000000.0,2476000000.0,,,,4316000000.0,,,,-669500000.0,,,8595000000.0,3937000000.0,13133000000.0,,3231000000.0,608500000.0,865000000.0,-9333333.333333334,0.0,669500000.0,3.6982823002240477,605000000.0,0.37591623036649213,0.10063990692262943,,
MDLZ,Consumer Staples,2014-03-31,13702000000.0,72960000000.0,,326000000.0,,,5372000000.0,,,,-577000000.0,,,8641000000.0,4027000000.0,15325000000.0,,3204000000.0,163000000.0,843000000.0,89333333.33333333,1.0,577000000.0,,-1623000000.0,0.3707904177757204,0.0975581529915519,,
MDLZ,Consumer Staples,2014-06-30,13100000000.0,72680000000.0,,,,,5303000000.0,,,,-231000000.0,,,8436000000.0,4088000000.0,14915000000.0,,3105000000.0,622000000.0,957000000.0,165166666.66666666,1.0,231000000.0,,-1815000000.0,0.36806543385490753,0.11344238975817923,,
MDLZ,Consumer Staples,2015-03-31,11864000000.0,64206000000.0,,439000000.0,,4061000000.0,5199000000.0,,,,-282000000.0,,,7762000000.0,3421000000.0,16466000000.0,,2941000000.0,324000000.0,811000000.0,127833333.33333333,1.0,282000000.0,,-4602000000.0,0.3788971914455037,0.10448338057201752,,
MDLZ,Consumer Staples,2015-06-30,11888000000.0,65118000000.0,,,,3294000000.0,4499000000.0,,,,-3500000.0,,,7661000000.0,3000000000.0,16788000000.0,,3066000000.0,406000000.0,841000000.0,6000000.0,1.0,3500000.0,,-4900000000.0,0.4002088500195797,0.1097767915415742,,
MDLZ,Consumer Staples,2016-03-31,9009000000.0,63975000000.0,,335000000.0,,3101000000.0,4779000000.0,,,,-454000000.0,,,6455000000.0,2756000000.0,13178000000.0,,2535000000.0,554000000.0,722000000.0,-41666666.666666664,0.0,454000000.0,,-4169000000.0,0.39271882261812546,0.11185127807900852,,
MDLZ,Consumer Staples,2016-06-30,8979000000.0,63271000000.0,,,,2796000000.0,4562000000.0,,,,-369000000.0,,,6302000000.0,2713000000.0,12996000000.0,,2516000000.0,464000000.0,638000000.0,-21000000.0,0.0,369000000.0,,-4017000000.0,0.39923833703586165,0.10123770231672485,,
MDLZ,Consumer Staples,2017-03-31,8415000000.0,62076000000.0,,306000000.0,,3035000000.0,4897000000.0,,,,-557000000.0,,,6414000000.0,2603000000.0,15057000000.0,,2521500000.0,630000000.0,832500000.0,211666666.66666666,1.0,557000000.0,,-6642000000.0,0.3931244153414406,0.12979420018709073,,
MDLZ,Consumer Staples,2017-06-30,8193000000.0,62757000000.0,,,,2395000000.0,5012000000.0,,,,-307000000.0,,,5986000000.0,2710000000.0,15563000000.0,,2319000000.0,498000000.0,638500000.0,575166666.6666666,1.0,307000000.0,,-6987757640.0,0.387403942532576,0.10666555295689943,,
MDT,Health Care,2017-10-27,25162000000.0,94458000000.0,5529000000.0,,2121500000.0,5752000000.0,1718000000.0,,,,-909500000.0,,,,3638000000.0,10496000000.0,106000000.0,,2017000000.0,1897500000.0,1582000000.0,1.0,909500000.0,6.0791643760307865,14666000000.0,,,,
MDT,Health Care,2020-10-30,26036000000.0,95886000000.0,6420000000.0,,2705000000.0,5348000000.0,1902000000.0,,,525000000.0,-753000000.0,,,,4484000000.0,12071000000.0,140000000.0,,489000000.0,930000000.0,1487166666.6666667,1.0,753000000.0,8.525896414342629,13965000000.0,,,,
MDT,Health Care,2022-10-28,25398000000.0,93241000000.0,4828000000.0,,2535000000.0,5626000000.0,2198000000.0,,,1395000000.0,-639500000.0,,,,5055000000.0,14465000000.0,137000000.0,,427000000.0,1404000000.0,731833333.3333334,1.0,639500000.0,7.549648162627053,10933000000.0,,,,
MDT,Health Care,2023-10-27,22081000000.0,90087000000.0,1311000000.0,,2761000000.0,5934000000.0,2174000000.0,,,1313000000.0,-253500000.0,,,,5754000000.0,9659000000.0,146000000.0,,909000000.0,1340000000.0,1133000000.0,1.0,253500000.0,5.171597633136095,12422000000.0,,,,
MDT,Health Care,2024-10-25,22438000000.0,90042000000.0,1394000000.0,,2946000000.0,6260000000.0,2376000000.0,,,1559000000.0,-61000000.0,,,,5479000000.0,12195000000.0,159000000.0,,1270000000.0,1595000000.0,385666666.6666667,1.0,61000000.0,22.852459016393443,10243000000.0,,,,
MGM,Consumer Discretionary,2010-03-31,,,440587000.0,53942000.0,,,,,,,-44909000.0,,,1457392000.0,,,,,-96741000.0,-11423000.0,20327333.333333332,1.0,44909000.0,9.810661560043643,,,-0.0078379735856928,,
MGM,Consumer Discretionary,2010-06-30,1791956000.0,19987547000.0,1013208000.0,,,,117463000.0,,,,-168472000.0,,,1537695000.0,96805000.0,1194987000.0,,,-883476000.0,-1048817000.0,114727000.0,1.0,168472000.0,6.014103233771784,596969000.0,,-0.6820708918218502,,
MGM,Consumer Discretionary,2020-03-31,7597929000.0,39118905000.0,6016417000.0,73110000.0,,454826000.0,202735000.0,,11743348000.0,936823000.0,-422937000.0,,,,106327000.0,2626247000.0,,,806869000.0,1250845000.0,-671756333.3333334,0.0,422937000.0,14.225326703504305,4971682000.0,,,,0.3001962350428776
MGM,Consumer Discretionary,2020-06-30,6370768000.0,37471285000.0,4835505000.0,,,287065000.0,122428000.0,,11339561000.0,-1206725000.0,-1763556000.0,,,,106791000.0,2575128000.0,,,-857257000.0,-1034529000.0,247168500.0,1.0,1763556000.0,2.741906126031722,3795640000.0,,,,0.3026200195696518
MGM,Consumer Discretionary,2020-09-30,6186281000.0,37004775000.0,4593872000.0,,,328413000.0,150445000.0,,11414730000.0,-678705000.0,-164103000.0,,,,97316000.0,2766784000.0,,,-534731000.0,-495182000.0,474632500.0,1.0,164103000.0,27.99383314138072,3419497000.0,,,,0.3084664073758049
MGM,Consumer Discretionary,2021-03-31,7083867000.0,37330767000.0,6171512000.0,78914000.0,,360188000.0,160894000.0,,13245448000.0,-430636000.0,-87610000.0,,,,82346000.0,1835386000.0,,,-331829000.0,-246690000.0,643996500.0,1.0,87610000.0,70.44300878895103,5248481000.0,,,,0.35481317595215767
MKC,Consumer Staples,2010-02-28,901800000.0,3245400000.0,21900000.0,9000000.0,,325300000.0,,23100000.0,,,-5100000.0,,,,,715500000.0,,310200000.0,67900000.0,100800000.0,19050000.0,1.0,5100000.0,4.294117647058823,186300000.0,,,,
MKC,Consumer Staples,2011-02-28,1015600000.0,3477600000.0,40600000.0,14200000.0,,326800000.0,,23700000.0,,,-23100000.0,,,,,806700000.0,,328200000.0,76800000.0,110600000.0,11866666.666666666,1.0,23100000.0,1.7575757575757576,208900000.0,,,,
MKC,Consumer Staples,2011-05-31,1079600000.0,3589400000.0,47900000.0,,,342600000.0,,,,,-36300000.0,,,,,846500000.0,,350700000.0,73600000.0,109300000.0,57816666.666666664,1.0,36300000.0,1.3195592286501376,233100000.0,,,,
MKC,Consumer Staples,2018-02-28,1606000000.0,10363000000.0,179600000.0,31300000.0,755000000.0,502000000.0,,36600000.0,4454200000.0,,-20500000.0,,,1215400000.0,,1871500000.0,,490200000.0,422600000.0,182400000.0,113700000.0,1.0,20500000.0,8.760975609756098,-265500000.0,0.4033240085568537,0.15007404969557347,,0.4298176203801988
MKC,Consumer Staples,2021-02-28,1954700000.0,12685100000.0,256100000.0,48600000.0,904000000.0,515900000.0,,48100000.0,5005100000.0,,-32200000.0,,,1481500000.0,,2423700000.0,,577500000.0,161800000.0,236300000.0,25816666.666666668,1.0,32200000.0,7.953416149068323,-469000000.0,0.38980762740465746,0.15950050624367196,,0.39456527737266556
MKC,Consumer Staples,2021-05-31,2052600000.0,12810500000.0,291800000.0,,942100000.0,500400000.0,,,5003700000.0,,-84650000.0,,,1556700000.0,,2381200000.0,,614600000.0,183700000.0,237400000.0,43350000.0,1.0,84650000.0,3.4471352628470173,-328600000.0,0.39480953298644567,0.15250208774972698,,0.3905936536434956
MKC,Consumer Staples,2022-05-31,2324700000.0,12957900000.0,325800000.0,,1013800000.0,493100000.0,,,4691100000.0,,-32050000.0,,,1536800000.0,,3133000000.0,,523000000.0,118500000.0,157200000.0,156083333.33333334,1.0,32050000.0,10.165366614664586,-808300000.0,0.3403175429463821,0.10229047371160854,,0.3620262542541616
MKC,Consumer Staples,2024-05-31,2069400000.0,12987600000.0,166300000.0,,1023600000.0,598500000.0,,,4112400000.0,,-28550000.0,,,1643200000.0,,2984300000.0,,619600000.0,184200000.0,234100000.0,-8200000.0,0.0,28550000.0,5.824868651488616,-914900000.0,0.3770691333982473,0.14246592015579357,,0.3166404878499492
MLM,Materials,2010-06-30,708466000.0,3096392000.0,32095000.0,,386931000.0,257761000.0,80238000.0,,1056085000.0,,-31024000.0,22000.0,,,319842000.0,414626000.0,,117699000.0,54399000.0,90649000.0,31010833.333333332,1.0,31024000.0,1.0345216606498195,293840000.0,,,,0.34106954158259034
MLM,Materials,2011-06-30,745568000.0,3148919000.0,26099000.0,,380674500.0,269390000.0,85415000.0,,1085915000.0,,-44629500.0,,,,336365000.0,262898000.0,,96997000.0,35799000.0,63848000.0,18869666.666666668,1.0,44629500.0,0.5847925699369251,482670000.0,,,,0.34485326551746803
MLM,Materials,2012-03-31,701944000.0,3182117000.0,44950000.0,37518000.0,370149000.0,212052000.0,100082000.0,44398000.0,1134828000.0,,-4319000.0,,,,333487000.0,185371000.0,,23827500.0,-36732000.0,-35325500.0,16894666.666666668,1.0,4319000.0,10.407501736513082,516573000.0,,,,0.35662673622622926
MLM,Materials,2012-06-30,760331000.0,3226533000.0,41393000.0,,443625500.0,275416000.0,113308000.0,,1144247000.0,,-62266000.0,,,,331984000.0,199066000.0,,102077000.0,36751000.0,59252000.0,33466666.666666668,1.0,62266000.0,0.6647769248064754,561265000.0,,,,0.35463669517714524
MLM,Materials,2013-06-30,806485000.0,3231119000.0,43712000.0,,455118000.0,287521000.0,99960000.0,,1093319000.0,,-12550000.0,,,,348873000.0,192533000.0,,106886000.0,41308000.0,69524500.0,9501000.0,1.0,12550000.0,3.483027888446215,613952000.0,,,,0.338371629147673
MLM,Materials,2014-06-30,876701000.0,3356043000.0,34329000.0,,533623000.0,343784000.0,139442000.0,,1084801000.0,83586000.0,-95282000.0,,,,348168000.0,244725000.0,,135602000.0,59521000.0,96241000.0,97819666.66666667,1.0,95282000.0,0.36028840704435255,631976000.0,,,,0.32323811107307027
MLM,Materials,2022-06-30,2760300000.0,14542800000.0,772100000.0,,1216500000.0,1026600000.0,359700000.0,,5044300000.0,457500000.0,-103950000.0,,,,835200000.0,761400000.0,,425200000.0,366500000.0,478600000.0,224550000.0,1.0,103950000.0,7.427609427609427,1998900000.0,,,,0.3468589267541326
MLM,Materials,2024-06-30,2229000000.0,16333000000.0,109000000.0,,1247000000.0,909000000.0,304000000.0,,4347000000.0,372000000.0,-313500000.0,,,,1105000000.0,1196000000.0,,517000000.0,294000000.0,398000000.0,216666666.66666666,1.0,313500000.0,0.34768740031897927,1033000000.0,,,,0.26614828874058655
MMM,Industrials,2018-06-30,13890000000.0,36778000000.0,,,,5383000000.0,1871000000.0,,,2350000000.0,-148000000.0,,,8390000000.0,4238000000.0,8902000000.0,49000000.0,,1857000000.0,2401000000.0,1268833333.3333333,1.0,148000000.0,,4988000000.0,,0.2861740166865316,,
MMM,Industrials,2022-06-30,14514000000.0,45634000000.0,,,,4914000000.0,3273000000.0,,15921000000.0,60000000.0,-586500000.0,,,8702000000.0,5645000000.0,9896000000.0,47000000.0,,78000000.0,110000000.0,1251833333.3333333,1.0,586500000.0,,4618000000.0,,0.012640772236267524,,0.34888460358504625
MMM,Industrials,2024-06-30,19515000000.0,43377000000.0,,,,3575000000.0,2813000000.0,,13083000000.0,1410000000.0,-559000000.0,,,6255000000.0,4060000000.0,14345000000.0,154000000.0,,1145000000.0,1272000000.0,-966666666.6666666,0.0,559000000.0,,5170000000.0,,0.20335731414868105,,0.30161145307420983
MMM,Industrials,2024-09-30,16299000000.0,40875000000.0,,,,3528000000.0,2689000000.0,,13189000000.0,1721000000.0,-1787000000.0,,,6294000000.0,4039000000.0,11391000000.0,41000000.0,,1372000000.0,1316000000.0,214333333.33333334,1.0,1787000000.0,,4908000000.0,,0.20908802033682872,,0.32266666666666666
MNST,Consumer Staples,2022-03-31,4743666000.0,8187459000.0,1014786000.0,21511000.0,741907000.0,1039780000.0,438256000.0,14599000.0,,392189000.0,-351000.0,,377178000.0,,821132000.0,1044361000.0,16300000.0,776667000.0,,399489000.0,183223333.33333334,1.0,1179870.0,469.25,3699305000.0,,,,
MNST,Consumer Staples,2022-06-30,4696620000.0,8175012000.0,1132039000.0,,875399000.0,1175587000.0,492858000.0,,,366170000.0,-333328000.0,,406910000.0,,885948000.0,1093608000.0,16300000.0,779861000.0,,372951000.0,450522333.3333333,1.0,333328000.0,3.39617133874142,3603012000.0,,,,
MO,Consumer Staples,2011-06-30,5657000000.0,36832000000.0,2064000000.0,,,,252000000.0,,,1156000000.0,-382000000.0,,,,1673000000.0,5446000000.0,,1972000000.0,444000000.0,1295000000.0,851666666.6666666,1.0,382000000.0,5.403141361256544,211000000.0,,,,
MO,Consumer Staples,2012-06-30,5143000000.0,34547000000.0,1528000000.0,,,,335000000.0,,,1807000000.0,-1367000000.0,,,,1684000000.0,6081000000.0,,2494000000.0,1225000000.0,1877000000.0,1551000000.0,1.0,1367000000.0,1.1177761521580103,-938000000.0,,,,
MO,Consumer Staples,2016-06-30,4600000000.0,31324000000.0,819000000.0,,,,193000000.0,,,2534000000.0,-972000000.0,,,,1970000000.0,5512000000.0,,2957000000.0,1653000000.0,2410000000.0,1764500000.0,1.0,972000000.0,0.8425925925925926,-912000000.0,,,,
MO,Consumer Staples,2019-06-30,4483000000.0,57501000000.0,1796000000.0,,1874000000.0,,224000000.0,,,2601000000.0,-891000000.0,,,,2235000000.0,7952000000.0,,3319000000.0,1996000000.0,2717000000.0,2773333333.3333335,1.0,891000000.0,2.015712682379349,-3469000000.0,,,,
MO,Consumer Staples,2021-06-30,4184000000.0,44388000000.0,1877000000.0,,1882000000.0,,260000000.0,,28241000000.0,2909000000.0,-243000000.0,,,,1794000000.0,5783000000.0,,3732000000.0,2149000000.0,3186000000.0,1942666666.6666667,1.0,243000000.0,7.724279835390947,-1599000000.0,,,,0.636230512751194
MO,Consumer Staples,2022-06-30,4086000000.0,36746000000.0,2567000000.0,,1708000000.0,,396000000.0,,27680000000.0,1605000000.0,-310000000.0,,,,1144000000.0,8311000000.0,,3666000000.0,891000000.0,3105000000.0,2116500000.0,1.0,310000000.0,8.280645161290323,-4225000000.0,,,,0.7532792684918086
MO,Consumer Staples,2024-06-30,3540000000.0,34387000000.0,1799000000.0,,1602000000.0,,556000000.0,,25023000000.0,5116000000.0,-228000000.0,,,,1174000000.0,7782000000.0,,3675000000.0,3803000000.0,2533000000.0,947666666.6666666,1.0,228000000.0,7.890350877192983,-4242000000.0,,,,0.7276877889900253
MOH,Health Care,2010-09-30,,,426455000.0,,,,,,,,-16378000.0,,,1039146000.0,,,,,16173000.0,29953000.0,78181166.66666667,1.0,16378000.0,26.03828306264501,,,0.028824630995067102,,
MOH,Health Care,2013-06-30,1744802000.0,2579916000.0,742670000.0,,,,,22108000.0,737000000.0,,-243760000.0,,,1605834000.0,,707159000.0,7729000.0,,24571000.0,46446000.0,204659000.0,1.0,243760000.0,3.0467262881522807,1037643000.0,,0.028923288459454712,,0.2856682155543049
MOH,Health Care,2016-06-30,5545000000.0,7202000000.0,2345000000.0,,,,,,1428000000.0,,-175000000.0,,,4359000000.0,,3646000000.0,9000000.0,454000000.0,33000000.0,105000000.0,476500000.0,1.0,175000000.0,13.4,1899000000.0,0.10415232851571461,0.024088093599449415,,0.1982782560399889
MOH,Health Care,2018-06-30,8027000000.0,8763000000.0,3396500000.0,,,,,,,,-164500000.0,,,4883000000.0,,5820000000.0,,,202000000.0,342000000.0,-1500000.0,0.0,164500000.0,20.64741641337386,2207000000.0,,0.07003891050583658,,
MOH,Health Care,2018-09-30,7301000000.0,8051000000.0,2814000000.0,,,,,,,,-505000000.0,,,4697000000.0,,5213000000.0,,,197000000.0,295000000.0,247500000.0,1.0,505000000.0,5.572277227722772,2088000000.0,,0.06280604641260379,,
MOH,Health Care,2020-09-30,6953000000.0,7881000000.0,3196000000.0,,4098000000.0,,,,,262000000.0,-158000000.0,,,5021000000.0,,3556000000.0,,,185000000.0,289000000.0,596833333.3333334,1.0,158000000.0,20.227848101265824,3397000000.0,,0.05755825532762398,,
MOH,Health Care,2022-06-30,10332000000.0,12572000000.0,4312000000.0,,6872000000.0,,,,,334000000.0,-30000000.0,,,8054000000.0,,7225000000.0,,,248000000.0,361000000.0,693500000.0,1.0,30000000.0,143.73333333333332,3107000000.0,,0.04482244847280854,,
MOH,Health Care,2024-06-30,12331000000.0,15185000000.0,4354000000.0,,8368000000.0,,,,,406000000.0,-1181000000.0,,,9880000000.0,,7836000000.0,,,301000000.0,434000000.0,27666666.666666668,1.0,1181000000.0,3.686706181202371,4495000000.0,,0.043927125506072875,,
MOS,Materials,2012-11-30,6533100000.0,17440700000.0,3420700000.0,393500000.0,,,913700000.0,147400000.0,,,-814800000.0,,,2536200000.0,1518500000.0,1647400000.0,,675900000.0,628800000.0,559600000.0,371100000.0,1.0,814800000.0,4.198208149239077,4885700000.0,0.26650106458481193,0.22064505953789135,,
MOS,Materials,2017-09-30,3375500000.0,17803100000.0,685700000.0,197600000.0,,,547900000.0,168800000.0,,,-138950000.0,,,,1666200000.0,1897800000.0,,240800000.0,227500000.0,213900000.0,201425000.0,1.0,138950000.0,4.934868657790572,1477700000.0,,,,
MOS,Materials,2018-03-31,3841400000.0,20452300000.0,659400000.0,223300000.0,,,679400000.0,217500000.0,,,-71000000.0,,,,2059000000.0,2220500000.0,,242100000.0,42300000.0,80700000.0,274050000.0,1.0,71000000.0,9.287323943661972,1620900000.0,,,,
MOS,Materials,2019-03-31,4146300000.0,20445300000.0,384600000.0,313900000.0,,,781600000.0,218100000.0,,,-175500000.0,,,,2572100000.0,2397200000.0,,309500000.0,130800000.0,202100000.0,125933333.33333333,1.0,175500000.0,2.1914529914529917,1749100000.0,,,,
MOS,Materials,2019-06-30,4228800000.0,20643900000.0,401900000.0,294900000.0,,,808600000.0,220700000.0,,,-298100000.0,,,,2713900000.0,2526900000.0,,227200000.0,-233100000.0,-241900000.0,423533333.3333333,1.0,298100000.0,1.3482053002348204,1701900000.0,,,,
MOS,Materials,2023-06-30,5711700000.0,23140200000.0,626100000.0,310300000.0,2822900000.0,,1233000000.0,244200000.0,,,-268350000.0,,,,3148700000.0,4839400000.0,,571100000.0,369000000.0,369200000.0,133283333.33333333,1.0,268350000.0,2.3331470095025155,872300000.0,,,,
MOS,Materials,2024-03-31,4655200000.0,22873000000.0,336700000.0,383000000.0,2280200000.0,,850400000.0,241100000.0,,,-80000000.0,,,,2603000000.0,4020400000.0,,399200000.0,45200000.0,172900000.0,62750000.0,1.0,80000000.0,4.20875,634800000.0,,,,
MOS,Materials,2024-06-30,4759100000.0,22566500000.0,322000000.0,,2422600000.0,,1054800000.0,264400000.0,,,-167550000.0,,,,2554000000.0,4118900000.0,,394000000.0,-161500000.0,233300000.0,-23900000.0,0.0,167550000.0,1.92181438376604,640200000.0,,,,
MPWR,Information Technology,2011-06-30,207774000.0,263160000.0,97685000.0,,,17589000.0,10929000.0,,,,-16737000.0,11237000.0,22519000.0,51628000.0,24715000.0,31009000.0,,26558000.0,,4039000.0,12724333.333333334,1.0,16737000.0,5.836470096194061,176765000.0,0.5144107848454327,0.07823274192298753,0.21765321143565508,
MPWR,Information Technology,2012-09-30,242568000.0,315269000.0,78247000.0,,,21561000.0,11405000.0,,,,-7905500.0,,23693000.0,56508000.0,32623000.0,24864000.0,4182000.0,30013000.0,5921000.0,6320000.0,7830666.666666667,1.0,7905500.0,9.897792675985073,217704000.0,0.5311283358108586,0.11184257096340341,,
MPWR,Information Technology,2022-09-30,1323457000.0,1931221000.0,316210000.0,,,153404000.0,78673000.0,,,151876000.0,-18185000.0,,139031000.0,,397435000.0,290988000.0,42997000.0,290902000.0,124337000.0,151871000.0,202157166.66666666,1.0,18185000.0,17.388507011273028,1032469000.0,,,,
MRK,Health Care,2016-06-30,27926000000.0,96475000000.0,6608000000.0,,,6916000000.0,2514000000.0,,,1504000000.0,-373000000.0,2151000000.0,,,5248000000.0,14918000000.0,,,1205000000.0,,1162666666.6666667,1.0,373000000.0,17.715817694369974,13008000000.0,,,,
MRK,Health Care,2017-09-30,27919000000.0,91676000000.0,7901000000.0,,3307000000.0,7671000000.0,2620000000.0,,,200000000.0,-1171000000.0,4398000000.0,,10325000000.0,5263000000.0,19467000000.0,,,-56000000.0,,2423000000.0,1.0,1171000000.0,6.747224594363792,8452000000.0,,,0.425956416464891,
MRK,Health Care,2020-06-30,29343000000.0,90615000000.0,11103000000.0,,2953000000.0,7577000000.0,3448000000.0,,,3130000000.0,-4572000000.0,2104000000.0,,10112500000.0,6056000000.0,22178000000.0,,,3002000000.0,,1982000000.0,1.0,4558205000.000002,2.4284776902887137,7165000000.0,,,0.2080593325092707,
MRK,Health Care,2023-06-30,29977000000.0,104469000000.0,5660000000.0,,4024000000.0,11030000000.0,3442000000.0,,,-5335000000.0,-2289500000.0,13321000000.0,,15035000000.0,5930000000.0,23394000000.0,,,-5975000000.0,,4384666666.666667,1.0,2289500000.0,2.4721554924656037,6583000000.0,,,0.8859993348852677,
MRNA,Health Care,2018-03-31,,,90479000.0,31909000.0,,,,5153000.0,,,-111385000.0,90124000.0,106441000.0,29039000.0,,,11851000.0,,-72376000.0,-77402000.0,-119922500.0,0.0,111385000.0,0.8123086591551825,,,-2.665449912187059,3.103550397740969,
MRNA,Health Care,2018-06-30,,,140619000.0,,,,,5900000.0,,,-159634000.0,104479000.0,125866000.0,28851000.0,,,14353000.0,,-90601000.0,-97015000.0,-112154250.0,0.0,159634000.0,0.8808837716275981,,,-3.362621746213303,3.6213302831790926,
MRNA,Health Care,2018-09-30,,,167060000.0,,,,,6500000.0,,,-80211000.0,109050000.0,127575000.0,41757000.0,,,14720000.0,,-80331000.0,-85818000.0,-139337500.0,0.0,80211000.0,2.0827567291269276,,,-2.0551763776133343,2.6115381852144552,
MRNA,Health Care,2019-03-31,1140827000.0,1806207000.0,502934000.0,7595000.0,,5646000.0,38509000.0,7322000.0,,,-144097500.0,130494000.0,157762000.0,16025000.0,,159159000.0,18497000.0,,-132616500.0,-141737000.0,-115914500.0,0.0,144097500.0,3.490234042922327,981668000.0,,-7.1106675660410135,7.216615307088269,
MRNA,Health Care,2019-06-30,1097418000.0,1685279000.0,151624000.0,,,3498000.0,29609000.0,7500000.0,,,-134577500.0,128400500.0,156905500.0,13083000.0,,161987000.0,21495000.0,,-134997000.0,-143822500.0,-54408666.666666664,0.0,134577500.0,1.126666790511044,935431000.0,,-7.1106675660410135,7.216615307088269,
MRNA,Health Care,2019-09-30,1094466000.0,1590899000.0,173711000.0,,,2800000.0,11737000.0,7300000.0,,,-107070500.0,119676000.0,147856500.0,17046000.0,,147842000.0,20804000.0,,-123204500.0,-130810500.0,278906166.6666667,1.0,107070500.0,1.622398326336386,946624000.0,,-7.1106675660410135,7.0207673354452655,
MRNA,Health Care,2020-03-31,1249936000.0,2067541000.0,391860000.0,6111500.0,0.0,5617000.0,11034000.0,7224500.0,,,-106095500.0,115068500.0,139251000.0,8194500.0,,134582000.0,20206500.0,,-124115000.0,-130931000.0,1304604666.6666667,1.0,106095500.0,3.693464850064329,1115354000.0,,-7.1106675660410135,7.216615307088269,
MRNA,Health Care,2022-06-30,13563000000.0,26043000000.0,2873000000.0,,1381000000.0,2691000000.0,181000000.0,76000000.0,,2474000000.0,-2088000000.0,710000000.0,,4749000000.0,1921000000.0,6812000000.0,50000000.0,,2197000000.0,2447000000.0,-1590833333.3333333,0.0,2088000000.0,1.3759578544061302,6751000000.0,,0.4056571445047538,0.14950515898083808,
MRNA,Health Care,2023-03-31,12122000000.0,24125000000.0,3441000000.0,113000000.0,792000000.0,1113000000.0,389000000.0,78000000.0,,-305000000.0,-1225000000.0,1131000000.0,,1862000000.0,732000000.0,3499000000.0,75000000.0,,79000000.0,-366000000.0,-2129500000.0,0.0,1225000000.0,2.8089795918367346,8623000000.0,,-0.19656283566058003,0.6074113856068744,
MRNA,Health Care,2023-06-30,10599000000.0,21884000000.0,3801000000.0,,731000000.0,232000000.0,310000000.0,90000000.0,,-1749000000.0,-3799500000.0,1148000000.0,,344000000.0,715000000.0,3123000000.0,74000000.0,,-1380000000.0,-1867000000.0,-994000000.0,0.0,3799500000.0,1.0003947887879985,7476000000.0,,-5.4273255813953485,3.3372093023255816,
MRNA,Health Care,2023-09-30,10799000000.0,19450000000.0,2932000000.0,,2241000000.0,1866000000.0,494000000.0,246000000.0,,-1958000000.0,-1600000000.0,1160000000.0,,,487000000.0,4385000000.0,77000000.0,,-3630000000.0,-2012000000.0,-982666666.6666666,0.0,1600000000.0,1.8325,6414000000.0,,,,
MRNA,Health Care,2024-03-31,9600000000.0,16729000000.0,2051000000.0,196000000.0,96000000.0,137000000.0,183000000.0,35000000.0,,-1165000000.0,-989000000.0,1063000000.0,,,295000000.0,2380000000.0,101000000.0,,-1175000000.0,-1266000000.0,-998666666.6666666,0.0,989000000.0,2.0738119312436805,7220000000.0,,,,
MRNA,Health Care,2024-06-30,9661000000.0,15680000000.0,2478000000.0,,115000000.0,163000000.0,279000000.0,40000000.0,,-1279000000.0,-393000000.0,1221000000.0,,,399000000.0,2363000000.0,112000000.0,,-1279000000.0,-1363000000.0,-243333333.33333334,0.0,393000000.0,6.305343511450381,7298000000.0,,,,
MRNA,Health Care,2024-09-30,9666000000.0,15803000000.0,1644000000.0,,514000000.0,1564000000.0,373000000.0,51000000.0,,21000000.0,-1566000000.0,1137000000.0,,,412000000.0,2201000000.0,112000000.0,,13000000.0,-70000000.0,-3666666.6666666665,0.0,1566000000.0,1.049808429118774,7465000000.0,,,,
MSFT,Information Technology,2010-12-31,59684000000.0,92306000000.0,4023000000.0,491000000.0,,12874000000.0,3863000000.0,,9700000000.0,,-951500000.0,2185000000.0,,19953000000.0,861000000.0,24312000000.0,553000000.0,,6634000000.0,8165000000.0,10122833333.333334,1.0,951500000.0,4.228060956384656,24848959999.999943,,0.4056571445047538,0.1095073422542976,0.10508525989643143
MSFT,Information Technology,2012-12-31,89574000000.0,128683000000.0,6017000000.0,930000000.0,,14317000000.0,4356000000.0,,14200000000.0,,-2952500000.0,2528000000.0,7993000000.0,,1661000000.0,31910000000.0,603000000.0,15764000000.0,6377000000.0,7771000000.0,9666000000.0,1.0,2952500000.0,2.037933954276037,24848959999.999943,,,,0.11034868630666056
MSI,Information Technology,2009-04-04,,,3265000000.0,,,,,190000000.0,,,-1014000000.0,847000000.0,,5371000000.0,,,,1496000000.0,-231000000.0,-449000000.0,-231000000.0,0.0,1014000000.0,3.219921104536489,,0.2785328616644945,-0.08359709551293987,0.15769875256004467,
MSI,Information Technology,2009-07-04,,,2881000000.0,,,,,,,,-864000000.0,775000000.0,,5497000000.0,,,,1710000000.0,26000000.0,10000000.0,334666666.6666667,1.0,864000000.0,3.334490740740741,,0.3110787702383118,0.0018191740949608877,0.1409859923594688,
MSI,Information Technology,2009-10-03,15325000000.0,25049000000.0,3050000000.0,,,3402000000.0,2212000000.0,,,,-101000000.0,694500000.0,,4894500000.0,1523000000.0,7600000000.0,,1623500000.0,12000000.0,58500000.0,451166666.6666667,1.0,101000000.0,30.198019801980198,7725000000.0,0.33169884564306873,0.01195219123505976,0.14189396261109408,
MSI,Information Technology,2012-06-30,7223000000.0,12193000000.0,1772000000.0,,,1590000000.0,637000000.0,,1900000000.0,,-80000000.0,269000000.0,,2148000000.0,488000000.0,2990000000.0,52000000.0,1060000000.0,182000000.0,278000000.0,-41833333.333333336,0.0,80000000.0,22.15,4233000000.0,0.4934823091247672,0.12942271880819367,0.12523277467411545,0.1558271139178217
MSI,Information Technology,2013-03-30,7366000000.0,12597000000.0,1470000000.0,,,1644000000.0,593000000.0,52000000.0,,,-31000000.0,262000000.0,,1973000000.0,515000000.0,2889000000.0,45000000.0,955000000.0,192000000.0,216000000.0,-44666666.666666664,0.0,31000000.0,47.41935483870968,4477000000.0,0.4840344652812975,0.10947795235681702,0.13279270146984287,
MSI,Information Technology,2013-06-29,6841000000.0,12160000000.0,1457000000.0,,,1707000000.0,597000000.0,,,,-276500000.0,231500000.0,,1802000000.0,498000000.0,2794000000.0,30500000.0,889500000.0,258000000.0,234500000.0,95000000.0,1.0,276500000.0,5.269439421338156,4047000000.0,0.4936182019977802,0.13013318534961155,0.12846836847946727,
MSI,Information Technology,2014-09-27,7168000000.0,12195000000.0,2845000000.0,,,1162000000.0,501000000.0,,,,-115000000.0,166000000.0,,1436000000.0,331000000.0,3024000000.0,20000000.0,685000000.0,147000000.0,207000000.0,248333333.33333334,1.0,115000000.0,24.73913043478261,4144000000.0,0.47701949860724235,0.14415041782729804,0.11559888579387187,
MSI,Information Technology,2017-07-01,3211000000.0,8295000000.0,742000000.0,,,1211000000.0,440000000.0,,,205000000.0,-11000000.0,138000000.0,,1497000000.0,391000000.0,2410000000.0,16000000.0,690000000.0,131000000.0,259000000.0,-115000000.0,0.0,11000000.0,67.45454545454545,801000000.0,0.46092184368737477,0.1730126920507682,0.09218436873747494,
MSI,Information Technology,2018-03-31,3621000000.0,9051000000.0,795000000.0,,799000000.0,1179000000.0,463000000.0,82000000.0,,140000000.0,-500000000.0,152000000.0,,1468000000.0,441000000.0,3096000000.0,17000000.0,669000000.0,117000000.0,171000000.0,73833333.33333333,1.0,500000000.0,1.59,525000000.0,0.45572207084468663,0.1164850136239782,0.10354223433242507,
MSI,Information Technology,2018-06-30,3581000000.0,8881000000.0,878000000.0,,938000000.0,1159000000.0,430000000.0,,,227000000.0,-367500000.0,162000000.0,,,391000000.0,2922000000.0,17000000.0,822000000.0,180000000.0,273000000.0,319833333.3333333,1.0,367500000.0,2.3891156462585035,659000000.0,,,,
MSI,Information Technology,2022-07-02,4411000000.0,11672000000.0,717000000.0,,1150000000.0,1284000000.0,919000000.0,,,300000000.0,-405000000.0,191000000.0,,,1071000000.0,3801000000.0,44000000.0,990000000.0,228000000.0,358000000.0,63333333.333333336,1.0,405000000.0,1.7703703703703704,610000000.0,,,,
MSI,Information Technology,2023-04-01,4826000000.0,12353000000.0,1022000000.0,,1125000000.0,1340000000.0,719000000.0,98000000.0,,358000000.0,-8000000.0,210000000.0,,,1082000000.0,3966000000.0,55000000.0,1046000000.0,278000000.0,399000000.0,302000000.0,1.0,8000000.0,127.75,860000000.0,,,,
MSI,Information Technology,2023-07-01,4626000000.0,12252000000.0,710000000.0,,1214000000.0,1513000000.0,676000000.0,,,487000000.0,-190000000.0,215000000.0,,,1020000000.0,3766000000.0,53000000.0,1189000000.0,371000000.0,518000000.0,419500000.0,1.0,190000000.0,3.736842105263158,860000000.0,,,,
MTCH,Communication Services,2019-06-30,3914087000.0,8299105000.0,1709166500.0,,201527000.0,365495000.0,,,3581364000.0,151689000.0,-315892000.0,55647000.0,,497973000.0,,953462000.0,42220000.0,,113467000.0,162809500.0,206966500.0,1.0,315892000.0,5.410603940587289,2960625000.0,,0.3269444327302886,0.11174702242892687,0.43153617167152364
MTD,Health Care,2011-06-30,1098169000.0,2341279000.0,328763000.0,,,382089000.0,151499000.0,,,,-9082000.0,29605000.0,,,268154000.0,565995000.0,2500000.0,296191000.0,60188000.0,,42708333.333333336,1.0,9082000.0,36.19940541730896,532174000.0,,,,
MTD,Health Care,2021-06-30,1172611000.0,3142904000.0,142252000.0,,,600191000.0,210811000.0,,1602005000.0,230384000.0,-34709000.0,42603000.0,,924351000.0,350159000.0,938369000.0,4600000.0,536904000.0,184763000.0,,14542500.0,1.0,34709000.0,4.098418277680141,234242000.0,0.5808442896691841,,0.046089634781592705,0.5097212641556981
MTD,Health Care,2022-06-30,1324701000.0,3336430000.0,109449000.0,,,626593000.0,267523000.0,,1821458000.0,256692000.0,-178863000.0,44023000.0,,978387000.0,463321000.0,1118581000.0,4700000.0,571661000.0,212070000.0,,232016833.33333334,1.0,178863000.0,0.6119152647557069,206120000.0,0.584289243417993,,0.04499548747070433,0.5459302308155723
MTD,Health Care,2024-06-30,1178307000.0,3249164000.0,70810000.0,,,634710000.0,199462000.0,,1746638000.0,243177000.0,-118438000.0,45771000.0,,946750000.0,366395000.0,1281182000.0,4500000.0,565668000.0,221814000.0,,133839166.66666667,1.0,118438000.0,0.5978655499079687,-102875000.0,0.5974840242936361,,0.048345392130974385,0.5375653552729256
MU,Information Technology,2012-03-01,5659000000.0,14139000000.0,2094000000.0,,1799000000.0,913000000.0,,,2315000000.0,,-87000000.0,222000000.0,,,2081000000.0,2102000000.0,,210000000.0,-282000000.0,-204500000.0,-90666666.66666667,0.0,87000000.0,24.06896551724138,3557000000.0,,,,0.16373152273852465
MU,Information Technology,2013-02-28,5364000000.0,13912000000.0,2061000000.0,,1712000000.0,998000000.0,,,3651000000.0,,-1194000000.0,214000000.0,,,1721000000.0,2117000000.0,,366000000.0,-286000000.0,-23000000.0,624000000.0,1.0,1194000000.0,1.7261306532663316,3247000000.0,,,,0.2624353076480736
MU,Information Technology,2020-02-27,15976000000.0,49648000000.0,7118000000.0,,3442000000.0,2695000000.0,,,,,-1466000000.0,681000000.0,,,5208000000.0,5822000000.0,85000000.0,1355000000.0,405000000.0,440000000.0,1998833333.3333333,1.0,1466000000.0,4.855388813096862,10154000000.0,,,,
MU,Information Technology,2023-03-02,21898000000.0,66520000000.0,9798000000.0,,4899000000.0,1891000000.0,,,11203000000.0,,-4416000000.0,788000000.0,,,8129000000.0,5255000000.0,133000000.0,-1206000000.0,-2312000000.0,-2303000000.0,1130000000.0,1.0,4416000000.0,2.21875,16643000000.0,,,,0.1684155141310884
NCLH,Consumer Discretionary,2013-06-30,201019000.0,6588633000.0,82840000.0,,,16370000.0,97100000.0,,,-7868000.0,-123743000.0,,,644433000.0,45429000.0,1171083000.0,,,-8841000.0,95389000.0,186848500.0,1.0,123743000.0,0.6694520094065927,-970064000.0,,0.14802004242489133,,
NCLH,Consumer Discretionary,2020-03-31,1696335000.0,16462509000.0,1360261000.0,610155000.0,,96277000.0,364216000.0,195195000.0,,-1887145000.0,-52701000.0,,2076683000.0,,85516000.0,2959793000.0,32758000.0,,-1880972000.0,-1824061000.0,-1164719333.3333333,0.0,52701000.0,25.810914403901254,-1263458000.0,,,,
NCLH,Consumer Discretionary,2020-06-30,2750668000.0,17528059000.0,2259949000.0,,,74213000.0,484927000.0,,1088923000.0,-724366000.0,-2051901000.0,,310688000.0,,82263000.0,2583855000.0,22389000.0,,-715243000.0,-595411000.0,-654999666.6666666,0.0,2051901000.0,1.1013928059882032,166813000.0,,,,0.06212456267975821
NCLH,Consumer Discretionary,2020-09-30,2652499000.0,17402037000.0,2356211000.0,,190157000.0,78496000.0,116464000.0,,1532435000.0,-681127000.0,-590246000.0,,334144000.0,,81259000.0,2334266000.0,25862000.0,,-677366000.0,-517783000.0,-681683000.0,0.0,590246000.0,3.991913541133697,318233000.0,,,,0.08806066784020744
NCLH,Consumer Discretionary,2021-03-31,3779323000.0,18973793000.0,3405533000.0,136350000.0,200855000.0,18581000.0,92711000.0,183808000.0,,-1368464000.0,-852011000.0,,373511000.0,,84691000.0,1810054000.0,26601000.0,,-1370192000.0,-571266000.0,-521349666.6666667,0.0,852011000.0,3.997052854951403,1969269000.0,,,,
NCLH,Consumer Discretionary,2021-06-30,3465450000.0,18526579000.0,2557640000.0,,249727000.0,422598000.0,110628000.0,,,-716862000.0,-522742000.0,,359745000.0,,92041000.0,2180567000.0,22451000.0,,-717789000.0,-605104000.0,-24652166.666666668,0.0,522742000.0,4.892738674145181,1284883000.0,,,,
NCLH,Consumer Discretionary,2021-09-30,3281201000.0,18730027000.0,1652316000.0,,439756000.0,990384000.0,94951000.0,,,-845591000.0,-670296000.0,,402431000.0,,108177000.0,2939848000.0,39922000.0,,-845885000.0,-689106000.0,226194833.33333334,1.0,670296000.0,2.4650542446918973,341353000.0,,,,
NCLH,Consumer Discretionary,2022-03-31,3214510000.0,19255492000.0,2136840000.0,165284000.0,735413000.0,544961000.0,91786000.0,195464000.0,,-978321000.0,-371011000.0,,475283000.0,,141956000.0,4176680000.0,32792000.0,,-982714000.0,-688756000.0,517642833.3333333,1.0,371011000.0,5.759505782847409,-962170000.0,,,,
NDSN,Industrials,2010-07-31,433409000.0,962794000.0,48042000.0,,113320000.0,,37065000.0,,,,-2580000.0,,,,119557000.0,190668000.0,562000.0,,55329000.0,67695000.0,67649166.66666667,1.0,2580000.0,18.62093023255814,242741000.0,,,,
NDSN,Industrials,2013-04-30,607746000.0,1857337000.0,62792000.0,,165162000.0,,57616000.0,,557228000.0,,-74946000.0,,,,188520000.0,273283000.0,,,54605000.0,82202000.0,69821000.0,1.0,74946000.0,0.837829904197689,334463000.0,,,,0.3000144831013435
NDSN,Industrials,2019-04-30,964937000.0,3475088000.0,149183000.0,,249590000.0,,93039000.0,,1374125000.0,116281000.0,-9551500.0,,,,280733000.0,446491000.0,,,91923000.0,128896000.0,96919166.66666667,1.0,9551500.0,15.618803329320002,518446000.0,,,,0.3954216411210306
NEM,Materials,2012-06-30,5272000000.0,28660000000.0,1897000000.0,,,290000000.0,574000000.0,,,,-375000000.0,82000000.0,,,803000000.0,2367000000.0,,,279000000.0,,321000000.0,1.0,375000000.0,5.058666666666666,2905000000.0,,,,
NEM,Materials,2013-06-30,5022000000.0,26476000000.0,1248000000.0,,,257000000.0,551000000.0,,,,-44000000.0,46000000.0,,,803000000.0,2198000000.0,,,-2039000000.0,,198166666.66666666,1.0,44000000.0,28.363636363636363,2824000000.0,,,,
NEM,Materials,2014-06-30,5354000000.0,24976000000.0,1653000000.0,,,147000000.0,435000000.0,306000000.0,,,-25500000.0,42000000.0,,,863000000.0,2252000000.0,13000000.0,,180000000.0,,524166666.6666667,1.0,25500000.0,64.82352941176471,3102000000.0,,,,
NEM,Materials,2017-06-30,5098000000.0,21142000000.0,3105000000.0,,,158000000.0,304000000.0,309000000.0,,,-183500000.0,32000000.0,,,,1572000000.0,19000000.0,,176000000.0,,273666666.6666667,1.0,183500000.0,16.920980926430516,3526000000.0,,,,
NEM,Materials,2018-06-30,4967000000.0,20655000000.0,3127000000.0,,,133000000.0,360000000.0,279000000.0,,,-27500000.0,36000000.0,,,,1080000000.0,19000000.0,,292000000.0,,440833333.3333333,1.0,27500000.0,113.7090909090909,3887000000.0,,,,
NFLX,Communication Services,2012-06-30,2137785000.0,3478290000.0,402251000.0,3501500.0,,,90961000.0,11047000.0,,,-33957500.0,81547000.0,229581000.0,889163000.0,,1498844000.0,18475000.0,188753000.0,6164000.0,16154000.0,1775083.3333333333,1.0,33957500.0,11.845718913347566,638941000.0,0.21228166264228268,0.018167647551686247,0.09171209328323378,
NFLX,Communication Services,2012-09-30,2225018000.0,3808833000.0,370298000.0,12345500.0,,,91511000.0,11128000.0,,,-1387500.0,82521000.0,226316000.0,905089000.0,,1598223000.0,18486000.0,242451000.0,7675000.0,16135000.0,13801916.666666666,1.0,1387500.0,266.88144144144144,626795000.0,0.2678753139194046,0.017826976131629046,0.091174459086344,
NFLX,Communication Services,2013-03-31,2557100000.0,4363289000.0,418051000.0,12160500.0,,,102822000.0,12051000.0,,,-12207500.0,91975000.0,,1023961000.0,,1688714000.0,17700000.0,167923000.0,2689000.0,31822000.0,29990750.0,1.0,12207500.0,34.245422895760804,868386000.0,0.1639935505356161,0.031077355485218675,0.08982275692140619,
NFLX,Communication Services,2014-09-30,3823482000.0,6778329000.0,1183217000.0,21032000.0,,,150374000.0,14357000.0,,,-37439000.0,120953000.0,,1409432000.0,,2548655000.0,29889000.0,,59295000.0,110407000.0,-194040333.33333334,0.0,37439000.0,31.60386228264644,1274827000.0,,0.07833439286180532,0.08581683969145017,
NFLX,Communication Services,2015-03-31,5539056000.0,9240626000.0,2454777000.0,13036000.0,,,190567000.0,15167000.0,,,-127382000.0,143106000.0,,1573129000.0,,3008849000.0,27441000.0,,23696000.0,97456000.0,-227776333.33333334,0.0,127382000.0,19.270988051687052,2530207000.0,,0.06195041856071562,0.09096901779828609,
NFLX,Communication Services,2015-06-30,5600510000.0,9654861000.0,2293872000.0,27538000.0,,,211729000.0,15581000.0,,,-258770000.0,155061000.0,,1644694000.0,,3220069000.0,28590000.0,,26335000.0,74835000.0,-212991166.66666666,0.0,258770000.0,8.864520616763922,2380441000.0,,0.0455008652065369,0.09427954379355673,
NFLX,Communication Services,2015-09-30,5569713000.0,9916267000.0,2115437000.0,37820000.0,,,209365000.0,16047000.0,,,-195969000.0,171762000.0,,1738355000.0,,3341418000.0,32834000.0,,29432000.0,73641000.0,-301648500.0,0.0,195969000.0,10.794753251789825,2228295000.0,,0.042362463363352136,0.09880720566282492,
NFLX,Communication Services,2016-03-31,5543836000.0,11262274000.0,1605244000.0,8425000.0,,,231914000.0,14798000.0,,,-228590000.0,203508000.0,,1957736000.0,,3933632000.0,,,27658000.0,49453000.0,-340070500.0,0.0,228590000.0,7.022371932280502,1610204000.0,,0.025260300673839577,0.10395068589431875,
NFLX,Communication Services,2016-06-30,5386918000.0,11593507000.0,1390925000.0,10814000.0,,,240458000.0,14131000.0,,,-214414500.0,207300000.0,,2105204000.0,,4051837000.0,,,40755000.0,70370000.0,-427682333.3333333,0.0,214414500.0,6.487084595491443,1335081000.0,,0.03342668928996905,0.09847026701450311,
NFLX,Communication Services,2016-09-30,5193893000.0,12347338000.0,969158000.0,27366000.0,,,285753000.0,14410000.0,,,-461941000.0,216099000.0,,2290188000.0,,4411405000.0,,,51517000.0,106036000.0,-413571000.0,0.0,461941000.0,2.0980125167499746,782488000.0,,0.046300129072373096,0.0943586290732464,
NFLX,Communication Services,2017-03-31,5660330000.0,14359096000.0,1077824000.0,52523000.0,,,294831000.0,15049000.0,,,-343856000.0,257108000.0,,2636635000.0,,4911229000.0,,,178222000.0,256942000.0,-377871333.3333333,0.0,343856000.0,3.1345214275743336,749101000.0,,0.09745072791645412,0.09751368695325671,
NFLX,Communication Services,2017-06-30,6700785000.0,16517223000.0,1918777000.0,65231000.0,,,273398000.0,18551000.0,,,-477250000.0,267083000.0,,2785464000.0,,5122945000.0,,,65600000.0,127807000.0,-322827916.6666667,0.0,477250000.0,4.020486118386589,1577840000.0,,0.0458835583586792,0.09588456357719935,
NFLX,Communication Services,2017-09-30,6385348000.0,16951540000.0,1746469000.0,33963000.0,,,301443000.0,19238000.0,,,-419607000.0,255236000.0,,2984859000.0,,5310677000.0,,,129590000.0,208627000.0,-413095916.6666667,0.0,419607000.0,4.16215411087041,1074671000.0,,0.06989509387210585,0.08551023683195756,
NFLX,Communication Services,2018-03-31,7817576000.0,20152797000.0,2593666000.0,37170000.0,,,436183000.0,19041000.0,9079118000.0,,-236757000.0,291520000.0,,3700856000.0,,6005587000.0,,,290124000.0,446578000.0,-460776583.3333333,0.0,236757000.0,10.954970708363428,1811989000.0,,0.12066883985758971,0.07877096541989205,0.45051404030914416
NFLX,Communication Services,2018-06-30,9346889000.0,22663537000.0,3906357000.0,27323000.0,,,448219000.0,19736000.0,11913822000.0,,-312119750.0,308154000.0,,3907270000.0,,6079641000.0,,,384349000.0,462213000.0,-480837250.0,0.0,312119750.0,12.51557134721529,3267248000.0,,0.11829563864283758,0.07886683029327382,0.5256823769387806
NFLX,Communication Services,2018-09-30,8729981000.0,23366229000.0,3067534000.0,39333000.0,,,441427000.0,21161000.0,11834963000.0,,-690411000.0,317823000.0,,3999374000.0,,6298240000.0,,,402835000.0,480668000.0,-417964916.6666667,0.0,690411000.0,4.443054933945143,2431741000.0,,0.12018580907912088,0.0794681867712297,0.5064986309943295
NFLX,Communication Services,2019-03-31,4168907000.0,27218632000.0,3348557000.0,60381000.0,,,439496000.0,23561000.0,14768151000.0,,-379799000.0,372764000.0,,4520992000.0,,6857807000.0,,,344052000.0,459084000.0,-204727916.66666666,0.0,379799000.0,8.816655652068594,-2688900000.0,,0.10154497066130619,0.0824518158846554,0.5425750640223211
NFLX,Communication Services,2019-06-30,5877157000.0,30171339000.0,5004247000.0,39584000.0,,,442194000.0,25496000.0,17909126000.0,,-372301750.0,383233000.0,,4923116000.0,,6933984000.0,,,270650000.0,706419000.0,428495583.3333333,1.0,372301750.0,13.441373831844734,-1056827000.0,,0.1434902204213754,0.07784358524154214,0.5935807489352727
NFLX,Communication Services,2019-09-30,5327758000.0,30941711000.0,4435018000.0,45333000.0,,,444129000.0,26704000.0,17647322000.0,,-501794000.0,379776000.0,,5244905000.0,,7257900000.0,,,665244000.0,980239000.0,1017013916.6666666,1.0,501794000.0,8.838324093153764,-1930142000.0,,0.1868935662323722,0.07240855649435023,0.5703408580087895
NFLX,Communication Services,2021-06-30,9604276000.0,40970969000.0,7777530000.0,110278000.0,,,622931000.0,38434000.0,20723146000.0,1593789000.0,-316315250.0,537321000.0,,7341777000.0,,7832888000.0,,,1353013000.0,1847630000.0,456805500.0,1.0,316315250.0,24.58790715907627,1771388000.0,,0.25165978209362666,0.07318677753355897,0.5058007292920018
NKE,Consumer Discretionary,2010-11-30,10916000000.0,14464000000.0,1768000000.0,,,2792000000.0,1225000000.0,,,,-297500000.0,,,,2348000000.0,3248000000.0,,2193000000.0,457000000.0,,174000000.0,1.0,297500000.0,5.942857142857143,7668000000.0,,,,
NKE,Consumer Discretionary,2013-11-30,13607000000.0,17820000000.0,2086000000.0,,,3208000000.0,1612000000.0,,,,-1423500000.0,,,,,3851000000.0,,2826000000.0,535500000.0,,686270833.3333334,1.0,1423500000.0,1.465402177730945,9756000000.0,,,,
NKE,Consumer Discretionary,2015-11-30,16755000000.0,22583000000.0,3851000000.0,,,3437000000.0,1915000000.0,,2072000000.0,,-633000000.0,,,,,5511000000.0,,3501000000.0,785000000.0,,800500000.0,1.0,633000000.0,6.083728278041074,11244000000.0,,,,0.0917504317406899
NKE,Consumer Discretionary,2019-11-30,16369000000.0,26602000000.0,3070000000.0,,5782000000.0,4792000000.0,2627000000.0,,,,-640500000.0,,,,,8264000000.0,,4544000000.0,1115000000.0,,1391333333.3333333,1.0,640500000.0,4.793130366900859,8105000000.0,,,,
NKE,Consumer Discretionary,2022-11-30,27447000000.0,39647000000.0,6490000000.0,,7604000000.0,5437000000.0,2810000000.0,,,1650000000.0,-660500000.0,,,,,10199000000.0,,5711000000.0,1331000000.0,,1040333333.3333334,1.0,660500000.0,9.825889477668433,17248000000.0,,,,
NKE,Consumer Discretionary,2023-08-31,24250000000.0,36786000000.0,6178000000.0,253000000.0,7219000000.0,4749000000.0,2738000000.0,,,1648000000.0,-66000000.0,,,,,8461000000.0,,5720000000.0,1450000000.0,,1136666666.6666667,1.0,66000000.0,93.60606060606061,15789000000.0,,,,
NKE,Consumer Discretionary,2024-11-30,24980000000.0,37959000000.0,7979000000.0,,6965000000.0,5302000000.0,3255000000.0,190000000.0,,1416000000.0,-962000000.0,,,,,11246000000.0,,5389000000.0,1163000000.0,,457333333.3333333,1.0,962000000.0,8.294178794178794,13734000000.0,,,,
NOC,Industrials,2009-03-31,,,882000000.0,162000000.0,,,,,,,-172000000.0,,,,,,,,389000000.0,619000000.0,-138666666.66666666,0.0,172000000.0,5.127906976744186,,,,,
NOC,Industrials,2009-06-30,7256000000.0,30148000000.0,1056000000.0,,,,,,,,-429000000.0,,,,,7243000000.0,,,394000000.0,633500000.0,-166666666.66666666,0.0,429000000.0,2.4615384615384617,13000000.0,,,,
NOC,Industrials,2010-03-31,8369000000.0,29762000000.0,1961000000.0,119000000.0,,,1642000000.0,,,,-531000000.0,,,,,7488000000.0,34000000.0,,469000000.0,722000000.0,115000000.0,1.0,531000000.0,3.6930320150659135,881000000.0,,,,
NOC,Industrials,2010-06-30,8384000000.0,29694000000.0,2044000000.0,,,,1643000000.0,,,,-513000000.0,,,,,7666000000.0,,,711000000.0,733000000.0,57000000.0,1.0,513000000.0,3.9844054580896686,718000000.0,,,,
NOC,Industrials,2011-03-31,9071000000.0,26790000000.0,4019000000.0,122500000.0,,,1347000000.0,,,,-120000000.0,,,,,6161000000.0,28000000.0,,530000000.0,811000000.0,52000000.0,1.0,120000000.0,33.49166666666667,2910000000.0,,,,
NOC,Industrials,2011-06-30,7814000000.0,25377000000.0,2810000000.0,,,,1259000000.0,,,,-687000000.0,,,,,5795000000.0,,,520000000.0,841000000.0,273333333.3333333,1.0,687000000.0,4.090247452692868,2019000000.0,,,,
NOC,Industrials,2012-03-31,7360000000.0,25053000000.0,2682000000.0,81000000.0,,,1226000000.0,120000000.0,,,-105000000.0,,,,,5594000000.0,,,506000000.0,796000000.0,263333333.33333334,1.0,105000000.0,25.542857142857144,1766000000.0,,,,
NOC,Industrials,2012-06-30,7700000000.0,25226000000.0,3148000000.0,,,,1191000000.0,,,,-23000000.0,,,6274000000.0,,5608000000.0,,,480000000.0,774000000.0,380666666.6666667,1.0,23000000.0,136.8695652173913,2092000000.0,,0.12336627350972267,,
NOC,Industrials,2014-03-31,8604000000.0,25535000000.0,3885000000.0,60000000.0,,,1229000000.0,109000000.0,,786000000.0,-402000000.0,,,,,5271000000.0,,,579000000.0,845000000.0,-63500000.0,0.0,402000000.0,9.664179104477611,3333000000.0,,,,
NOC,Industrials,2014-06-30,8390000000.0,25351000000.0,3476000000.0,,,,1178000000.0,,,756000000.0,-469500000.0,,,,,5414000000.0,,,511000000.0,820000000.0,-100166666.66666667,0.0,469500000.0,7.4036208732694355,2976000000.0,,,,
NOC,Industrials,2015-03-31,7143000000.0,25266000000.0,2646000000.0,117000000.0,,,1248000000.0,99000000.0,,704000000.0,-654000000.0,,,,,5284000000.0,,,484000000.0,780000000.0,-27500000.0,0.0,654000000.0,4.045871559633028,1859000000.0,,,,
NOC,Industrials,2015-06-30,6460000000.0,24552000000.0,1907000000.0,,,,1246000000.0,,,736000000.0,-579500000.0,,,,,5154000000.0,,,531000000.0,813000000.0,258833333.33333334,1.0,579500000.0,3.2907679033649697,1306000000.0,,,,
NOC,Industrials,2016-03-31,5706000000.0,23933000000.0,1277000000.0,298000000.0,,,1204000000.0,103000000.0,,676000000.0,-60000000.0,,,,898000000.0,4955000000.0,,,556000000.0,739000000.0,192833333.33333334,1.0,60000000.0,21.283333333333335,751000000.0,,,,
NOC,Industrials,2017-03-31,6568000000.0,25413000000.0,1403000000.0,216000000.0,,,1374000000.0,104000000.0,,780500000.0,-439000000.0,,,,933000000.0,5168000000.0,,,645000000.0,847000000.0,42666666.666666664,1.0,439000000.0,3.1958997722095672,1400000000.0,,,,
NOC,Industrials,2017-06-30,6864000000.0,25813000000.0,1383000000.0,,,,1385000000.0,,,809500000.0,-573000000.0,,,,1039000000.0,6186000000.0,,,553500000.0,864000000.0,278666666.6666667,1.0,573000000.0,2.413612565445026,678000000.0,,,,
NOC,Industrials,2018-03-31,16157000000.0,34795000000.0,10369000000.0,305000000.0,,1241000000.0,1395000000.0,122000000.0,,935000000.0,-237000000.0,,,6735000000.0,435000000.0,6415000000.0,,,789500000.0,851000000.0,11333333.333333334,1.0,237000000.0,43.75105485232068,9742000000.0,,0.12635486265775797,,
NOC,Industrials,2019-03-31,10443000000.0,39751000000.0,801500000.0,284000000.0,,2166000000.0,1932000000.0,268000000.0,,1034000000.0,-913000000.0,,,8189000000.0,778000000.0,8821000000.0,,,863000000.0,936000000.0,38333333.333333336,1.0,913000000.0,0.8778751369112815,1622000000.0,,0.11429967028941262,,
NOC,Industrials,2019-06-30,10159000000.0,39584000000.0,1088000000.0,,,1832000000.0,1962000000.0,,,1028000000.0,-31000000.0,,,8456000000.0,810000000.0,8155000000.0,,,861000000.0,946000000.0,191166666.66666666,1.0,31000000.0,35.096774193548384,2004000000.0,,0.1118732261116367,,
NOC,Industrials,2020-03-31,13128000000.0,43203000000.0,3278000000.0,272000000.0,,2136000000.0,2071000000.0,297000000.0,,1053000000.0,-993000000.0,,7686000000.0,8620000000.0,785000000.0,10177000000.0,,,868000000.0,934000000.0,573500000.0,1.0,993000000.0,3.30110775427996,2951000000.0,,0.10835266821345707,,
NOC,Industrials,2021-03-31,12253000000.0,41423000000.0,3517000000.0,205000000.0,,1710000000.0,1895000000.0,294000000.0,,3016000000.0,-66000000.0,,8315000000.0,9157000000.0,,8367000000.0,,,2195000000.0,2822000000.0,95166666.66666667,1.0,66000000.0,53.28787878787879,3886000000.0,,0.3081795347821339,,
NOC,Industrials,2021-06-30,12762000000.0,42142000000.0,3941000000.0,,,1910000000.0,2001000000.0,,,1302000000.0,-389500000.0,,8107000000.0,9151000000.0,,8591000000.0,,,1037000000.0,1044000000.0,-357500000.0,0.0,389500000.0,10.118100128369704,4171000000.0,,0.11408589225221287,,
NOC,Industrials,2022-03-31,11556000000.0,41903000000.0,2174000000.0,244000000.0,,1713000000.0,2050000000.0,303000000.0,,1144000000.0,-488000000.0,,7900000000.0,8797000000.0,,8850000000.0,,,955000000.0,897000000.0,-371500000.0,0.0,488000000.0,4.454918032786885,2706000000.0,,0.101966579515744,,
NOC,Industrials,2022-06-30,11637000000.0,41914000000.0,1169000000.0,,,2387000000.0,2098000000.0,,,1150000000.0,-1747500000.0,,7847000000.0,8801000000.0,,8976000000.0,,,946000000.0,954000000.0,175000000.0,1.0,1747500000.0,0.6689556509298998,2661000000.0,,0.1083967730939666,,
NOC,Industrials,2023-03-31,12810000000.0,44244000000.0,2495000000.0,309000000.0,,2061000000.0,2136000000.0,298000000.0,,998000000.0,-702000000.0,,8354000000.0,9301000000.0,,10483000000.0,,,842000000.0,947000000.0,138000000.0,1.0,702000000.0,3.5541310541310542,2327000000.0,,0.10181700892377164,,
NOC,Industrials,2023-06-30,13869000000.0,45609000000.0,3384000000.0,,,2096000000.0,2056000000.0,,,987000000.0,-108000000.0,,8609000000.0,9576000000.0,,11557000000.0,,,812000000.0,967000000.0,172833333.33333334,1.0,108000000.0,31.333333333333332,2312000000.0,,0.10098162071846283,,
NOC,Industrials,2024-03-31,14796000000.0,47818000000.0,3061000000.0,270000000.0,,1832000000.0,2580000000.0,299000000.0,,1131000000.0,-706000000.0,,9062000000.0,10133000000.0,1370000000.0,13132000000.0,,,944000000.0,1071000000.0,-159166666.66666666,0.0,706000000.0,4.335694050991502,1664000000.0,,0.10569426625875851,,
NOC,Industrials,2024-06-30,14267000000.0,47670000000.0,3272000000.0,320000000.0,,1694000000.0,2352000000.0,326000000.0,,1146000000.0,-3500000.0,,9128000000.0,10218000000.0,1504000000.0,12908000000.0,,,940000000.0,1090000000.0,-993666666.6666666,0.0,3500000.0,469.25,1359000000.0,,0.10667449598747308,,
NOW,Information Technology,2016-06-30,1097889000.0,1714338000.0,289113000.0,,,197296000.0,41095000.0,,,,-175084000.0,70364000.0,292941000.0,341312000.0,,852081000.0,,244663000.0,-49625000.0,-48278000.0,195619333.33333334,1.0,175084000.0,1.6512816705124398,245808000.0,0.7168309347459216,-0.1414482936433527,0.20615741608850552,
NSC,Industrials,2014-06-30,3266000000.0,33040000000.0,1667000000.0,,,1122000000.0,1245000000.0,,9247000000.0,898000000.0,-967000000.0,,2023000000.0,3042000000.0,,2368000000.0,10000000.0,,,1019000000.0,909000000.0,1.0,967000000.0,1.7238883143743537,898000000.0,,0.3349769888231427,,0.2798728813559322
NTAP,Information Technology,2011-10-28,5830000000.0,8504100000.0,2269000000.0,,,625200000.0,273200000.0,,,,-276700000.0,199700000.0,720600000.0,1507000000.0,163300000.0,2122300000.0,,913000000.0,165600000.0,192400000.0,269200000.0,1.0,276700000.0,8.200216841344416,3707700000.0,0.6058394160583942,0.1276708692767087,0.1325149303251493,
NTAP,Information Technology,2018-10-26,5471000000.0,8551000000.0,2359000000.0,,543000000.0,765000000.0,472000000.0,,1543000000.0,293000000.0,-1000000.0,211000000.0,688000000.0,,86000000.0,3310000000.0,38000000.0,974000000.0,241000000.0,286000000.0,182333333.33333334,1.0,1179870.0,469.25,2161000000.0,,,,0.1804467313764472
NTAP,Information Technology,2019-10-25,4191000000.0,7472000000.0,2545000000.0,,446000000.0,780000000.0,382000000.0,,1145000000.0,299000000.0,-214000000.0,209000000.0,629000000.0,,111000000.0,3204000000.0,40000000.0,925000000.0,243000000.0,296000000.0,240833333.33333334,1.0,214000000.0,11.892523364485982,987000000.0,,,,0.15323875802997858
NTAP,Information Technology,2024-10-25,3939000000.0,9004000000.0,1478000000.0,,481000000.0,873000000.0,554000000.0,,1993000000.0,360000000.0,-313000000.0,257000000.0,832000000.0,,317000000.0,4317000000.0,103000000.0,1177000000.0,299000000.0,345000000.0,416666666.6666667,1.0,313000000.0,4.722044728434505,-378000000.0,,,,0.2213460684140382
NUE,Materials,2009-07-04,4927828000.0,12411047000.0,2060203000.0,,,960226000.0,,,,,-26087000.0,,,,1268200000.0,949187000.0,,,-133337000.0,,-150954166.66666666,0.0,26087000.0,78.97431670947215,3978641000.0,,,,
NUE,Materials,2010-04-03,5461786000.0,12802702000.0,1659589000.0,54216000.0,,1302316000.0,941458000.0,,,,-3037000.0,,,,1624971000.0,1541156000.0,,,30964000.0,,-129444500.0,0.0,3037000.0,469.25,3920630000.0,,,,
NUE,Materials,2010-07-03,5186933000.0,12688180000.0,801504000.0,,,1420731000.0,887086000.0,,,,-768889000.0,,,,1951732000.0,1511957000.0,,,90992000.0,,278747500.0,1.0,768889000.0,1.0424183464713372,3674976000.0,,,,
NUE,Materials,2013-06-29,5183163000.0,13766651000.0,630467000.0,,,1767177000.0,979220000.0,,,152332000.0,-639710000.0,,,,2279744000.0,1740576000.0,,,85145000.0,,398666000.0,1.0,639710000.0,0.9855512654171421,3442587000.0,,,,
NUE,Materials,2023-07-01,15290508000.0,33379916000.0,4510563000.0,,7021582000.0,3874933000.0,1855502000.0,,,2049782000.0,-641663500.0,,,9523256000.0,5632324000.0,4004174000.0,,,1461354000.0,,-44154166.666666664,0.0,641663500.0,7.029483522126473,11286334000.0,,,,
NUE,Materials,2024-06-29,14258122000.0,34185225000.0,4638978000.0,,6883058500.0,3113079000.0,1744657000.0,,,898081500.0,-850839000.0,,,8077172000.0,5255843000.0,4865261000.0,,,645108500.0,,-161716500.0,0.0,850839000.0,5.452239495368689,9392861000.0,,,,
NVDA,Information Technology,2010-05-02,2726980000.0,3803030000.0,447262000.0,,,529663000.0,362740000.0,,,,-5397000.0,218105000.0,308984000.0,1001813000.0,388139000.0,765293000.0,,456377000.0,137594000.0,147393000.0,68014333.33333333,1.0,5397000.0,82.87233648323142,1961687000.0,0.4555510858812972,0.147126260090456,0.2177102912419783,
NVDA,Information Technology,2010-08-01,2655962000.0,3731268000.0,377003000.0,,,395934000.0,280041000.0,,,,-180334000.0,210635000.0,309499000.0,811208000.0,434227000.0,819139000.0,,134292000.0,-140961000.0,-175207000.0,172678666.66666666,1.0,180334000.0,2.0905819202147127,1836823000.0,0.16554570467746865,-0.21598283054407746,0.25965596986223016,
NVDA,Information Technology,2012-04-29,4032116000.0,5708167000.0,369135000.0,28923000.0,,411155000.0,395578000.0,,,,-9208000.0,283902000.0,390538000.0,924877000.0,342707000.0,947404000.0,,463364000.0,60437000.0,72826000.0,99831333.33333333,1.0,9208000.0,40.0885099913119,3084712000.0,0.5010006736030845,0.07874128127307739,0.306961898717343,
NVDA,Information Technology,2012-07-29,4213851000.0,5891881000.0,499618000.0,,,445312000.0,417250000.0,,,,-57641000.0,281193000.0,401096000.0,1044270000.0,387185000.0,1021960000.0,,540719000.0,119046000.0,139623000.0,147557500.0,1.0,57641000.0,8.667753855762392,3191891000.0,0.5177961638273627,0.1337039271452785,0.26927231463127355,
NVDA,Information Technology,2019-07-28,11391000000.0,14775000000.0,7105000000.0,,,1561000000.0,437000000.0,,1989000000.0,,-594500000.0,704000000.0,970000000.0,2579000000.0,1204000000.0,1317000000.0,,1541000000.0,552000000.0,571000000.0,1401666666.6666667,1.0,594500000.0,11.951219512195122,10074000000.0,0.5975184179914695,0.22140364482357502,0.2729740209383482,0.13461928934010153
NVDA,Information Technology,2022-07-31,27418000000.0,43476000000.0,3013000000.0,,,5317000000.0,2421000000.0,,10949000000.0,475000000.0,-36500000.0,1824000000.0,2416000000.0,6704000000.0,3889000000.0,7573000000.0,649000000.0,2915000000.0,656000000.0,499000000.0,3621833333.3333335,1.0,36500000.0,82.54794520547945,19845000000.0,0.4348150357995227,0.07443317422434367,0.2720763723150358,0.2518400956849756
NVR,Consumer Discretionary,2009-06-30,,,583268000.0,,,,,,,,-22393000.0,,,,,,,,41426000.0,,-34369333.333333336,0.0,22393000.0,26.046889653016567,,,,,
NVR,Consumer Discretionary,2010-03-31,,,1342292000.0,881000.0,,,,1881000.0,,,-118163000.0,,,,,,,,32087000.0,,-51200000.0,0.0,118163000.0,11.359664192682988,,,,,
NVR,Consumer Discretionary,2010-06-30,,2359435000.0,1090882000.0,,,,,,,,-125274000.0,,,964504000.0,,,,,71276000.0,,-3583166.6666666665,0.0,125274000.0,8.7079681338506,,,,,
NVR,Consumer Discretionary,2010-09-30,,2249819000.0,1055843000.0,,,,,,,,-19293000.0,,,676169000.0,,,,,43944000.0,,9728500.0,1.0,19293000.0,54.72674026849116,,,,,
NVR,Consumer Discretionary,2011-03-31,,2275728000.0,1220295000.0,1012000.0,,,,1598000.0,,,-9033000.0,,,514504000.0,,,,,15174000.0,,43018833.333333336,1.0,9033000.0,135.09299236134174,,,,,
NVR,Consumer Discretionary,2013-03-31,,2665055000.0,1087731000.0,3455000.0,,,,2772000.0,,,-78093000.0,,,770256000.0,,,,,35041000.0,,-5615333.333333333,0.0,78093000.0,13.928661979946986,,,,,
NVR,Consumer Discretionary,2013-06-30,,2531167000.0,778424000.0,,,,,,,,-179739000.0,,,1009892000.0,,,,,50690000.0,,78775666.66666667,1.0,179739000.0,4.330857521183494,,,,,
NVR,Consumer Discretionary,2014-03-31,,2524753000.0,879323000.0,5433000.0,,,,3710000.0,,,-15786000.0,,,811310000.0,,,,,23849000.0,,73434000.0,1.0,15786000.0,55.70271126314456,,,,,
NVR,Consumer Discretionary,2022-06-30,,5287699000.0,,,,,,,,,-43940000.0,,,2658943000.0,,,,,433314000.0,,246324333.33333334,1.0,43940000.0,,,,,,
NVR,Consumer Discretionary,2023-06-30,,6266775000.0,,,,,,,,,-182249000.0,,,2338330000.0,,,,,404027000.0,,227515833.33333334,1.0,182249000.0,,,,,,
NVR,Consumer Discretionary,2024-06-30,,6407288000.0,,,,,,,,,-121993500.0,,,2612457000.0,,,,,400904000.0,,23839000.0,1.0,121993500.0,,,,,,
NWS,Communication Services,2012-09-30,,,1010000000.0,64000000.0,,,,,,-111000000.0,-87000000.0,,,2133000000.0,,,16000000.0,,-92000000.0,,32000000.0,1.0,87000000.0,11.60919540229885,,,,,
NWS,Communication Services,2016-09-30,3328000000.0,15269000000.0,1499000000.0,49000000.0,,1294000000.0,240000000.0,,381000000.0,-1000000.0,-271000000.0,,,1965000000.0,233000000.0,2287000000.0,20000000.0,,-15000000.0,,-15333333.333333334,0.0,271000000.0,5.531365313653136,1041000000.0,,,,0.024952518174078196
NWS,Communication Services,2017-03-31,3762000000.0,14886000000.0,1850000000.0,,,1326000000.0,229000000.0,,376000000.0,45000000.0,-43000000.0,,,1978000000.0,228000000.0,2461000000.0,8000000.0,,-5000000.0,,117166666.66666667,1.0,43000000.0,43.02325581395349,1301000000.0,,,,0.02525863227193336
NWS,Communication Services,2017-09-30,3768000000.0,14662000000.0,1877000000.0,62000000.0,,1365000000.0,235000000.0,,,141000000.0,-4000000.0,,,,225000000.0,2417000000.0,,,68000000.0,,177750000.0,1.0,4000000.0,469.25,1351000000.0,,,,
NWS,Communication Services,2019-12-31,3718000000.0,16282000000.0,1272000000.0,,,1570000000.0,375000000.0,,1201000000.0,155000000.0,-138500000.0,,,,358000000.0,2727000000.0,,,85000000.0,,225666666.66666666,1.0,138500000.0,9.184115523465705,991000000.0,,,,0.07376243704704581
NWS,Communication Services,2021-12-31,4599000000.0,16520000000.0,2184000000.0,,,1665000000.0,351000000.0,,2270000000.0,361000000.0,-100000000.0,,,,248000000.0,3233000000.0,,,235000000.0,,71666666.66666667,1.0,100000000.0,21.84,1366000000.0,,,,0.137409200968523
NWS,Communication Services,2022-09-30,3754000000.0,16387000000.0,1458000000.0,104000000.0,,1473000000.0,348000000.0,,3000000000.0,101000000.0,-31000000.0,,,2478000000.0,373000000.0,3013000000.0,,,40000000.0,,33333333.333333332,1.0,31000000.0,47.03225806451613,741000000.0,,,,0.18307194727527917
NWS,Communication Services,2022-12-31,3763000000.0,16891000000.0,1328000000.0,,,1636000000.0,308000000.0,,3025000000.0,155000000.0,-354000000.0,,,2521000000.0,328000000.0,2939000000.0,,,67000000.0,,29666666.666666668,1.0,354000000.0,3.751412429378531,824000000.0,,,,0.17908945592327274
NWS,Communication Services,2023-09-30,3969000000.0,16475000000.0,1529000000.0,124000000.0,,1559000000.0,324000000.0,,2970000000.0,95000000.0,-55000000.0,,,2499000000.0,378000000.0,3037000000.0,,,30000000.0,,79333333.33333333,1.0,55000000.0,27.8,932000000.0,,,,0.1802731411229135
NWS,Communication Services,2023-12-31,4003000000.0,16681000000.0,1715500000.0,,,1516000000.0,243000000.0,,3042000000.0,284000000.0,-365000000.0,,,2360500000.0,297000000.0,2784000000.0,,,156000000.0,,301500000.0,1.0,365000000.0,4.7,1219000000.0,,,,0.18236316767579883
NWSA,Communication Services,2012-09-30,,,1010000000.0,64000000.0,,,,,,-111000000.0,-87000000.0,,,2133000000.0,,,16000000.0,,-92000000.0,,32000000.0,1.0,87000000.0,11.60919540229885,,,,,
NWSA,Communication Services,2016-09-30,3328000000.0,15269000000.0,1499000000.0,49000000.0,,1294000000.0,240000000.0,,381000000.0,-1000000.0,-271000000.0,,,1965000000.0,233000000.0,2287000000.0,20000000.0,,-15000000.0,,-15333333.333333334,0.0,271000000.0,5.531365313653136,1041000000.0,,,,0.024952518174078196
NWSA,Communication Services,2017-03-31,3762000000.0,14886000000.0,1850000000.0,,,1326000000.0,229000000.0,,376000000.0,45000000.0,-43000000.0,,,1978000000.0,228000000.0,2461000000.0,8000000.0,,-5000000.0,,117166666.66666667,1.0,43000000.0,43.02325581395349,1301000000.0,,,,0.02525863227193336
NWSA,Communication Services,2017-09-30,3768000000.0,14662000000.0,1877000000.0,62000000.0,,1365000000.0,235000000.0,,,141000000.0,-4000000.0,,,,225000000.0,2417000000.0,,,68000000.0,,177750000.0,1.0,4000000.0,469.25,1351000000.0,,,,
NWSA,Communication Services,2019-12-31,3718000000.0,16282000000.0,1272000000.0,,,1570000000.0,375000000.0,,1201000000.0,155000000.0,-138500000.0,,,,358000000.0,2727000000.0,,,85000000.0,,225666666.66666666,1.0,138500000.0,9.184115523465705,991000000.0,,,,0.07376243704704581
NWSA,Communication Services,2021-12-31,4599000000.0,16520000000.0,2184000000.0,,,1665000000.0,351000000.0,,2270000000.0,361000000.0,-100000000.0,,,,248000000.0,3233000000.0,,,235000000.0,,71666666.66666667,1.0,100000000.0,21.84,1366000000.0,,,,0.137409200968523
NWSA,Communication Services,2022-09-30,3754000000.0,16387000000.0,1458000000.0,104000000.0,,1473000000.0,348000000.0,,3000000000.0,101000000.0,-31000000.0,,,2478000000.0,373000000.0,3013000000.0,,,40000000.0,,33333333.333333332,1.0,31000000.0,47.03225806451613,741000000.0,,,,0.18307194727527917
NWSA,Communication Services,2022-12-31,3763000000.0,16891000000.0,1328000000.0,,,1636000000.0,308000000.0,,3025000000.0,155000000.0,-354000000.0,,,2521000000.0,328000000.0,2939000000.0,,,67000000.0,,29666666.666666668,1.0,354000000.0,3.751412429378531,824000000.0,,,,0.17908945592327274
NWSA,Communication Services,2023-09-30,3969000000.0,16475000000.0,1529000000.0,124000000.0,,1559000000.0,324000000.0,,2970000000.0,95000000.0,-55000000.0,,,2499000000.0,378000000.0,3037000000.0,,,30000000.0,,79333333.33333333,1.0,55000000.0,27.8,932000000.0,,,,0.1802731411229135
NWSA,Communication Services,2023-12-31,4003000000.0,16681000000.0,1715500000.0,,,1516000000.0,243000000.0,,3042000000.0,284000000.0,-365000000.0,,,2360500000.0,297000000.0,2784000000.0,,,156000000.0,,301500000.0,1.0,365000000.0,4.7,1219000000.0,,,,0.18236316767579883
NXPI,Information Technology,2019-09-29,5944000000.0,21254000000.0,3537000000.0,,,786000000.0,862000000.0,517000000.0,,,-666500000.0,396000000.0,975000000.0,,1134000000.0,3126000000.0,,1186000000.0,109000000.0,233000000.0,395166666.6666667,1.0,666500000.0,5.306826706676669,2818000000.0,,,,
NXPI,Information Technology,2023-07-02,7447000000.0,23795000000.0,3863000000.0,,,1061000000.0,967000000.0,281000000.0,,,-21500000.0,589000000.0,944000000.0,,2107000000.0,4085000000.0,,1881000000.0,698000000.0,937000000.0,754333333.3333334,1.0,21500000.0,179.67441860465115,3362000000.0,,,,
OMC,Communication Services,2008-06-30,,,915800000.0,,,,,,,,-91500000.0,,2960100000.0,3476900000.0,,,,,307000000.0,516800000.0,-9166666.666666666,0.0,91500000.0,10.008743169398906,,,0.14863815467801778,,
OMC,Communication Services,2009-03-31,,,412400000.0,-23300000.0,,,,,,,-228400000.0,,2464200000.0,2746600000.0,,,,,164500000.0,282400000.0,-19733333.333333332,0.0,228400000.0,1.8056042031523643,,,0.10281802956382437,,
OMC,Communication Services,2009-06-30,6899800000.0,15885400000.0,399900000.0,,,4940300000.0,5893500000.0,,,,-125000000.0,,2472600000.0,2870700000.0,,8328900000.0,,,233400000.0,398100000.0,-34933333.333333336,0.0,125000000.0,3.1992,-1429100000.0,,0.13867697774062077,,
OMC,Communication Services,2010-03-31,7851000000.0,16829500000.0,900400000.0,0.0,,5184300000.0,6406400000.0,,,,-277900000.0,,2629000000.0,2920000000.0,,9235100000.0,,,163400000.0,291000000.0,-44466666.666666664,0.0,277900000.0,3.2400143936667867,-1384100000.0,,0.09965753424657534,,
OMC,Communication Services,2010-06-30,7454800000.0,16329200000.0,533700000.0,,,5140600000.0,6351500000.0,,,,-170600000.0,,2625800000.0,3041200000.0,,9219600000.0,,,243300000.0,415400000.0,-82383333.33333333,0.0,170600000.0,3.1283704572098476,-1764800000.0,,0.13659081941338946,,
OMC,Communication Services,2011-03-31,9165900000.0,19168500000.0,1512200000.0,39100000.0,,5470800000.0,6918000000.0,,,,-176900000.0,,2829200000.0,3151300000.0,,10396900000.0,,,201900000.0,322100000.0,-7250000.0,0.0,176900000.0,8.548332391181459,-1231000000.0,,0.102211785612287,,
OMC,Communication Services,2011-06-30,9034400000.0,19156700000.0,986300000.0,,,5981000000.0,7155600000.0,,,,-284350000.0,,2999300000.0,3487400000.0,,10354800000.0,,,275100000.0,488100000.0,139883333.33333334,1.0,284350000.0,3.4686126252857394,-1320400000.0,,0.13996100246602053,,
OMC,Communication Services,2012-03-31,9620500000.0,19823500000.0,1502700000.0,45600000.0,,5932400000.0,7230400000.0,,,,-500000.0,,2944800000.0,3307300000.0,,10867200000.0,,,204600000.0,362500000.0,30050000.0,1.0,1179870.0,469.25,-1246700000.0,,0.10960602303994195,,
OMC,Communication Services,2013-03-31,10601200000.0,20908300000.0,2071800000.0,38200000.0,,6313200000.0,7294700000.0,,,,-209700000.0,,3027200000.0,3398900000.0,,10943300000.0,,,205100000.0,371700000.0,-73483333.33333333,0.0,209700000.0,9.879828326180258,-342100000.0,,0.10935891023566448,,
OMC,Communication Services,2013-06-30,10288200000.0,20525000000.0,1399900000.0,,,6637000000.0,7797700000.0,,,,-83550000.0,,3114000000.0,3637000000.0,,11227100000.0,,,289500000.0,523000000.0,-168116666.66666666,0.0,83550000.0,16.755236385397964,-938900000.0,,0.14379983502886995,,
OMC,Communication Services,2014-03-31,10576600000.0,21087900000.0,2082100000.0,42500000.0,,6006600000.0,7403400000.0,,,,-430300000.0,,3119500000.0,3502200000.0,,11448300000.0,,,205500000.0,382700000.0,-128283333.33333333,0.0,430300000.0,4.838717174064606,-871700000.0,,0.10927417052138656,,
OMC,Communication Services,2014-06-30,10546500000.0,21219400000.0,1534700000.0,,,6499200000.0,8015400000.0,,,,-367450000.0,,3322500000.0,3870900000.0,,11811100000.0,,,325200000.0,548400000.0,-28650000.0,0.0,367450000.0,4.176622669750986,-1264600000.0,,0.1416724792683872,,
OMC,Communication Services,2015-03-31,9904900000.0,20071000000.0,1526700000.0,38200000.0,,5840100000.0,7850200000.0,,,,-238000000.0,,3091500000.0,3469200000.0,,11021200000.0,,,209100000.0,377700000.0,-11116666.666666666,0.0,238000000.0,6.4147058823529415,-1116300000.0,,0.10887236250432376,,
OMC,Communication Services,2015-06-30,10500400000.0,20775500000.0,1356000000.0,,,6501600000.0,8622300000.0,,,,-68550000.0,,3266700000.0,3805300000.0,,12548800000.0,,,313900000.0,538600000.0,-189866666.66666666,0.0,68550000.0,19.781181619256017,-2048400000.0,,0.1415394318450582,,
OMC,Communication Services,2016-03-31,10545400000.0,21067700000.0,1747300000.0,41400000.0,,6321400000.0,8405800000.0,,,,-457600000.0,,3107000000.0,3499100000.0,,12939400000.0,,,218400000.0,392100000.0,-29850000.0,0.0,457600000.0,3.8184003496503496,-2394000000.0,,0.11205738618501901,,
OMC,Communication Services,2016-06-30,10314200000.0,20935200000.0,1305700000.0,,,6422600000.0,8507000000.0,,,,-604800000.0,,3323100000.0,3884900000.0,,11540800000.0,,,326100000.0,561800000.0,5466666.666666667,1.0,604800000.0,2.158895502645503,-1226600000.0,,0.1446111869031378,,
OMC,Communication Services,2017-03-31,11728800000.0,22237300000.0,2442200000.0,32100000.0,,6796800000.0,9453500000.0,,,,-195300000.0,,3174600000.0,3587400000.0,,13070100000.0,,,241800000.0,412800000.0,-314883333.3333333,0.0,195300000.0,12.504864311315924,-1341300000.0,,0.1150694096002676,,
OMC,Communication Services,2017-06-30,11505100000.0,22163400000.0,1834000000.0,,3037400000.0,7142800000.0,9849200000.0,,,,-498850000.0,,3221600000.0,3790100000.0,,12863700000.0,,,328600000.0,568500000.0,-313566666.6666667,0.0,498850000.0,3.6764558484514382,-1358600000.0,,0.1499960423207831,,
OMC,Communication Services,2018-03-31,12338500000.0,23513100000.0,2568100000.0,36200000.0,3033100000.0,7198800000.0,10159200000.0,,,,-620800000.0,,3207900000.0,3629600000.0,,13598800000.0,,,264100000.0,421700000.0,-80300000.0,0.0,620800000.0,4.136759020618556,-1260300000.0,,0.11618360149878774,,
OMC,Communication Services,2018-06-30,11230100000.0,22169500000.0,1913300000.0,,3092500000.0,6760500000.0,9568100000.0,,,,-494900000.0,,3277300000.0,3859600000.0,,12617900000.0,,,364200000.0,582300000.0,-30650000.0,0.0,494900000.0,3.866033542129723,-1387800000.0,,0.15087055653435588,,
OMC,Communication Services,2019-03-31,13072200000.0,25211200000.0,3449700000.0,27200000.0,2876800000.0,7036700000.0,10342900000.0,,,,-395600000.0,,3040000000.0,3468900000.0,,14913100000.0,,,263200000.0,428900000.0,-366600000.0,0.0,395600000.0,8.720171890798786,-1840900000.0,,0.12364150018737928,,
OMC,Communication Services,2019-06-30,12802800000.0,25042100000.0,2898100000.0,,2980600000.0,7244900000.0,10445900000.0,,,,-373600000.0,,3146100000.0,3719800000.0,,15068100000.0,,,370700000.0,573700000.0,-490816666.6666667,0.0,373600000.0,7.757226980728052,-2265300000.0,,0.15422872197429968,,
OMC,Communication Services,2020-03-31,11850100000.0,23675900000.0,2692500000.0,26400000.0,2842900000.0,6690500000.0,9387200000.0,,,,-987200000.0,,,3406900000.0,,12857000000.0,,,258100000.0,420200000.0,-335450000.0,0.0,987200000.0,2.7274108589951376,-1006900000.0,,0.12333793184419854,,
OMC,Communication Services,2020-06-30,10893100000.0,22641100000.0,3281000000.0,,2599000000.0,5290800000.0,7919500000.0,,,,-746250000.0,,,2800700000.0,,11330900000.0,,,-24200000.0,62500000.0,-75033333.33333333,0.0,746250000.0,4.396649916247906,-437800000.0,,0.022315849609026314,,
OMC,Communication Services,2021-03-31,13732100000.0,25614300000.0,4897300000.0,12400000.0,2836600000.0,6633200000.0,9465800000.0,,,,-460900000.0,,,3426900000.0,,13471900000.0,,,287800000.0,465400000.0,8266666.666666667,1.0,460900000.0,10.625515296159687,260200000.0,,0.1358078730047565,,
OMC,Communication Services,2022-03-31,13397500000.0,26145700000.0,,23200000.0,2905400000.0,7071600000.0,9899600000.0,,,,-544500000.0,,,3410300000.0,,14177200000.0,,,173800000.0,353000000.0,-297333333.3333333,0.0,544500000.0,,-779700000.0,,0.1035099551359118,,
OMC,Communication Services,2022-06-30,12496400000.0,24905500000.0,,,2859000000.0,7043700000.0,9553400000.0,,,,-859200000.0,,,3567200000.0,,13213700000.0,,,348400000.0,541600000.0,-230700000.0,0.0,859200000.0,,-717300000.0,,0.15182776407266202,,
OMC,Communication Services,2023-03-31,12895200000.0,25237600000.0,,23100000.0,2953700000.0,7062200000.0,9585200000.0,,,,-522100000.0,,,3443300000.0,,13465100000.0,,,227500000.0,346500000.0,-290766666.6666667,0.0,522100000.0,,-569900000.0,,0.10063020939215288,,
OMC,Communication Services,2023-06-30,12812400000.0,25067600000.0,,,2909000000.0,7460100000.0,9948800000.0,,,,-659300000.0,,,3609900000.0,,13301200000.0,,,366300000.0,550700000.0,-261216666.66666666,0.0,659300000.0,,-488800000.0,,0.1525527022909222,,
OMC,Communication Services,2024-03-31,13866300000.0,27275600000.0,,23100000.0,3006700000.0,7905800000.0,10337700000.0,,,,-618500000.0,,,3630500000.0,,14953800000.0,,,318600000.0,478900000.0,-262916666.66666666,0.0,618500000.0,,-1087500000.0,,0.1319102052058945,,
OMC,Communication Services,2024-06-30,13972400000.0,27324200000.0,,,3172100000.0,8432500000.0,10647800000.0,,,,-570650000.0,,,3853800000.0,,14957100000.0,,,328100000.0,510300000.0,-201100000.0,0.0,570650000.0,,-984700000.0,,0.1324147594581971,,
ON,Information Technology,2012-06-29,1954700000.0,3770700000.0,485666666.6666667,,,,416400000.0,,1070300000.0,,-62900000.0,,231400000.0,744800000.0,659700000.0,1154700000.0,5200000.0,258300000.0,6900000.0,26900000.0,55933333.333333336,1.0,62900000.0,7.721250662427133,800000000.0,0.3468045112781955,0.03611707841031149,,0.28384650064974676
ON,Information Technology,2019-06-28,3064200000.0,8524500000.0,885200000.0,,,,542900000.0,,3805800000.0,,-65800000.0,,340700000.0,,1273800000.0,1266800000.0,27300000.0,499000000.0,101800000.0,158300000.0,142400000.0,1.0,65800000.0,13.45288753799392,1797400000.0,,,,0.44645433749780045
ON,Information Technology,2023-06-30,5930200000.0,12762700000.0,2622200000.0,,,,907500000.0,,3499600000.0,,-151200000.0,,318700000.0,,1964400000.0,2480700000.0,31600000.0,993400000.0,576600000.0,674700000.0,414350000.0,1.0,151200000.0,17.34259259259259,3449500000.0,,,,0.27420530138607035
ORCL,Information Technology,2012-11-30,41129000000.0,79657000000.0,15912000000.0,,,4401000000.0,372000000.0,,,3280000000.0,-3220000000.0,1199000000.0,,9094000000.0,164000000.0,12347000000.0,,,2581000000.0,3471000000.0,3194000000.0,1.0,3220000000.0,4.9416149068322985,24848959999.999943,,0.38168022872223445,0.13184517264130197,
ORCL,Information Technology,2021-11-30,31078000000.0,106897000000.0,17938000000.0,,,4462000000.0,1034000000.0,,,,-3813500000.0,1754000000.0,,,,18881000000.0,,,-1247000000.0,-824000000.0,4901666666.666667,1.0,3813500000.0,4.703815392683886,12197000000.0,,,,
ORLY,Consumer Discretionary,2013-06-30,3005157000.0,6123646000.0,365930000.0,,,175877000.0,2058859000.0,,,,-77151000.0,,,,2345377000.0,2430298000.0,,871875000.0,177127000.0,296261000.0,307195333.3333333,1.0,77151000.0,4.743036383196588,574859000.0,,,,
ORLY,Consumer Discretionary,2022-06-30,4799872000.0,12067689000.0,253904000.0,,1786019000.0,330672000.0,5258712000.0,,,757298000.0,-586677000.0,,,,4005384000.0,6413189000.0,,1884718000.0,576760000.0,798550000.0,948552166.6666666,1.0,586677000.0,0.43278328620348167,-1613317000.0,,,,
OTIS,Industrials,2024-06-30,6238000000.0,9858000000.0,942000000.0,,,3606000000.0,1716000000.0,,6826000000.0,544000000.0,-36000000.0,39000000.0,,,605000000.0,7895000000.0,20000000.0,,415000000.0,570000000.0,38666666.666666664,1.0,36000000.0,26.166666666666668,-1657000000.0,,,,0.6924325420977886
PAYX,Industrials,2009-11-30,3562206000.0,4657132000.0,225302000.0,,,221711000.0,36494000.0,,,,-2526000.0,,,496588000.0,,3186729000.0,,,125825000.0,193082500.0,161957500.0,1.0,2526000.0,89.1931908155186,375477000.0,,0.38881829605226065,,
PAYX,Industrials,2014-11-30,4859900000.0,6274500000.0,140400000.0,,,205600000.0,39800000.0,,,271600000.0,-301100000.0,,406100000.0,676300000.0,,4279300000.0,7900000.0,,173000000.0,270200000.0,288100000.0,1.0,301100000.0,0.46629026901361675,580600000.0,,0.39952683720242493,,
PAYX,Industrials,2020-11-30,5592400000.0,8615400000.0,693500000.0,,,,70400000.0,,,349600000.0,-95650000.0,,,983700000.0,,4380000000.0,12200000.0,,,354300000.0,315200000.0,1.0,95650000.0,7.250392054364872,1212400000.0,,0.36017078377554135,,
PCAR,Industrials,2012-06-30,,18244800000.0,1719900000.0,,,,,,,,-131650000.0,,,,,,2500000.0,,297200000.0,,364200000.0,1.0,131650000.0,13.064185339916445,,,,,
PCAR,Industrials,2021-06-30,,29012200000.0,,,4659400000.0,,,,,638650000.0,-228550000.0,,,5843900000.0,,,2600000.0,,494200000.0,,421400000.0,1.0,228550000.0,,,,,,
PEP,Consumer Staples,2009-03-21,,,2188000000.0,,3744000000.0,,,314000000.0,,,-266000000.0,,,,,,,,1135000000.0,1588000000.0,1020333333.3333334,1.0,266000000.0,8.225563909774436,,,,,
PEP,Consumer Staples,2011-06-11,17917000000.0,75680000000.0,2913000000.0,,7963000000.0,,,,,2575000000.0,-541000000.0,,,,4539000000.0,18057000000.0,76000000.0,,1885000000.0,2754000000.0,373666666.6666667,1.0,541000000.0,5.384473197781886,-140000000.0,,,,
PEP,Consumer Staples,2012-03-24,17578000000.0,74391000000.0,3485000000.0,,5889000000.0,,,555000000.0,,1547000000.0,-690000000.0,,,,4214000000.0,16985000000.0,50000000.0,,1127000000.0,1722000000.0,967666666.6666666,1.0,690000000.0,5.050724637681159,593000000.0,,,,
PEP,Consumer Staples,2012-06-16,18033000000.0,72390000000.0,3863000000.0,,7915000000.0,,,,,2169000000.0,-1670000000.0,,,,4274000000.0,18269000000.0,69000000.0,,1488000000.0,2377000000.0,1676333333.3333333,1.0,1670000000.0,2.3131736526946107,-236000000.0,,,,
PEP,Consumer Staples,2014-06-14,25795000000.0,80433000000.0,7607000000.0,,7778000000.0,,,,,2705000000.0,-659000000.0,,,,4194000000.0,20228000000.0,68000000.0,9116000000.0,1978000000.0,2896000000.0,1235166666.6666667,1.0,659000000.0,11.543247344461305,5567000000.0,,,,
PEP,Consumer Staples,2015-06-13,23069000000.0,72262000000.0,7562000000.0,,7209000000.0,,,,,2697000000.0,-585500000.0,,,,3931000000.0,21546000000.0,69000000.0,8714000000.0,1980000000.0,2900000000.0,1286166666.6666667,1.0,585500000.0,12.915456874466269,1523000000.0,,,,
PEP,Consumer Staples,2016-06-11,25878000000.0,72711000000.0,9646000000.0,,6830000000.0,,,,,2731000000.0,-373500000.0,,,,3487000000.0,18459000000.0,56000000.0,8565000000.0,2005000000.0,2964000000.0,777833333.3333334,1.0,373500000.0,25.825970548862117,7419000000.0,,,,
PEP,Consumer Staples,2017-03-25,27150000000.0,74622000000.0,9528000000.0,,5288000000.0,,,477000000.0,,1721000000.0,-196000000.0,,,,3282000000.0,21644000000.0,77000000.0,6761000000.0,1318000000.0,1898000000.0,451166666.6666667,1.0,196000000.0,48.61224489795919,5506000000.0,,,,
PEP,Consumer Staples,2017-06-17,29248000000.0,76943000000.0,10282000000.0,,7057500000.0,,,,,2774000000.0,-1166000000.0,,,15710000000.0,3612000000.0,22113000000.0,75000000.0,8652500000.0,2105000000.0,2954500000.0,187666666.66666666,1.0,1166000000.0,8.818181818181818,7135000000.0,0.550763844684914,0.1880649267982177,,
PEP,Consumer Staples,2018-03-24,33047000000.0,81887000000.0,13443000000.0,,5655000000.0,,,496000000.0,,1657000000.0,-1309000000.0,,,12562000000.0,3335000000.0,25885000000.0,89000000.0,6907000000.0,1343000000.0,1807000000.0,447833333.3333333,1.0,1309000000.0,10.269671504965622,7162000000.0,0.54983282916733,0.1438465212545773,,
PEP,Consumer Staples,2018-06-16,30370000000.0,78731000000.0,13858000000.0,,7263000000.0,,,,,2900000000.0,-1956500000.0,,,16090000000.0,3491000000.0,24558000000.0,61000000.0,8827000000.0,1820000000.0,3028000000.0,774000000.0,1.0,1956500000.0,7.083056478405315,5812000000.0,0.5486016159105034,0.1881914232442511,,
PEP,Consumer Staples,2019-03-23,17917000000.0,75466000000.0,5072000000.0,,5688000000.0,,,498000000.0,,1868000000.0,-345000000.0,,,12884000000.0,3554000000.0,19090000000.0,58000000.0,7196000000.0,1413000000.0,2008000000.0,649333333.3333334,1.0,345000000.0,14.701449275362318,-1173000000.0,0.5585221980751319,0.15585221980751318,,
PEP,Consumer Staples,2019-06-15,17212000000.0,75084000000.0,3293000000.0,,7404000000.0,,,,,2567000000.0,-978000000.0,,,16449000000.0,3988000000.0,19928000000.0,65000000.0,9045000000.0,2035000000.0,2729000000.0,618833333.3333334,1.0,978000000.0,3.367075664621677,-2716000000.0,0.5498814517599854,0.16590674205118852,,
PEP,Consumer Staples,2020-03-21,24268000000.0,85062000000.0,11089000000.0,,6127000000.0,,,533000000.0,,1711000000.0,-749000000.0,,,13881000000.0,3600000000.0,22078000000.0,63000000.0,7754000000.0,1338000000.0,1924000000.0,957500000.0,1.0,749000000.0,14.805073431241656,2190000000.0,0.5586052878034724,0.13860672862185722,,
PEP,Consumer Staples,2020-06-13,23189000000.0,89525000000.0,8927000000.0,,7088000000.0,,,,,2168000000.0,-1069500000.0,,,15945000000.0,4314000000.0,23827000000.0,41500000.0,8857000000.0,1646000000.0,2319000000.0,1073500000.0,1.0,1069500000.0,8.346891070593735,-638000000.0,0.5554719347757918,0.14543744120413923,,
PEP,Consumer Staples,2021-03-20,21196000000.0,91224000000.0,5661000000.0,,6671000000.0,,,560000000.0,,2174000000.0,-719000000.0,,,14820000000.0,4556000000.0,22693000000.0,79000000.0,8149000000.0,1714000000.0,2312000000.0,1132833333.3333333,1.0,719000000.0,7.873435326842837,-1497000000.0,0.5498650472334683,0.15600539811066128,,
PEP,Consumer Staples,2021-06-12,21597000000.0,92385000000.0,5449000000.0,,8880000000.0,,,,,3014000000.0,-721500000.0,,,19217000000.0,5006000000.0,23623000000.0,65000000.0,10337000000.0,2358000000.0,3129000000.0,894666666.6666666,1.0,721500000.0,7.552321552321552,-2026000000.0,0.5379091429463496,0.16282458240099912,,
PEP,Consumer Staples,2022-03-19,22342000000.0,92962000000.0,6561000000.0,,7433000000.0,,,555000000.0,,5161000000.0,-174000000.0,,,16200000000.0,4762000000.0,25824000000.0,81000000.0,8767000000.0,4261000000.0,5267000000.0,865666666.6666666,1.0,174000000.0,37.706896551724135,-3482000000.0,0.5411728395061728,0.32512345679012344,,
PEP,Consumer Staples,2022-06-11,22633000000.0,93103000000.0,5405000000.0,,9415000000.0,,,,,1839000000.0,-1436000000.0,,,20225000000.0,5287000000.0,27223000000.0,75000000.0,10810000000.0,1429000000.0,2077000000.0,966333333.3333334,1.0,1436000000.0,3.763927576601671,-4590000000.0,0.534487021013597,0.1026946847960445,,
PEP,Consumer Staples,2023-03-25,22427000000.0,93042000000.0,4770000000.0,,7988000000.0,,,590000000.0,,2490000000.0,-392000000.0,,,17846000000.0,5697000000.0,25837000000.0,93000000.0,9858000000.0,1932000000.0,2629000000.0,1145333333.3333333,1.0,392000000.0,12.168367346938776,-3410000000.0,0.5523926930404572,0.14731592513728567,,
PEP,Consumer Staples,2023-06-17,24954000000.0,95906000000.0,6116000000.0,,10121000000.0,,,,,3518000000.0,-1134000000.0,,,22322000000.0,5969000000.0,29618000000.0,86000000.0,12201000000.0,2748000000.0,3659000000.0,690000000.0,1.0,1134000000.0,5.393298059964726,-4664000000.0,0.5465908072753337,0.16391900367350595,,
PEP,Consumer Staples,2024-03-23,26005000000.0,100040000000.0,8047000000.0,,8248000000.0,,,641000000.0,,2573000000.0,-1041000000.0,,,18250000000.0,5569000000.0,30234000000.0,97000000.0,10002000000.0,2042000000.0,2717000000.0,477333333.3333333,1.0,1041000000.0,7.730067243035543,-4229000000.0,0.548054794520548,0.14887671232876712,,
PEP,Consumer Staples,2024-06-15,25703000000.0,99533000000.0,6353000000.0,,9919000000.0,,,,,3870000000.0,-2500000000.0,,,22501000000.0,5887000000.0,31148000000.0,86000000.0,12582000000.0,3083000000.0,4048000000.0,-430666666.6666667,0.0,2500000000.0,2.5412,-5445000000.0,0.5591751477712101,0.17990311541709259,,
PFE,Health Care,2010-04-04,49916000000.0,195113000000.0,1759000000.0,305000000.0,4254000000.0,13611000000.0,3028000000.0,2051000000.0,,,-6360000000.0,,,,10132000000.0,25924000000.0,,,2026000000.0,,1319000000.0,1.0,4558205000.000002,0.2765723270440252,23992000000.0,,,,
PFE,Health Care,2010-07-04,51101000000.0,191071000000.0,1877000000.0,,3739500000.0,14012000000.0,3078000000.0,,,3926000000.0,-7368000000.0,,,,9511000000.0,24681000000.0,,,2475000000.0,,6422333333.333333,1.0,4558205000.000002,0.2547502714440825,24848959999.999943,,,,
PFE,Health Care,2012-07-01,58765000000.0,182842000000.0,3031000000.0,,2564000000.0,12882000000.0,3165000000.0,,,4332000000.0,-694500000.0,,,,7001000000.0,30798000000.0,,,3253000000.0,,2480500000.0,1.0,694500000.0,4.364290856731461,24848959999.999943,,,,
PFE,Health Care,2015-06-28,51715000000.0,160878000000.0,3670000000.0,,,8951000000.0,2930000000.0,,,3539000000.0,-970000000.0,,,,5796000000.0,24143000000.0,,,2626000000.0,,2392833333.3333335,1.0,970000000.0,3.783505154639175,24848959999.999943,,,,
PFE,Health Care,2017-07-02,36385000000.0,168558000000.0,2585000000.0,,2660000000.0,9476000000.0,3439000000.0,,34191000000.0,3815000000.0,-243000000.0,,,,7584000000.0,27182000000.0,,,3073000000.0,,3435500000.0,1.0,243000000.0,10.637860082304528,9203000000.0,,,,0.2028441248709643
PFE,Health Care,2019-06-30,47073000000.0,156199000000.0,1784000000.0,,2576000000.0,9793000000.0,4002000000.0,,,4141000000.0,-1235500000.0,,,,8233000000.0,32030000000.0,,,5046000000.0,,3307166666.6666665,1.0,1235500000.0,1.443949817887495,15043000000.0,,,,
PFE,Health Care,2023-07-02,73347000000.0,220168000000.0,2632000000.0,,3237000000.0,10231000000.0,6081000000.0,,,2269000000.0,-10338500000.0,,,12870500000.0,10310000000.0,34647000000.0,,,2327000000.0,,708333333.3333334,1.0,4558205000.000002,0.25458238622624174,24848959999.999943,,,,
PFE,Health Care,2024-06-30,37825000000.0,216193000000.0,1052000000.0,,3300000000.0,11393000000.0,5106000000.0,1730000000.0,,-103000000.0,-2421000000.0,,,13283000000.0,11447000000.0,43819000000.0,,,41000000.0,,1593000000.0,1.0,2421000000.0,0.43453118546055347,-5994000000.0,,,,
PG,Consumer Staples,2010-12-31,21830000000.0,134273000000.0,3249000000.0,,,6551000000.0,6267000000.0,,,,-1027000000.0,,,,7423000000.0,27241000000.0,,,3333000000.0,4260000000.0,2334000000.0,1.0,1027000000.0,3.163583252190847,-5411000000.0,,,,
PH,Industrials,2010-12-31,4043940000.0,10618844000.0,808736000.0,,2195728000.0,,960567000.0,,1843385000.0,,-12541500.0,,,,1361457000.0,1940868000.0,,670936000.0,230180000.0,400350000.0,288240500.0,1.0,12541500.0,64.48479049555476,2103072000.0,,,,0.1735956380939394
PH,Industrials,2012-09-30,4200082000.0,11134578000.0,436131000.0,76685000.0,2477447000.0,,1162797000.0,,1740352000.0,336058000.0,-6971000.0,,,,1489748000.0,2366465000.0,,737488000.0,239741000.0,462571000.0,166086500.0,1.0,6971000.0,62.56362071438818,1833617000.0,,,,0.156301567962432
PH,Industrials,2012-12-31,4095747000.0,11461361000.0,497635000.0,,2421972000.0,,1073233000.0,,1736627000.0,262629000.0,-155892500.0,,,,1515325000.0,2488260000.0,,643523000.0,180962000.0,367650000.0,278287166.6666667,1.0,155892500.0,3.1921676796510416,1607487000.0,,,,0.151520137966163
PH,Industrials,2015-12-31,5151011000.0,11754091000.0,1047494000.0,,2140624000.0,,948157000.0,,2724862000.0,229880000.0,-40887500.0,,,,1279760000.0,2368099000.0,,564966000.0,182982000.0,330712000.0,168073333.33333334,1.0,40887500.0,25.618929990828494,2782912000.0,,,,0.23182243526955848
PHM,Consumer Discretionary,2009-09-30,,,1516623000.0,,,,,,,,-69439000.0,,,1091094000.0,,,,,-361387000.0,,436967666.6666667,1.0,69439000.0,21.84108354094961,,,,,
PHM,Consumer Discretionary,2010-09-30,,9092636000.0,2623282000.0,,,,,,,,-51474000.0,,,1057764000.0,,,,,-995116000.0,,-221823166.66666666,0.0,51474000.0,50.96324357928275,,,,,
PHM,Consumer Discretionary,2011-03-31,,7516629000.0,1292949000.0,6128000.0,,,,,,,-104328500.0,,,805202000.0,,,,,-39526000.0,,-148817000.0,0.0,104328500.0,12.39305654734804,,,,,
PHM,Consumer Discretionary,2011-06-30,,7425605000.0,1082040000.0,,,,,,,,-619054500.0,,,927212000.0,,,,,-55385000.0,,154708833.33333334,1.0,619054500.0,1.7478913407462509,,,,,
PHM,Consumer Discretionary,2014-06-30,,8467336000.0,1170934000.0,,,9700000.0,,,,,-203193000.0,,,1286187000.0,,,,,41880000.0,,-63288166.666666664,0.0,203193000.0,5.762668989581334,,,,,
PHM,Consumer Discretionary,2015-03-31,,8433285000.0,1053927000.0,14517000.0,,4700000.0,,,,,-25397000.0,,,1133298000.0,,,,,54971000.0,,-136754166.66666666,0.0,25397000.0,41.498090325629015,,,,,
PHM,Consumer Discretionary,2015-06-30,,8157956000.0,460361000.0,,,,,,,,-292020500.0,,,1280291000.0,,,,,103324000.0,,-106167833.33333333,0.0,292020500.0,1.5764680904251585,,,,,
PHM,Consumer Discretionary,2015-09-30,,8801578000.0,734153000.0,,,,,,,,-54752500.0,,,1506747000.0,,,,,107769000.0,,-83467000.0,0.0,54752500.0,13.408574950915483,,,,,
PHM,Consumer Discretionary,2016-03-31,,9843480000.0,1006905500.0,9460000.0,,,,,,,-63489500.0,,,1432578000.0,,,,,83300000.0,,-49036166.666666664,0.0,63489500.0,15.859401948353664,,,,,
PHM,Consumer Discretionary,2016-06-30,,9507056000.0,229187000.0,,,,,,,,-200261500.0,,,1799914000.0,,,,,117760000.0,,127577333.33333333,1.0,200261500.0,1.144438646469741,,,,,
PHM,Consumer Discretionary,2019-06-30,,10095537000.0,631309000.0,,,,,,,,-201781500.0,,,2488985000.0,,,,,241041000.0,,332722833.3333333,1.0,201781500.0,3.1286763157177444,,,,,
PHM,Consumer Discretionary,2021-06-30,,12082020000.0,1663270000.0,,,,,,,,-201244500.0,,,3359484000.0,,,,,503399000.0,,50684500.0,1.0,201244500.0,8.264921525805674,,,,,
PHM,Consumer Discretionary,2022-06-30,,13700336000.0,662780000.0,,2616578000.0,,,,,,-171769500.0,,,3902969000.0,,,,,652435000.0,,635881833.3333334,1.0,171769500.0,3.8585429892967027,,,,,
PHM,Consumer Discretionary,2022-09-30,,14211844000.0,231301000.0,,2663156000.0,,,,,,-406268000.0,,,3919439000.0,,,,,627928000.0,,923891500.0,1.0,406268000.0,0.5693310819459076,,,,,
PHM,Consumer Discretionary,2024-06-30,,16544069000.0,1392902000.0,,3156355000.0,,,,,,-296908000.0,,,4599655000.0,,,,,809133000.0,,-33767666.666666664,0.0,296908000.0,4.691358939469465,,,,,
PLTR,Information Technology,2019-09-30,,,507319000.0,,,,,,,-137834000.0,-500048000.0,75880000.0,269608000.0,,,,51763000.0,125468000.0,-139860000.0,-144140000.0,-142881666.66666666,0.0,500048000.0,1.0145406041020062,,,,,
PLTR,Information Technology,2020-03-31,,,809530000.0,3016000.0,,,,3671000.0,,-51717000.0,-287184000.0,65800000.0,235218000.0,,,,54107000.0,165033000.0,-54274000.0,-70185000.0,-8193333.333333333,0.0,287184000.0,2.8188548108529723,,,,,
PLTR,Information Technology,2020-06-30,,,1497591000.0,,,,,,,-109512000.0,-226330000.0,86815000.0,282624000.0,,,,127848000.0,183479000.0,-110455000.0,-99145000.0,160180333.33333334,1.0,226330000.0,6.61684708169487,,,,,
PLTR,Information Technology,2022-06-30,2902439000.0,3282338000.0,2358393000.0,,,265826000.0,56798000.0,,,-176741000.0,-22304000.0,88171000.0,412531000.0,,,665742000.0,145769000.0,370786000.0,-179329000.0,-41745000.0,146507666.66666666,1.0,22304000.0,105.73856707317073,2236697000.0,,,,
PM,Consumer Staples,2014-06-30,14710000000.0,36325000000.0,1541000000.0,,,4081000000.0,1109000000.0,,,,-487500000.0,,,,8271000000.0,13580000000.0,,5101000000.0,1851000000.0,2874000000.0,899166666.6666666,1.0,487500000.0,3.161025641025641,1130000000.0,,,,
PM,Consumer Staples,2015-03-31,14275000000.0,33255000000.0,1524000000.0,203000000.0,,3741000000.0,1038000000.0,,,,-375000000.0,,,,7552000000.0,14980000000.0,,4387000000.0,1795000000.0,2871000000.0,1087500000.0,1.0,375000000.0,4.064,-705000000.0,,,,
PM,Consumer Staples,2016-06-30,16046000000.0,34802000000.0,3814000000.0,,,3085000000.0,1547000000.0,,,,-160500000.0,,,,7989000000.0,12672000000.0,,4285000000.0,1788000000.0,2753000000.0,1680666666.6666667,1.0,160500000.0,23.76323987538941,3374000000.0,,,,
PM,Consumer Staples,2020-06-30,17776000000.0,39162000000.0,4200000000.0,,2179000000.0,3344000000.0,1991000000.0,,,,-347000000.0,,,,8968000000.0,15792000000.0,,4472000000.0,1947000000.0,2731000000.0,1596333333.3333333,1.0,347000000.0,12.103746397694524,1984000000.0,,,,
PM,Consumer Staples,2023-03-31,19571000000.0,62060000000.0,2428000000.0,279000000.0,3038000000.0,3642000000.0,3945000000.0,,,,-955000000.0,,,,10712000000.0,22985000000.0,,4981000000.0,1995000000.0,2731000000.0,762666666.6666666,1.0,955000000.0,2.5424083769633508,-3414000000.0,,,,
PM,Consumer Staples,2023-06-30,19836000000.0,61868000000.0,3492000000.0,,3228000000.0,4110000000.0,3786000000.0,,,,-1368000000.0,,,,9900000000.0,23245000000.0,18000000.0,5739000000.0,1568000000.0,2566000000.0,1859333333.3333333,1.0,1368000000.0,2.5526315789473686,-3409000000.0,,,,
PNR,Industrials,2010-04-03,1054525000.0,3981184000.0,46783000.0,12059000.0,,,229502000.0,,862351000.0,,-10313000.0,17211000.0,,,363667000.0,477518000.0,,213702000.0,,63601000.0,27246000.0,1.0,10313000.0,4.536313390865898,577007000.0,,,,0.21660666776516735
PNR,Industrials,2011-04-02,1209077000.0,4162687000.0,57134000.0,13268000.0,,,256492000.0,,802321000.0,77087000.0,-48180000.0,18122000.0,,,411767000.0,546361000.0,5700000.0,249059000.0,50541000.0,86177000.0,16061000.0,1.0,48180000.0,1.1858447488584476,662716000.0,,,,0.19274113090895376
PNR,Industrials,2012-03-31,1389207000.0,4778206000.0,55219000.0,15810500.0,,,293398000.0,,,72116500.0,-67754500.0,20878500.0,,,475403000.0,659323000.0,5200000.0,280859500.0,61407000.0,85476000.0,49015333.333333336,1.0,67754500.0,0.8149864584640134,729884000.0,,,,
PNR,Industrials,2015-03-28,2976900000.0,10569400000.0,131100000.0,34800000.0,,,504900000.0,,,153500000.0,-133200000.0,29800000.0,,,1177000000.0,1431100000.0,,510200000.0,113900000.0,171200000.0,13066666.666666666,1.0,133200000.0,0.9842342342342343,1545800000.0,,,,
PNR,Industrials,2015-06-27,2902900000.0,10564700000.0,147300000.0,,,,525900000.0,,,199900000.0,-156200000.0,29000000.0,,,1200400000.0,1460000000.0,,566200000.0,147800000.0,217900000.0,122316666.66666667,1.0,156200000.0,0.9430217669654289,1442900000.0,,,,
PNR,Industrials,2016-03-31,3005900000.0,12030200000.0,158100000.0,35500000.0,,,579000000.0,,4859900000.0,126000000.0,-15000000.0,30850000.0,,,1197700000.0,1467600000.0,,483350000.0,107400000.0,161650000.0,84283333.33333333,1.0,15000000.0,10.54,1538300000.0,,,,0.4039749962594138
PNR,Industrials,2017-03-31,2841100000.0,11818000000.0,174800000.0,23600000.0,,,387300000.0,,4546000000.0,103600000.0,-106000000.0,30000000.0,,,546000000.0,1397600000.0,,422300000.0,87800000.0,139500000.0,41700000.0,1.0,106000000.0,1.649056603773585,1443500000.0,,,,0.3846674564224065
PNR,Industrials,2017-06-30,1754800000.0,8669100000.0,133600000.0,,,,407800000.0,,1708000000.0,44050000.0,-123100000.0,23200000.0,,,565400000.0,1048400000.0,,378400000.0,263700000.0,171000000.0,19450000.0,1.0,123100000.0,1.0852965069049554,706400000.0,,,,0.1970216054723097
PNR,Industrials,2018-03-31,2719000000.0,9368100000.0,489150000.0,14150000.0,479300000.0,,404000000.0,,2686200000.0,102650000.0,-167600000.0,24450000.0,,732600000.0,593500000.0,1027500000.0,,357650000.0,102900000.0,122500000.0,-50866666.666666664,0.0,167600000.0,2.9185560859188544,1691500000.0,0.4881927381927382,0.16721266721266723,0.03337428337428337,0.28673903993339095
PNR,Industrials,2018-06-30,996600000.0,3806000000.0,78700000.0,,498000000.0,,275100000.0,,785900000.0,98700000.0,-9000000.0,19100000.0,,780600000.0,366600000.0,709400000.0,,282600000.0,41500000.0,122600000.0,-63066666.666666664,0.0,9000000.0,8.744444444444444,287200000.0,0.3620292083013067,0.15705867281578273,0.024468357673584424,0.20648975302154493
PNR,Industrials,2019-03-31,1251600000.0,4382200000.0,78900000.0,16800000.0,453300000.0,,265300000.0,,1375200000.0,63200000.0,-256300000.0,20700000.0,,688900000.0,421800000.0,705300000.0,,235600000.0,51300000.0,67600000.0,-13333333.333333334,0.0,256300000.0,0.3078423722200546,546300000.0,0.34199448395993615,0.09812744955726521,0.03004790245318624,0.31381497877778286
PNR,Industrials,2019-06-30,1041500000.0,4170000000.0,80500000.0,,512800000.0,,261700000.0,,1225700000.0,137200000.0,-45600000.0,20700000.0,,799500000.0,396700000.0,710200000.0,,286700000.0,114300000.0,133800000.0,46416666.666666664,1.0,45600000.0,1.7653508771929824,331300000.0,0.35859912445278297,0.16735459662288932,0.025891181988742965,0.2939328537170264
PNR,Industrials,2020-03-31,1339600000.0,4426700000.0,,18700000.0,458400000.0,,268200000.0,,1459900000.0,92600000.0,-162400000.0,19000000.0,,710000000.0,392400000.0,682800000.0,,251600000.0,72700000.0,100700000.0,116316666.66666667,1.0,162400000.0,,656800000.0,0.3543661971830986,0.14183098591549295,0.02676056338028169,0.32979420335690246
PNR,Industrials,2021-03-31,1208500000.0,4384100000.0,95000000.0,13200000.0,550700000.0,,297100000.0,,939900000.0,151600000.0,-19000000.0,21500000.0,,865900000.0,429100000.0,823900000.0,,315200000.0,128600000.0,157100000.0,52816666.666666664,1.0,19000000.0,5.0,384600000.0,0.3640143203603187,0.18142972629633908,0.02482965700427301,0.21438835792979175
PNR,Industrials,2022-03-31,1541700000.0,4975900000.0,102300000.0,17700000.0,667400000.0,,396800000.0,,1091100000.0,140000000.0,-131500000.0,22300000.0,,999600000.0,656200000.0,1014400000.0,,332200000.0,117600000.0,145800000.0,-35383333.333333336,0.0,131500000.0,0.7779467680608365,527300000.0,0.3323329331732693,0.14585834333733494,0.02230892356942777,0.21927691472899374
PNR,Industrials,2022-06-30,1462600000.0,4872200000.0,135100000.0,,704700000.0,,372500000.0,,911500000.0,181500000.0,-94750000.0,23100000.0,,1064200000.0,695000000.0,1056100000.0,,359500000.0,152900000.0,190800000.0,63950000.0,1.0,94750000.0,1.4258575197889183,406500000.0,0.3378124412704379,0.1792896072166886,0.021706446156737454,0.1870818110914987
PNR,Industrials,2023-03-31,1766700000.0,6671200000.0,119200000.0,16600000.0,646800000.0,,331300000.0,,2491800000.0,150500000.0,-106600000.0,24900000.0,,1028600000.0,782800000.0,1001600000.0,,381800000.0,129700000.0,183600000.0,85950000.0,1.0,106600000.0,1.1181988742964353,765100000.0,0.37118413377406184,0.17849504180439432,0.02420766089830838,0.3735160091138026
PNR,Industrials,2024-03-31,1748600000.0,6738700000.0,109100000.0,19300000.0,627100000.0,,308800000.0,,2084300000.0,153400000.0,-107600000.0,24100000.0,,1017200000.0,675100000.0,919300000.0,,390100000.0,133300000.0,180800000.0,130316666.66666667,1.0,107600000.0,1.0139405204460967,829300000.0,0.38350373574518287,0.17774282343688558,0.023692489186000785,0.3093029812871919
PODD,Health Care,2010-06-30,,,118071000.0,,13051000.0,,,,,,-15058000.0,4583000.0,19786000.0,,,,,9886000.0,-13711000.0,-9900000.0,-7905666.666666667,0.0,15058000.0,7.841081152875548,,,,,
PODD,Health Care,2010-09-30,,,103918000.0,,13826000.0,,,,,,-12864000.0,3698000.0,19907000.0,,,,,11629000.0,-12100000.0,-8278000.0,-3896333.3333333335,0.0,12864000.0,8.078202736318408,,,,,
PODD,Health Care,2011-03-31,,,104488000.0,2897000.0,14725000.0,,,1163000.0,,,-7866000.0,4589000.0,20806000.0,,,,,13533000.0,-9848000.0,-7273000.0,-4242000.0,0.0,7866000.0,13.283498601576404,,,,,
PODD,Health Care,2011-06-30,147834000.0,226190000.0,106746000.0,,17673000.0,20361000.0,9369000.0,,,,-2987000.0,6832000.0,29453000.0,,15957000.0,26611000.0,,14538000.0,-19423000.0,-14915000.0,-6954666.666666667,0.0,2987000.0,35.73685972547707,121223000.0,,,,
PODD,Health Care,2011-09-30,137857000.0,215780000.0,103812000.0,,26033000.0,17269000.0,8604000.0,,,,-836000.0,4638000.0,28329000.0,,13123000.0,24761000.0,1800000.0,18561000.0,-13562000.0,-9768000.0,-7825666.666666667,0.0,1179870.0,124.17703349282297,113096000.0,,,,
PODD,Health Care,2012-03-31,127369000.0,203942000.0,83006000.0,1699000.0,27458000.0,26197000.0,16107000.0,2844000.0,,,-8903000.0,5432000.0,31191000.0,,14703000.0,32580000.0,2600000.0,20296000.0,-14780000.0,-10895000.0,-5258000.0,0.0,8903000.0,9.323374143547118,94789000.0,,,,
PODD,Health Care,2012-06-30,115615000.0,191940000.0,70144000.0,,28704000.0,25591000.0,13687000.0,,113231000.0,,-11125000.0,6521000.0,32850000.0,,16426000.0,43140000.0,2500000.0,22331000.0,-14476000.0,-10519000.0,3418666.6666666665,1.0,11125000.0,6.305078651685394,72475000.0,,,,0.5899291445243305
PODD,Health Care,2012-09-30,113394000.0,191642000.0,63443000.0,,30362000.0,30145000.0,16216000.0,,115651000.0,,-3449000.0,6559000.0,32861000.0,,15089000.0,49342000.0,2300000.0,24390000.0,-12417000.0,-8471000.0,5799666.666666667,1.0,3449000.0,18.394607132502173,64052000.0,,,,0.6034741862430991
PODD,Health Care,2013-03-31,194757000.0,280899000.0,148065000.0,1069000.0,32201000.0,31110000.0,8544000.0,2904000.0,120919000.0,,-1200000.0,4396000.0,31361000.0,,9199000.0,42980000.0,3000000.0,25155000.0,-10665000.0,-6206000.0,5860666.666666667,1.0,1200000.0,123.3875,151777000.0,,,,0.43047145059256176
PODD,Health Care,2014-03-31,199857000.0,288528000.0,145866666.66666666,2157000.0,36353000.0,36679000.0,20983000.0,3070000.0,,,-1017000.0,6779000.0,34694000.0,,10449000.0,43118000.0,4400000.0,32808000.0,-6144000.0,-1886000.0,-869333.3333333334,0.0,1179870.0,143.42838413634874,156739000.0,,,,
PODD,Health Care,2014-06-30,231832000.0,325328000.0,175545000.0,,36248000.0,41797000.0,18610000.0,,189744000.0,,-3942000.0,6677000.0,41045000.0,,8765000.0,71199000.0,4200000.0,35765000.0,-29111000.0,-5280000.0,-1175166.6666666667,0.0,3942000.0,44.53196347031963,160633000.0,,,,0.5832390694929425
PODD,Health Care,2015-03-31,205427000.0,305716000.0,145608000.0,4346000.0,23681500.0,36093000.0,14246000.0,3433000.0,,,-3488000.0,8207000.0,38948000.0,,20065000.0,47376000.0,5300000.0,31000000.0,-11834000.0,-7948000.0,-2210166.6666666665,0.0,3488000.0,41.7454128440367,158051000.0,,,,
PODD,Health Care,2015-06-30,203829000.0,300393000.0,145137000.0,,35624500.0,31826000.0,17916000.0,,,,-4859500.0,12069000.0,45655000.0,60551000.0,23435000.0,52682000.0,4300000.0,32445000.0,-15432000.0,-13210000.0,-3876166.6666666665,0.0,4859500.0,29.86665294783414,151147000.0,0.5358293009198857,-0.21816320126835229,0.19931958184010173,
PODD,Health Care,2016-03-31,171845000.0,254774000.0,111635000.0,3160000.0,37162000.0,40474000.0,13482000.0,3422000.0,,,-10517000.0,12989000.0,51750000.0,81213000.0,14024000.0,49775000.0,5285500.0,44051000.0,-12481000.0,-7699000.0,-9671833.333333334,0.0,10517000.0,10.61471902633831,122070000.0,0.542413160454607,-0.09480009358107692,0.15993744843805793,
PODD,Health Care,2016-06-30,181290000.0,263045000.0,75661000.0,,36873000.0,38700000.0,21605000.0,,,,-9857500.0,12953000.0,51745000.0,87330000.0,24486000.0,55181000.0,5507000.0,50457000.0,-4198000.0,-1288000.0,-6983166.666666667,0.0,9857500.0,7.675475526249049,126109000.0,0.5777739608382,-0.014748654528798808,0.14832245505553648,
PODD,Health Care,2017-03-31,337168000.0,444957000.0,76038000.0,25679000.0,42315000.0,40648000.0,6413000.0,3323000.0,,,-21835000.0,17500000.0,64706000.0,101713000.0,34333000.0,39379000.0,7124000.0,59398000.0,-9977000.0,-5308000.0,10743250.0,1.0,21835000.0,3.4823906572017402,297789000.0,0.5839764828488001,-0.0521860529135902,0.17205273662167078,
PODD,Health Care,2017-06-30,338745000.0,459327000.0,73488000.0,,45117000.0,37753000.0,12243000.0,,,,-1791500.0,18029000.0,67997000.0,109756000.0,33956000.0,48018000.0,7531000.0,64639000.0,-7767000.0,-3358000.0,9506000.0,1.0,1791500.0,41.02037398827798,290727000.0,0.5889336346076752,-0.030595138306789605,0.164264368234994,
PODD,Health Care,2018-03-31,451611000.0,829763000.0,203146000.0,35374000.0,47763000.0,50383000.0,33846000.0,3522000.0,,,-4266000.0,20089500.0,75815000.0,,26334000.0,82414000.0,8180500.0,75815000.0,-6569000.0,0.0,730000.0,1.0,4266000.0,47.61978434130333,369197000.0,,,,
PODD,Health Care,2018-06-30,421793000.0,838856000.0,136246000.0,,42190000.0,49676000.0,25191000.0,,,,-20098500.0,18609500.0,77747000.0,,40808000.0,76109000.0,6937000.0,82072000.0,-1691000.0,4325000.0,13299000.0,1.0,20098500.0,6.778913849292236,345684000.0,,,,
PODD,Health Care,2020-03-31,541300000.0,1108200000.0,201400000.0,26900000.0,71100000.0,80100000.0,36400000.0,8900000.0,,,-3600000.0,35500000.0,,,95700000.0,130400000.0,7900000.0,126900000.0,-2100000.0,7500000.0,5050000.0,1.0,3600000.0,55.94444444444444,410900000.0,,,,
PODD,Health Care,2020-06-30,1085700000.0,1626700000.0,779100000.0,,83800000.0,78000000.0,35600000.0,,,,-2950000.0,34200000.0,,,103700000.0,134400000.0,5800000.0,142500000.0,14400000.0,27500000.0,-10733333.333333334,0.0,2950000.0,264.10169491525426,951300000.0,,,,
PODD,Health Care,2021-03-31,1191800000.0,1840100000.0,820700000.0,32900000.0,84800000.0,97900000.0,59100000.0,12800000.0,1067300000.0,300000.0,-35100000.0,40700000.0,,252300000.0,170100000.0,185500000.0,8600000.0,167500000.0,0.0,16300000.0,-29933333.333333332,0.0,35100000.0,23.381766381766383,1006300000.0,0.6638921918351169,0.06460562822037257,0.1613158937772493,0.5800228248464757
PODD,Health Care,2021-06-30,1252900000.0,1923700000.0,854600000.0,,80500000.0,100300000.0,49300000.0,,1256100000.0,-28400000.0,-50300000.0,40100000.0,,263200000.0,197800000.0,213300000.0,9000000.0,182700000.0,-25000000.0,26300000.0,-2200000.0,0.0,50300000.0,16.990059642147116,1039600000.0,0.6941489361702128,0.09992401215805471,0.15235562310030396,0.6529604408171752
PODD,Health Care,2021-09-30,1306900000.0,1998900000.0,856600000.0,,86900000.0,114300000.0,58000000.0,,1285900000.0,15200000.0,-25800000.0,37500000.0,,275600000.0,259000000.0,228600000.0,8200000.0,188700000.0,12600000.0,33700000.0,25300000.0,1.0,25800000.0,33.201550387596896,1078300000.0,0.6846879535558781,0.12227866473149492,0.13606676342525398,0.6433038170994047
PODD,Health Care,2022-03-31,1285400000.0,2069200000.0,,12800000.0,85700000.0,153500000.0,52200000.0,15300000.0,1416200000.0,29300000.0,-13700000.0,43100000.0,,295400000.0,314800000.0,215000000.0,9500000.0,209700000.0,27800000.0,37900000.0,30033333.333333332,1.0,13700000.0,,1070400000.0,0.7098849018280298,0.12830060934326337,0.14590385917400137,0.6844190991687609
POOL,Consumer Discretionary,2010-03-31,575636000.0,827862000.0,11494000.0,3133000.0,,,251590000.0,,,,-25284000.0,,,,,313242000.0,,76292000.0,-6111000.0,-7888000.0,3436166.6666666665,1.0,25284000.0,0.45459579180509413,262394000.0,,,,
POOL,Consumer Discretionary,2011-03-31,641059000.0,896643000.0,11420000.0,6246000.0,,,303395000.0,,,,-37128000.0,,,,,432555000.0,,91410000.0,-638000.0,576000.0,-11558000.0,0.0,37128000.0,0.30758457229045466,208504000.0,,,,
POOL,Consumer Discretionary,2011-06-30,710916000.0,970550000.0,37218000.0,,,,247904000.0,,,,-51560000.0,,,,,427731000.0,,211439000.0,58577000.0,97921000.0,11473333.333333334,1.0,51560000.0,0.7218386346004655,283185000.0,,,,
POOL,Consumer Discretionary,2012-03-31,706704500.0,960536500.0,20681000.0,6661000.0,,,319462000.0,,,,-34027000.0,,,,462810000.0,351660500.0,,104563000.0,3651000.0,6021000.0,22852333.333333332,1.0,34027000.0,0.607782055426573,355044000.0,,,,
POOL,Consumer Discretionary,2013-03-31,713670000.0,953740000.0,12873000.0,4882000.0,,,338026000.0,,278542000.0,,-39986000.0,,,,494321000.0,368460000.0,,104761000.0,3440000.0,6932000.0,-15254666.666666666,0.0,39986000.0,0.3219376781873656,345210000.0,,,,0.29205234130895213
POOL,Consumer Discretionary,2013-06-30,748001000.0,990009000.0,26936000.0,,,,239976000.0,,300426000.0,,-95243000.0,,,,424679000.0,319840000.0,,228166000.0,66533000.0,111993000.0,-9444000.0,0.0,95243000.0,0.2828134351080919,428161000.0,,,,0.3034578473529029
POOL,Consumer Discretionary,2014-03-31,761039000.0,1013200000.0,7257000.0,5870000.0,,,370002000.0,,324226000.0,,-37345000.0,,,,527304000.0,398075000.0,,114100000.0,4188000.0,8646000.0,-15785333.333333334,0.0,37345000.0,0.2196183591894155,362964000.0,,,,0.32000197394394
POOL,Consumer Discretionary,2014-06-30,801041000.0,1055448000.0,27563000.0,,,,233549000.0,,430971000.0,,-77811000.0,,,,451507000.0,322749000.0,,246976000.0,73863000.0,122499000.0,-14933666.666666666,0.0,77811000.0,0.3542301217051574,478292000.0,,,,0.4083299224594675
POOL,Consumer Discretionary,2015-03-31,817192000.0,1083509000.0,5048000.0,8797000.0,,,375995000.0,,393654000.0,,-57653000.0,,,,559260000.0,408183000.0,,124801000.0,8419000.0,15599000.0,6540000.0,1.0,57653000.0,0.2196183591894155,409009000.0,,,,0.36331401031278926
POOL,Consumer Discretionary,2015-06-30,845134000.0,1110747000.0,38944000.0,,,,236868000.0,,494415000.0,,-75256000.0,,,,473362000.0,320778000.0,,248260000.0,77924000.0,129132000.0,14042500.0,1.0,75256000.0,0.5174869777825024,524356000.0,,,,0.4451193656161124
POOL,Consumer Discretionary,2016-03-31,907674000.0,1193241000.0,9965000.0,13405000.0,,,438705000.0,,450457000.0,,-39753000.0,,,,595393000.0,494071000.0,,143023000.0,16371000.0,29530000.0,23918166.666666668,1.0,39753000.0,0.25067290518954544,413603000.0,,,,0.37750714231240795
POOL,Consumer Discretionary,2016-06-30,893394000.0,1195663000.0,30551000.0,,,,265349000.0,,500606000.0,,-52748500.0,,,,493254000.0,387165000.0,,270736000.0,85435000.0,142420000.0,3857666.6666666665,1.0,52748500.0,0.5791823464174337,506229000.0,,,,0.41868486354432644
POOL,Consumer Discretionary,2017-03-31,967052000.0,1280869000.0,13409000.0,19121000.0,,,465928000.0,,485329500.0,,-32424000.0,,,,647884000.0,524685000.0,,153621000.0,22281000.0,30998000.0,-1238000.0,0.0,32424000.0,0.41355169010609427,442367000.0,,,,0.37890642993155427
POOL,Consumer Discretionary,2017-06-30,955270000.0,1279136000.0,26666000.0,,,,273309000.0,,546029500.0,,-112930000.0,,,,542805000.0,386435000.0,,289664000.0,94903000.0,154186000.0,5465666.666666667,1.0,112930000.0,0.23612857522358982,568835000.0,,,,0.4268736866134641
POOL,Consumer Discretionary,2018-03-31,1050906000.0,1379666000.0,8803000.0,14639000.0,,,467795000.0,,547324000.0,,-44149000.0,,,585900000.0,703793000.0,534085000.0,,166073000.0,31339000.0,33541000.0,8018000.0,1.0,44149000.0,0.2196183591894155,516821000.0,0.2834493940945554,0.05724697047277692,,0.39670760894303403
POOL,Consumer Discretionary,2018-06-30,1070334000.0,1404281000.0,42167000.0,,,,300232000.0,,635658000.0,,-92819000.0,,,1057804000.0,606583000.0,404965000.0,,308655000.0,117049000.0,162042000.0,62894666.666666664,1.0,92819000.0,0.45429276333509305,665369000.0,0.2917884598659109,0.15318716888951073,,0.45265726731330835
POOL,Consumer Discretionary,2021-06-30,1557401000.0,2214035000.0,,,,,439453000.0,,413058000.0,,-7229000.0,,,1787833000.0,894654000.0,697734000.0,,551685000.0,259695000.0,338586000.0,-62357833.333333336,0.0,7229000.0,,859667000.0,0.3085774789927247,0.189383460312009,,0.18656344637731562
POOL,Consumer Discretionary,2022-03-31,2398757000.0,3882141000.0,,9159000.0,,,685946000.0,,1483808000.0,,-208109000.0,,,1412650000.0,1641155000.0,958448000.0,,447189000.0,179261000.0,235723000.0,77046833.33333333,1.0,208109000.0,,1440309000.0,0.31656036527094467,0.16686581955898488,,0.3822138350976948
POOL,Consumer Discretionary,2022-06-30,2470484000.0,3962105000.0,,,,,604225000.0,,1575667000.0,,-150801500.0,,,2055818000.0,1579101000.0,891035000.0,,666804000.0,307283000.0,418888000.0,201661333.33333334,1.0,150801500.0,,1579449000.0,0.32434972356502373,0.20375733649574038,,0.39768431174842667
POOL,Consumer Discretionary,2024-06-30,2005812000.0,3640914000.0,,,,,515645000.0,,1071827000.0,,-202907000.0,,,1769784000.0,1295600000.0,807373000.0,,530141000.0,192439000.0,271481000.0,-48807333.333333336,0.0,202907000.0,,1198439000.0,0.29955124467166616,0.1533978157786487,,0.29438404752213315
PPG,Materials,2009-03-31,,,531000000.0,51000000.0,,,,,,,-291000000.0,,,,,,,,-111000000.0,,90666666.66666667,1.0,291000000.0,1.824742268041237,,,,,
PPG,Materials,2009-06-30,6422000000.0,14565000000.0,1052000000.0,,,,,,,,-328000000.0,,,,1672000000.0,4102000000.0,,,146000000.0,,195666666.66666666,1.0,328000000.0,3.207317073170732,2320000000.0,,,,
PPG,Materials,2010-03-31,5922000000.0,13756000000.0,689000000.0,45000000.0,,,,,,,-54000000.0,,,,1599000000.0,3418000000.0,,,30000000.0,,54000000.0,1.0,54000000.0,12.75925925925926,2504000000.0,,,,
PPG,Materials,2010-06-30,5886000000.0,13366000000.0,784000000.0,,,,,,2990000000.0,,-13000000.0,,,,1541000000.0,3373000000.0,,,272000000.0,507000000.0,26000000.0,1.0,13000000.0,60.30769230769231,2513000000.0,,,,0.22370193027083646
PPG,Materials,2011-03-31,7084000000.0,15103000000.0,796000000.0,54000000.0,,,,,4034000000.0,,-156000000.0,,,,1755000000.0,3749000000.0,,,228000000.0,480000000.0,142000000.0,1.0,156000000.0,5.102564102564102,3335000000.0,,,,0.2670992518042773
PPG,Materials,2011-06-30,7239000000.0,15267000000.0,982000000.0,,,,,,3655000000.0,,-97000000.0,,,,1821000000.0,3922000000.0,,,340000000.0,594000000.0,189500000.0,1.0,97000000.0,10.123711340206185,3317000000.0,,,,0.23940525316041134
PPG,Materials,2012-03-31,6944000000.0,14834000000.0,978000000.0,62500000.0,,,,,3560000000.0,-47000000.0,-2000000.0,,,,1830000000.0,4558000000.0,,,13000000.0,493000000.0,187166666.66666666,1.0,2000000.0,469.25,2386000000.0,,,,0.23998921396791156
PPG,Materials,2013-03-31,7726000000.0,15376000000.0,2021000000.0,64000000.0,,,,,3324000000.0,279500000.0,-89000000.0,,,,1698000000.0,3727000000.0,,,2410000000.0,434500000.0,308500000.0,1.0,89000000.0,22.707865168539325,3999000000.0,,,,0.21618106139438084
PPG,Materials,2013-06-30,7710000000.0,16066000000.0,1349333333.3333333,,,,,,3327000000.0,455500000.0,-25500000.0,,,3883000000.0,1862000000.0,4106000000.0,,,341000000.0,584500000.0,237000000.0,1.0,25500000.0,52.91503267973856,3604000000.0,,0.15052794231264485,,0.20708328146396116
PPG,Materials,2014-06-30,9035000000.0,17300000000.0,1986000000.0,,,,,,3340000000.0,524000000.0,-240000000.0,,,4082000000.0,1964000000.0,4962000000.0,,,386000000.0,641000000.0,-41833333.333333336,0.0,240000000.0,8.275,4073000000.0,,0.15703086722195003,,0.1930635838150289
PPG,Materials,2015-03-31,7084000000.0,17368000000.0,735000000.0,72000000.0,,,,,4571000000.0,430000000.0,-429000000.0,,,3662000000.0,1881000000.0,4773000000.0,,,322000000.0,536000000.0,178833333.33333334,1.0,429000000.0,1.7132867132867133,2311000000.0,,0.14636810486073185,,0.26318516812528786
PPG,Materials,2015-06-30,7374000000.0,17596000000.0,707000000.0,,,,,,4449000000.0,452000000.0,-332500000.0,,,4100000000.0,1861000000.0,4825000000.0,,,337000000.0,708000000.0,121000000.0,1.0,332500000.0,2.126315789473684,2549000000.0,,0.17268292682926828,,0.25284155489884064
PPG,Materials,2016-06-30,7107000000.0,17248000000.0,1605000000.0,,,,,,4400000000.0,651500000.0,-506000000.0,,,3923000000.0,1803000000.0,4375000000.0,,,370000000.0,741500000.0,281166666.6666667,1.0,506000000.0,3.1719367588932808,2732000000.0,,0.18901351006882489,,0.25510204081632654
PPG,Materials,2018-03-31,7110000000.0,17544000000.0,1346000000.0,75000000.0,2181000000.0,,,,5187000000.0,421000000.0,-228000000.0,,,3781000000.0,1963000000.0,4030000000.0,,,334000000.0,519000000.0,28333333.333333332,1.0,228000000.0,5.9035087719298245,3080000000.0,,0.1372652737371066,,0.295656634746922
PPG,Materials,2018-06-30,6879000000.0,16794000000.0,1020000000.0,,2379000000.0,,,,5038000000.0,479000000.0,-385000000.0,,,4131000000.0,1956000000.0,4047000000.0,,,371000000.0,651000000.0,206166666.66666666,1.0,385000000.0,2.6493506493506493,2832000000.0,,0.15758896151053015,,0.29998809098487556
PPG,Materials,2019-03-31,6409000000.0,17371000000.0,784000000.0,47000000.0,2073000000.0,,,,5254000000.0,419000000.0,-66000000.0,,,,1965000000.0,4588000000.0,,,312000000.0,515000000.0,259500000.0,1.0,66000000.0,11.878787878787879,1821000000.0,,,,0.30245811985493065
PPG,Materials,2020-03-31,7066000000.0,18064000000.0,1886000000.0,37000000.0,1908000000.0,,,,5246000000.0,319000000.0,-159000000.0,,,,1859000000.0,5195000000.0,,,243000000.0,453000000.0,168500000.0,1.0,159000000.0,11.861635220125786,1871000000.0,,,,0.2904118689105403
PPG,Materials,2020-06-30,7077000000.0,18170000000.0,2252000000.0,,1703000000.0,,,,4776000000.0,126000000.0,-313500000.0,,,,1706000000.0,5234000000.0,,,102000000.0,396000000.0,272666666.6666667,1.0,313500000.0,7.18341307814992,1843000000.0,,,,0.2628508530544854
PPG,Materials,2021-03-31,7339000000.0,20139000000.0,1808000000.0,80000000.0,2232000000.0,,,,6201000000.0,499000000.0,-23000000.0,,,,1914000000.0,5120000000.0,,,378000000.0,631000000.0,73333333.33333333,1.0,23000000.0,78.6086956521739,2219000000.0,,,,0.3079100253239982
PPG,Materials,2021-06-30,7446000000.0,22353000000.0,1195000000.0,,2629000000.0,,,,7091000000.0,593000000.0,-1000000.0,,,,2226000000.0,5488000000.0,,,431000000.0,644000000.0,-156000000.0,0.0,1179870.0,469.25,1958000000.0,,,,0.31722811255759853
PPG,Materials,2022-03-31,7627000000.0,21888000000.0,960000000.0,194000000.0,2698000000.0,,,,7129000000.0,78000000.0,-304000000.0,,,,2439000000.0,5172000000.0,,,18000000.0,459000000.0,-30666666.666666668,0.0,304000000.0,3.1578947368421053,2455000000.0,,,,0.325703581871345
PPG,Materials,2022-06-30,7756000000.0,21572000000.0,931000000.0,,2954000000.0,,,,7059000000.0,566000000.0,-689000000.0,,,,2481000000.0,5165000000.0,,,441000000.0,602000000.0,343333333.3333333,1.0,689000000.0,1.351233671988389,2591000000.0,,,,0.3272297422584832
PPG,Materials,2024-03-31,7671000000.0,21867000000.0,1181000000.0,254000000.0,2325000000.0,,,,6234000000.0,540000000.0,-60000000.0,,,,2331000000.0,4943000000.0,,,400000000.0,658500000.0,99833333.33333333,1.0,60000000.0,19.683333333333334,2728000000.0,,,,0.28508711757442723
PPG,Materials,2024-06-30,7784000000.0,21729000000.0,1131000000.0,,2592000000.0,,,,6381000000.0,672000000.0,-451500000.0,,,,2299000000.0,5225000000.0,,,528000000.0,812500000.0,15333333.333333334,1.0,451500000.0,2.504983388704319,2559000000.0,,,,0.2936628468866492
PTC,Information Technology,2011-01-01,538835000.0,1267511000.0,182915000.0,5412000.0,,174581000.0,12078000.0,14069000.0,,15224000.0,-48038000.0,51522000.0,,,,398128000.0,,,13260000.0,17110000.0,14872666.666666666,1.0,48038000.0,3.807714725842042,140707000.0,,,,
PTC,Information Technology,2011-04-02,625003000.0,1347101000.0,259504000.0,,,178558000.0,13187000.0,,,23404000.0,-40300000.0,53051000.0,,,,437709000.0,,187418000.0,19017000.0,24226000.0,59538833.333333336,1.0,40300000.0,6.439305210918114,187294000.0,,,,
PTC,Information Technology,2013-03-30,645238000.0,1784819000.0,246216333.33333334,,,213252000.0,,,,19377000.0,-2090000.0,55528000.0,199435000.0,,,499069000.0,,220679000.0,17037000.0,21244000.0,59095000.0,1.0,2090000.0,117.80685805422648,146169000.0,,,,
PTC,Information Technology,2015-04-04,706252000.0,2108630000.0,267815000.0,,,201379000.0,13879000.0,,,387000.0,-21069500.0,60158000.0,224077000.0,,,660736000.0,,228065000.0,5392000.0,3988000.0,54000166.666666664,1.0,21069500.0,12.711027788984076,45516000.0,,,,
PTC,Information Technology,2016-12-31,513188000.0,2196941000.0,173367000.0,7100000.0,,132853000.0,19063000.0,21454000.0,,-6503000.0,-47927000.0,57914000.0,199651000.0,,,556730000.0,,204212000.0,-9141000.0,4561000.0,14262500.0,1.0,47927000.0,3.617313831452,-43542000.0,,,,
PTC,Information Technology,2017-04-01,671723000.0,2333748000.0,243316000.0,,,142620000.0,18381000.0,,,-1056000.0,-56317500.0,57710000.0,190697000.0,,,683945000.0,,198210000.0,-1104000.0,7513000.0,61436666.666666664,1.0,56317500.0,4.320433257868336,-12222000.0,,,,
PTC,Information Technology,2020-03-28,1341426000.0,3866471000.0,826776000.0,,83027000.0,352673000.0,33728000.0,,1134287000.0,15778000.0,-19635500.0,59954000.0,226551000.0,,,1192172000.0,,276576000.0,7156000.0,50025000.0,117934666.66666667,1.0,19635500.0,42.1061852257391,149254000.0,,,,0.29336493148403286
PWR,Industrials,2010-06-30,1425373000.0,3960302000.0,519818000.0,37361000.0,,671792000.0,,,,,-38690250.0,,,,40690000.0,420355000.0,,156037000.0,,64825000.0,167333.33333333334,1.0,38690250.0,13.435374545266573,1005018000.0,,,,
PWR,Industrials,2010-09-30,1621262000.0,4130962000.0,441247000.0,31674000.0,,787580000.0,,,,,-54707000.0,,,,46445000.0,504397000.0,,189994000.0,,94561000.0,31998000.0,1.0,54707000.0,8.065640594439468,1116865000.0,,,,
PWR,Industrials,2011-03-31,1562324000.0,4324562000.0,503019000.0,37488000.0,,767126000.0,,,,,-4188000.0,,,,53091000.0,482711000.0,,70891000.0,,-26916000.0,13321333.333333334,1.0,4188000.0,120.10959885386819,1079613000.0,,,,
PWR,Industrials,2012-03-31,1770113000.0,4755334000.0,177367000.0,33606000.0,,1114246000.0,,,,78754000.0,-60218000.0,,,,72263000.0,762656000.0,,190789500.0,,79133000.0,-23983750.0,0.0,60218000.0,2.945414992195025,1007457000.0,,,,
PWR,Industrials,2019-03-31,3554544000.0,7652516000.0,85423000.0,68626000.0,2443278000.0,2580665000.0,,,1378080000.0,164879000.0,-82750000.0,,,,81117000.0,1778737000.0,,363981000.0,120488000.0,119487000.0,37757583.333333336,1.0,82750000.0,1.0323021148036253,1775807000.0,,,,0.18008194951830223
PWR,Industrials,2019-06-30,3751932000.0,8021817000.0,73356000.0,72775000.0,2519694000.0,2632003000.0,,,1551319000.0,69547000.0,-205443250.0,,,,68400000.0,1906233000.0,,319505000.0,27344000.0,78580000.0,318343750.0,1.0,205443250.0,0.3570621083924636,1845699000.0,,,,0.19338748315998733
PWR,Industrials,2023-06-30,6322392000.0,14740850000.0,361966000.0,,4324511000.0,4075206000.0,,,,235951000.0,-107769500.0,,,,156505000.0,3763669000.0,,724099000.0,165899000.0,279273000.0,329202333.3333333,1.0,107769500.0,3.35870538510432,2558723000.0,,,,
QCOM,Information Technology,2010-03-28,12652000000.0,28497000000.0,2553000000.0,,,680000000.0,545000000.0,,,,-893500000.0,648000000.0,,2663000000.0,402000000.0,3330000000.0,154000000.0,,774000000.0,776000000.0,441166666.6666667,1.0,893500000.0,2.8573027420257415,9322000000.0,,0.29140067592940294,0.24333458505444988,
QCOM,Information Technology,2015-03-29,20740000000.0,47173000000.0,5492000000.0,,,,1683000000.0,,,1539000000.0,-5562000000.0,1375000000.0,,6894000000.0,1861000000.0,6169000000.0,249000000.0,,1053000000.0,1336000000.0,2427500000.0,1.0,4558205000.000002,0.9874145990650846,14571000000.0,,0.19379170293008413,0.1994487960545402,
QCOM,Information Technology,2018-03-25,45544000000.0,64126000000.0,37946000000.0,,,,1454000000.0,,19361000000.0,330666666.6666667,-2723000000.0,1402000000.0,,5233666666.666667,1797000000.0,12660000000.0,222000000.0,,341000000.0,413666666.6666667,780750000.0,1.0,2723000000.0,13.935365405802424,24848959999.999943,,0.07903955162091586,0.26788102668619834,0.3019212176028444
QCOM,Information Technology,2018-09-30,17384000000.0,32718000000.0,11777000000.0,,,2667000000.0,1825000000.0,,15365000000.0,-800000000.0,-436000000.0,,,5778000000.0,1693000000.0,11389000000.0,,,-513000000.0,-679000000.0,2138333333.3333333,1.0,436000000.0,27.011467889908257,5995000000.0,,-0.1175147109726549,,0.4696191698759093
QCOM,Information Technology,2020-03-29,15313000000.0,31938000000.0,8403000000.0,,,,2061000000.0,,13449000000.0,598000000.0,-828500000.0,1468000000.0,,5216000000.0,1700000000.0,9774000000.0,,,468000000.0,991000000.0,3032166666.6666665,1.0,828500000.0,10.142426071213036,5539000000.0,,0.18999233128834356,0.28144171779141103,0.42109712568100693
RCL,Consumer Discretionary,2012-06-30,954148000.0,19696104000.0,212209000.0,,,,316409000.0,,,,-52840000.0,,,1821004000.0,146711000.0,3809112000.0,,,-3653000.0,96905000.0,305551333.3333333,1.0,52840000.0,4.0160673732021195,-2854964000.0,,0.053215149445031425,,
RCL,Consumer Discretionary,2020-06-30,4684440000.0,33306543000.0,4146691000.0,,680420000.0,,661427000.0,,5500000000.0,,-3602357000.0,,,,152596000.0,4736908000.0,,,-1639292000.0,-1282487000.0,-494347166.6666667,0.0,3602357000.0,1.1511049571155774,-52468000.0,,,,0.16513271881744077
RCL,Consumer Discretionary,2020-09-30,3531795000.0,31828810000.0,3016788000.0,,308609000.0,,421023000.0,,6200000000.0,,-857432000.0,,,,142432000.0,4625465000.0,,,-1346756000.0,-996114000.0,-342941500.0,0.0,857432000.0,3.518399126694595,-1093670000.0,,,,0.19479207673802446
RCL,Consumer Discretionary,2021-03-31,5649969000.0,34347073000.0,5091463000.0,1061691000.0,283487000.0,,340872000.0,,,,-809183000.0,,,,119405000.0,3314830000.0,,,-1131722000.0,-809231000.0,-249496166.66666666,0.0,809183000.0,6.292103269594146,2335139000.0,,,,
RCL,Consumer Discretionary,2021-09-30,4167381000.0,32665566000.0,3289326000.0,,813691000.0,,461411000.0,,,,-403215000.0,,,,142408000.0,5242920000.0,,,-1424554000.0,-1005824000.0,70932166.66666667,1.0,403215000.0,8.157747107622484,-1075539000.0,,,,
RCL,Consumer Discretionary,2022-03-31,3176939000.0,32939998000.0,1968504000.0,1363086000.0,1184855500.0,,668158000.0,,,,-528847000.0,,,,179466000.0,8007164000.0,,,-1167142000.0,-859208000.0,683867500.0,1.0,528847000.0,3.7222561534810636,-4830225000.0,,,,
RCL,Consumer Discretionary,2022-09-30,2837046000.0,33464190000.0,1566213000.0,,1961356000.0,,623565000.0,,,,-44534000.0,,,,237186000.0,9793994000.0,,,32968000.0,298425000.0,1572777333.3333333,1.0,44534000.0,35.168927111869586,-6956948000.0,,,,
REGN,Health Care,2009-06-30,,,271466000.0,,,,,,,,-16004000.0,94231000.0,,90032000.0,,,,,-14938000.0,-16266000.0,-9504666.666666666,0.0,16004000.0,16.962384403899026,,,-0.18066909543273502,1.0466389728096677,
REGN,Health Care,2009-09-30,,,250321000.0,,,,,,,,-9822000.0,105434000.0,,117455000.0,,,,,-1015000.0,-1291000.0,47464333.333333336,1.0,9822000.0,25.485746283852574,,,-0.01099144353156528,0.8976544208420246,
REGN,Health Care,2010-03-31,,,117311000.0,,,,,4183000.0,,,-9578000.0,117471000.0,,103534000.0,,,,,-30522000.0,-28877000.0,47130333.333333336,1.0,9578000.0,12.247964084359992,,,-0.27891320725558755,1.1346127842061544,
REGN,Health Care,2010-06-30,417750000.0,790641000.0,112000000.0,,,4070000.0,,,,,-9114000.0,124526000.0,,115886000.0,,119571000.0,,,-25474000.0,-23724000.0,11946166.666666666,1.0,9114000.0,12.288786482334869,298179000.0,,-0.20471843018138516,1.0745560292011114,
REGN,Health Care,2011-03-31,325501000.0,1074293000.0,135376000.0,,,3765000.0,,6978000.0,,,-10580000.0,129392000.0,,112204000.0,,112252000.0,,,-43447000.0,-40981000.0,-82814166.66666667,0.0,10580000.0,12.795463137996219,213249000.0,,-0.36523653345691776,1.1531852696873552,
REGN,Health Care,2011-06-30,413273000.0,1046864000.0,254312000.0,,,2921000.0,,,,,-114666500.0,143149000.0,,107810000.0,,135868000.0,,,-62505000.0,-60319000.0,-84503833.33333333,0.0,114666500.0,2.217840432907606,277405000.0,,-0.5594935534737038,1.3277896299044616,
REGN,Health Care,2011-09-30,339872000.0,983031000.0,206395000.0,,,3659000.0,,,,,-46735000.0,127924000.0,,102833000.0,,133235000.0,,,-62365000.0,-58457000.0,-69719500.0,0.0,46735000.0,4.416283299454371,206637000.0,,-0.5684653759007322,1.2439975494247955,
REGN,Health Care,2012-03-31,696915000.0,1350159000.0,394585000.0,,,159462000.0,,8416000.0,,,-87041000.0,138862000.0,,231789000.0,6200000.0,160386000.0,,,11651000.0,22201000.0,-11956500.0,0.0,87041000.0,4.533323376339886,536529000.0,,0.09578107675515231,0.5990879636220874,
REGN,Health Care,2012-06-30,769193000.0,1457500000.0,171943000.0,,,349645000.0,,,,,-119735500.0,147373000.0,,304399000.0,10500000.0,183220000.0,,,76743000.0,87478000.0,127392666.66666667,1.0,119735500.0,1.436023568615824,585973000.0,,0.2873793934934083,0.48414416604522353,
REGN,Health Care,2012-09-30,948603000.0,1660615000.0,118998000.0,,,506682000.0,,,,,-2382000.0,158295000.0,,427687000.0,29570000.0,178568000.0,,,191468000.0,202364000.0,159005000.0,1.0,2382000.0,49.957178841309826,770035000.0,,0.4056571445047538,0.37011880183405155,
REGN,Health Care,2015-03-31,2310714000.0,4198573000.0,507907000.0,,,1015962000.0,,16027000.0,,,-94614500.0,343113000.0,,869612000.0,133863000.0,536134000.0,,,76021000.0,283553000.0,269663833.3333333,1.0,94614500.0,5.368172954462582,1774580000.0,,0.3260684075196754,0.39455872274071657,
REGN,Health Care,2015-06-30,2283341000.0,4526970000.0,390554000.0,,,1071665000.0,,,,,-121026000.0,390330000.0,,998617000.0,171266000.0,601542000.0,,,194643000.0,344859000.0,283342333.3333333,1.0,121026000.0,3.2270255978054303,1681799000.0,,0.3453366005185171,0.39087057400384734,
REGN,Health Care,2016-06-30,3209225000.0,6204906000.0,646508000.0,,,1431966000.0,,,,,-79990500.0,559930000.0,,1212629000.0,316073000.0,951563000.0,,,196218000.0,291628000.0,261500833.33333334,1.0,79990500.0,8.082309774285697,2257662000.0,,0.24049235174154668,0.4617488118789836,
REGN,Health Care,2017-06-30,3860051000.0,8106373000.0,744313000.0,,,1420403000.0,,,,,-222427500.0,509975000.0,,1470116000.0,554320000.0,1029017000.0,,,387744000.0,550312000.0,558958666.6666666,1.0,222427500.0,3.346317339357768,2831034000.0,,0.37433236560924443,0.34689439472803507,
REGN,Health Care,2020-09-30,9097600000.0,16084000000.0,1573000000.0,,,3092500000.0,,,,998300000.0,-254300000.0,684600000.0,,,1801600000.0,2337800000.0,,,842100000.0,1053100000.0,1561250000.0,1.0,254300000.0,6.185607550137632,6759800000.0,,,,
RL,Consumer Discretionary,2010-10-02,2444000000.0,4875000000.0,435900000.0,,,523300000.0,256400000.0,46400000.0,,306000000.0,-178150000.0,,580500000.0,,732500000.0,884500000.0,15300000.0,887900000.0,205200000.0,307400000.0,189683333.33333334,1.0,178150000.0,2.44681448217794,1559500000.0,,,,
RL,Consumer Discretionary,2011-10-01,2773900000.0,5328400000.0,407700000.0,,,633500000.0,190000000.0,56000000.0,273700000.0,347500000.0,-13650000.0,,727800000.0,,988400000.0,1122400000.0,16100000.0,1078600000.0,233500000.0,350800000.0,228100000.0,1.0,13650000.0,29.86813186813187,1651500000.0,,,,0.05136626379400946
RL,Consumer Discretionary,2012-09-29,3003000000.0,5523500000.0,543850000.0,,,606800000.0,224400000.0,57150000.0,,342100000.0,-85250000.0,,747000000.0,,1060100000.0,958100000.0,21100000.0,1095150000.0,213850000.0,348150000.0,218933333.33333334,1.0,85250000.0,6.379472140762464,2044900000.0,,,,
RL,Consumer Discretionary,2013-09-28,3558000000.0,6266000000.0,839000000.0,,,577000000.0,219000000.0,66000000.0,583000000.0,288000000.0,-228500000.0,,789000000.0,,1215000000.0,1218000000.0,21000000.0,1084000000.0,205000000.0,295000000.0,283333333.3333333,1.0,228500000.0,3.6717724288840263,2340000000.0,,,,0.09304181295882541
RL,Consumer Discretionary,2014-09-27,3560000000.0,6398000000.0,483000000.0,,,641000000.0,255000000.0,72000000.0,,278000000.0,-105000000.0,,846000000.0,,1292000000.0,1283000000.0,19000000.0,1132000000.0,201000000.0,286000000.0,289333333.3333333,1.0,105000000.0,4.6,2277000000.0,,,,
RL,Consumer Discretionary,2015-09-26,3580000000.0,6443000000.0,380000000.0,,,594000000.0,206000000.0,77000000.0,,219000000.0,-79000000.0,,883000000.0,,1380000000.0,1278000000.0,22000000.0,1113000000.0,160000000.0,230000000.0,178416666.66666666,1.0,79000000.0,4.810126582278481,2302000000.0,,,,
RL,Consumer Discretionary,2016-10-01,2976000000.0,6067000000.0,434000000.0,,,490000000.0,159000000.0,75800000.0,,73350000.0,-193700000.0,,877950000.0,,1173000000.0,1217000000.0,14100000.0,954100000.0,45350000.0,76150000.0,321300000.0,1.0,193700000.0,2.2405782137325763,1759000000.0,,,,
RL,Consumer Discretionary,2018-09-29,3693500000.0,6155500000.0,553100000.0,,,432300000.0,202100000.0,69700000.0,,214800000.0,-262550000.0,,819300000.0,1690900000.0,994600000.0,1241100000.0,21300000.0,1029300000.0,170300000.0,210000000.0,176683333.33333334,1.0,262550000.0,2.1066463530756048,2452400000.0,0.6087290791885978,0.12419421609793602,,
RL,Consumer Discretionary,2019-09-28,3386700000.0,7228500000.0,548100000.0,,,483200000.0,350300000.0,66600000.0,,236600000.0,-137450000.0,,815900000.0,1706200000.0,1012750000.0,1736000000.0,27800000.0,1049000000.0,182100000.0,233100000.0,28966666.666666668,1.0,137450000.0,3.9876318661331394,1650700000.0,0.6148165514007736,0.1366193881139374,,
RL,Consumer Discretionary,2020-06-27,3857000000.0,7740400000.0,2451300000.0,,,108700000.0,144200000.0,63700000.0,,-172600000.0,-70300000.0,,516700000.0,487500000.0,773200000.0,1486900000.0,15100000.0,348700000.0,-127700000.0,-168000000.0,69400000.0,1.0,70300000.0,34.86913229018492,2370100000.0,0.7152820512820512,-0.3446153846153846,,
RL,Consumer Discretionary,2020-09-26,3907100000.0,7751600000.0,2012000000.0,,,354000000.0,284500000.0,61500000.0,,-29100000.0,-386700000.0,,819700000.0,1193500000.0,887000000.0,1553700000.0,19500000.0,799400000.0,-39100000.0,-20300000.0,297266666.6666667,1.0,386700000.0,5.202999741401603,2353400000.0,0.6697947214076246,-0.017008797653958945,,
RL,Consumer Discretionary,2022-10-01,3440600000.0,6733600000.0,1107100000.0,,,489600000.0,498000000.0,53300000.0,,200100000.0,-408950000.0,,816400000.0,1579900000.0,1261200000.0,1709600000.0,22500000.0,1023100000.0,150500000.0,206700000.0,270300000.0,1.0,408950000.0,2.707176916493459,1731000000.0,0.6475726311791885,0.13083106525729477,,
RL,Consumer Discretionary,2024-09-28,3604600000.0,6800000000.0,1355000000.0,,,517900000.0,495700000.0,55900000.0,,188100000.0,-99850000.0,,976800000.0,1726000000.0,1127950000.0,2092400000.0,35700000.0,1155700000.0,147900000.0,178900000.0,10300000.0,1.0,99850000.0,13.57035553329995,1512200000.0,0.6695828505214368,0.10365005793742758,,
RMD,Health Care,2012-12-31,1529851000.0,2330375000.0,958280000.0,,,,52119000.0,,300852000.0,,-114281000.0,30326000.0,140642000.0,,194804000.0,251068000.0,,232712000.0,77942000.0,92070000.0,107000000.0,1.0,114281000.0,8.385295893455606,1278783000.0,,,,0.12910025210534784
RMD,Health Care,2018-12-31,1063539000.0,3859816000.0,149468000.0,,271968500.0,477191000.0,110335000.0,,1185500000.0,146273000.0,-10218000.0,43111000.0,222053500.0,651100000.0,296511000.0,436443000.0,,379131500.0,124639000.0,157078000.0,125229166.66666667,1.0,10218000.0,14.627911528674888,627096000.0,0.5822938104745815,0.24125019198279835,0.06621256335432345,0.30713899315407783
RMD,Health Care,2021-09-30,1586255000.0,4729167000.0,276149000.0,27340000.0,397726000.0,575554000.0,173696000.0,39102000.0,793668000.0,258788000.0,-65657000.0,59950000.0,244376000.0,,506644000.0,624158000.0,,506289000.0,203613000.0,261913000.0,20408833.333333332,1.0,65657000.0,4.205933868437485,962097000.0,,,,0.16782405865557296
RMD,Health Care,2021-12-31,1547240000.0,4734742000.0,194476000.0,,390556000.0,526036000.0,163369000.0,40789000.0,667979000.0,237286000.0,-100874500.0,62507000.0,255607000.0,,592146000.0,621064000.0,,504318000.0,201751000.0,248711000.0,66522833.333333336,1.0,100874500.0,1.9279005100397029,926176000.0,,,,0.1410803376403614
ROK,Industrials,2019-03-31,2976800000.0,6254200000.0,780000000.0,,949000000.0,,660900000.0,,2229800000.0,402400000.0,-112800000.0,,,,665400000.0,1871900000.0,10800000.0,708200000.0,346000000.0,,225766666.66666666,1.0,112800000.0,6.914893617021277,1104900000.0,,,,0.3565284129065268
ROK,Industrials,2021-12-31,3132300000.0,10743300000.0,540000000.0,37100000.0,1108200000.0,,851300000.0,,,282500000.0,-12000000.0,,,,868900000.0,2914100000.0,15500000.0,749100000.0,241500000.0,,-12816666.666666666,0.0,12000000.0,45.0,218200000.0,,,,
ROK,Industrials,2022-03-31,3284900000.0,10715500000.0,443000000.0,,1144000000.0,,932100000.0,,,41100000.0,-449650000.0,,,,931200000.0,3027600000.0,15700000.0,664100000.0,53900000.0,,150916666.66666666,1.0,449650000.0,0.98521071944846,257300000.0,,,,
ROK,Industrials,2024-03-31,4114200000.0,11367300000.0,470300000.0,,1292800000.0,,903200000.0,,,310200000.0,-114850000.0,,,,1384700000.0,3703000000.0,26900000.0,833200000.0,266100000.0,,258016666.66666666,1.0,114850000.0,4.09490639965172,411200000.0,,,,
ROP,Information Technology,2022-06-30,4992000000.0,25350300000.0,2879100000.0,,,628500000.0,,,,316900000.0,-305100000.0,,,,92500000.0,3166100000.0,28200000.0,911500000.0,268800000.0,362900000.0,389116666.6666667,1.0,305100000.0,9.436578171091446,1825900000.0,,,,
ROST,Consumer Discretionary,2011-07-30,1869862000.0,3055275000.0,512716000.0,,,,709143000.0,,,,-51715500.0,,,,1189523000.0,1164731000.0,,,148276000.0,,282224500.0,1.0,51715500.0,9.914164998888147,705131000.0,,,,
ROST,Consumer Discretionary,2020-05-02,4587915000.0,10728046000.0,2669535000.0,139729000.0,1889991000.0,,706267000.0,90598000.0,2285614000.0,,-1058442000.0,,,,1757263000.0,2623617000.0,,,-305842000.0,,610159333.3333334,1.0,1058442000.0,2.5221363097836256,1964298000.0,,,,0.21305035418379079
ROST,Consumer Discretionary,2020-08-01,5347361000.0,11322245000.0,3793043000.0,,2080120000.0,,1009704000.0,,2286295000.0,,-533044000.0,,,,1117983000.0,3153072000.0,,,22047000.0,,939118500.0,1.0,533044000.0,7.115815955155672,2194289000.0,,,,0.2019294760005635
ROST,Consumer Discretionary,2022-04-30,7048002000.0,13233698000.0,4015567000.0,109848000.0,3196446000.0,,2175350000.0,92108000.0,2453367000.0,449462000.0,-416267000.0,,,,2673551000.0,3756062000.0,,,338445000.0,,44664166.666666664,1.0,416267000.0,9.646613831987642,3291940000.0,,,,0.18538786361907306
ROST,Consumer Discretionary,2022-07-30,6985071000.0,13179922000.0,3903670000.0,,3399535000.0,,2085680000.0,,2454413000.0,505744000.0,-808091500.0,,,,2716878000.0,3644981000.0,,,384517000.0,,607343833.3333334,1.0,808091500.0,4.830727708434008,3340090000.0,,,,0.18622363622485777
RTX,Industrials,2009-06-30,23636000000.0,56545000000.0,,,,,4599000000.0,,,,-45500000.0,384000000.0,,13196000000.0,,18571000000.0,,,976000000.0,1637000000.0,1207333333.3333333,1.0,45500000.0,,5065000000.0,,0.12405274325553198,0.029099727190057594,
RTX,Industrials,2011-06-30,26429000000.0,62147000000.0,,,,,5686000000.0,,10128000000.0,,-1611000000.0,510000000.0,,,8795000000.0,20214000000.0,,,1318000000.0,2185000000.0,1959000000.0,1.0,1611000000.0,,6215000000.0,,,,0.16296844578177547
RTX,Industrials,2023-03-31,45504000000.0,161636000000.0,5893000000.0,520000000.0,,,10060000000.0,,,1798500000.0,-863000000.0,607000000.0,,17214000000.0,11327000000.0,40128000000.0,,,1426000000.0,1669500000.0,748000000.0,1.0,863000000.0,6.828505214368482,5376000000.0,,0.0969850121993726,0.03526199604972697,
RTX,Industrials,2023-06-30,45915000000.0,162161000000.0,5391000000.0,,,,10128000000.0,,,1589500000.0,-1414000000.0,729000000.0,,18315000000.0,11997000000.0,41760000000.0,,,1327000000.0,1475500000.0,1715666666.6666667,1.0,1414000000.0,3.8125884016973126,4155000000.0,,0.08056238056238056,0.039803439803439804,
RVTY,Health Care,2013-06-30,906505000.0,3811284000.0,112470000.0,,300004500.0,434798000.0,170122000.0,,,,-17530000.0,34503500.0,,,259470000.0,563281000.0,3226000.0,,27925000.0,39940000.0,64822666.666666664,1.0,17530000.0,6.415858528237307,343224000.0,,,,
RVTY,Health Care,2018-04-01,1234004000.0,6126186000.0,180800000.0,22652000.0,351750000.0,575740000.0,215404000.0,44453000.0,,,-14558000.0,45984000.0,,,374808000.0,925984000.0,5332000.0,,26024000.0,39935000.0,22041500.0,1.0,14558000.0,12.419288363786235,308020000.0,,,,
RVTY,Health Care,2018-07-01,1202413000.0,5957778000.0,163392000.0,,363222000.0,564041000.0,197128000.0,,,,-21751500.0,47196000.0,,,366961000.0,712693000.0,6816000.0,,64063000.0,88064000.0,17869833.333333332,1.0,21751500.0,7.5117578098062205,489720000.0,,,,
RVTY,Health Care,2019-03-31,1247646000.0,6086497000.0,134252000.0,19875000.0,340931000.0,623927000.0,219341000.0,50469000.0,,,-5316000.0,47980000.0,,,376507000.0,742268000.0,6097000.0,,35412000.0,53330000.0,44166166.666666664,1.0,5316000.0,25.254326561324305,505378000.0,,,,
RVTY,Health Care,2019-06-30,1337761000.0,6399072000.0,150016000.0,,374724000.0,654454000.0,188051000.0,,,,-34266500.0,48344000.0,,,414330000.0,706799000.0,6703000.0,,69087000.0,91735000.0,97094000.0,1.0,34266500.0,4.377920126070652,630962000.0,,,,
RVTY,Health Care,2022-07-03,2107772000.0,14189707000.0,353360500.0,,453666000.0,932131000.0,333711000.0,,,215408000.0,-156879000.0,64694000.0,,,624297000.0,1043813000.0,,,179212000.0,241676000.0,-39589000.0,0.0,156879000.0,2.2524397784279606,1063959000.0,,,,
RVTY,Health Care,2023-07-02,3523341000.0,14218549000.0,1331903000.0,,306735000.0,626935000.0,235721000.0,,,71554000.0,-342182000.0,57253000.0,,,436822000.0,1366830000.0,,,35559000.0,78056000.0,157644166.66666666,1.0,342182000.0,3.8923818318906314,2156511000.0,,,,
RVTY,Health Care,2023-10-01,2913237000.0,13421548000.0,1136721000.0,,298223000.0,644574000.0,188302000.0,,,50603000.0,-33485000.0,53039000.0,,,435696000.0,1447845000.0,,,9497000.0,69228000.0,218100833.33333334,1.0,33485000.0,33.94717037479469,1465392000.0,,,,
SBUX,Consumer Discretionary,2011-04-03,3540300000.0,7027600000.0,1645200000.0,,1175650000.0,355700000.0,330200000.0,,,388900000.0,-18200000.0,,,2785700000.0,772400000.0,1794200000.0,34700000.0,,261600000.0,376100000.0,311916666.6666667,1.0,18200000.0,90.3956043956044,1746100000.0,,0.13501094877409628,,
SBUX,Consumer Discretionary,2013-12-29,3759400000.0,10255200000.0,1545800000.0,256100000.0,1795100000.0,589800000.0,444200000.0,180100000.0,2047900000.0,818800000.0,-1401900000.0,,,4239600000.0,943300000.0,2953000000.0,47800000.0,,540700000.0,813500000.0,90966666.66666667,1.0,1401900000.0,1.1026464084456808,806400000.0,,0.19188130955750543,,0.19969381387003665
SBUX,Consumer Discretionary,2014-03-30,3579000000.0,10097000000.0,1190300000.0,,1629200000.0,590000000.0,472600000.0,,2048000000.0,645200000.0,-2002400000.0,,,,954700000.0,2733500000.0,43800000.0,,427000000.0,644100000.0,1447633333.3333333,1.0,2002400000.0,0.5944366759888134,845500000.0,,,,0.20283252451223135
SBUX,Consumer Discretionary,2020-03-29,5749900000.0,27478900000.0,2572300000.0,,1997700000.0,941000000.0,997700000.0,,12908100000.0,390200000.0,-1494600000.0,,,5995700000.0,1492200000.0,8265800000.0,56300000.0,,328400000.0,487400000.0,1377983333.3333333,1.0,1494600000.0,1.7210624916365582,-2515900000.0,,0.0812915923078206,,0.46974587774619797
SBUX,Consumer Discretionary,2020-06-28,7581000000.0,29140600000.0,3965900000.0,,,881100000.0,860800000.0,,15895200000.0,-812000000.0,-367700000.0,,,4222100000.0,1583800000.0,8002000000.0,41400000.0,,-678400000.0,-703900000.0,2083516666.6666667,1.0,367700000.0,10.785694859940168,-421000000.0,,-0.16671798394164042,,0.5454657762709073
SBUX,Consumer Discretionary,2022-04-03,7541100000.0,29021500000.0,3913400000.0,,,1001900000.0,1329500000.0,,16013000000.0,876100000.0,-201400000.0,,,7635600000.0,1920000000.0,9104300000.0,53500000.0,,674500000.0,948900000.0,403066666.6666667,1.0,201400000.0,19.43098311817279,-1563200000.0,,0.12427314159987428,,0.5517633478627914
SBUX,Consumer Discretionary,2023-04-02,7046200000.0,28609000000.0,,,,1185800000.0,1434000000.0,,15433500000.0,1209600000.0,-1648800000.0,,,8719800000.0,2000600000.0,9121800000.0,74100000.0,,908300000.0,1327500000.0,2435216666.6666665,1.0,1648800000.0,,-2075600000.0,,0.15223973026904286,,0.5394631060155896
SHW,Materials,2009-03-31,1907689000.0,4412356000.0,42245000.0,22436000.0,,785640000.0,629965000.0,,,,-112268000.0,,,1550677000.0,838816000.0,1962152000.0,,680606000.0,37279000.0,,67843500.0,1.0,112268000.0,0.3762870987280436,-54463000.0,0.43890894106251654,,,
SHW,Materials,2009-06-30,1977771000.0,4502110000.0,49259000.0,,,908660000.0,704747000.0,,,,-29868500.0,,,1947827000.0,769992000.0,1903730000.0,,895342000.0,158023000.0,,54011500.0,1.0,29868500.0,1.6491956408925792,74041000.0,0.4596619720334506,,,
SHW,Materials,2010-03-31,1950398000.0,4509146000.0,91173000.0,25423000.0,,797816000.0,705309000.0,,,,-115818000.0,,,1565482000.0,787316000.0,1557742000.0,,691968000.0,32603000.0,,5541166.666666667,1.0,115818000.0,0.7872092420867223,392656000.0,0.44201594141612616,,,
SHW,Materials,2010-06-30,2139922000.0,4740286000.0,48401000.0,,,986327000.0,881141000.0,,,259248000.0,-71364500.0,,,2143064000.0,793828000.0,1833541000.0,,971893000.0,181706000.0,332607000.0,-14217000.0,0.0,71364500.0,0.6782223654618192,306381000.0,0.4535062881929798,0.15520161787048822,,
SHW,Materials,2011-03-31,2466400000.0,5443653000.0,53947000.0,26951000.0,,1012150000.0,954217000.0,,,,-153166000.0,,,1855586000.0,1064103000.0,2327162000.0,,797408000.0,68316000.0,,17439666.666666668,1.0,153166000.0,0.35221263204627656,139238000.0,0.4297337876013292,,,
SHW,Materials,2011-06-30,2638182000.0,5633769000.0,71563000.0,,,1183825000.0,1019310000.0,,,257016000.0,-130639000.0,,,2354751000.0,1067011000.0,2389812000.0,,1022755000.0,179115000.0,314072000.0,54029500.0,1.0,130639000.0,0.54779200698107,248370000.0,0.43433679399647773,0.13337800896995053,,
SHW,Materials,2012-03-31,2477126000.0,5456919000.0,25493000.0,,,1135174000.0,999685000.0,,,,-154839000.0,,,,1017195000.0,2395212000.0,,909839000.0,100216000.0,216542000.0,85050833.33333333,1.0,154839000.0,0.2196183591894155,81914000.0,,,,
SHW,Materials,2012-06-30,2624002000.0,5626375000.0,46616000.0,,,1237832000.0,1102148000.0,,,,-20869500.0,,,2573022000.0,1031478000.0,2531803000.0,,1150597000.0,227813000.0,405052000.0,97821500.0,1.0,20869500.0,2.2336903136155635,92199000.0,0.44717728802940665,0.15742267263941,,
SHW,Materials,2013-03-31,3086752000.0,6166220000.0,613930000.0,,,1130940000.0,1023284000.0,,,,-91131000.0,,,2167168000.0,1013666000.0,1782606000.0,,962851000.0,116185000.0,238455000.0,136719833.33333334,1.0,91131000.0,6.736785506578442,1304146000.0,0.44428996736755066,0.11003069443624121,,
SHW,Materials,2014-03-31,2967478000.0,6189225000.0,366465000.0,,,1174116000.0,1130338000.0,,,,-83119000.0,,,2366556000.0,1096783000.0,2452644000.0,,1065901000.0,115457000.0,253817000.0,145762166.66666666,1.0,83119000.0,4.408919741575332,514834000.0,0.4504017652656434,0.10725163486517961,,
SHW,Materials,2014-06-30,3108118000.0,6341000000.0,267198000.0,,,1402803000.0,1244574000.0,,,,-57375500.0,,,3042995000.0,1091182000.0,2725284000.0,,1409653000.0,291447000.0,528870000.0,134342333.33333334,1.0,57375500.0,4.657005167710957,382834000.0,0.4632452567289792,0.17379916825364486,,
SHW,Materials,2015-03-31,2765183000.0,5856048000.0,64013000.0,,,1234612000.0,1174840000.0,,,,-55068000.0,,,2450284000.0,1161250000.0,3379045000.0,,1132449000.0,131404000.0,280382000.0,130305333.33333333,1.0,55068000.0,1.1624355342485655,-613862000.0,0.46217050758197825,0.11442836830342931,,
SHW,Materials,2015-06-30,3004521000.0,6131619500.0,75068000.0,,,1454045000.0,1253894000.0,,,,-91635000.0,,,3132139000.0,1131976000.0,3357239000.0,,1529986000.0,349937000.0,608927000.0,180427333.33333334,1.0,91635000.0,0.8192066350193703,-352718000.0,0.4884795981276693,0.19441250851255323,,
SHW,Materials,2016-03-31,2888625000.0,6038309000.0,70548000.0,,,1290749000.0,1152923000.0,,,,-70933000.0,,,2574024000.0,1147361000.0,2262561000.0,,1261745000.0,156002000.0,365152000.0,249032666.66666666,1.0,70933000.0,0.9945723429151453,626064000.0,0.4901838522096142,0.1418603711542705,,
SHW,Materials,2018-06-30,5007750000.0,20125277000.0,154973000.0,,,2625066000.0,2049123000.0,,,,-50320000.0,,,4773796000.0,1845196000.0,4190087000.0,,2038628000.0,403604000.0,804994000.0,286179000.0,1.0,50320000.0,3.0797496025437203,817663000.0,0.42704547911138224,0.16862764977808017,,
SHW,Materials,2019-03-31,4815172000.0,20961620500.0,94396500.0,,2305800000.0,2339575500.0,1894002500.0,,,,-35975000.0,,,4040861000.0,1993418500.0,5000578000.0,,1735088500.0,245209250.0,517709000.0,333565333.3333333,1.0,35975000.0,2.623947185545518,-185406000.0,0.4293858412848153,0.12811848761934647,,
SHW,Materials,2021-06-30,5185700000.0,20519600000.0,219600000.0,,2968400000.0,2590600000.0,2502800000.0,,8290900000.0,819200000.0,-80600000.0,,,,1804100000.0,6190400000.0,,2411400000.0,648600000.0,994900000.0,163350000.0,1.0,80600000.0,2.7245657568238215,-1004700000.0,,,,0.40404783718980875
SHW,Materials,2022-06-30,6259500000.0,22052800000.0,312600000.0,,3423300000.0,2982500000.0,2992900000.0,,8594200000.0,739900000.0,-385650000.0,,,,2411600000.0,7198200000.0,,2449000000.0,577900000.0,960700000.0,460850000.0,1.0,385650000.0,0.8105795410346169,-938700000.0,,,,0.38971015018501054
SHW,Materials,2024-03-31,5842400000.0,23428100000.0,179900000.0,,2836300000.0,2809100000.0,2453900000.0,,9478600000.0,640000000.0,-58900000.0,,,,2378000000.0,7483500000.0,,2531000000.0,505200000.0,884300000.0,285316666.6666667,1.0,58900000.0,3.0543293718166384,-1641100000.0,,,,0.4045825312338602
SHW,Materials,2024-06-30,6050600000.0,23734000000.0,200000000.0,,3208100000.0,3048100000.0,2493900000.0,,8980500000.0,1173400000.0,-157650000.0,,,,2289100000.0,7466600000.0,,3063400000.0,889900000.0,1413000000.0,-51200000.0,0.0,157650000.0,1.2686330478908976,-1416000000.0,,,,0.3783812252464818
SJM,Consumer Staples,2009-07-31,,,289772000.0,27271000.0,,,,,,,-25848000.0,,,,,,,406029000.0,98063000.0,168834000.0,161445333.33333334,1.0,25848000.0,11.210615908387496,,,,,
SJM,Consumer Staples,2010-07-31,1700628000.0,8419104000.0,522773000.0,26946000.0,,305418000.0,183600000.0,,1310000000.0,,-27238000.0,,,,765927000.0,454236000.0,,408435000.0,102881000.0,165167000.0,26785000.0,1.0,27238000.0,19.192782142594904,1246392000.0,,,,0.15559850549417134
SJM,Consumer Staples,2010-10-31,1854186000.0,8553350000.0,487463000.0,,,415826000.0,194194000.0,,1300000000.0,,-236241000.0,,,,822614000.0,476919000.0,,494670000.0,149726000.0,240036000.0,-5950000.0,0.0,236241000.0,2.0634140559852017,1377267000.0,,,,0.15198723307242193
SJM,Consumer Staples,2011-07-31,1739772000.0,8782023000.0,102475000.0,67632000.0,,350293000.0,288082000.0,,1318489000.0,,-58238000.0,,,,1213821000.0,875234000.0,,431084000.0,111523000.0,180703000.0,37429500.0,1.0,58238000.0,1.7595899584463752,864538000.0,,,,0.15013499736905722
SJM,Consumer Staples,2011-10-31,2193707000.0,9215420000.0,496288000.0,,,462169000.0,260653000.0,,2071852000.0,,-334446000.0,,,,1143951000.0,544921000.0,6544000.0,498669000.0,127247000.0,211614000.0,409305000.0,1.0,334446000.0,1.4839107060631611,1648786000.0,,,,0.2248244789711158
SJM,Consumer Staples,2021-10-31,2008800000.0,16240800000.0,,,1338500000.0,659100000.0,1031000000.0,,4308800000.0,268800000.0,-334100000.0,,,,1100200000.0,1890500000.0,,711500000.0,206000000.0,311800000.0,65133333.333333336,1.0,334100000.0,,118300000.0,,,,0.26530712772769816
SJM,Consumer Staples,2022-07-31,2287700000.0,16276700000.0,,88300000.0,1320500000.0,605000000.0,1242600000.0,,4311500000.0,141100000.0,-39000000.0,,,,1312800000.0,2177200000.0,,552500000.0,109800000.0,179700000.0,199066666.66666666,1.0,39000000.0,,110500000.0,,,,0.2648878458164124
SJM,Consumer Staples,2022-10-31,2250900000.0,16219300000.0,,,1504000000.0,609500000.0,1260600000.0,,4312400000.0,252900000.0,-205300000.0,,,,1358400000.0,2059700000.0,,701100000.0,191100000.0,293400000.0,274000000.0,1.0,205300000.0,,191200000.0,,,,0.26588077167325347
SMCI,Information Technology,2011-03-31,,,68096000.0,,,,,,,,-22661000.0,12202000.0,22698000.0,,,,,37856000.0,10696000.0,15158000.0,15015333.333333334,1.0,22661000.0,3.004986540752835,,,,,
SMCI,Information Technology,2012-03-31,440054000.0,548118000.0,88861000.0,,,100980000.0,142156000.0,,,,-17862000.0,17162000.0,31139000.0,,228933000.0,185342000.0,2593000.0,40729000.0,7077000.0,9590000.0,-7499666.666666667,0.0,17862000.0,4.974862837308252,254712000.0,,,,
SMCI,Information Technology,2012-09-30,458052000.0,566545000.0,58323000.0,919000.0,,112787000.0,140084000.0,1955000.0,,,-26554000.0,18221000.0,33333000.0,,263152000.0,204431000.0,2903000.0,35015000.0,899000.0,1682000.0,7454000.0,1.0,26554000.0,2.196392257287038,253621000.0,,,,
SMCI,Information Technology,2012-12-31,475495000.0,583567000.0,88398000.0,,,118912000.0,149441000.0,,,,-3911000.0,18824000.0,32514000.0,,243597000.0,213450000.0,2909000.0,40122000.0,4914000.0,7608000.0,12627833.333333334,1.0,3911000.0,22.602403477371517,262045000.0,,,,
SMCI,Information Technology,2014-03-31,610845000.0,750541000.0,101714000.0,,,182028000.0,205246000.0,,,,-5921000.0,20570000.0,35792000.0,,295089000.0,292530000.0,2806000.0,57264000.0,16574000.0,21472000.0,9957666.666666666,1.0,5921000.0,17.1785171423746,318315000.0,,,,
SMCI,Information Technology,2014-12-31,781742000.0,935041000.0,83201000.0,,,258784000.0,283768000.0,,,,-14924000.0,25465000.0,41567000.0,,409205000.0,373133000.0,3181000.0,84452000.0,31242000.0,42885000.0,40149000.0,1.0,14924000.0,5.57497989815063,408609000.0,,,,
SMCI,Information Technology,2016-09-30,989371000.0,1220581000.0,146696000.0,11646000.0,,328267000.0,287638000.0,3802000.0,,,-11043000.0,33191000.0,59862000.0,,499987000.0,415493000.0,4504000.0,80064000.0,13532000.0,20202000.0,-38761250.0,0.0,11043000.0,13.284071357420991,573878000.0,,,,
SMCI,Information Technology,2016-12-31,1113808000.0,1349856000.0,128752000.0,,,366885000.0,341940000.0,,,,-147696000.0,34033000.0,61615000.0,,599269000.0,509762000.0,4709000.0,93378000.0,21996000.0,31763000.0,-1044750.0,0.0,147696000.0,0.8717365399198354,604046000.0,,,,
SMCI,Information Technology,2017-03-31,1156707000.0,1404456000.0,107779000.0,,,391334000.0,348733000.0,,,,-35402000.0,35870000.0,65911000.0,,642314000.0,534532000.0,4833000.0,88326000.0,16666000.0,22415000.0,10407666.666666666,1.0,35402000.0,3.0444325179368397,622175000.0,,,,
SMCI,Information Technology,2019-12-31,1520695000.0,1807039000.0,309038000.0,,,360172000.0,392537000.0,,,,-3197000.0,55572000.0,110589000.0,,704430000.0,671740000.0,4964000.0,138404000.0,23706000.0,27815000.0,83354000.0,1.0,3197000.0,96.66499843603378,848955000.0,,,,
SMCI,Information Technology,2020-03-31,1648359000.0,1960236000.0,300859000.0,,,333172000.0,462808000.0,,,,-21437000.0,49586000.0,117814000.0,,866226000.0,784823000.0,4805000.0,133360000.0,15807000.0,15546000.0,49029666.666666664,1.0,21437000.0,14.03456640388114,863536000.0,,,,
SMCI,Information Technology,2021-03-31,1639650000.0,1998840000.0,177894000.0,,,407365000.0,465012000.0,,27867000.0,,-124410000.0,57912000.0,105962000.0,,903903000.0,781996000.0,7494000.0,123017000.0,18428000.0,17055000.0,-193308333.33333334,0.0,124410000.0,1.4299011333494092,857654000.0,,,,0.01664324785442564
SMCI,Information Technology,2021-09-30,2036955000.0,2426693000.0,270047000.0,10802000.0,,458076000.0,564628000.0,7548000.0,45134000.0,,-134571000.0,65143000.0,109011000.0,,1184573000.0,1101479000.0,7015000.0,138139000.0,25437000.0,29128000.0,-43922333.333333336,0.0,134571000.0,2.006725074495991,935476000.0,,,,0.018598973994650332
SMCI,Information Technology,2021-12-31,2293288000.0,2676602000.0,247407000.0,,,497431000.0,695180000.0,,139032000.0,,-217418000.0,65471000.0,112694000.0,,1393672000.0,1199579000.0,9176000.0,163743000.0,41932000.0,51049000.0,256051333.33333334,1.0,217418000.0,1.1379324618936795,1093709000.0,,,,0.051943471610646635
SMCI,Information Technology,2022-03-31,2678715000.0,3071177000.0,247424000.0,,,679785000.0,779561000.0,,144423000.0,,-227936000.0,70869000.0,120998000.0,,1588542000.0,1496155000.0,7741000.0,210775000.0,76972000.0,89777000.0,398111666.6666667,1.0,227936000.0,1.0854976835602976,1182560000.0,,,,0.04702529356009113
SMCI,Information Technology,2023-12-31,4842355000.0,5405000000.0,725660000.0,,,1502971000.0,1261533000.0,7300000.0,,,-661079500.0,108824000.0,192858000.0,,2466997000.0,1992089000.0,43061000.0,564322000.0,295968000.0,371464000.0,-6469333.333333333,0.0,661079500.0,1.0976894609498555,2850266000.0,,,,
SMCI,Information Technology,2024-03-31,8063932000.0,8862781000.0,2115476000.0,,,1650153000.0,1092445000.0,7600000.0,,,-1516538000.0,116226000.0,219054000.0,,4124587000.0,1717695000.0,56107000.0,597368000.0,402459000.0,378314000.0,707964666.6666666,1.0,1516538000.0,1.3949376804273945,6346237000.0,,,,
SNA,Industrials,2010-07-03,1486100000.0,3313300000.0,430800000.0,,343800000.0,407500000.0,128500000.0,,,,-59300000.0,,224800000.0,,296500000.0,646400000.0,,303800000.0,45300000.0,80700000.0,19050000.0,1.0,59300000.0,7.264755480607082,839700000.0,,,,
SNA,Industrials,2011-07-02,1735900000.0,3826500000.0,418200000.0,,384500000.0,452200000.0,139000000.0,,1170500000.0,,-23850000.0,,243400000.0,,392200000.0,771000000.0,,342200000.0,78000000.0,134300000.0,78533333.33333333,1.0,23850000.0,17.534591194968552,964900000.0,,,,0.30589311381157713
SNA,Industrials,2013-06-29,1686200000.0,3961500000.0,174700000.0,,390900000.0,499900000.0,157600000.0,,976300000.0,,-40600000.0,,255400000.0,808600000.0,418100000.0,696100000.0,,373200000.0,88400000.0,148400000.0,86300000.0,1.0,40600000.0,4.302955665024631,990100000.0,0.46153846153846156,0.18352708384862726,,0.2464470528840086
SNA,Industrials,2022-07-02,3230700000.0,6864300000.0,812900000.0,,,729100000.0,308500000.0,,,309500000.0,-37250000.0,,,1223000000.0,893300000.0,986100000.0,,,231500000.0,311900000.0,257033333.33333334,1.0,37250000.0,21.822818791946307,2244600000.0,,0.25502861815208505,,
SNDK,Information Technology,2023-12-29,,,,,1504000000.0,,,,,-260000000.0,-167000000.0,246000000.0,406000000.0,,,,37000000.0,161000000.0,-301000000.0,-245000000.0,-29833333.333333332,0.0,167000000.0,,,,,,
SNDK,Information Technology,2024-03-29,,,,,1242000000.0,,,,,54000000.0,-12000000.0,277000000.0,398000000.0,,,,38000000.0,463000000.0,27000000.0,65000000.0,-17166666.666666668,0.0,12000000.0,,,,,,
SNDK,Information Technology,2024-09-27,,,,67000000.0,1157000000.0,,,,,267000000.0,-131000000.0,283000000.0,435000000.0,,,,41000000.0,726000000.0,211000000.0,291000000.0,189166666.66666666,1.0,131000000.0,,,,,,
SNPS,Information Technology,2010-01-31,,,626490000.0,8037000.0,,,,25652000.0,,,-45417000.0,101232000.0,209494000.0,330167000.0,,,,264586000.0,132786000.0,55092000.0,45000166.666666664,1.0,45417000.0,13.794173987713851,,0.7885024413453642,0.16686101276020923,0.3066084738935145,
SNPS,Information Technology,2011-01-31,1194277000.0,3213288000.0,700612000.0,10217000.0,,169165000.0,,31676000.0,,,-39633000.0,120740000.0,233677000.0,364644000.0,,785082000.0,15247000.0,280339000.0,48226000.0,46662000.0,68633333.33333333,1.0,39633000.0,17.677490979739105,409195000.0,0.7688018999352794,0.12796590647316286,0.3311174734809842,
SNPS,Information Technology,2011-04-30,1206622000.0,3209469000.0,694032000.0,,,210068000.0,,,,,-65217000.0,123169000.0,255957000.0,393670000.0,,807836000.0,12666000.0,307642000.0,81114000.0,51685000.0,58309333.333333336,1.0,65217000.0,10.641887851327107,398786000.0,0.7814717910940635,0.13129016689105089,0.3128737267254299,
SNPS,Information Technology,2012-01-31,1289650000.0,3299000000.0,811339000.0,11016000.0,,213763000.0,9254000.0,31965000.0,,,-39318000.0,132875000.0,265639000.0,425496000.0,,863828000.0,16248000.0,335642000.0,56694000.0,70003000.0,36017666.666666664,1.0,39318000.0,20.63530698407854,425822000.0,0.7885024413453642,0.16452093556696185,0.3122826066520014,
SNPS,Information Technology,2012-04-30,1173541000.0,3744482000.0,796594000.0,,,236314000.0,12854000.0,,,,-96189000.0,151230000.0,314919000.0,432561000.0,,1073217000.0,20604000.0,332055000.0,20971000.0,17136000.0,-45534000.0,0.0,96189000.0,8.281549865369222,100324000.0,0.767648955869808,0.039615221899339054,0.3496154299624793,
SNPS,Information Technology,2013-01-31,999782000.0,4020546000.0,550365000.0,13980000.0,,270217000.0,14288000.0,47064000.0,,,-91438000.0,157510000.0,303093000.0,475137000.0,,1022012000.0,17700000.0,364074000.0,69922000.0,60981000.0,-50552666.666666664,0.0,91438000.0,6.018996478488156,-22230000.0,0.7662505761496158,0.12834403550975823,0.33150438715570457,
SNPS,Information Technology,2013-04-30,1106369000.0,4098888000.0,681018000.0,,,251682000.0,23541000.0,,,,-340844000.0,169962000.0,312021000.0,499257000.0,,1012922000.0,15529000.0,391524000.0,68691000.0,79503000.0,94593000.0,1.0,340844000.0,1.9980342913473612,93447000.0,0.7842133410247628,0.15924263455494866,0.34042987879989667,
SNPS,Information Technology,2019-01-31,1797630000.0,6344486000.0,592305000.0,29007000.0,,762292000.0,26019000.0,51830000.0,,,-144019000.0,271326000.0,480095000.0,,137559000.0,2025638000.0,38460000.0,627509000.0,153514000.0,147414000.0,182248000.0,1.0,144019000.0,4.112686520528541,-228008000.0,,,,
SNPS,Information Technology,2024-01-31,3407928000.0,10558259000.0,1118944000.0,40391000.0,,1064135000.0,76808000.0,62888000.0,,461279000.0,-87790000.0,538795000.0,919802500.0,,382727000.0,2644507000.0,180652000.0,1275925500.0,449112000.0,356123000.0,29383166.666666668,1.0,87790000.0,12.745688575008543,763421000.0,,,,
SNPS,Information Technology,2024-04-30,4653120000.0,11011837000.0,1502920000.0,,,834918000.0,92299000.0,,,341530000.0,-299806500.0,493136000.0,822243000.0,,377875000.0,2508350000.0,177835000.0,1154315000.0,292107000.0,332072000.0,-82781666.66666667,0.0,299806500.0,5.0129666968528035,2144770000.0,,,,
SNPS,Information Technology,2025-01-31,6323616000.0,13041089000.0,3653880000.0,40715000.0,,892647000.0,101520000.0,47934000.0,,291117000.0,-67455000.0,553216000.0,933501000.0,,415199000.0,2358594000.0,186463000.0,1185340000.0,295683000.0,251839000.0,297163666.6666667,1.0,67455000.0,54.16766733377808,3965022000.0,,,,
STLD,Materials,2010-06-30,1910116000.0,5545805000.0,191593000.0,40960000.0,,577380000.0,,55398000.0,,76708000.0,-50038750.0,,75349000.0,,1017874000.0,554298000.0,,191984000.0,49207000.0,116635000.0,71758666.66666667,1.0,50038750.0,3.8288926082286228,1355818000.0,,,,
STLD,Materials,2024-06-30,6239011000.0,15061257000.0,829980000.0,419166000.0,3857797000.0,,,117053000.0,3100000000.0,565112000.0,-103652500.0,,,,3073637000.0,2655952000.0,,774837000.0,427998000.0,559123000.0,180517666.66666666,1.0,103652500.0,8.007332191698222,3583059000.0,,,,0.2058261139823854
STX,Information Technology,2010-12-31,5826000000.0,8658000000.0,2528000000.0,,2190000000.0,1392000000.0,1832000000.0,,,,-52000000.0,213000000.0,,,808000000.0,3178000000.0,13000000.0,,150000000.0,206000000.0,253500000.0,1.0,52000000.0,48.61538461538461,2648000000.0,,,,
STX,Information Technology,2016-01-01,3931000000.0,8796000000.0,1258000000.0,,2245000000.0,1398000000.0,1759000000.0,,,180000000.0,-3500000.0,304000000.0,,,1046000000.0,2539000000.0,,,165000000.0,229000000.0,446000000.0,1.0,3500000.0,359.42857142857144,1392000000.0,,,,
STX,Information Technology,2022-12-30,3081000000.0,7867000000.0,770000000.0,,1641000000.0,840000000.0,1085000000.0,,964000000.0,-38000000.0,-242500000.0,200000000.0,,,1194000000.0,2725000000.0,,,-33000000.0,-160000000.0,96333333.33333333,1.0,242500000.0,3.1752577319587627,356000000.0,,,,0.12253718062793949
STX,Information Technology,2023-12-29,2628000000.0,7149000000.0,787000000.0,,1193000000.0,471000000.0,1619000000.0,,,-4000000.0,-66000000.0,161000000.0,,,1053000000.0,2529000000.0,,,-19000000.0,124000000.0,119000000.0,1.0,66000000.0,11.924242424242424,99000000.0,,,,
SW,Materials,2024-06-30,,26762.0,26762.0,,2276000000.0,,,160000000.0,,93493850.0,-283000000.0,,,,,,,693000000.0,65993850.0,244000000.0,369333333.3333333,1.0,283000000.0,0.2196183591894155,,,,,
SWK,Industrials,2010-04-03,,,1505400000.0,,806100000.0,,,,,,-32700000.0,,,,,,,,-108600000.0,,170875000.0,1.0,32700000.0,46.03669724770642,,,,,
SWK,Industrials,2012-03-31,4603300000.0,16350300000.0,772285714.2857143,61500000.0,1590500000.0,,1417500000.0,,3442400000.0,,-32300000.0,,,,1589700000.0,3437100000.0,,,121800000.0,357250000.0,57616666.666666664,1.0,32300000.0,23.909774436090224,1166200000.0,,,,0.21054047937958326
SWK,Industrials,2013-03-30,4425900000.0,16897500000.0,558340000.0,78050000.0,1572100000.0,,1514800000.0,,3504700000.0,,-147500000.0,,,,1539700000.0,4132600000.0,,,81100000.0,311450000.0,-15491666.666666666,0.0,147500000.0,3.7853559322033896,293300000.0,,,,0.2074093800858115
SWK,Industrials,2014-03-29,4271200000.0,16832900000.0,432600000.0,57800000.0,1670600000.0,,1581800000.0,,3839600000.0,,-152000000.0,,,,1663100000.0,3455800000.0,,,161900000.0,350700000.0,126241666.66666667,1.0,152000000.0,2.846052631578947,815400000.0,,,,0.22810092140985808
SWK,Industrials,2015-04-04,4324700000.0,15943700000.0,435500000.0,45900000.0,1656400000.0,,1674800000.0,,4355000000.0,,-197500000.0,,,,1742200000.0,3446800000.0,,,162300000.0,386300000.0,75391666.66666667,1.0,197500000.0,2.2050632911392407,877900000.0,,,,0.2731486417832749
SWK,Industrials,2016-04-02,4016800000.0,15607400000.0,352200000.0,64900000.0,1694500000.0,,1662300000.0,,3822200000.0,,-93100000.0,,,,1685000000.0,3696600000.0,,,189400000.0,398200000.0,71891666.66666667,1.0,93100000.0,3.7830290010741137,320200000.0,,,,0.2448966515883491
SWK,Industrials,2017-04-01,4368300000.0,18662100000.0,378000000.0,64700000.0,1765300000.0,,1928800000.0,,3823700000.0,,-229850000.0,,,,1976700000.0,4214400000.0,,,393400000.0,422400000.0,-62141666.666666664,0.0,229850000.0,1.6445507939960844,153900000.0,,,,0.20489119659631017
SWK,Industrials,2017-07-01,4839100000.0,19312300000.0,539500000.0,122200000.0,2045350000.0,,2093000000.0,,3825900000.0,,-73275000.0,,,,2078000000.0,3866900000.0,,,277400000.0,520500000.0,-26058333.333333332,0.0,73275000.0,7.362674854998294,972200000.0,,,,0.1981069059614857
SWK,Industrials,2018-03-31,5077900000.0,19683200000.0,405600000.0,106300000.0,2043600000.0,,2172700000.0,,3805800000.0,,-349400000.0,,,3209300000.0,2350300000.0,4810200000.0,,,170600000.0,427400000.0,-68275000.0,0.0,349400000.0,1.160847166571265,267700000.0,,0.13317545882279624,,0.19335270687693057
SWK,Industrials,2019-03-30,5253900000.0,21460300000.0,281800000.0,89600000.0,2228000000.0,,2264300000.0,94000000.0,3912500000.0,,-431300000.0,,,3333600000.0,2791600000.0,5766200000.0,,,169900000.0,376300000.0,20941666.666666668,1.0,431300000.0,0.6533735219105031,-512300000.0,,0.1128809695224382,,0.1823133879768689
SWK,Industrials,2020-03-28,5692900000.0,22905000000.0,987100000.0,82900000.0,2106300000.0,,2029200000.0,92800000.0,4665700000.0,,-405200000.0,,,3129400000.0,2532400000.0,5370300000.0,,,133200000.0,323500000.0,193133333.33333334,1.0,405200000.0,2.436080947680158,322600000.0,,0.10337444877612322,,0.20369788255839336
SWK,Industrials,2021-04-03,6523000000.0,23876000000.0,949200000.0,88300000.0,2482900000.0,,2653200000.0,93500000.0,4245700000.0,,-157800000.0,,,3958950000.0,3137400000.0,4578400000.0,,,487400000.0,,-340350000.0,0.0,157800000.0,6.015209125475285,1944600000.0,,,,0.17782291841179426
SWK,Industrials,2022-04-02,9736200000.0,29358700000.0,165800000.0,139800000.0,3142600000.0,,3367700000.0,92000000.0,5356700000.0,178500000.0,-1241100000.0,,,4448000000.0,6267700000.0,10955000000.0,,,175300000.0,419800000.0,-616383333.3333334,0.0,1241100000.0,0.2196183591894155,-1218800000.0,,0.0943794964028777,,0.18245698889937226
SWK,Industrials,2022-07-02,9972800000.0,29361400000.0,282300000.0,145700000.0,3185900000.0,,3138800000.0,91900000.0,5353000000.0,15900000.0,-1137250000.0,,,4393000000.0,6635500000.0,11760700000.0,,,87600000.0,419900000.0,-21000000.0,0.0,1137250000.0,0.2482303803033634,-1787900000.0,,0.09558388345094468,,0.18231419482722214
SWK,Industrials,2022-10-01,8804600000.0,25523900000.0,408700000.0,114400000.0,3101500000.0,,2492800000.0,88400000.0,5351700000.0,-4300000.0,-425600000.0,,,4119600000.0,6347200000.0,7607000000.0,,,844600000.0,296800000.0,268833333.3333333,1.0,425600000.0,0.9602913533834586,1197600000.0,,0.07204582969220312,,0.20967407018519896
SWK,Industrials,2023-04-01,8135700000.0,25071700000.0,387600000.0,68200000.0,3096300000.0,,2378700000.0,112900000.0,6102300000.0,-164100000.0,-286300000.0,,,3931800000.0,5659500000.0,6239300000.0,,,-187800000.0,86100000.0,220600000.0,1.0,286300000.0,1.3538246594481314,1896400000.0,,0.021898367160079354,,0.24339394616240623
SWK,Industrials,2024-03-30,7420800000.0,23853900000.0,476600000.0,65700000.0,2761000000.0,,2337500000.0,99100000.0,6102100000.0,48300000.0,-431000000.0,,,3869500000.0,4693300000.0,6829400000.0,,,19500000.0,320900000.0,39266666.666666664,1.0,431000000.0,1.105800464037123,591400000.0,,0.08293061119007623,,0.25581141867786816
SYK,Health Care,2015-09-30,8033000000.0,15917000000.0,3163000000.0,,,1496000000.0,,,,,-509000000.0,155000000.0,1246000000.0,,1665000000.0,3553000000.0,,1624000000.0,301000000.0,378000000.0,443000000.0,1.0,509000000.0,6.214145383104126,4480000000.0,,,,
SYK,Health Care,2022-06-30,8825000000.0,36032000000.0,1044000000.0,,,3145000000.0,,,,720000000.0,-399500000.0,351000000.0,2054000000.0,4493000000.0,3749000000.0,4404000000.0,,2826000000.0,656000000.0,772000000.0,552166666.6666666,1.0,399500000.0,2.6132665832290365,4421000000.0,0.6289784108613399,0.17182283552192298,0.0781215223681282,
SYK,Health Care,2024-06-30,11645000000.0,39130000000.0,1874000000.0,,,3622000000.0,,354000000.0,,998000000.0,-254500000.0,363000000.0,2365000000.0,5422000000.0,5044000000.0,6926000000.0,,3416000000.0,825000000.0,1051000000.0,258000000.0,1.0,254500000.0,7.363457760314342,4719000000.0,0.6300258207303578,0.19383991147178162,0.06694946514201401,
SYY,Consumer Staples,2009-12-26,5053150500.0,10240605500.0,611245500.0,,,,1870384500.0,,,,-347152500.0,,1232536000.0,,1790327000.0,2747382500.0,,1694887000.0,268349000.0,462351000.0,199064166.66666666,1.0,347152500.0,1.7607405967118197,2305768000.0,,,,
SYY,Consumer Staples,2012-12-29,6159785000.0,12449684500.0,320805000.0,,,,2268763500.0,,,352162000.0,-521504000.0,,1552187000.0,,,3487417000.0,,1934838000.0,,382651000.0,372623000.0,1.0,521504000.0,0.615153479167945,2672368000.0,,,,
SYY,Consumer Staples,2017-12-30,8272168000.0,18219370000.0,961067000.0,,,,3745817000.0,,,451728000.0,-186498000.0,,2168969000.0,,,5982970000.0,,2699386000.0,,530417000.0,272608166.6666667,1.0,186498000.0,5.153229525249601,2289198000.0,,,,
SYY,Consumer Staples,2022-01-02,10063151000.0,21426762000.0,1374276000.0,,,,5019052000.0,,,212686000.0,-362845000.0,,2446241000.0,,,7593560000.0,,2891150000.0,167441000.0,444909000.0,219320166.66666666,1.0,362845000.0,3.7875015502487286,2469591000.0,,,,
SYY,Consumer Staples,2024-12-28,11501000000.0,25318000000.0,793000000.0,,,,5842000000.0,,,533000000.0,-188500000.0,,2938000000.0,,,9553000000.0,,3650000000.0,406000000.0,712000000.0,339333333.3333333,1.0,188500000.0,4.206896551724138,1948000000.0,,,,
T,Communication Services,2021-06-30,62869000000.0,544710000000.0,11869000000.0,,,15771000000.0,,5095000000.0,179783000000.0,4872500000.0,-12211000000.0,,,39892500000.0,,82126000000.0,,,1570000000.0,5420500000.0,7799000000.0,1.0,4558205000.000002,0.971992465809516,-6987757640.0,,0.13587767124146144,,0.3300526885865874
TAP,Consumer Staples,2011-06-25,2364700000.0,13104100000.0,1184200000.0,,,629600000.0,229500000.0,,1996000000.0,,-99800000.0,,,,223200000.0,1847800000.0,,409700000.0,222800000.0,298000000.0,159233333.33333334,1.0,99800000.0,11.865731462925853,516900000.0,,,,0.1523187399363558
TAP,Consumer Staples,2015-03-31,1278100000.0,12951700000.0,317600000.0,,,459100000.0,,,3019400000.0,,-202600000.0,,,,229200000.0,2254100000.0,,245200000.0,81100000.0,125300000.0,-49650000.0,0.0,202600000.0,1.5676209279368214,-976000000.0,,,,0.23312769752233298
TAP,Consumer Staples,2015-06-30,1476200000.0,13397200000.0,413800000.0,,,595100000.0,,,3025400000.0,,-331100000.0,,,,244300000.0,2349500000.0,,425800000.0,229000000.0,314300000.0,70250000.0,1.0,331100000.0,1.2497734823316218,-873300000.0,,,,0.2258233063625235
TAP,Consumer Staples,2016-03-31,3762800000.0,15210300000.0,2602900000.0,,,456500000.0,,,2973400000.0,180700000.0,-90000000.0,,,,230400000.0,1221900000.0,,243200000.0,161400000.0,243300000.0,86033333.33333333,1.0,90000000.0,28.92111111111111,2540900000.0,,,,0.19548595359723345
TAP,Consumer Staples,2017-03-31,2279200000.0,29542900000.0,395000000.0,,,756500000.0,,,,276950000.0,-118300000.0,,,,663500000.0,3048700000.0,,1076100000.0,204900000.0,366800000.0,381833333.3333333,1.0,118300000.0,3.338968723584108,-769500000.0,,,,
TAP,Consumer Staples,2019-03-31,2338000000.0,29823600000.0,234400000.0,,1413000000.0,909500000.0,,,9497800000.0,181300000.0,-98500000.0,,,2800100000.0,687900000.0,4202400000.0,,890300000.0,151400000.0,222100000.0,124800000.0,1.0,98500000.0,2.379695431472081,-1864400000.0,0.317952930252491,0.07931859576443698,,0.31846591290119236
TAP,Consumer Staples,2019-06-30,2600400000.0,30061600000.0,490200000.0,,1759800000.0,932300000.0,,,9533200000.0,400600000.0,-67700000.0,,,3620000000.0,698100000.0,4080300000.0,,1188500000.0,329400000.0,468700000.0,285966666.6666667,1.0,67700000.0,7.240768094534712,-1479900000.0,0.32831491712707184,0.12947513812154696,,0.317122175799026
TAP,Consumer Staples,2020-03-31,2372500000.0,28461100000.0,666100000.0,,1479000000.0,637800000.0,,,8422400000.0,-158700000.0,-18100000.0,,,2537800000.0,681500000.0,4003400000.0,,623800000.0,-117000000.0,-92500000.0,219400000.0,1.0,18100000.0,36.80110497237569,-1630900000.0,0.24580345180865315,-0.036448892741744815,,0.29592672103326995
TAP,Consumer Staples,2021-03-31,2365900000.0,27163600000.0,532700000.0,,1167400000.0,557900000.0,,,8187300000.0,126300000.0,-190900000.0,,,2256100000.0,746400000.0,3596300000.0,,731000000.0,84100000.0,177200000.0,133933333.33333333,1.0,190900000.0,2.7904662126767943,-1230400000.0,0.3240104605292319,0.07854261779176455,,0.3014070299960241
TAP,Consumer Staples,2022-03-31,2870600000.0,27721500000.0,358700000.0,,1286800000.0,761200000.0,,,7138800000.0,173700000.0,-119300000.0,,,,935800000.0,3555300000.0,,927800000.0,151500000.0,224400000.0,162350000.0,1.0,119300000.0,3.0067057837384743,-684700000.0,,,,0.2575185325469401
TDG,Industrials,2013-03-30,1327658000.0,5694092000.0,680024000.0,,206299000.0,243072000.0,73696000.0,16321000.0,4344500000.0,99737000.0,-60534000.0,,,,340175000.0,259261000.0,,259310000.0,67937000.0,194112000.0,92726500.0,1.0,60534000.0,11.23375293223643,1068397000.0,,,,0.7629838084807903
TDG,Industrials,2021-04-03,6358000000.0,18739000000.0,4072000000.0,,602000000.0,682000000.0,214000000.0,,19678000000.0,130000000.0,-123500000.0,,,1194000000.0,1240000000.0,1580000000.0,,592000000.0,104000000.0,394000000.0,195000000.0,1.0,123500000.0,32.97165991902834,4778000000.0,0.49581239530988275,0.32998324958123953,,0.8710363795763403
TDY,Information Technology,2012-07-01,648100000.0,1988900000.0,26100000.0,,343000000.0,312800000.0,129200000.0,,317300000.0,,-19100000.0,,,,249400000.0,365100000.0,2000000.0,,39500000.0,59700000.0,-5366666.666666667,0.0,19100000.0,1.3664921465968587,283000000.0,,,,0.15953542158982353
TDY,Information Technology,2013-03-31,793800000.0,2530400000.0,49000000.0,16300000.0,365400000.0,372100000.0,160000000.0,,683200000.0,,-56700000.0,,,,304500000.0,396600000.0,1800000.0,,40400000.0,58900000.0,32733333.333333332,1.0,56700000.0,0.8641975308641975,397200000.0,,,,0.2699968384445147
TDY,Information Technology,2022-04-03,2337400000.0,14251100000.0,284300000.0,21000000.0,752600000.0,783900000.0,496100000.0,,4131800000.0,203000000.0,-216700000.0,,,,801300000.0,1408300000.0,,,212600000.0,223500000.0,62533333.333333336,1.0,216700000.0,1.3119520073834794,929100000.0,,,,0.2899284967476195
TDY,Information Technology,2022-07-03,2337400000.0,14047500000.0,278800000.0,,788600000.0,814700000.0,483000000.0,,3945700000.0,221500000.0,-284300000.0,,,,821500000.0,1403000000.0,,,171300000.0,229500000.0,246950000.0,1.0,284300000.0,0.9806542384804784,934400000.0,,,,0.2808827193450792
TECH,Health Care,2013-12-31,279141000.0,802165000.0,98402000.0,,25424000.0,38306000.0,7163000.0,,,36218000.0,-29668000.0,,22849000.0,,39992000.0,22109000.0,,58593000.0,25055000.0,35744000.0,34934000.0,1.0,29668000.0,3.3167722798975325,257032000.0,,,,
TECH,Health Care,2017-09-30,307158000.0,1527380000.0,72464000.0,5273000.0,46745000.0,107325000.0,15082000.0,15423000.0,,22967000.0,-1740500.0,,71837000.0,,66532000.0,107031000.0,,97868000.0,15863000.0,26031000.0,40876000.0,1.0,1740500.0,41.63401321459351,200127000.0,,,,
TECH,Health Care,2020-09-30,541893000.0,2053096000.0,169404000.0,10938000.0,66468000.0,122635000.0,27190000.0,21088000.0,,39339000.0,-14204000.0,,88639000.0,,106003000.0,105424000.0,13333000.0,137731000.0,33395000.0,49092000.0,81857833.33333333,1.0,14204000.0,11.92649957758378,436469000.0,,,,
TEL,Information Technology,2016-03-25,5414000000.0,17841000000.0,1150000000.0,,1990000000.0,2095000000.0,1116000000.0,,,519000000.0,-112000000.0,,,,1635000000.0,3097000000.0,21000000.0,962000000.0,380000000.0,535000000.0,471833333.3333333,1.0,112000000.0,10.267857142857142,2317000000.0,,,,
TEL,Information Technology,2022-03-25,7417000000.0,21451000000.0,749000000.0,,2670000000.0,3068000000.0,1986000000.0,,,696000000.0,-6000000.0,,,,2999000000.0,5046000000.0,28000000.0,1337000000.0,560000000.0,705000000.0,537666666.6666666,1.0,6000000.0,124.83333333333333,2371000000.0,,,,
TER,Information Technology,2009-07-05,,,334081000.0,,,,,,,,-46757000.0,,109192000.0,169580000.0,,,,47129000.0,-66768000.0,-62063000.0,78441166.66666667,1.0,46757000.0,7.145047800329363,,0.2779160278334709,-0.3659806580964736,,
TER,Information Technology,2011-07-03,1343428000.0,1998295000.0,455398000.0,,,207823000.0,106993000.0,,,,-73312000.0,,114143000.0,410519000.0,141518000.0,352986000.0,,214882000.0,88155000.0,100739000.0,36708666.666666664,1.0,73312000.0,6.2117797904845045,990442000.0,0.5234398407869063,0.24539424484615815,,
TER,Information Technology,2013-03-31,1207450000.0,2389538000.0,305219000.0,22547000.0,,166614000.0,59100000.0,,,,-36494000.0,,149009000.0,280367000.0,149058000.0,417445000.0,,153417000.0,6589000.0,4408000.0,-69402000.0,0.0,36494000.0,8.363539211925248,790005000.0,0.5472006334554352,0.015722249765485953,,
TER,Information Technology,2013-06-30,1282203000.0,2506170000.0,227601000.0,,,228208000.0,67125000.0,,,,-293256000.0,,155325000.0,428889000.0,128204000.0,465070000.0,,241233000.0,66556000.0,85908000.0,154452000.0,1.0,293256000.0,0.7761171126933464,817133000.0,0.5624602169792184,0.2003035750508873,,
TER,Information Technology,2018-04-01,2156425000.0,2995193000.0,637873000.0,34797000.0,217635000.0,413978000.0,103950000.0,,,95820000.0,-81930000.0,,172298000.0,487467000.0,131857000.0,391325000.0,,269832000.0,86974000.0,97534000.0,23003333.333333332,1.0,81930000.0,7.78558525570609,1765100000.0,0.5535390087944415,0.20008328768921793,,
TER,Information Technology,2018-07-01,1894185000.0,2931720000.0,480384000.0,,219595000.0,454122000.0,102737000.0,,,120012000.0,-189590000.0,,186934000.0,526929000.0,135550000.0,452310000.0,,307334000.0,101037000.0,120400000.0,92207166.66666667,1.0,189590000.0,2.533804525555145,1441875000.0,0.5832550495417789,0.22849378189471448,,
TER,Information Technology,2021-07-04,2699472000.0,4000922000.0,954441000.0,,438739000.0,868457000.0,156103000.0,,,384026000.0,-59832500.0,,258117000.0,1085728000.0,226138000.0,985362000.0,,646989000.0,328319000.0,388872000.0,89832500.0,1.0,59832500.0,15.951882338194125,1714110000.0,0.5959033938518671,0.3581670547319402,,
TER,Information Technology,2022-07-03,2270435000.0,3488426000.0,572023000.0,,334377000.0,683739000.0,175606000.0,,,238592000.0,-260624500.0,,258399000.0,840766000.0,295625000.0,797385000.0,,506389000.0,197787000.0,247990000.0,85261166.66666667,1.0,260624500.0,2.194816680703464,1473050000.0,0.6022948121118123,0.2949572175849166,,
TER,Information Technology,2023-07-02,2123840000.0,3394896000.0,613208000.0,,281945000.0,493234000.0,153157000.0,,,144402000.0,-35156500.0,,262584000.0,684437000.0,347295000.0,669785000.0,,402492000.0,120050000.0,139908000.0,78916166.66666667,1.0,35156500.0,17.442236855204584,1454055000.0,0.5880628896450659,0.20441326228710605,,
TGT,Consumer Staples,2016-07-30,11503000000.0,37288000000.0,,,11137000000.0,,6811000000.0,570000000.0,,,-431500000.0,,,,8631000000.0,11003000000.0,,5032000000.0,,1241000000.0,1393666666.6666667,1.0,431500000.0,,500000000.0,,,,
TGT,Consumer Staples,2021-07-31,20231000000.0,51385000000.0,,,,,12632000000.0,,,2370000000.0,-100000000.0,,,,11259000000.0,19422000000.0,,,1817000000.0,2467000000.0,-688166666.6666666,0.0,100000000.0,,809000000.0,,,,
TGT,Consumer Staples,2022-04-30,17953000000.0,50842000000.0,,952000000.0,18461000000.0,,14053000000.0,679000000.0,,1249000000.0,-1394000000.0,,,,15083000000.0,20724000000.0,,,1009000000.0,1346000000.0,-997333333.3333334,0.0,1394000000.0,,-2771000000.0,,,,
TGT,Consumer Staples,2022-07-30,18453000000.0,52470000000.0,,,20142000000.0,,14891000000.0,,,217000000.0,-4556500000.0,,,,15320000000.0,22445000000.0,,,183000000.0,321000000.0,1562166666.6666667,1.0,4556500000.0,,-3992000000.0,,,,
TJX,Consumer Discretionary,2011-07-30,5029069000.0,8097126000.0,977763000.0,,,218083000.0,1922305000.0,,,,-223875000.0,,,5468274000.0,3368082000.0,3191344000.0,,,,,700664000.0,1.0,223875000.0,4.367450586264656,1837725000.0,,,,
TJX,Consumer Discretionary,2013-08-03,5950244000.0,9926043000.0,1858798000.0,,,221164000.0,1940245000.0,,,,-1268684000.0,,,6442424000.0,3188489000.0,3442881000.0,,,479559000.0,,822093000.0,1.0,1268684000.0,1.4651386791352299,2507363000.0,,,,
TJX,Consumer Discretionary,2019-08-03,8268604000.0,22854979000.0,2186382000.0,,7026057000.0,377057000.0,2607651000.0,,,1021307000.0,-339634500.0,,,,5087046000.0,6600741000.0,,,758962000.0,,-975396000.0,0.0,339634500.0,6.4374555588434035,1667863000.0,,,,
TJX,Consumer Discretionary,2020-05-02,10296248000.0,25415240000.0,4287835000.0,210525000.0,4414465000.0,172463000.0,1071190000.0,219460000.0,,-1342848000.0,-3160483000.0,,,,4945720000.0,4669547000.0,,,-887489000.0,,969089666.6666666,1.0,3160483000.0,1.3567024407345334,5626701000.0,,,,
TJX,Consumer Discretionary,2020-08-01,11517947000.0,26568402000.0,6620411000.0,,5174490000.0,444229000.0,2422140000.0,,,-92019000.0,-739989000.0,,,,3744062000.0,7647251000.0,,,-214220000.0,,818585666.6666666,1.0,739989000.0,8.946634341861838,3870696000.0,,,,
TJX,Consumer Discretionary,2021-05-01,15016049000.0,30301434000.0,8775485000.0,225293000.0,7255635000.0,621177000.0,4433295000.0,215379000.0,,721346000.0,-432727000.0,,,,5114643000.0,9906961000.0,,,533930000.0,,-275228333.3333333,0.0,432727000.0,20.279494924051424,5109088000.0,,,,
TJX,Consumer Discretionary,2021-07-31,13389030000.0,28783446000.0,7106016000.0,,8528130000.0,615634000.0,4413316000.0,,,1054332000.0,-1191501000.0,,,,5086631000.0,10042058000.0,,,785681000.0,,-200510666.66666666,0.0,1191501000.0,5.963919459572422,3346972000.0,,,,
TJX,Consumer Discretionary,2022-04-30,12480111000.0,27709952000.0,4295034000.0,314175500.0,8223106500.0,576150000.0,4370781500.0,219802500.0,,852137500.0,-634238000.0,,,,6989894000.0,10018759500.0,,,587236500.0,,276886500.0,1.0,634238000.0,6.771959422172749,2461351500.0,,,,
TJX,Consumer Discretionary,2022-07-30,11834882500.0,27090803000.0,3531106000.0,,8571275000.0,555845500.0,4085239000.0,,,1085795000.0,-967348000.0,,,,7083130000.0,10147059500.0,,,809670000.0,,1118169166.6666667,1.0,967348000.0,3.650295446933265,1687823000.0,,,,
TKO,Communication Services,2023-09-30,500976000.0,12736453000.0,188592000.0,,,195773000.0,20898000.0,,2746113000.0,,-31075000.0,,355221000.0,449058000.0,,399454000.0,,,-21886000.0,93837000.0,152183000.0,1.0,31075000.0,6.068930008045053,101522000.0,,0.2089640981788544,,0.21561050003482132
TMO,Health Care,2023-07-01,19995000000.0,94105000000.0,3133000000.0,,,8019000000.0,2423000000.0,,33806000000.0,,-564500000.0,345000000.0,,,5655000000.0,14112000000.0,,,,1578000000.0,1511500000.0,1.0,564500000.0,5.550044286979628,5883000000.0,,,,0.3592370224748951
TMUS,Communication Services,2010-06-30,1487525000.0,7479122000.0,776540000.0,,543522000.0,47786000.0,,109302000.0,,,-52256000.0,,,1012536000.0,,677574000.0,,,79915000.0,198412000.0,207552500.0,1.0,52256000.0,14.860303123086345,809951000.0,,0.19595550182907076,,
TPR,Consumer Discretionary,2015-12-26,2301600000.0,4603700000.0,843800000.0,,,303600000.0,147700000.0,56200000.0,872000000.0,,-65400000.0,,,,438500000.0,704000000.0,21600000.0,859100000.0,170100000.0,261000000.0,78200000.0,1.0,65400000.0,12.902140672782874,1597600000.0,,,,0.1894128635662619
TPR,Consumer Discretionary,2016-10-01,2505200000.0,4584600000.0,1000000000.0,67600000.0,,245100000.0,173500000.0,55300000.0,591400000.0,,-38100000.0,,,,546800000.0,697200000.0,16000000.0,714700000.0,117400000.0,165900000.0,57200000.0,1.0,38100000.0,26.246719160104988,1808000000.0,,,,0.1289970771713999
TPR,Consumer Discretionary,2017-09-30,3022300000.0,7454400000.0,1373300000.0,48900000.0,,302700000.0,292700000.0,65500000.0,1888200000.0,,-103800000.0,,,1288900000.0,852800000.0,1734900000.0,23300000.0,763650000.0,-17700000.0,-21800000.0,100766666.66666667,1.0,103800000.0,13.230250481695569,1287400000.0,0.592481961362402,-0.016913647296144,,0.2533000643915003
TPR,Consumer Discretionary,2018-09-29,2467500000.0,6703300000.0,904700000.0,55200000.0,,283100000.0,292900000.0,61400000.0,1600500000.0,,-19200000.0,,,1381200000.0,820900000.0,899400000.0,22400000.0,935100000.0,122300000.0,160000000.0,154625000.0,1.0,19200000.0,47.119791666666664,1568100000.0,0.6770199826238054,0.11584129742253113,,0.23876299732967343
TPR,Consumer Discretionary,2020-03-28,2131900000.0,7743000000.0,742600000.0,,,190400000.0,200100000.0,585200000.0,1587200000.0,,-115600000.0,,,,852900000.0,1138900000.0,13200000.0,616200000.0,-677100000.0,-685500000.0,270516666.6666667,1.0,115600000.0,6.423875432525952,993000000.0,,,,0.20498514787550046
TPR,Consumer Discretionary,2022-04-02,2558600000.0,7338200000.0,806000000.0,,,242900000.0,478900000.0,48500000.0,1189800000.0,151700000.0,-51700000.0,,,,913000000.0,1733300000.0,23000000.0,1005100000.0,122700000.0,169500000.0,32066666.666666668,1.0,51700000.0,15.589941972920697,825300000.0,,,,0.16213785396963834
TPR,Consumer Discretionary,2022-10-01,2387400000.0,7080000000.0,526500000.0,27300000.0,,269600000.0,510900000.0,43800000.0,1653400000.0,236200000.0,-170400000.0,,,,1139800000.0,1308400000.0,15100000.0,1054600000.0,195300000.0,254300000.0,113966666.66666667,1.0,170400000.0,3.089788732394366,1079000000.0,,,,0.23353107344632767
TRMB,Information Technology,2010-10-01,686100000.0,1816080000.0,211056000.0,,,229746000.0,73064000.0,,,,-8277000.0,36897000.0,128078000.0,318210000.0,176853000.0,262266000.0,,159748000.0,32845000.0,31670000.0,47563500.0,1.0,8277000.0,25.499093874592244,423834000.0,0.502020678168505,0.09952547060117532,0.11595172998962949,
TRMB,Information Technology,2013-06-28,846640000.0,3633760000.0,129072000.0,,,356264000.0,108864000.0,,899187000.0,,-71851000.0,76555000.0,237496000.0,576293000.0,258709000.0,581753000.0,,302401000.0,54581000.0,64905000.0,94880000.0,1.0,71851000.0,1.7963841839362014,264887000.0,0.5247348137145514,0.11262500151832489,0.13284041277613992,0.24745360177887368
TRMB,Information Technology,2022-07-01,1475000000.0,6919500000.0,350100000.0,,403700000.0,589300000.0,191700000.0,,,221600000.0,-95800000.0,140100000.0,402600000.0,,371700000.0,1449500000.0,,537500000.0,168000000.0,134900000.0,166850000.0,1.0,95800000.0,3.654488517745303,25500000.0,,,,
TSCO,Consumer Discretionary,2010-03-27,1009713000.0,1404339000.0,138060000.0,12940000.0,,,394955000.0,,,,-20975000.0,,,,832881000.0,515448000.0,,230931000.0,10582000.0,16467000.0,19502500.0,1.0,20975000.0,6.582121573301549,494265000.0,,,,
TSCO,Consumer Discretionary,2011-03-26,1138436000.0,1577153000.0,140448000.0,28905000.0,,,406408000.0,,,,-44801000.0,,,,941377000.0,560216000.0,,273606000.0,18335000.0,28766000.0,14591833.333333334,1.0,44801000.0,3.1349300238833955,578220000.0,,,,
TSCO,Consumer Discretionary,2011-09-24,1072396000.0,1547850000.0,96590000.0,,,,340208000.0,,,,-6029000.0,,,,913738000.0,502815000.0,3700000.0,327603000.0,42733000.0,68129000.0,26625666.666666668,1.0,6029000.0,16.020898988223585,569581000.0,,,,
TSCO,Consumer Discretionary,2012-03-31,1232113000.0,1743651000.0,126695000.0,31829000.0,,,423913000.0,,,,-20298000.0,,,,1031780000.0,565546000.0,4600000.0,332800000.0,40328000.0,64393000.0,1625333.3333333333,1.0,20298000.0,6.241747955463593,666567000.0,,,,
TSCO,Consumer Discretionary,2013-03-30,1267391000.0,1881328000.0,57022000.0,49335000.0,,,476043000.0,,,,-95299000.0,,,,1142900000.0,624130000.0,3400000.0,352091000.0,44006000.0,67923000.0,-5795500.0,0.0,95299000.0,0.5983483562261933,643261000.0,,,,
TSCO,Consumer Discretionary,2013-06-29,1205681000.0,1846424000.0,55698000.0,,,,360811000.0,,,,-15097500.0,,,,1082861000.0,579532000.0,,506140000.0,123580000.0,197979000.0,38303333.333333336,1.0,15097500.0,3.6892200695479382,626149000.0,,,,
TSCO,Consumer Discretionary,2014-03-29,1340138000.0,2056392000.0,47789000.0,41863000.0,,,477508000.0,,,,-38076000.0,,,,1225232000.0,645423000.0,,396219000.0,48809000.0,78729000.0,51524000.0,1.0,38076000.0,1.255095073011871,694715000.0,,,,
TSCO,Consumer Discretionary,2017-04-01,1824260000.0,2976402000.0,72701000.0,34883000.0,,,563525000.0,,0.0,,-141658000.0,,,,1657761000.0,817084000.0,,518203000.0,60311000.0,96362000.0,99072250.0,1.0,141658000.0,0.5132149260895961,1007176000.0,,,,0.01664324785442564
TSCO,Consumer Discretionary,2018-03-31,1984093000.0,3207787000.0,132398000.0,45144000.0,1119252000.0,,732524000.0,,150000000.0,,-21863000.0,,,1682901000.0,1760065000.0,1013935000.0,,563649000.0,71433000.0,94749000.0,56638000.0,1.0,21863000.0,6.055802039976215,970158000.0,0.3349270099667182,0.05630099453265522,,0.046761209519210596
TSCO,Consumer Discretionary,2019-03-30,2079085000.0,5437201000.0,102215000.0,28785000.0,1207236000.0,,785068000.0,,150000000.0,,-13024000.0,,,1822220000.0,1881332000.0,1311934000.0,,614984000.0,76832000.0,103408000.0,107183166.66666667,1.0,13024000.0,7.848203316953317,767151000.0,0.33749163108735497,0.0567483618882462,,0.027587723904266184
TSLA,Consumer Discretionary,2010-06-30,,,47304000.0,,,,,,,-38508000.0,-47576000.0,15416000.0,37623000.0,28405000.0,,,,6261000.0,-38517000.0,-31362000.0,-36090833.333333336,0.0,47576000.0,0.9942828316798386,,0.22041894032740714,-1.1041013906002464,0.54272135187467,
TSLA,Consumer Discretionary,2010-09-30,,,96563000.0,,,,,,,-34852000.0,-45957000.0,26698000.0,47130000.0,31241000.0,,,,9296000.0,-34935000.0,-37834000.0,-27935500.0,0.0,45957000.0,2.1011597797941555,,0.29755769661662557,-1.2110367785922345,0.8545821196504594,
TSLA,Consumer Discretionary,2011-03-31,,,100655000.0,20476000.0,,,,3100000.0,,-48791000.0,-43297000.0,41162000.0,65374000.0,49030000.0,,,5926000.0,18028000.0,-48941000.0,-47346000.0,-32401000.0,0.0,43297000.0,2.3247569115643114,,0.36769324903120537,-0.9656536814195391,0.8395268203140934,
TSLA,Consumer Discretionary,2011-06-30,417758000.0,646155000.0,319380000.0,,,23308000.0,57199000.0,3800000.0,,-58764000.0,-19018500.0,52531000.0,77247000.0,58171000.0,54312000.0,138736000.0,6926000.0,18508000.0,-58903000.0,-58739000.0,-51287500.0,0.0,19018500.0,16.793122486000474,279022000.0,0.31816540888071376,-1.009764315552423,0.9030444723315741,
TSLA,Consumer Discretionary,2011-09-30,412121000.0,700250000.0,213328000.0,,,18250000.0,53627000.0,3700000.0,,-64991000.0,-21491000.0,54083000.0,81701000.0,57666000.0,49216000.0,154181000.0,7886000.0,17224000.0,-65078000.0,-64477000.0,-76786833.33333333,0.0,21491000.0,9.926387790237774,257940000.0,0.2986855339368085,-1.1181111920369022,0.9378663337148406,
TSLA,Consumer Discretionary,2012-03-31,358897000.0,761100000.0,218570000.0,61380500.0,,13589000.0,64333000.0,3800000.0,,-89814000.0,-56693500.0,68391000.0,98973000.0,30167000.0,55427000.0,235722000.0,10711000.0,10210000.0,-89873000.0,-88763000.0,-36529333.333333336,0.0,56693500.0,3.855292052880842,123175000.0,0.33844929890277453,-2.9423873769350615,2.2670799217688202,
TSLA,Consumer Discretionary,2012-06-30,317126000.0,776869000.0,210554000.0,,,11023000.0,78601000.0,3700000.0,,-105494000.0,-75678000.0,74854000.0,110937000.0,26653000.0,66669000.0,286526000.0,12543000.0,4762000.0,-105603000.0,-106175000.0,73522000.0,1.0,75678000.0,2.782235259917017,30600000.0,0.17866656661539038,-3.9836040970997635,2.8084643379732115,
TSLA,Consumer Discretionary,2012-09-30,284541000.0,809177000.0,85693000.0,,,9164000.0,162025000.0,6800000.0,,-110688000.0,-97989000.0,61901000.0,99699000.0,50104000.0,159048000.0,385806000.0,12475000.0,-8761000.0,-110804000.0,-108460000.0,140300333.33333334,1.0,97989000.0,0.8745165273653165,-101265000.0,-0.03657003943304942,-2.1646974293469583,1.2354502634520197,
TSLA,Consumer Discretionary,2017-06-30,6359444000.0,26043705000.0,3035924000.0,,,453539000.0,2359316000.0,176600000.0,6755563000.0,-385780000.0,-269983000.0,369774000.0,907531000.0,2789557000.0,2438111000.0,6546355000.0,116042000.0,666615000.0,-336397000.0,-240916000.0,-313901833.3333333,0.0,269983000.0,11.244870973357582,-186911000.0,0.23896805119952738,-0.08636353370804038,0.13255653137756282,0.25939331596637266
TSLA,Consumer Discretionary,2017-09-30,7068733000.0,28107074000.0,3530030000.0,,,607734000.0,2385778000.0,197500000.0,9049729000.0,-671448000.0,-300562000.0,331622000.0,984620000.0,2984675000.0,2471382000.0,6468940000.0,112653000.0,449140000.0,-619376000.0,-535480000.0,250005666.66666666,1.0,300562000.0,11.744764807261065,599793000.0,0.1504820457838793,-0.17940981848945028,0.111108244616248,0.3219733580236776
TSLA,Consumer Discretionary,2018-03-31,6383920000.0,27271429000.0,2665673000.0,655662000.0,,652848000.0,2603498000.0,245200000.0,8219577000.0,-779022000.0,-398376000.0,367096000.0,1053500000.0,3408751000.0,2565826000.0,8650359000.0,141639000.0,456526000.0,-709551000.0,-596974000.0,169530000.0,1.0,398376000.0,6.691349378476615,-2266439000.0,0.13392764681257152,-0.17512983494540962,0.10769223096670892,0.30139883758933206
TSLA,Consumer Discretionary,2018-06-30,6699797000.0,27910000000.0,2236424000.0,,,569874000.0,3030493000.0,251800000.0,8626114000.0,-728999000.0,-242767500.0,386129000.0,1240322000.0,4002231000.0,3324643000.0,9141362000.0,197344000.0,618930000.0,-717539000.0,-621392000.0,181285833.33333334,1.0,242767500.0,9.212205093350633,-2441565000.0,0.15464624605626212,-0.15526140295250324,0.09647843915056377,0.3090689358652813
TSLA,Consumer Discretionary,2019-03-31,7677822000.0,28912524000.0,2198084500.0,279966000.0,,1046945000.0,3248827000.0,,8650023000.0,-644886000.0,-639803000.0,340087000.0,1087787000.0,4541232000.0,3836850000.0,9242800000.0,208189000.0,565871500.0,-702067500.0,-521915500.0,36166666.666666664,1.0,639803000.0,3.4355645409602644,-1564978000.0,0.12460748536960896,-0.11492817367621826,0.07488870861475476,0.29917910314575097
TSLA,Consumer Discretionary,2019-06-30,10181952000.0,31872597000.0,4954870000.0,,,1147100000.0,3133587000.0,,9905847000.0,-369915500.0,-207500000.0,323949000.0,1088252000.0,6349838000.0,3382358000.0,9588773000.0,209931500.0,921023000.0,-408167000.0,-167229000.0,116666666.66666667,1.0,207500000.0,23.87889156626506,593179000.0,0.14504669252979369,-0.02633594746826612,0.05101689208449097,0.3107951008824289
TSLA,Consumer Discretionary,2020-03-31,14893000000.0,37250000000.0,8080000000.0,455000000.0,,1274000000.0,3970000000.0,,9479000000.0,70000000.0,-440000000.0,324000000.0,951000000.0,5985000000.0,4494000000.0,11986000000.0,211000000.0,1234000000.0,16000000.0,283000000.0,1358333333.3333333,1.0,440000000.0,18.363636363636363,2907000000.0,0.20618212197159566,0.047284878863826235,0.05413533834586466,0.2544697986577181
TSLA,Consumer Discretionary,2023-06-30,43875000000.0,90591000000.0,15296000000.0,,,3447000000.0,15273000000.0,,504000000.0,2937000000.0,-145000000.0,943000000.0,2134000000.0,24927000000.0,14356000000.0,27592000000.0,445000000.0,4533000000.0,2703000000.0,2399000000.0,987000000.0,1.0,145000000.0,105.48965517241379,16283000000.0,0.18185100493440848,0.09624102378946524,0.03783046495767642,0.01664324785442564
TSLA,Consumer Discretionary,2024-06-30,52977000000.0,112832000000.0,14635000000.0,,,3737000000.0,13056000000.0,,5338000000.0,1837000000.0,-589000000.0,1074000000.0,2973000000.0,25500000000.0,14195000000.0,27729000000.0,439000000.0,4578000000.0,1439000000.0,1605000000.0,999333333.3333334,1.0,589000000.0,24.847198641765704,24848959999.999943,0.17952941176470588,0.06294117647058824,0.04211764705882353,0.04730927396483267
TSN,Consumer Staples,2011-04-02,4937000000.0,11226000000.0,794000000.0,,,1256000000.0,1126000000.0,,,,-225666666.66666666,,,,2730000000.0,2479000000.0,,533000000.0,159000000.0,303000000.0,310666666.6666667,1.0,225666666.66666666,3.518463810930576,2458000000.0,,,,
TSN,Consumer Staples,2013-03-30,5299000000.0,11789000000.0,762000000.0,,,1428000000.0,1265000000.0,,,190000000.0,-129500000.0,,,,2921000000.0,2732000000.0,,438000000.0,95000000.0,205000000.0,260666666.66666666,1.0,129500000.0,5.884169884169884,2567000000.0,,,,
TSN,Consumer Staples,2014-03-29,5184000000.0,11886000000.0,438000000.0,,,1548000000.0,1429000000.0,,,341000000.0,-121000000.0,,,,2968000000.0,2505000000.0,,651000000.0,213000000.0,361000000.0,542166666.6666666,1.0,121000000.0,3.6198347107438016,2679000000.0,,,,
TSN,Consumer Staples,2019-03-30,6376000000.0,32498000000.0,360000000.0,,9251000000.0,1837000000.0,1710000000.0,,,528000000.0,-23000000.0,,,10443000000.0,3899000000.0,4614000000.0,,1192000000.0,426000000.0,635000000.0,660833333.3333334,1.0,23000000.0,15.652173913043478,1762000000.0,0.11414344537010437,0.06080628171981232,,
TSN,Consumer Staples,2021-04-03,8014000000.0,34474000000.0,877000000.0,,10047000000.0,2113000000.0,1900000000.0,,,624000000.0,-5000000.0,,,11300000000.0,4128000000.0,4612000000.0,,1253000000.0,476000000.0,720000000.0,878333333.3333334,1.0,5000000.0,175.4,3402000000.0,0.11088495575221238,0.06371681415929203,,
TSN,Consumer Staples,2022-04-02,8997000000.0,35898000000.0,1151000000.0,,11382000000.0,2408000000.0,2269000000.0,,,1087000000.0,-104000000.0,,,13117000000.0,4990000000.0,4657000000.0,,1735000000.0,829000000.0,1156000000.0,417333333.3333333,1.0,104000000.0,11.067307692307692,4340000000.0,0.13227109857436914,0.08812990775329725,,
TSN,Consumer Staples,2023-04-01,8892000000.0,36796000000.0,543000000.0,,12606000000.0,2433000000.0,2387000000.0,,,-130000000.0,-176000000.0,,,13133000000.0,5504000000.0,5346000000.0,,527000000.0,-97000000.0,-49000000.0,807500000.0,1.0,176000000.0,3.085227272727273,3546000000.0,0.04012792202847788,-0.003731059163938171,,
TT,Industrials,2012-06-30,5371100000.0,18738700000.0,903400000.0,,2644000000.0,,1489800000.0,,,419900000.0,-64800000.0,,,3821300000.0,1475000000.0,3909200000.0,12200000.0,,365800000.0,477900000.0,10916666.666666672,1.0,64800000.0,13.941358024691358,1461900000.0,,0.12506215162379294,,
TT,Industrials,2012-12-31,4942700000.0,18492900000.0,795250000.0,,,,1230200000.0,,,,-27200000.0,,,,1308800000.0,4161300000.0,,,,,57454166.66666667,1.0,27200000.0,29.237132352941178,781400000.0,,,,
TT,Industrials,2013-03-31,5117400000.0,18593300000.0,746050000.0,,2052350000.0,,1330600000.0,,,92700000.0,-3700000.0,,,,1466300000.0,4170900000.0,23000000.0,,88000000.0,156750000.0,27545833.33333334,1.0,3700000.0,201.63513513513513,946500000.0,,,,
TT,Industrials,2013-06-30,6828500000.0,20273700000.0,2113650000.0,,2528150000.0,,1475000000.0,,,371050000.0,-355333333.3333333,,,,1435000000.0,5146900000.0,19600000.0,,317200000.0,435250000.0,47287500.0,1.0,355333333.3333333,5.948358348968106,1681600000.0,,,,
TT,Industrials,2014-03-31,4886400000.0,16774000000.0,897900000.0,,1954800000.0,,1240100000.0,,,105200000.0,-123333333.33333333,,,,1348400000.0,3402600000.0,26300000.0,,79000000.0,155000000.0,-11722222.22222223,0.0,123333333.33333333,7.280270270270271,1483800000.0,,,,
TT,Industrials,2014-06-30,5326500000.0,17159400000.0,932100000.0,,2439900000.0,,1478800000.0,,,418900000.0,-276366666.6666667,,,,1388900000.0,4254100000.0,14500000.0,,306000000.0,463300000.0,54133333.333333336,1.0,276366666.6666667,3.372693281871909,1072400000.0,,,,
TT,Industrials,2015-03-31,5104800000.0,17409000000.0,733900000.0,,2086700000.0,,1356100000.0,,,89600000.0,-125200000.0,,,,1613000000.0,3977500000.0,24500000.0,,51300000.0,171100000.0,-1866666.6666666667,0.0,125200000.0,5.861821086261981,1127300000.0,,,,
TT,Industrials,2015-06-30,5528600000.0,17886800000.0,779600000.0,,2494500000.0,,1470900000.0,,,418400000.0,-78800000.0,,,,1634500000.0,4457700000.0,13700000.0,,78900000.0,452200000.0,123533333.33333333,1.0,78800000.0,9.893401015228426,1070900000.0,,,,
TT,Industrials,2016-03-31,4812900000.0,16952500000.0,612900000.0,,2044100000.0,,1345800000.0,,,170600000.0,-9800000.0,,,,1612700000.0,3930100000.0,23300000.0,,152400000.0,221350000.0,313216666.6666667,1.0,9800000.0,62.54081632653061,882800000.0,,,,
TT,Industrials,2017-03-31,5414000000.0,17259500000.0,1322500000.0,,2126100000.0,,1378500000.0,,,156300000.0,-43400000.0,,,,1599700000.0,3534100000.0,24800000.0,,117100000.0,215000000.0,82883333.33333333,1.0,43400000.0,30.472350230414747,1879900000.0,,,,
TT,Industrials,2017-06-30,5855000000.0,17773500000.0,1310100000.0,,2653100000.0,,1599200000.0,,,492000000.0,-152850000.0,,,,1604500000.0,3903500000.0,19100000.0,,358600000.0,557600000.0,114200000.0,1.0,152850000.0,8.571148184494602,1951500000.0,,,,
TT,Industrials,2018-03-31,6071500000.0,18365100000.0,1175100000.0,,2420200000.0,,1666100000.0,,,166500000.0,-66200000.0,,,,1778800000.0,4320700000.0,30800000.0,,120400000.0,243400000.0,136066666.66666666,1.0,66200000.0,17.750755287009063,1750800000.0,,,,
TT,Industrials,2018-06-30,6161700000.0,18377900000.0,969500000.0,,2964100000.0,,1832100000.0,,,586500000.0,-58900000.0,,,,1733300000.0,4752700000.0,22500000.0,,448100000.0,640300000.0,137366666.66666666,1.0,58900000.0,16.460101867572156,1409000000.0,,,,
TT,Industrials,2019-03-31,7084700000.0,19781000000.0,1894900000.0,,2253250000.0,,1800100000.0,,,208150000.0,-52600000.0,,,,1983700000.0,4488500000.0,31500000.0,,199900000.0,277500000.0,92266666.66666667,1.0,52600000.0,36.02471482889734,2596200000.0,,,,
TT,Industrials,2019-06-30,6351500000.0,20667600000.0,863100000.0,,2778450000.0,,1889900000.0,,,546850000.0,-55000000.0,,,,1950500000.0,5180200000.0,13200000.0,,456100000.0,608700000.0,-105716666.66666667,0.0,55000000.0,15.692727272727273,1171300000.0,,,,
TT,Industrials,2020-03-31,6559800000.0,17635600000.0,2647700000.0,34700000.0,1898800000.0,,1446700000.0,,,103800000.0,-327600000.0,,,,1463700000.0,4240800000.0,28100000.0,,-29200000.0,154400000.0,180550000.0,1.0,327600000.0,8.082112332112333,2319000000.0,,,,
TT,Industrials,2020-06-30,6344700000.0,17223600000.0,2366800000.0,,2160500000.0,,1368200000.0,,,361800000.0,-648950000.0,,,,1353000000.0,3829200000.0,17200000.0,,238800000.0,423500000.0,512383333.3333333,1.0,648950000.0,3.6471222744433316,2515500000.0,,,,
TT,Industrials,2022-03-31,6030500000.0,17636900000.0,,74800000.0,2366500000.0,,1931600000.0,,,331500000.0,-188200000.0,,,,1872300000.0,4594400000.0,22000000.0,,260200000.0,388200000.0,57200000.0,1.0,188200000.0,,1436100000.0,,,,
TT,Industrials,2022-06-30,6125200000.0,17680800000.0,,,2867000000.0,,2000200000.0,,,653100000.0,-347100000.0,,,,1886900000.0,5630300000.0,12100000.0,,509300000.0,710600000.0,226450000.0,1.0,347100000.0,,494900000.0,,,,
TTD,Communication Services,2017-06-30,515318000.0,541258000.0,115859000.0,,15151000.0,382209000.0,290399000.0,,,18391000.0,-11971000.0,12135000.0,,,,311509000.0,4191000.0,,18849000.0,19694000.0,13234166.666666666,1.0,11971000.0,9.678305905939354,203809000.0,,,,
TTD,Communication Services,2021-06-30,2347266000.0,2792948000.0,476907000.0,,50809000.0,1527651000.0,1222220000.0,,,61550000.0,-33315000.0,53536000.0,,,,1328573000.0,45197000.0,,47697000.0,61948000.0,135422833.33333334,1.0,33315000.0,14.315083295812697,1018693000.0,,,,
TTWO,Communication Services,2009-07-31,,,174789000.0,,,,,4218000.0,,,-146760000.0,13886000.0,70584000.0,,,,,17990000.0,,-52594000.0,10501000.0,1.0,146760000.0,1.1909852820932134,,,,,
TTWO,Communication Services,2009-12-31,,,77943000.0,,,,,4140000.0,,,-16131000.0,15663000.0,112164000.0,,,,,156626000.0,,44462000.0,120368333.33333333,1.0,16131000.0,4.83187651106565,,,,,
TTWO,Communication Services,2011-06-30,644648000.0,1003577000.0,248759000.0,2400000.0,,146694000.0,72480000.0,3245000.0,,,-28406000.0,,125024000.0,,25941000.0,260119000.0,,123161000.0,-8713000.0,-1863000.0,-61568833.333333336,0.0,28406000.0,8.757269590931493,384529000.0,,,,
TTWO,Communication Services,2011-09-30,545939000.0,931916000.0,269740000.0,,,19572000.0,90331000.0,3284000.0,,,-87817500.0,,73840000.0,,45077000.0,235515000.0,,32331000.0,-47371000.0,-41509000.0,-50634833.333333336,0.0,87817500.0,3.071597346770291,310424000.0,,,,
TTWO,Communication Services,2011-12-31,752420000.0,1140596000.0,453316000.0,,,53274000.0,29400000.0,2854000.0,,,-44373000.0,,89610000.0,,22516000.0,169078000.0,,109858000.0,14104000.0,20248000.0,5416166.666666667,1.0,44373000.0,10.216032271877042,583342000.0,,,,
TTWO,Communication Services,2012-06-30,719107000.0,1073137000.0,367056000.0,3290000.0,,71707000.0,78224000.0,2769000.0,,,-52516000.0,,140290000.0,,27987000.0,256993000.0,,39408000.0,-110838000.0,-100882000.0,25321833.333333332,1.0,52516000.0,6.989412750399878,462114000.0,,,,
TTWO,Communication Services,2012-09-30,797943000.0,1164745000.0,328284000.0,,,154951000.0,125079000.0,2550000.0,,,-55015500.0,,118530000.0,,60568000.0,336931000.0,,114597000.0,-12491000.0,-3933000.0,81790333.33333333,1.0,55015500.0,5.9671183575537805,461012000.0,,,,
TTWO,Communication Services,2014-06-30,1234352000.0,1607736000.0,822000000.0,8392000.0,,43165000.0,22575000.0,4148000.0,,,-87516000.0,,104478000.0,,23147000.0,285269000.0,,71269000.0,-35403000.0,-33209000.0,-66462833.333333336,0.0,87516000.0,9.392568216097628,949083000.0,,,,
TTWO,Communication Services,2014-09-30,1266777000.0,1665212000.0,754410000.0,,,25427000.0,85116000.0,5130000.0,,,-497218500.0,,122774000.0,,55948000.0,379142000.0,,74261000.0,-41369000.0,-48513000.0,95860333.33333333,1.0,497218500.0,1.517260520274286,887635000.0,,,,
TTWO,Communication Services,2015-09-30,1964608000.0,2416499000.0,711713000.0,,,240859000.0,69138000.0,7353000.0,,,-10249000.0,,136603000.0,,24020000.0,1213885000.0,,203034000.0,54735000.0,66431000.0,-7886500.0,0.0,10249000.0,69.44218948190067,750723000.0,,,,
TTWO,Communication Services,2016-06-30,1977672000.0,2538727000.0,796328000.0,4230000.0,,141150000.0,37781000.0,7378000.0,,,-47248000.0,,159155000.0,,12734000.0,1261627000.0,,120172000.0,-38567000.0,-38983000.0,53607166.666666664,1.0,47248000.0,16.854216051473077,716045000.0,,,,
TTWO,Communication Services,2016-09-30,2370770000.0,2979080000.0,770003000.0,,,381587000.0,144756000.0,7491000.0,,,-145220500.0,,167368000.0,,77561000.0,1719234000.0,,214562000.0,36432000.0,47194000.0,84317166.66666667,1.0,145220500.0,5.302302360892574,651536000.0,,,,
TTWO,Communication Services,2017-09-30,2455515000.0,3696380000.0,749626000.0,,246548000.0,429019000.0,75810000.0,18883000.0,,,-53090500.0,,208333000.0,,36431000.0,1850504000.0,,197014000.0,6631666.666666667,-11319000.0,72342750.0,1.0,53090500.0,14.119776607867697,605011000.0,,,,
TTWO,Communication Services,2018-06-30,2074347000.0,3456004000.0,464804000.0,14289000.0,131365000.0,239736000.0,33767000.0,9260000.0,,,-11183000.0,,185771000.0,,10642000.0,1391216000.0,,256617000.0,71693000.0,70846000.0,126065833.33333333,1.0,11183000.0,41.563444513994455,683131000.0,,,,
TTWO,Communication Services,2018-09-30,2191736000.0,3655189000.0,462347000.0,,234880000.0,534633000.0,77298000.0,9751000.0,,,-326571500.0,,231801000.0,,40541000.0,1489789000.0,,257787000.0,25367000.0,25986000.0,217942500.0,1.0,326571500.0,1.4157604077514419,701947000.0,,,,
TTWO,Communication Services,2019-09-30,3388333000.0,4815111000.0,762032000.0,,468248000.0,858597000.0,114946000.0,12024000.0,,,-50941500.0,,314773000.0,,39293000.0,2290228000.0,,389593000.0,71815000.0,74820000.0,382665833.3333333,1.0,50941500.0,14.958962731760941,1098105000.0,,,,
TTWO,Communication Services,2021-09-30,4243458000.0,6619031000.0,856901000.0,,456682000.0,804468000.0,83401000.0,16140500.0,,19937000.0,-110141000.0,,381382500.0,,12579000.0,2566873000.0,,401508000.0,10248500.0,20125500.0,-5969666.666666667,0.0,110141000.0,7.780036498669887,1676585000.0,,,,
TTWO,Communication Services,2021-12-31,3705013000.0,6357953000.0,986741000.0,,350379000.0,647907000.0,100720000.0,15998000.0,,152169500.0,-264509000.0,,398783500.0,,11678000.0,2072345000.0,,552886500.0,144548500.0,154103000.0,42333333.333333336,1.0,264509000.0,3.7304628575965277,1632668000.0,,,,
TTWO,Communication Services,2022-12-31,2606700000.0,16881400000.0,860900000.0,,,711100000.0,151600000.0,35000000.0,2735500000.0,-200100000.0,-119600000.0,,888800000.0,,,3009800000.0,,715900000.0,-153400000.0,-172900000.0,-6700000.0,0.0,119600000.0,7.198160535117057,-403100000.0,,,,0.16204224768087955
TTWO,Communication Services,2023-12-31,2218500000.0,14895700000.0,898700000.0,,,666300000.0,151800000.0,42600000.0,,-152300000.0,-77000000.0,,807600000.0,,,2692400000.0,,678100000.0,-91600000.0,-129500000.0,-170533333.33333334,0.0,77000000.0,11.67142857142857,-473900000.0,,,,
TTWO,Communication Services,2024-06-30,2559000000.0,12944600000.0,1081100000.0,35100000.0,,594200000.0,170300000.0,44800000.0,,-212200000.0,-191000000.0,,956000000.0,,,2846300000.0,,771100000.0,-262000000.0,-184900000.0,-121766666.66666667,0.0,191000000.0,5.66020942408377,-287300000.0,,,,
TTWO,Communication Services,2024-09-30,2705700000.0,13075300000.0,876100000.0,,,858900000.0,177100000.0,47300000.0,,-324300000.0,-315800000.0,,1025100000.0,,,3200500000.0,,727900000.0,-365500000.0,-297200000.0,119466666.66666667,1.0,315800000.0,2.774224192526916,-494800000.0,,,,
TTWO,Communication Services,2024-12-31,2401300000.0,12679900000.0,1206800000.0,,,662300000.0,144800000.0,49500000.0,,-152900000.0,-4800000.0,,892000000.0,,,2895100000.0,,759900000.0,-125200000.0,-132100000.0,222800000.0,1.0,4800000.0,251.41666666666666,-493800000.0,,,,
TXN,Information Technology,2009-06-30,5740000000.0,11510000000.0,1529500000.0,,,1244000000.0,421000000.0,,,,-1408000000.0,369000000.0,,,1063000000.0,1468000000.0,,1124000000.0,,343000000.0,834000000.0,1.0,1408000000.0,1.0862926136363635,4272000000.0,,,,
TXN,Information Technology,2023-06-30,15514000000.0,30939000000.0,3439000000.0,,1621000000.0,1956000000.0,923000000.0,,11219000000.0,2002000000.0,-780000000.0,477000000.0,,,3729000000.0,2711000000.0,,2910000000.0,1722000000.0,1972000000.0,1098000000.0,1.0,780000000.0,4.408974358974359,12803000000.0,,,,0.362616762015579
TXT,Industrials,2009-04-04,,,1691000000.0,,1999000000.0,,,96000000.0,,,-169000000.0,,,2526000000.0,,,,,86000000.0,,223666666.66666666,1.0,169000000.0,10.005917159763314,,,,,
TXT,Industrials,2010-04-03,,18110000000.0,1509000000.0,,1776000000.0,,,90000000.0,,,-88000000.0,,,2210000000.0,,,,,-8000000.0,,271000000.0,1.0,88000000.0,17.147727272727273,,,,,
TXT,Industrials,2011-07-02,,14839000000.0,651000000.0,,2225000000.0,,,,,,-162500000.0,,,2728000000.0,2562000000.0,,,,90000000.0,196000000.0,-38666666.666666664,0.0,162500000.0,4.006153846153846,,,0.0718475073313783,,
TXT,Industrials,2012-03-31,,13280000000.0,646000000.0,,2312000000.0,,,91000000.0,,,-254000000.0,,,2856000000.0,2593000000.0,,46000000.0,,118000000.0,,-110666666.66666667,0.0,254000000.0,2.543307086614173,,,,,
TXT,Industrials,2012-06-30,,13068000000.0,911000000.0,,2435000000.0,,,,,,-305000000.0,,,3019000000.0,2759000000.0,,,,172000000.0,,-231500000.0,0.0,305000000.0,2.9868852459016395,,,,,
TXT,Industrials,2013-03-30,,12557000000.0,791000000.0,,2382000000.0,,,97000000.0,,,-399000000.0,,,2855000000.0,2972000000.0,,30000000.0,,119000000.0,,-111166666.66666667,0.0,399000000.0,1.9824561403508771,,,,,
TXT,Industrials,2013-06-29,,12440000000.0,571000000.0,,2338000000.0,,,,,,-667500000.0,,,2839000000.0,3203000000.0,,,,113000000.0,,246333333.33333334,1.0,667500000.0,0.8554307116104869,,,,,
TXT,Industrials,2014-03-29,,14963000000.0,780000000.0,,2357000000.0,,,98000000.0,,,-27000000.0,,,2847000000.0,3909000000.0,,34000000.0,,85000000.0,,199666666.66666666,1.0,27000000.0,28.88888888888889,,,,,
TXT,Industrials,2015-04-04,,14738000000.0,708000000.0,,2509000000.0,,,110000000.0,,,-21000000.0,,,3073000000.0,4236000000.0,,31000000.0,,128000000.0,,-6000000.0,0.0,21000000.0,33.714285714285715,,,,,
TXT,Industrials,2015-07-04,,14948000000.0,792000000.0,,2635000000.0,,,,,,-81000000.0,,,3247000000.0,4437000000.0,,,,167000000.0,,-58500000.0,0.0,81000000.0,9.777777777777779,,,,,
TXT,Industrials,2016-04-02,,15099000000.0,778000000.0,,2635000000.0,,,109000000.0,,215000000.0,-150000000.0,,,3201000000.0,4477000000.0,,7000000.0,,150000000.0,,-89833333.33333333,0.0,150000000.0,5.1866666666666665,,,,,
TXT,Industrials,2016-07-02,,15034000000.0,743000000.0,,2889000000.0,,,,,260000000.0,-238500000.0,,,3511000000.0,4595000000.0,,,,177000000.0,,50833333.333333336,1.0,238500000.0,3.1153039832285114,,,,,
TXT,Industrials,2017-04-01,,15703000000.0,997000000.0,,2588000000.0,,,106000000.0,,121000000.0,-205000000.0,,,3093000000.0,4709000000.0,,20000000.0,,101000000.0,,64833333.333333336,1.0,205000000.0,4.863414634146341,,,,,
TXT,Industrials,2018-03-31,,14968000000.0,836000000.0,,2729000000.0,1110000000.0,,105000000.0,,218000000.0,-85000000.0,,,3296000000.0,4090000000.0,,33000000.0,,189000000.0,,103166666.66666667,1.0,85000000.0,9.83529411764706,,,,,
TXT,Industrials,2019-03-30,,14480000000.0,,,2577000000.0,,,102000000.0,,,-216000000.0,,,3109000000.0,4047000000.0,,44000000.0,,179000000.0,,-173333333.33333334,0.0,216000000.0,,,,,,
TXT,Industrials,2019-06-29,,14796000000.0,,,2641000000.0,,,,,,-409000000.0,,,3227000000.0,4311000000.0,,,,217000000.0,,-124833333.33333333,0.0,409000000.0,,,,,,
TXT,Industrials,2020-04-04,,15946000000.0,,,2387000000.0,,,90000000.0,,,-395000000.0,,,2777000000.0,4385000000.0,,-13000000.0,,50000000.0,,89500000.0,1.0,395000000.0,,,,,,
TXT,Industrials,2020-07-04,,15471000000.0,,,2251000000.0,,,,,,-263500000.0,,,2472000000.0,4262000000.0,,,,-92000000.0,,401500000.0,1.0,263500000.0,,,,,,
TXT,Industrials,2023-07-01,,16485000000.0,,,,,,,,329000000.0,-21500000.0,,,3424000000.0,4108000000.0,,,,263000000.0,,84166666.66666667,1.0,21500000.0,,,,,,
TXT,Industrials,2024-03-30,,16414000000.0,,,,,,88000000.0,,237000000.0,-7000000.0,144000000.0,,3135000000.0,4267000000.0,,77000000.0,,201000000.0,,28500000.0,1.0,7000000.0,,,,,0.045933014354066985,
TYL,Information Technology,2010-06-30,,,1192000.0,,40125000.0,,,,,,-374000.0,,,72600000.0,,,,32475000.0,6249000.0,10485000.0,16933333.333333332,1.0,1179870.0,3.1871657754010694,,0.44731404958677684,0.14442148760330578,,
TYL,Information Technology,2012-06-30,117260000.0,320446000.0,312000.0,,50669000.0,100460000.0,1768000.0,,,,-14127500.0,,,91368000.0,,150012000.0,1768000.0,40699000.0,7105000.0,12455000.0,19691333.333333332,1.0,14127500.0,0.2196183591894155,-32752000.0,0.4454404167761142,0.13631687242798354,,
TYL,Information Technology,2017-06-30,352278000.0,1438509000.0,55072000.0,,113260000.0,233831000.0,9448000.0,,,37085500.0,-20452000.0,,,,,359582000.0,8901000.0,95683000.0,31674000.0,37186500.0,44492166.666666664,1.0,20452000.0,2.6927439859182476,-7304000.0,,,,
TYL,Information Technology,2018-06-30,501988000.0,1759759000.0,93247000.0,,126784000.0,299253000.0,4839000.0,,,37700000.0,-3960500.0,,,,,373882000.0,12933000.0,109276000.0,39161000.0,37142000.0,31619166.666666668,1.0,3960500.0,23.544249463451585,128106000.0,,,,
TYL,Information Technology,2019-06-30,453570000.0,1949431000.0,11187000.0,,147264000.0,381379000.0,8062000.0,,,36419000.0,-41222500.0,,,,,453732000.0,15066000.0,127860000.0,31999000.0,36666000.0,64678500.0,1.0,41222500.0,0.27138092061374247,-162000.0,,,,
TYL,Information Technology,2021-06-30,928928000.0,4641003000.0,216773000.0,,222014000.0,584156000.0,106727000.0,,957559000.0,26092000.0,-81808000.0,,,,,765779000.0,,182061000.0,25530000.0,38291000.0,86925500.0,1.0,81808000.0,2.649777527870135,163149000.0,,,,0.20632587395440166
TYL,Information Technology,2023-06-30,856880000.0,4635549000.0,118764000.0,,281102000.0,638726000.0,118534000.0,,869074000.0,56130000.0,-74274000.0,,,,,854217000.0,26028000.0,223177000.0,49130000.0,61874000.0,89655833.33333333,1.0,74274000.0,1.5989983035786413,2663000.0,,,,0.18748027472042686
UAL,Industrials,2012-09-30,10774000000.0,37905000000.0,5129000000.0,,,,2188000000.0,,,,-238000000.0,,,9909000000.0,,13057000000.0,18000000.0,,6000000.0,200000000.0,582833333.3333334,1.0,238000000.0,21.550420168067227,-2283000000.0,,0.02018367140982945,,
UAL,Industrials,2020-06-30,10041000000.0,54901000000.0,6505000000.0,,,,1725000000.0,618000000.0,,-2003000000.0,-2931000000.0,,,,,16395000000.0,24000000.0,,-1627000000.0,-1637000000.0,886000000.0,1.0,2931000000.0,2.219379051518253,-6354000000.0,,,,
UAL,Industrials,2020-09-30,16476000000.0,61189000000.0,13150000000.0,,,,1831000000.0,626000000.0,,-2332000000.0,-1889000000.0,,,,,15791000000.0,41000000.0,,-1841000000.0,-1615000000.0,1253666666.6666667,1.0,1889000000.0,6.961355214399153,685000000.0,,,,
UAL,Industrials,2021-09-30,23057000000.0,69294000000.0,19256000000.0,,,,2199000000.0,623000000.0,,603000000.0,-786000000.0,,,,,16935000000.0,71000000.0,,473000000.0,1037000000.0,1738666666.6666667,1.0,786000000.0,24.498727735368956,6122000000.0,,,,
UBER,Industrials,2018-03-31,,,4716000000.0,90000000.0,,,,88000000.0,,,-297000000.0,340000000.0,,2584000000.0,,,63000000.0,,3748000000.0,-478000000.0,-527333333.3333333,0.0,297000000.0,15.878787878787879,,,-0.184984520123839,0.13157894736842105,
UBER,Industrials,2018-06-30,,,5647000000.0,,,,,98000000.0,,,-450000000.0,365000000.0,,2768000000.0,,,20000000.0,,-878000000.0,-739000000.0,-782000000.0,0.0,450000000.0,12.54888888888889,,,-0.26697976878612717,0.13186416184971098,
UBER,Industrials,2018-09-30,,,4756000000.0,,,,,131000000.0,,,-410000000.0,434000000.0,,2944000000.0,,,64000000.0,,-986000000.0,-763000000.0,-938000000.0,0.0,410000000.0,11.6,,,-0.2591711956521739,0.14741847826086957,
UBER,Industrials,2019-03-31,7930000000.0,24390000000.0,5745000000.0,129000000.0,,1074000000.0,151000000.0,146000000.0,,,-722000000.0,409000000.0,,3099000000.0,,4714000000.0,11000000.0,,-1012000000.0,-1034000000.0,-851666666.6666666,0.0,722000000.0,7.957063711911357,3216000000.0,,-0.3336560180703453,0.13197805743788318,
UBER,Industrials,2019-06-30,14300000000.0,30980000000.0,11744000000.0,,,1290000000.0,167000000.0,123000000.0,,,-1214000000.0,3064000000.0,,3166000000.0,,5570000000.0,3941000000.0,,-5236000000.0,-5485000000.0,-538000000.0,0.0,1214000000.0,9.673805601317957,8730000000.0,,-1.7324699936828807,0.9677826910928616,
UBER,Industrials,2019-09-30,15153000000.0,32292000000.0,12650000000.0,,,1154000000.0,126000000.0,102000000.0,,,-878000000.0,755000000.0,,3813000000.0,,5372000000.0,401000000.0,,-1162000000.0,-1106000000.0,-380666666.6666667,0.0,878000000.0,14.407744874715261,9781000000.0,,-0.29006031995803827,0.1980068187778652,
UBER,Industrials,2020-03-31,11114000000.0,30090000000.0,8165000000.0,198000000.0,,683000000.0,215000000.0,128000000.0,,,-463000000.0,645000000.0,,3395500000.0,,6631000000.0,277000000.0,,-2936000000.0,-1263000000.0,-430000000.0,0.0,463000000.0,17.63498920086393,4483000000.0,,-0.3719628920630246,0.18995729642173464,
UBER,Industrials,2020-06-30,9662000000.0,28240000000.0,6754000000.0,,,604000000.0,253000000.0,129000000.0,,,-273000000.0,584000000.0,,2077000000.0,,5891000000.0,131000000.0,,-1775000000.0,-1607000000.0,-333000000.0,0.0,273000000.0,24.73992673992674,3771000000.0,,-0.7737120847376023,0.2811747713047665,
UBER,Industrials,2020-09-30,9412000000.0,28894000000.0,6154000000.0,,,773000000.0,240000000.0,138000000.0,,,-406000000.0,493000000.0,,2971000000.0,,6921000000.0,183000000.0,,-1089000000.0,-1116000000.0,7000000.0,1.0,406000000.0,15.157635467980295,2491000000.0,,-0.3756311006395153,0.16593739481656009,
UBER,Industrials,2021-03-31,8295000000.0,34655000000.0,4836000000.0,71000000.0,,1075000000.0,232000000.0,212000000.0,,,-611000000.0,515000000.0,,2903000000.0,,7288000000.0,281000000.0,,-108000000.0,-1524000000.0,215666666.66666666,1.0,611000000.0,7.914893617021277,1007000000.0,,-0.5249741646572511,0.1774026868756459,
UHS,Health Care,2010-06-30,822219000.0,3989757000.0,12337000.0,,,618855000.0,,,,,-18590500.0,,1208566000.0,,,558124000.0,,,65572000.0,129749000.0,171735166.66666666,1.0,18590500.0,0.6636185148328447,264095000.0,,,,
UHS,Health Care,2017-06-30,1763160000.0,10552487000.0,66446000.0,,,1456999000.0,,,,294271000.0,-34562000.0,,2282165000.0,,,1322229000.0,,,185394000.0,330191000.0,303509333.3333333,1.0,34562000.0,1.9225160580984897,440931000.0,,,,
UHS,Health Care,2021-06-30,2365305000.0,12812635000.0,199017000.0,,,1787931000.0,,,3600000000.0,426798000.0,-989630500.0,,2758912000.0,,,1968810000.0,,,325024000.0,438968000.0,361623166.6666667,1.0,989630500.0,0.2196183591894155,396495000.0,,,,0.2809726492637931
ULTA,Consumer Discretionary,2012-07-28,617706000.0,1038769000.0,197401000.0,,314058000.0,,88881000.0,,,,-2498000.0,,,,,169388000.0,,167625000.0,34998000.0,57459000.0,30374333.333333332,1.0,2498000.0,79.02361889511609,448318000.0,,,,
ULTA,Consumer Discretionary,2020-05-02,2728820000.0,5530551000.0,1043540000.0,41474000.0,,,466043000.0,76626000.0,,-102756000.0,-24318000.0,,,1173210000.0,,1096179000.0,,303605000.0,-78509000.0,-101484000.0,103453000.0,1.0,24318000.0,42.91224607286784,1632641000.0,0.2587814628242173,-0.0865011379037001,,
ULTA,Consumer Discretionary,2020-08-01,2799188000.0,5497121000.0,1157318000.0,,,,398011000.0,,,10138000.0,-262764000.0,,,1228009000.0,,1061329000.0,,329007000.0,8052000.0,12755000.0,281671166.6666667,1.0,262764000.0,4.4044009072780135,1737859000.0,0.2679190461959155,0.010386731693334495,,
ULTA,Consumer Discretionary,2023-10-28,2792040000.0,5595008000.0,121811000.0,,,,597373000.0,,,329724000.0,-70797000.0,,,2488933000.0,,1836939000.0,,992067000.0,249483000.0,327227000.0,94125166.66666667,1.0,70797000.0,1.7205672556746754,955101000.0,0.3985912838955488,0.1314728038078968,,
ULTA,Consumer Discretionary,2024-11-02,2954862000.0,5958486000.0,177782000.0,,,,593219000.0,67021000.0,,320176000.0,-56838000.0,,,2530100000.0,,1816407000.0,,1005644000.0,242179000.0,318502000.0,80054666.66666667,1.0,56838000.0,3.127872198177276,1138455000.0,0.39747203667839215,0.12588514287972807,,
UNH,Health Care,2010-06-30,18982000000.0,60424000000.0,9983000000.0,,,2766000000.0,,,,,-244500000.0,,,23264000000.0,,23103000000.0,,,1123000000.0,1901000000.0,1377000000.0,1.0,244500000.0,40.830265848670756,-4121000000.0,,0.08171423658872078,,
UNH,Health Care,2012-09-30,20331000000.0,71700000000.0,8916000000.0,,,2403000000.0,,,,,-298000000.0,,,27302000000.0,,24853000000.0,,,1557000000.0,2610000000.0,1413166666.6666667,1.0,298000000.0,29.91946308724832,-4522000000.0,,0.0955973921324445,,
UNH,Health Care,2013-06-30,20618000000.0,80201000000.0,7654000000.0,,,3674000000.0,,,,,-209500000.0,,,30408000000.0,,26405000000.0,,,1436000000.0,2401000000.0,1421500000.0,1.0,209500000.0,36.5346062052506,-5787000000.0,,0.07895948434622468,,
UNH,Health Care,2014-06-30,22851000000.0,85466000000.0,6412000000.0,,,5383000000.0,,,,,-539500000.0,,,32574000000.0,,30776000000.0,,,1408000000.0,2552000000.0,2030000000.0,1.0,539500000.0,11.885078776645042,-6987757640.0,,0.07834469208571253,,
UNH,Health Care,2024-06-30,92038000000.0,286056000000.0,26286000000.0,,11340000000.0,23115000000.0,,,,5665000000.0,-9240500000.0,,,98855000000.0,,104670000000.0,,,4216000000.0,7875000000.0,3403333333.3333335,1.0,4558205000.000002,2.8446512634597694,-6987757640.0,,0.07966213140458248,,
UNP,Industrials,2009-06-30,3346000000.0,41550000000.0,1656000000.0,,,629000000.0,,,,,-4500000.0,,2553500000.0,3303000000.0,,2834000000.0,,,466500000.0,749500000.0,649166666.6666666,1.0,4500000.0,368.0,512000000.0,,0.22691492582500758,,
UPS,Industrials,2009-06-30,10182000000.0,32540000000.0,2818000000.0,,,4569000000.0,,,,,-319000000.0,,,10829000000.0,,7157000000.0,,,445000000.0,895000000.0,1174166666.6666667,1.0,319000000.0,8.83385579937304,3025000000.0,,0.08264844399298181,,
UPS,Industrials,2014-06-30,12341000000.0,34861000000.0,3056000000.0,,,5845000000.0,2106000000.0,,,,-698000000.0,,,14268000000.0,,8337000000.0,,,454000000.0,747000000.0,2417833333.3333335,1.0,698000000.0,4.378223495702006,4004000000.0,,0.05235492010092515,,
UPS,Industrials,2017-06-30,12394000000.0,39724000000.0,3544000000.0,,,6553000000.0,2648000000.0,,,,-60500000.0,,,15838500000.0,,11082000000.0,,,1384000000.0,2126500000.0,3618333333.3333335,1.0,60500000.0,58.578512396694215,1312000000.0,,0.13426145152634403,,
UPS,Industrials,2019-06-30,14843000000.0,52787000000.0,4072000000.0,,,8071000000.0,4291000000.0,,,,-504000000.0,,,18048000000.0,,13633000000.0,,,1685000000.0,2143000000.0,2378833333.3333335,1.0,504000000.0,8.079365079365079,1210000000.0,,0.11873891843971632,,
VMC,Materials,2010-06-30,862103000.0,8491004500.0,42173000.0,,613817000.0,389323000.0,,97280000.0,2426480000.0,,-158755000.0,,,,311340000.0,1074129000.0,,122335000.0,-11579333.333333334,1210000.0,32107833.333333332,1.0,158755000.0,0.2656483260369752,-212026000.0,,,,0.2857706647075738
VMC,Materials,2011-06-30,893175500.0,8386432500.0,106744000.0,,601131000.0,389782000.0,,92137000.0,2791073000.0,,-56897500.0,,,,329265000.0,429298000.0,,100840000.0,-8139000.0,23488000.0,26643333.333333332,1.0,56897500.0,1.8760753987433543,463877500.0,,,,0.3328081398139197
VMC,Materials,2012-06-30,951235000.0,8180075000.0,158301000.0,,588197000.0,390131000.0,,84116000.0,2813539000.0,,-63924000.0,,,,334606000.0,616467000.0,,105939000.0,-18283000.0,19662000.0,-2757166.6666666665,0.0,63924000.0,2.4763938426881924,334768000.0,,,,0.34395026940462037
VMC,Materials,2013-03-31,927362000.0,8078475000.0,188081000.0,26851000.0,520507000.0,,,75597000.0,2666024000.0,,-12867000.0,,,,340574000.0,469853000.0,,17655000.0,-54836000.0,-50058000.0,69386833.33333333,1.0,12867000.0,14.61731561358514,457509000.0,,,,0.3300157517353213
VMC,Materials,2013-06-30,911649000.0,8120224000.0,86979000.0,,605838000.0,,,76961000.0,2524581000.0,,-92224500.0,,,,340487000.0,391769000.0,,132895000.0,28772000.0,86866000.0,64426333.333333336,1.0,92224500.0,0.9431224891433404,519880000.0,,,,0.31090041358464987
VMC,Materials,2014-03-31,1053742000.0,7872235000.0,268773000.0,46006000.0,540328000.0,,,69378000.0,2006953000.0,,-4972000.0,,,,305833000.0,340868000.0,,34092000.0,53995000.0,194669000.0,12958000.0,1.0,4972000.0,54.05732099758649,712874000.0,,,,0.25494068711109363
VMC,Materials,2014-06-30,1101984000.0,7922368000.0,227684000.0,,616355000.0,,,68323000.0,1995007000.0,,-107106000.0,,,,309714000.0,349405000.0,,174788000.0,45967000.0,103246000.0,45251333.333333336,1.0,107106000.0,2.125781935652531,752579000.0,,,,0.25181953173596583
VMC,Materials,2015-06-30,1022200000.0,8195883000.0,74736000.0,,660694000.0,,,68384000.0,1907861000.0,,-10226000.0,,,,341828000.0,506640000.0,,234449000.0,48162000.0,153776000.0,90197166.66666667,1.0,10226000.0,7.308429493448074,515560000.0,,,,0.23278284963316337
VMC,Materials,2016-06-30,1023407000.0,8290113000.0,91902000.0,,664641000.0,,,71908000.0,1982658000.0,,-11901000.0,,,,347866000.0,332678000.0,,292184000.0,124229500.0,213786000.0,97776833.33333333,1.0,11901000.0,7.722208217796823,690729000.0,,,,0.23915934559637486
VMC,Materials,2017-06-30,2184812000.0,9869943000.0,1129799000.0,,739867000.0,,,76775000.0,3335069000.0,,-47082500.0,,,1030763000.0,374929000.0,925793000.0,,290896000.0,120139000.0,192976500.0,137757833.33333334,1.0,47082500.0,23.996155684171402,1259019000.0,0.2822142432353509,0.18721713914837843,,0.337901546138615
VMC,Materials,2022-06-30,1899500000.0,14181500000.0,120700000.0,,1508100000.0,,,143000000.0,3874200000.0,264200000.0,-36900000.0,,,1954300000.0,524200000.0,1029300000.0,,446200000.0,187300000.0,307600000.0,259150000.0,1.0,36900000.0,3.2710027100271004,870200000.0,0.22831704446604922,0.15739651025942794,,0.2731868984240031
VMC,Materials,2024-06-30,1976500000.0,14216400000.0,111000000.0,,1422200000.0,,,156800000.0,3332200000.0,404700000.0,-153100000.0,,,,650300000.0,796800000.0,,592200000.0,308000000.0,453600000.0,156733333.33333334,1.0,153100000.0,0.7250163291966035,1179700000.0,,,,0.2343912664246926
VRSN,Information Technology,2009-06-30,1816875000.0,2550173000.0,1308352000.0,,,77372000.0,,,,,-60255000.0,18109500.0,,205478500.0,,956440000.0,,,34874000.0,63561000.0,113732000.0,1.0,60255000.0,21.71358393494316,860435000.0,,0.3093316332365673,0.08813330835099537,
VRSN,Information Technology,2010-09-30,2656904000.0,2924082000.0,2060195000.0,,,16826000.0,,,,,-81841000.0,14502500.0,,172467500.0,,611756000.0,8730000.0,,784903000.0,59660500.0,72578166.66666667,1.0,81841000.0,25.173140601898805,2045148000.0,,0.3459231449403511,0.08408830649252758,
VRTX,Health Care,2009-03-31,,,602199000.0,6579000.0,,,,7164000.0,,,-185559000.0,143581000.0,,23979000.0,,,,,,-161893000.0,-173907000.0,0.0,185559000.0,3.2453235898016266,,,-6.751449184703282,5.987780975019809,
VRTX,Health Care,2009-06-30,,,408949000.0,,,,,,,,-303624000.0,139331000.0,,19064000.0,,,26585000.0,,,-157167000.0,-120272166.66666667,0.0,303624000.0,1.3468928674940057,,,-7.1106675660410135,7.216615307088269,
VRTX,Health Care,2009-09-30,,,559133000.0,,,,,,,,-21635000.0,132132000.0,,24957000.0,,,20134000.0,,,-148233000.0,-167723833.33333334,0.0,21635000.0,25.843910330483013,,,-5.939536001923308,5.294386344512562,
VRTX,Health Care,2010-03-31,1126768000.0,1770302000.0,396547000.0,3110000.0,,7876000.0,29121000.0,7584000.0,,,-196462000.0,143012000.0,,22429000.0,,211540000.0,19333000.0,,,-160282000.0,-164445833.33333334,0.0,196462000.0,2.018441225275117,915228000.0,,-7.1106675660410135,6.376209371795444,
VRTX,Health Care,2010-06-30,1004555000.0,1654202000.0,337608000.0,,,3548000.0,46495000.0,,,,-142719500.0,155082000.0,,31622000.0,,292376000.0,24449000.0,,-200006000.0,-169573000.0,-149364000.0,0.0,142719500.0,2.365535193158608,712179000.0,,-5.362500790588831,4.9042438808424516,
VRTX,Health Care,2010-09-30,1226439000.0,1888829000.0,569901000.0,,,4964000.0,24644000.0,,,,-163990000.0,170434000.0,,23795000.0,,311567000.0,23768000.0,,-208957000.0,-199588000.0,-142051000.0,0.0,163990000.0,3.4752180010976277,914872000.0,,-7.1106675660410135,7.162597184282412,
VRTX,Health Care,2011-03-31,872974000.0,1538487000.0,446536000.0,4850000.0,,5594000.0,34881000.0,8858000.0,105000000.0,,-186628000.0,158612000.0,,73662000.0,17816000.0,416195000.0,27879000.0,,-176096000.0,-159899000.0,-47279000.0,0.0,186628000.0,2.3926527637867845,456779000.0,,-2.1707121718117888,2.153240476772284,0.06824887048119353
VRTX,Health Care,2011-06-30,827124000.0,1763100000.0,458195000.0,,,96016000.0,67275000.0,,105000000.0,,-97474000.0,173604000.0,,114424000.0,52622000.0,478968000.0,31879000.0,,-174069000.0,-165890000.0,62118500.0,1.0,97474000.0,4.7006894146131275,348156000.0,,-1.4497832622526743,1.5171991889813325,0.05955419431682831
VRTX,Health Care,2013-03-31,1565783000.0,2392234000.0,379099000.0,16607000.0,,194054000.0,59627000.0,10691000.0,,,-65778000.0,218095000.0,,328368000.0,21532000.0,407639000.0,,,-308016000.0,-438288000.0,-123276000.0,0.0,65778000.0,5.763309921250266,1158144000.0,,-1.3347463821078789,0.6641786044925206,
VRTX,Health Care,2013-06-30,1716590000.0,2584329000.0,531247000.0,,,164866000.0,48570000.0,,,,-180346000.0,222455000.0,,310750000.0,19509000.0,381652000.0,,,-57165000.0,-56933000.0,-150983833.33333334,0.0,180346000.0,2.9457099131669127,1334938000.0,,-0.1832115848753017,0.7158648431214802,
VRTX,Health Care,2013-09-30,1648631000.0,2582748000.0,583181000.0,,,120281000.0,51533000.0,,,-118900000.0,-13720000.0,224033000.0,,221700000.0,13537000.0,409499000.0,,,-124132000.0,-128810500.0,-175626166.66666666,0.0,13720000.0,42.505903790087466,1239132000.0,,-0.5810126296797474,1.0105232295895354,
VRTX,Health Care,2014-03-31,1430330000.0,2197108000.0,424045000.0,15526000.0,,59858000.0,49571000.0,15788000.0,,,-175762000.0,238790000.0,,118451000.0,11261000.0,373500000.0,46580000.0,,-232457000.0,-216215000.0,-188608333.33333334,0.0,175762000.0,2.4126090963917117,1056830000.0,,-1.8253539438248727,2.0159390802948054,
VRTX,Health Care,2014-06-30,1347384000.0,2117820000.0,420558000.0,,,81842000.0,55363000.0,,,,-263469500.0,224633500.0,,138421000.0,11982000.0,362973000.0,42444000.0,,-159382000.0,-180688500.0,-141379666.66666666,0.0,263469500.0,1.596230303697392,984411000.0,,-1.3053546788420831,1.6228281835848606,
VRTX,Health Care,2014-09-30,1650096000.0,2406086000.0,718563000.0,,,114308000.0,38472000.0,,,-166577000.0,-87647000.0,190939000.0,,178987000.0,16753000.0,372178000.0,46136000.0,,-170060000.0,-142203000.0,-130346833.33333333,0.0,87647000.0,8.19837530092302,1277918000.0,,-0.7944878678339767,1.06677579935973,
VRTX,Health Care,2015-03-31,1358203000.0,2165827000.0,664879000.0,10558000.0,,80332000.0,43524000.0,16363000.0,,,-214708500.0,215599000.0,,138509000.0,34089000.0,302438000.0,57384000.0,,-198606000.0,-171985000.0,-63823000.0,0.0,214708500.0,3.0966589585414646,1055765000.0,,-1.2416882657444643,1.5565703311698156,
VRTX,Health Care,2015-06-30,1294689000.0,2374073000.0,870543000.0,,,94519000.0,72703000.0,,,,-121783500.0,223858000.0,,166076000.0,42113000.0,373823000.0,63261000.0,,-188848000.0,-171164000.0,51108333.333333336,1.0,121783500.0,7.148283634482504,920866000.0,,-1.0306365760254341,1.347925046364315,
VRTX,Health Care,2015-09-30,1359452000.0,2433993000.0,756250000.0,,,165272000.0,78899000.0,,,,-54548500.0,246284000.0,,309816000.0,49197000.0,374959000.0,65734000.0,,-95149000.0,-70026000.0,91176500.0,1.0,54548500.0,13.863809270649055,984493000.0,,-0.22602447904562709,0.794936349317014,
VRTX,Health Care,2016-03-31,1402835000.0,2487906000.0,604245000.0,11974000.0,,181878000.0,75221000.0,16415000.0,,,-15137000.0,255860000.0,,398080000.0,63200000.0,552041000.0,55472000.0,,-41631000.0,-14330000.0,184786166.66666666,1.0,15137000.0,39.918411838541324,850794000.0,,-0.035997789389067524,0.6427351286173634,
VRTX,Health Care,2021-06-30,8457514000.0,12221686000.0,6063689000.0,,227986000.0,929142000.0,127534000.0,,,-44200000.0,-659692500.0,1407090000.0,,,321620000.0,1836448000.0,104611000.0,,66962000.0,-37930500.0,1051719833.3333334,1.0,659692500.0,9.191690067720947,6621066000.0,,,,
VRTX,Health Care,2024-06-30,8941600000.0,20132100000.0,4580100000.0,,371900000.0,1656100000.0,327900000.0,54000000.0,,-3391200000.0,-4098350000.0,,,,914600000.0,3547200000.0,154200000.0,,-3593600000.0,-3514700000.0,1719300000.0,1.0,4098350000.0,1.1175473056229945,5394400000.0,,,,
VTRS,Health Care,2024-06-30,11792100000.0,45330000000.0,917200000.0,,2351200000.0,3566900000.0,,,,-391800000.0,-172050000.0,204100000.0,1685300000.0,3796600000.0,3942100000.0,7709200000.0,,1445400000.0,,-239900000.0,99000000.0,1.0,172050000.0,5.3310084277826215,4082900000.0,0.3807090554706843,-0.06318811568245272,0.05375862613917716,
VZ,Communication Services,2016-06-30,20844000000.0,231870000000.0,2857000000.0,,,13294000000.0,,,,1695000000.0,-1344000000.0,,,30532000000.0,931000000.0,34408000000.0,,,702000000.0,4554000000.0,2362000000.0,1.0,1344000000.0,2.1257440476190474,-6987757640.0,,0.1491549849338399,,
WAB,Industrials,2010-06-30,731640000.0,1632184000.0,166509000.0,,260673000.0,275201000.0,123764000.0,,,46646000.0,-19495500.0,10425000.0,63812000.0,374137000.0,239439000.0,310453000.0,,113464000.0,31211000.0,49652000.0,31077166.666666668,1.0,19495500.0,8.540894052473648,421187000.0,0.30326858877897667,0.13271074499448063,0.027864124638835506,
WAB,Industrials,2012-06-30,1143464000.0,2331897000.0,234105000.0,,436393000.0,442141000.0,249455000.0,,443131000.0,97579000.0,-19474000.0,10145000.0,72562000.0,609820000.0,388798000.0,550314000.0,,173427000.0,64712000.0,100865000.0,15533333.333333334,1.0,19474000.0,12.02141316627298,593150000.0,0.284390475878128,0.1654012659473287,0.016636056541274473,0.19003026291469993
WAB,Industrials,2013-06-30,1189985000.0,2516390000.0,214505000.0,,445121000.0,488449000.0,272519000.0,,396958000.0,109689000.0,-68429000.0,11280000.0,80327000.0,638002000.0,405938000.0,524272000.0,,192881000.0,74638000.0,112554000.0,33057500.0,1.0,68429000.0,3.134708968419822,665713000.0,0.30232036890166486,0.1764163748702982,0.017680195359889152,0.15774899757191851
WAB,Industrials,2017-03-31,2166233000.0,6030899000.0,280179000.0,19327000.0,646327000.0,754358000.0,512230000.0,,,99465000.0,-26096000.0,23464000.0,155022000.0,,703881000.0,1471407000.0,5700000.0,269707000.0,73889000.0,114685000.0,-24245166.666666668,0.0,26096000.0,10.73647302268547,694826000.0,,,,
WAB,Industrials,2017-06-30,2344809000.0,6438740000.0,328522000.0,,658290000.0,812727000.0,548150000.0,,,96729000.0,-137149500.0,23338000.0,160434000.0,,746236000.0,1482099000.0,6200000.0,273963000.0,72025000.0,113529000.0,39687500.0,1.0,137149500.0,2.395356891567231,862710000.0,,,,
WAB,Industrials,2018-09-30,4353548000.0,8553226000.0,411381000.0,,775801000.0,851244000.0,557449000.0,,,102683500.0,-29885000.0,20116000.0,176816500.0,,866205000.0,1530293000.0,6400000.0,302006000.0,87719500.0,125189500.0,193339666.66666666,1.0,29885000.0,13.76546762589928,2823255000.0,,,,
WAB,Industrials,2020-03-31,4241100000.0,18773100000.0,615900000.0,33300000.0,1351200000.0,1149100000.0,1087200000.0,,4747900000.0,149200000.0,-81900000.0,49000000.0,361400000.0,,1785700000.0,2981600000.0,7300000.0,578700000.0,111600000.0,217300000.0,155450000.0,1.0,81900000.0,7.52014652014652,1259500000.0,,,,0.2529097485231528
WAB,Industrials,2020-06-30,3969700000.0,18465400000.0,587900000.0,,1250700000.0,964400000.0,1006000000.0,,4465800000.0,114300000.0,-55250000.0,38200000.0,327300000.0,,1799500000.0,3483200000.0,1600000.0,486700000.0,86800000.0,159400000.0,269250000.0,1.0,55250000.0,10.640723981900452,486500000.0,,,,0.24184691368722042
WAB,Industrials,2023-03-31,4496000000.0,18669000000.0,,32000000.0,1529000000.0,956000000.0,1353000000.0,,4164000000.0,233000000.0,-25000000.0,51000000.0,389000000.0,,2228000000.0,4165000000.0,12000000.0,665000000.0,169000000.0,276000000.0,178333333.33333334,1.0,25000000.0,,331000000.0,,,,0.22304354812791258
WAB,Industrials,2023-06-30,4663000000.0,18985000000.0,,,1684000000.0,1015000000.0,1307000000.0,,4390000000.0,259000000.0,-224000000.0,53000000.0,411000000.0,,2317000000.0,4173000000.0,14000000.0,723000000.0,191000000.0,312000000.0,356833333.3333333,1.0,224000000.0,,490000000.0,,,,0.23123518567289966
WAT,Health Care,2013-06-29,2344278000.0,3285529000.0,455045000.0,,188329000.0,365222000.0,56368000.0,,,104716000.0,-80807000.0,24650000.0,,,242641000.0,474953000.0,7876000.0,262786000.0,,112692000.0,110260000.0,1.0,80807000.0,5.6312571930649575,1869325000.0,,,,
WAT,Health Care,2022-07-02,1564327000.0,3040570000.0,418897000.0,,,639451000.0,97980000.0,,,192274000.0,-9805000.0,44006000.0,,,409922000.0,746563000.0,9789000.0,,,199632000.0,121077666.66666667,1.0,9805000.0,42.722794492605814,817764000.0,,,,
WBD,Communication Services,2010-06-30,1815000000.0,11074000000.0,713000000.0,,,,43000000.0,,3611000000.0,,-102000000.0,,,,,608000000.0,50000000.0,,107000000.0,372000000.0,260166666.66666666,1.0,102000000.0,6.990196078431373,1207000000.0,,,,0.3260791042080549
WBD,Communication Services,2012-06-30,3214000000.0,12810000000.0,1698000000.0,,,,56000000.0,,5226000000.0,420500000.0,-371000000.0,,,,,757000000.0,31000000.0,,293000000.0,487500000.0,256500000.0,1.0,371000000.0,4.576819407008086,2457000000.0,,,,0.40796252927400467
WBD,Communication Services,2023-03-31,13727000000.0,130584000000.0,2594000000.0,299000000.0,,,1123000000.0,2058000000.0,48930000000.0,-1238000000.0,-631000000.0,,,10700000000.0,,16380000000.0,,,-1069000000.0,-557000000.0,1251666666.6666667,1.0,631000000.0,4.110935023771791,-2653000000.0,,-0.05205607476635514,,0.3747013416651351
WBD,Communication Services,2024-06-30,13430000000.0,108029000000.0,3613000000.0,,,,1151000000.0,,40958000000.0,-10035000000.0,-136500000.0,,,,,17768000000.0,,,-9986000000.0,-10208000000.0,92000000.0,1.0,136500000.0,26.468864468864467,-4338000000.0,,,,0.3791389349156245
WDAY,Information Technology,2011-10-31,,,98051000.0,,,,,2522000.0,,,-6321500.0,16404000.0,55892000.0,36450000.0,,,,,-19803000.0,-19442000.0,5689666.666666667,1.0,6321500.0,15.510717393023807,,,-0.5333882030178326,0.4500411522633745,
WDAY,Information Technology,2012-10-31,881654000.0,950148000.0,442980000.0,,,61099000.0,3481000.0,4461000.0,,,-3917000.0,28075000.0,113486000.0,72618000.0,,214894000.0,,,-41471000.0,-40868000.0,5829333.333333333,1.0,3917000.0,113.09165177431709,666760000.0,,-0.5627805778181718,0.3866121347324355,
WDAY,Information Technology,2013-07-31,1395395000.0,1505973000.0,437432000.0,,,66972000.0,6337000.0,8051000.0,,,-6898000.0,41168000.0,139838000.0,107555000.0,,310721000.0,,,-35978000.0,-32283000.0,7076000.0,1.0,6898000.0,63.41432299217164,1084674000.0,,-0.3001534098833155,0.38276230765654784,
WDC,Information Technology,2018-12-28,9742000000.0,27939000000.0,4013000000.0,,3189000000.0,1715000000.0,1925000000.0,,10614000000.0,,-497000000.0,,868000000.0,,3427000000.0,4350000000.0,79000000.0,1044000000.0,-487000000.0,176000000.0,92666666.66666667,1.0,497000000.0,8.074446680080483,5392000000.0,,,,0.3798990658219693
WDC,Information Technology,2020-01-03,8627000000.0,25860000000.0,3137000000.0,,3299000000.0,1791000000.0,1736000000.0,,9833000000.0,,-179000000.0,,885000000.0,,3122000000.0,4482000000.0,77000000.0,935000000.0,-139000000.0,50000000.0,322333333.3333333,1.0,179000000.0,17.52513966480447,4145000000.0,,,,0.3802397525135344
WDC,Information Technology,2022-12-30,8381000000.0,25047000000.0,1871000000.0,,2579000000.0,1905000000.0,1193000000.0,,7071000000.0,-383000000.0,-751500000.0,,849000000.0,,3773000000.0,4382000000.0,86000000.0,528000000.0,-448500000.0,-321000000.0,-518333333.3333333,0.0,751500000.0,2.4896872920825017,3999000000.0,,,,0.2823092585938436
WDC,Information Technology,2023-03-31,8483000000.0,25151000000.0,2220000000.0,,2517000000.0,1591000000.0,1307000000.0,,7073000000.0,-528500000.0,-381000000.0,,758000000.0,,3979000000.0,5261000000.0,74000000.0,286000000.0,-571500000.0,-472000000.0,-372000000.0,0.0,381000000.0,5.826771653543307,3222000000.0,,,,0.281221422607451
WDC,Information Technology,2023-09-29,7577000000.0,24001000000.0,2032000000.0,124000000.0,2651000000.0,1451000000.0,,,7672000000.0,-682000000.0,-626000000.0,,695000000.0,,3497000000.0,5792000000.0,77000000.0,99000000.0,-685000000.0,-596000000.0,-152000000.0,0.0,626000000.0,3.246006389776358,1785000000.0,,,,0.31965334777717597
WDC,Information Technology,2023-12-29,7838000000.0,24385000000.0,2481000000.0,,2540000000.0,1523000000.0,,,8393000000.0,-259000000.0,-548000000.0,,702000000.0,,3216000000.0,4693000000.0,72000000.0,492000000.0,-287000000.0,-210000000.0,286333333.3333333,1.0,548000000.0,4.5273722627737225,3145000000.0,,,,0.34418700020504406
WM,Industrials,2013-06-30,2404000000.0,23012000000.0,154000000.0,,2311000000.0,1730000000.0,696000000.0,339000000.0,,383000000.0,-596000000.0,,,3526000000.0,,3022000000.0,,,244000000.0,510000000.0,736000000.0,1.0,596000000.0,0.25838926174496646,-618000000.0,,0.14463981849120816,,
WMT,Consumer Staples,2022-04-30,83220000000.0,246142000000.0,11817000000.0,3539000000.0,,,52926000000.0,,,2901000000.0,-3758000000.0,,,141569000000.0,61229000000.0,96530000000.0,,,2054000000.0,5318000000.0,4061833333.3333335,1.0,3758000000.0,3.1444917509313464,-6987757640.0,,0.037564721090069156,,
WSM,Consumer Discretionary,2010-05-02,1129466000.0,1996760000.0,404853000.0,17431000.0,,,177938000.0,39002000.0,,,-70306000.0,,,,502387000.0,470983000.0,,270558000.0,19538000.0,,-43880833.333333336,0.0,70306000.0,5.7584416692743154,658483000.0,,,,
WSM,Consumer Discretionary,2010-08-01,1156972000.0,1995493000.0,404037000.0,13458000.0,,,184135000.0,34880000.0,,,-91903500.0,,,,518623000.0,502170000.0,,286727000.0,30759000.0,,-36232166.666666664,0.0,91903500.0,4.396317876903491,654802000.0,,,,
WSM,Consumer Discretionary,2011-05-01,1221362000.0,1996751000.0,471023000.0,22236000.0,,,192439000.0,32878000.0,,,-91303000.0,,,,532125000.0,486753000.0,,295883000.0,31615000.0,51700000.0,-11554750.0,0.0,91303000.0,5.158899488516259,734609000.0,,,,
WSM,Consumer Discretionary,2011-07-31,1222065000.0,2010124000.0,424634000.0,40289000.0,,,196843000.0,33021000.0,8606000.0,,-68957500.0,,,,556628000.0,507683000.0,,308721000.0,39309000.0,64085000.0,12555500.0,1.0,68957500.0,6.157908856904615,714382000.0,,,,0.01664324785442564
WSM,Consumer Discretionary,2012-04-29,1192822000.0,1969566000.0,376464000.0,27819000.0,,,189660000.0,32794000.0,,,-20737000.0,,,,586270000.0,520706000.0,,309266000.0,30716000.0,49323000.0,1167500.0,1.0,20737000.0,18.154217099869797,672116000.0,,,,
WSM,Consumer Discretionary,2013-05-05,1189080000.0,2063219000.0,252536000.0,47444000.0,,,211086000.0,36609000.0,,,-59822000.0,,,,661541000.0,560270000.0,,334185000.0,39466000.0,63783000.0,5321000.0,1.0,59822000.0,4.221456989067567,628810000.0,,,,
WSM,Consumer Discretionary,2019-05-05,1485646000.0,3788365000.0,107683000.0,36148000.0,,,385646000.0,46838000.0,,71879000.0,-98080000.0,,,,1155427000.0,1114215000.0,,444331000.0,52656000.0,74132000.0,3032500.0,1.0,98080000.0,1.0979098694942904,371431000.0,,,,
WSM,Consumer Discretionary,2019-08-04,1558019000.0,3869681000.0,120467000.0,,,,404337000.0,,,83496000.0,-103068500.0,,,,1187728000.0,1186879000.0,,483861000.0,62648000.0,86165000.0,94530333.33333333,1.0,103068500.0,1.1688052120677026,371140000.0,,,,
WSM,Consumer Discretionary,2022-07-31,1928721000.0,4319174000.0,124944000.0,,,,680097000.0,,,365865000.0,-10577500.0,,,,1542428000.0,1811045000.0,,928809000.0,267075000.0,365521000.0,322727166.6666667,1.0,10577500.0,11.812242968565352,117676000.0,,,,
WSM,Consumer Discretionary,2024-07-28,2729430500.0,5196805500.0,1265259000.0,,,,595601000.0,,,299116000.0,-29423500.0,,,,1232559500.0,1750998500.0,,815133000.0,221300000.0,283908000.0,15781333.333333334,1.0,29423500.0,43.00164834231142,978432000.0,,,,
WST,Health Care,2010-06-30,403900000.0,1222100000.0,67500000.0,,198600000.0,145700000.0,61400000.0,,,,-42000000.0,5700000.0,,,143300000.0,158600000.0,,83200000.0,,30500000.0,42750000.0,1.0,42000000.0,1.6071428571428572,245300000.0,,,,
WST,Health Care,2014-06-30,685400000.0,1704700000.0,226700000.0,,247100000.0,209600000.0,94500000.0,,361500000.0,,-2850000.0,9900000.0,,,187900000.0,221200000.0,4600000.0,121800000.0,,54100000.0,23050000.0,1.0,2850000.0,79.54385964912281,464200000.0,,,,0.21206077315656713
WST,Health Care,2015-03-31,625100000.0,1596000000.0,207100000.0,30400000.0,226200000.0,189500000.0,88500000.0,,330700000.0,,-1900000.0,7500000.0,,,183400000.0,296600000.0,5300000.0,109700000.0,,47800000.0,26316666.666666668,1.0,1900000.0,109.0,328500000.0,,,,0.20720551378446114
WYNN,Consumer Discretionary,2014-06-30,3618180000.0,9071342000.0,3035111000.0,,,,223961000.0,,7311184000.0,259166000.0,-62574000.0,,,,70132000.0,1285165000.0,,,203906000.0,341342000.0,26762666.666666668,1.0,62574000.0,48.504346853325664,2333015000.0,,,,0.8059649829099157
WYNN,Consumer Discretionary,2015-03-31,2382852000.0,9151680000.0,1641908000.0,507693500.0,,,186964000.0,,7985357000.0,-10705000.0,-15013000.0,,,,69911000.0,1247552000.0,10696000.0,,-44601000.0,185059000.0,-8727666.666666666,0.0,15013000.0,109.36574968360755,1135300000.0,,,,0.8710363795763403
WYNN,Consumer Discretionary,2015-06-30,2087703000.0,9283042000.0,1488220000.0,,,,214981000.0,,8065562000.0,90501000.0,-300734000.0,,,,66576000.0,1227090000.0,10372000.0,,56460000.0,169121000.0,157247666.66666666,1.0,300734000.0,4.948625695797615,860613000.0,,,,0.8688490259981588
WYNN,Consumer Discretionary,2018-03-31,2448299000.0,12215174000.0,2031662000.0,514536000.0,,,301577000.0,,9356393000.0,-248523000.0,-53646000.0,,,1715578000.0,67579000.0,2098909000.0,7304000.0,,-204307000.0,-81294000.0,40998166.666666664,1.0,53646000.0,37.8716400104388,349390000.0,,-0.04738577902024857,,0.7659647746319455
WYNN,Consumer Discretionary,2018-06-30,1888458000.0,11816556000.0,1445163000.0,,,,247390000.0,,8312677000.0,195578000.0,-585450500.0,,,1605424000.0,66765000.0,1746819000.0,9626000.0,,155756000.0,279572000.0,322981500.0,1.0,585450500.0,2.4684631749396404,141639000.0,,0.17414215808409492,,0.7034771383472477
WYNN,Consumer Discretionary,2020-03-31,3415364000.0,14273347000.0,2880971000.0,139316000.0,,,194226000.0,,11369045000.0,-374453000.0,-176500000.0,,,,86182000.0,1884837000.0,9364000.0,,-402037000.0,-247411000.0,-474975833.3333333,0.0,176500000.0,16.322781869688384,1530527000.0,,,,0.7965227076732598
WYNN,Consumer Discretionary,2020-06-30,4236381000.0,14885675000.0,3797740000.0,,,,215832000.0,,12775233000.0,-653931000.0,-997929500.0,,,,84779000.0,1869851000.0,21084000.0,,-637564000.0,-523016000.0,-87755166.66666667,0.0,997929500.0,3.8056195352477302,2366530000.0,,,,0.8582232918560966
WYNN,Consumer Discretionary,2020-09-30,3869477000.0,13967116000.0,3554895000.0,,,,146427000.0,,12789590000.0,-424168000.0,-173092000.0,,,,73627000.0,1688700000.0,10053000.0,,-758142000.0,-283007000.0,-26732833.333333332,0.0,173092000.0,20.53760427980496,2180777000.0,,,,0.8710363795763403
WYNN,Consumer Discretionary,2021-03-31,3249766000.0,13166911000.0,2890407000.0,40270000.0,,,133212000.0,,11953634000.0,-335686000.0,-253906000.0,,,,65252000.0,1369882000.0,24346000.0,,-280978000.0,-175732000.0,18774166.666666668,1.0,253906000.0,11.383768008633115,1879884000.0,,,,0.8710363795763403
WYNN,Consumer Discretionary,2022-03-31,2665607000.0,12179310000.0,2317352000.0,96343000.0,,,164934000.0,,11922894000.0,-253470000.0,-117385000.0,,,,72244000.0,1154246000.0,13900000.0,,-183324000.0,-94865000.0,67129333.33333333,1.0,117385000.0,19.741466115772884,1511361000.0,,,,0.8710363795763403
XYL,Industrials,2012-06-30,1749000000.0,4482000000.0,358000000.0,,,770000000.0,327000000.0,33000000.0,1206000000.0,,-1000000.0,28000000.0,,,467000000.0,779000000.0,,383000000.0,89000000.0,129000000.0,24000000.0,1.0,1179870.0,358.0,970000000.0,,,,0.26907630522088355
XYL,Industrials,2013-06-30,1779000000.0,4611000000.0,360000000.0,,,792000000.0,311000000.0,37000000.0,,,-53000000.0,28000000.0,,,471000000.0,736000000.0,,371000000.0,46000000.0,70000000.0,46500000.0,1.0,53000000.0,6.7924528301886795,1043000000.0,,,,
XYL,Industrials,2015-06-30,2056000000.0,4719000000.0,600000000.0,,,772000000.0,315000000.0,34000000.0,,,-3500000.0,25000000.0,,,498000000.0,837000000.0,,348000000.0,74000000.0,104000000.0,57666666.666666664,1.0,3500000.0,171.42857142857142,1219000000.0,,,,
XYL,Industrials,2016-06-30,2007000000.0,4694000000.0,586000000.0,,,784000000.0,339000000.0,33000000.0,,,-5000000.0,27000000.0,,,483000000.0,820000000.0,,369000000.0,71000000.0,109000000.0,71666666.66666667,1.0,5000000.0,117.2,1187000000.0,,,,
XYL,Industrials,2020-03-31,2462000000.0,7591000000.0,739000000.0,,,975000000.0,506000000.0,64000000.0,,,-2000000.0,49000000.0,,1123000000.0,573000000.0,1584000000.0,,409000000.0,38000000.0,61000000.0,67500000.0,1.0,2000000.0,369.5,878000000.0,0.36420302760463047,0.05431878895814782,0.04363312555654497,
XYL,Industrials,2020-06-30,3301000000.0,8444000000.0,1577000000.0,,,956000000.0,498000000.0,62000000.0,,,-46500000.0,44000000.0,,1160000000.0,595000000.0,1373000000.0,,434000000.0,31000000.0,54000000.0,41666666.666666664,1.0,46500000.0,33.913978494623656,1928000000.0,0.3741379310344828,0.04655172413793104,0.03793103448275862,
XYL,Industrials,2021-03-31,3401000000.0,8545000000.0,1688000000.0,,,952000000.0,530000000.0,62000000.0,,114000000.0,-26000000.0,50000000.0,,1256000000.0,596000000.0,1844000000.0,,490000000.0,87000000.0,133000000.0,3333333.3333333335,1.0,26000000.0,64.92307692307692,1557000000.0,0.39012738853503187,0.10589171974522293,0.03980891719745223,
XYL,Industrials,2021-06-30,3623000000.0,8785000000.0,1840000000.0,,,975000000.0,599000000.0,62000000.0,,138000000.0,-124000000.0,53000000.0,,1351000000.0,642000000.0,1959000000.0,,520000000.0,113000000.0,160000000.0,2333333.3333333335,1.0,124000000.0,14.838709677419354,1664000000.0,0.38490007401924503,0.11843079200592153,0.03923019985196151,
XYL,Industrials,2022-03-31,3118000000.0,8219000000.0,1117000000.0,,,1011000000.0,652000000.0,58000000.0,,98000000.0,-81000000.0,52000000.0,,1272000000.0,804000000.0,1920000000.0,,467000000.0,82000000.0,111000000.0,-29000000.0,0.0,81000000.0,13.790123456790123,1198000000.0,0.3671383647798742,0.08726415094339622,0.040880503144654086,
XYL,Industrials,2022-06-30,3174000000.0,8189000000.0,1113000000.0,,,1024000000.0,648000000.0,59000000.0,,136000000.0,-127000000.0,53000000.0,,1364000000.0,852000000.0,1951000000.0,,520000000.0,112000000.0,146000000.0,-22666666.666666668,0.0,127000000.0,8.763779527559056,1223000000.0,0.3812316715542522,0.10703812316715543,0.038856304985337244,
XYL,Industrials,2023-03-31,3010000000.0,7940000000.0,837000000.0,,,1123000000.0,710000000.0,60000000.0,,126000000.0,-19000000.0,53000000.0,,1448000000.0,857000000.0,1494000000.0,,546000000.0,99000000.0,131000000.0,118000000.0,1.0,19000000.0,44.05263157894737,1516000000.0,0.3770718232044199,0.09046961325966851,0.03660220994475138,
XYL,Industrials,2023-06-30,3735000000.0,16097000000.0,708000000.0,,,1659000000.0,968000000.0,92000000.0,,114000000.0,-108000000.0,58000000.0,,1722000000.0,1143000000.0,2282000000.0,,651000000.0,92000000.0,119000000.0,216000000.0,1.0,108000000.0,6.555555555555555,1453000000.0,0.3780487804878049,0.06910569105691057,0.03368176538908246,
YUM,Consumer Discretionary,2013-06-15,1605000000.0,8764000000.0,500000000.0,,,,,,2800000000.0,358000000.0,-180000000.0,,,2904000000.0,319000000.0,1990000000.0,,,281000000.0,390000000.0,567166666.6666666,1.0,180000000.0,2.7777777777777777,-385000000.0,,0.13429752066115702,,0.3194888178913738
YUM,Consumer Discretionary,2016-06-11,1879000000.0,8184000000.0,795000000.0,,,,,,2200000000.0,451000000.0,-921000000.0,,,3008000000.0,255000000.0,2279000000.0,,,339000000.0,491000000.0,646000000.0,1.0,921000000.0,0.8631921824104235,-400000000.0,,0.16323138297872342,,0.26881720430107525
YUM,Consumer Discretionary,2020-06-30,2398000000.0,6421000000.0,1243000000.0,,349000000.0,,,,,257000000.0,-79500000.0,,,1198000000.0,,1475000000.0,,,206000000.0,300000000.0,387166666.6666667,1.0,79500000.0,15.635220125786164,923000000.0,,0.25041736227045075,,
YUM,Consumer Discretionary,2022-06-30,1429000000.0,5790000000.0,412000000.0,,415000000.0,,,,,390000000.0,-124000000.0,,,1636000000.0,,1183000000.0,,,224000000.0,554000000.0,330833333.3333333,1.0,124000000.0,3.3225806451612905,246000000.0,,0.33863080684596575,,
ZBH,Health Care,2013-06-30,3591700000.0,9097400000.0,709900000.0,,,942500000.0,165200000.0,,,,-413700000.0,,635500000.0,,1052900000.0,804300000.0,,845900000.0,152100000.0,210400000.0,292700000.0,1.0,413700000.0,1.715977761663041,2787400000.0,,,,
ZBH,Health Care,2019-06-30,4391200000.0,24205700000.0,403100000.0,,581300000.0,1247100000.0,347500000.0,,,140300000.0,-99350000.0,,,,2344500000.0,3677800000.0,,,133700000.0,204700000.0,281883333.3333333,1.0,99350000.0,4.05737292400604,713400000.0,,,,
ZBH,Health Care,2020-06-30,4706800000.0,23647600000.0,713400000.0,,424500000.0,1064500000.0,363400000.0,,,-221900000.0,-183150000.0,,,,2496500000.0,2161200000.0,,,-206600000.0,-171700000.0,182933333.33333334,1.0,183150000.0,3.895167895167895,2545600000.0,,,,
ZBH,Health Care,2021-06-30,5356800000.0,24223200000.0,1042400000.0,,538900000.0,1420400000.0,360600000.0,,1000000000.0,176000000.0,-79000000.0,,,,2533000000.0,2928500000.0,,,141900000.0,222650000.0,433100000.0,1.0,79000000.0,13.194936708860759,2428300000.0,,,,0.04128273721060801
ZBRA,Information Technology,2011-04-02,548533000.0,894207000.0,79685000.0,3922000.0,117303000.0,141218000.0,32413000.0,,,,-5169000.0,21681000.0,75636000.0,,120508000.0,128009000.0,3013000.0,119998000.0,61634000.0,44362000.0,6802333.333333333,1.0,5169000.0,15.415941187850649,420524000.0,,,,
ZBRA,Information Technology,2011-07-02,567845000.0,871369000.0,92956000.0,,123843000.0,145991000.0,35728000.0,,,,-43381000.0,22487000.0,75027000.0,,118109000.0,103815000.0,3480000.0,121698000.0,32964000.0,46671000.0,43693833.333333336,1.0,43381000.0,2.1427814019962654,464030000.0,,,,
ZBRA,Information Technology,2013-06-29,762607000.0,1018555000.0,55886000.0,,132253000.0,170856000.0,31945000.0,,,,-43927000.0,23201000.0,84666000.0,,109149000.0,101815000.0,4358000.0,120907000.0,30566000.0,36241000.0,45933000.0,1.0,43927000.0,1.2722471372959683,660792000.0,,,,
ZBRA,Information Technology,2019-06-29,1188000000.0,4701000000.0,27000000.0,,577000000.0,556000000.0,472000000.0,,,129000000.0,-35000000.0,108000000.0,360000000.0,,484000000.0,1200000000.0,18000000.0,520000000.0,124000000.0,160000000.0,159333333.33333334,1.0,35000000.0,0.7714285714285715,-12000000.0,,,,
ZBRA,Information Technology,2022-07-02,1806000000.0,7385000000.0,98000000.0,,794000000.0,925000000.0,827000000.0,,2171000000.0,-153000000.0,-264000000.0,148000000.0,819000000.0,,632000000.0,2113000000.0,27000000.0,674000000.0,-98000000.0,-145000000.0,-76500000.0,0.0,264000000.0,0.3712121212121212,-307000000.0,,,,0.2939742721733243
ZBRA,Information Technology,2023-04-01,1818000000.0,7474000000.0,85000000.0,16000000.0,738000000.0,736000000.0,602000000.0,,2103000000.0,185000000.0,-76000000.0,146000000.0,442000000.0,,835000000.0,2074000000.0,,667000000.0,150000000.0,225000000.0,-43500000.0,0.0,76000000.0,1.118421052631579,-256000000.0,,,,0.28137543484078137
ZBRA,Information Technology,2023-07-01,1753000000.0,7456000000.0,68000000.0,,633000000.0,663000000.0,562000000.0,,2216000000.0,171000000.0,-220500000.0,130000000.0,387000000.0,,864000000.0,1770000000.0,3000000.0,581000000.0,144000000.0,194000000.0,191833333.33333334,1.0,220500000.0,0.30839002267573695,-17000000.0,,,,0.29721030042918456
ZBRA,Information Technology,2023-09-30,1652000000.0,7331000000.0,61000000.0,,529000000.0,538000000.0,433000000.0,,2280000000.0,-24000000.0,-35000000.0,127000000.0,439000000.0,,848000000.0,1562000000.0,,427000000.0,-15000000.0,-12000000.0,301500000.0,1.0,35000000.0,1.7428571428571429,90000000.0,,,,0.3110080480152776
ZTS,Health Care,2012-04-01,,,113000000.0,31000000.0,393000000.0,,,48000000.0,,171000000.0,-4000000.0,,,,,,6000000.0,,111000000.0,,141666666.66666666,1.0,4000000.0,28.25,,,,,
ZTS,Health Care,2014-03-30,3222000000.0,6403000000.0,506000000.0,45000000.0,379000000.0,1100000000.0,363000000.0,50000000.0,,227000000.0,-23000000.0,,,,1316000000.0,1127000000.0,,,155000000.0,,35833333.333333336,1.0,23000000.0,22.0,2095000000.0,,,,
ZTS,Health Care,2014-06-29,3327000000.0,6522000000.0,578000000.0,,413000000.0,1098000000.0,337000000.0,51000000.0,,200000000.0,-55500000.0,,,,1336000000.0,1061000000.0,,,136000000.0,,75166666.66666667,1.0,55500000.0,10.414414414414415,2266000000.0,,,,
ZTS,Health Care,2016-07-03,3328000000.0,7518000000.0,658000000.0,,399000000.0,888000000.0,224000000.0,60000000.0,,332000000.0,-5000000.0,,,,1525000000.0,1039000000.0,10000000.0,,224000000.0,,147833333.33333334,1.0,5000000.0,131.6,2289000000.0,,,,
ZTS,Health Care,2022-06-30,6651000000.0,13770000000.0,2652000000.0,,625000000.0,1291000000.0,430000000.0,117000000.0,,670000000.0,-122000000.0,,,2052000000.0,2205000000.0,3051000000.0,15000000.0,,529000000.0,,407166666.6666667,1.0,122000000.0,21.737704918032787,3600000000.0,,,,
