Date,Close,ticker
2017-01-01,30.760000228881836,AAOI
2017-02-01,45.91999816894531,AAOI
2017-03-01,56.150001525878906,AAOI
2017-04-01,49.38999938964844,AAOI
2017-05-01,69.81999969482422,AAOI
2017-06-01,61.790000915527344,AAOI
2017-07-01,97.48999786376953,AAOI
2017-08-01,59.119998931884766,AAOI
2017-09-01,64.66999816894531,AAOI
2017-10-01,40.7400016784668,AAOI
2017-11-01,43.65999984741211,AAOI
2017-12-01,37.81999969482422,AAOI
2018-01-01,32.38999938964844,AAOI
2018-02-01,27.93000030517578,AAOI
2018-03-01,25.059999465942383,AAOI
2018-04-01,31.959999084472656,AAOI
2018-05-01,46.77000045776367,AAOI
2018-06-01,44.900001525878906,AAOI
2018-07-01,38.43000030517578,AAOI
2018-08-01,41.36000061035156,AAOI
2018-09-01,24.65999984741211,AAOI
2018-10-01,19.6299991607666,AAOI
2018-11-01,20.59000015258789,AAOI
2018-12-01,15.430000305175781,AAOI
2019-01-01,17.3799991607666,AAOI
2019-02-01,13.5,AAOI
2019-03-01,12.199999809265137,AAOI
2019-04-01,12.520000457763672,AAOI
2019-05-01,8.65999984741211,AAOI
2019-06-01,10.279999732971191,AAOI
2019-07-01,10.010000228881836,AAOI
2019-08-01,8.899999618530273,AAOI
2019-09-01,11.220000267028809,AAOI
2019-10-01,9.359999656677246,AAOI
2019-11-01,10.699999809265137,AAOI
2019-12-01,11.880000114440918,AAOI
2020-01-01,11.300000190734863,AAOI
2020-02-01,8.930000305175781,AAOI
2020-03-01,7.590000152587891,AAOI
2020-04-01,10.720000267028809,AAOI
2020-05-01,8.829999923706055,AAOI
2020-06-01,10.869999885559082,AAOI
2020-07-01,14.210000038146973,AAOI
2020-08-01,11.630000114440918,AAOI
2020-09-01,11.25,AAOI
2020-10-01,8.779999732971191,AAOI
2020-11-01,8.3100004196167,AAOI
2020-12-01,8.510000228881836,AAOI
2021-01-01,11.010000228881836,AAOI
2021-02-01,9.324999809265137,AAOI
2021-03-01,8.359999656677246,AAOI
2021-04-01,7.409999847412109,AAOI
2021-05-01,8.229999542236328,AAOI
2021-06-01,8.470000267028809,AAOI
2021-07-01,7.730000019073486,AAOI
2021-08-01,7.329999923706055,AAOI
2021-09-01,7.179999828338623,AAOI
2021-10-01,7.650000095367432,AAOI
2021-11-01,5.909999847412109,AAOI
2021-12-01,5.139999866485596,AAOI
2022-01-01,4.099999904632568,AAOI
2022-02-01,3.630000114440918,AAOI
2022-03-01,3.6500000953674316,AAOI
2022-04-01,2.569999933242798,AAOI
2022-05-01,2.369999885559082,AAOI
2022-06-01,1.5499999523162842,AAOI
2022-07-01,1.7200000286102295,AAOI
2022-08-01,2.4100000858306885,AAOI
2022-09-01,2.7200000286102295,AAOI
2022-10-01,2.75,AAOI
2022-11-01,2.200000047683716,AAOI
2022-12-01,1.8899999856948853,AAOI
2023-01-01,2.390000104904175,AAOI
2023-02-01,2.809999942779541,AAOI
2023-03-01,2.2100000381469727,AAOI
2023-04-01,1.940000057220459,AAOI
2023-05-01,2.2200000286102295,AAOI
2023-06-01,5.960000038146973,AAOI
2023-07-01,6.75,AAOI
2023-08-01,13.770000457763672,AAOI
2023-09-01,10.970000267028809,AAOI
2023-10-01,7.429999828338623,AAOI
2023-11-01,13.25,AAOI
2023-12-01,19.31999969482422,AAOI
2024-01-01,15.729999542236328,AAOI
2024-02-01,15.979999542236328,AAOI
2024-03-01,13.859999656677246,AAOI
2024-04-01,9.850000381469727,AAOI
2024-05-01,10.489999771118164,AAOI
2024-06-01,8.289999961853027,AAOI
2024-07-01,9.550000190734863,AAOI
2024-08-01,11.350000381469727,AAOI
2024-09-01,14.3100004196167,AAOI
2024-10-01,15.619999885559082,AAOI
2024-11-01,41.220001220703125,AAOI
2024-12-01,36.86000061035156,AAOI
2025-01-01,27.920000076293945,AAOI
2025-02-01,21.860000610351562,AAOI
2025-03-01,15.350000381469727,AAOI
2025-04-01,12.789999961853027,AAOI
2025-05-01,15.420000076293945,AAOI
2025-06-01,25.690000534057617,AAOI
2025-07-01,22.8700008392334,AAOI
2025-08-01,24.200000762939453,AAOI
2025-09-01,25.93000030517578,AAOI
2025-10-01,35.560001373291016,AAOI
2025-11-01,26.780000686645508,AAOI
2025-12-01,34.86000061035156,AAOI
2026-01-01,43.61000061035156,AAOI
2017-01-01,19.399999618530273,ACIW
2017-02-01,19.56999969482422,ACIW
2017-03-01,21.389999389648438,ACIW
2017-04-01,21.489999771118164,ACIW
2017-05-01,22.860000610351562,ACIW
2017-06-01,22.3700008392334,ACIW
2017-07-01,23.170000076293945,ACIW
2017-08-01,22.760000228881836,ACIW
2017-09-01,22.780000686645508,ACIW
2017-10-01,24.079999923706055,ACIW
2017-11-01,22.8799991607666,ACIW
2017-12-01,22.670000076293945,ACIW
2018-01-01,23.440000534057617,ACIW
2018-02-01,23.649999618530273,ACIW
2018-03-01,23.719999313354492,ACIW
2018-04-01,23.25,ACIW
2018-05-01,24.149999618530273,ACIW
2018-06-01,24.670000076293945,ACIW
2018-07-01,25.84000015258789,ACIW
2018-08-01,28.40999984741211,ACIW
2018-09-01,28.139999389648438,ACIW
2018-10-01,25.09000015258789,ACIW
2018-11-01,28.8799991607666,ACIW
2018-12-01,27.670000076293945,ACIW
2019-01-01,29.559999465942383,ACIW
2019-02-01,31.8700008392334,ACIW
2019-03-01,32.869998931884766,ACIW
2019-04-01,35.52000045776367,ACIW
2019-05-01,31.459999084472656,ACIW
2019-06-01,34.34000015258789,ACIW
2019-07-01,33.560001373291016,ACIW
2019-08-01,29.780000686645508,ACIW
2019-09-01,31.329999923706055,ACIW
2019-10-01,31.389999389648438,ACIW
2019-11-01,37.5,ACIW
2019-12-01,37.88999938964844,ACIW
2020-01-01,34.45000076293945,ACIW
2020-02-01,27.8700008392334,ACIW
2020-03-01,24.149999618530273,ACIW
2020-04-01,27.399999618530273,ACIW
2020-05-01,27.579999923706055,ACIW
2020-06-01,26.989999771118164,ACIW
2020-07-01,26.790000915527344,ACIW
2020-08-01,29.3799991607666,ACIW
2020-09-01,26.1299991607666,ACIW
2020-10-01,29.170000076293945,ACIW
2020-11-01,32.58000183105469,ACIW
2020-12-01,38.43000030517578,ACIW
2021-01-01,38.38999938964844,ACIW
2021-02-01,38.2599983215332,ACIW
2021-03-01,38.04999923706055,ACIW
2021-04-01,37.779998779296875,ACIW
2021-05-01,38.2599983215332,ACIW
2021-06-01,37.13999938964844,ACIW
2021-07-01,34.29999923706055,ACIW
2021-08-01,32.22999954223633,ACIW
2021-09-01,30.729999542236328,ACIW
2021-10-01,30.68000030517578,ACIW
2021-11-01,29.139999389648438,ACIW
2021-12-01,34.70000076293945,ACIW
2022-01-01,34.369998931884766,ACIW
2022-02-01,33.52000045776367,ACIW
2022-03-01,31.489999771118164,ACIW
2022-04-01,27.6200008392334,ACIW
2022-05-01,26.639999389648438,ACIW
2022-06-01,25.889999389648438,ACIW
2022-07-01,28.530000686645508,ACIW
2022-08-01,23.700000762939453,ACIW
2022-09-01,20.899999618530273,ACIW
2022-10-01,24.329999923706055,ACIW
2022-11-01,20.899999618530273,ACIW
2022-12-01,23.0,ACIW
2023-01-01,27.93000030517578,ACIW
2023-02-01,25.850000381469727,ACIW
2023-03-01,26.979999542236328,ACIW
2023-04-01,25.329999923706055,ACIW
2023-05-01,22.809999465942383,ACIW
2023-06-01,23.170000076293945,ACIW
2023-07-01,23.190000534057617,ACIW
2023-08-01,24.280000686645508,ACIW
2023-09-01,22.559999465942383,ACIW
2023-10-01,20.3700008392334,ACIW
2023-11-01,26.739999771118164,ACIW
2023-12-01,30.600000381469727,ACIW
2024-01-01,30.06999969482422,ACIW
2024-02-01,32.90999984741211,ACIW
2024-03-01,33.209999084472656,ACIW
2024-04-01,34.099998474121094,ACIW
2024-05-01,36.0099983215332,ACIW
2024-06-01,39.59000015258789,ACIW
2024-07-01,43.22999954223633,ACIW
2024-08-01,50.36000061035156,ACIW
2024-09-01,50.900001525878906,ACIW
2024-10-01,49.20000076293945,ACIW
2024-11-01,56.81999969482422,ACIW
2024-12-01,51.90999984741211,ACIW
2025-01-01,53.54999923706055,ACIW
2025-02-01,57.349998474121094,ACIW
2025-03-01,54.709999084472656,ACIW
2025-04-01,53.36000061035156,ACIW
2025-05-01,46.2599983215332,ACIW
2025-06-01,45.90999984741211,ACIW
2025-07-01,42.560001373291016,ACIW
2025-08-01,49.349998474121094,ACIW
2025-09-01,52.77000045776367,ACIW
2025-10-01,47.630001068115234,ACIW
2025-11-01,46.86000061035156,ACIW
2025-12-01,47.810001373291016,ACIW
2026-01-01,43.36000061035156,ACIW
2017-01-01,57.6533317565918,AEIS
2017-02-01,60.84759521484375,AEIS
2017-03-01,67.17728424072266,AEIS
2017-04-01,72.3116455078125,AEIS
2017-05-01,75.37850189208984,AEIS
2017-06-01,63.38534927368164,AEIS
2017-07-01,71.08683776855469,AEIS
2017-08-01,72.05689239501953,AEIS
2017-09-01,79.13127899169922,AEIS
2017-10-01,83.01139831542969,AEIS
2017-11-01,73.45805358886719,AEIS
2017-12-01,66.11908721923828,AEIS
2018-01-01,69.69548034667969,AEIS
2018-02-01,64.98249053955078,AEIS
2018-03-01,62.611297607421875,AEIS
2018-04-01,58.34901428222656,AEIS
2018-05-01,64.20840454101562,AEIS
2018-06-01,56.91846466064453,AEIS
2018-07-01,60.00493621826172,AEIS
2018-08-01,58.37841033935547,AEIS
2018-09-01,50.60833740234375,AEIS
2018-10-01,42.16218185424805,AEIS
2018-11-01,46.09131622314453,AEIS
2018-12-01,42.064205169677734,AEIS
2019-01-01,50.25559997558594,AEIS
2019-02-01,49.354156494140625,AEIS
2019-03-01,48.678070068359375,AEIS
2019-04-01,56.59511184692383,AEIS
2019-05-01,49.1581916809082,AEIS
2019-06-01,55.13516616821289,AEIS
2019-07-01,57.22221755981445,AEIS
2019-08-01,50.598541259765625,AEIS
2019-09-01,56.252166748046875,AEIS
2019-10-01,57.9080924987793,AEIS
2019-11-01,62.91505432128906,AEIS
2019-12-01,69.7640609741211,AEIS
2020-01-01,68.52947235107422,AEIS
2020-02-01,58.28042221069336,AEIS
2020-03-01,47.51206970214844,AEIS
2020-04-01,54.478675842285156,AEIS
2020-05-01,65.4822006225586,AEIS
2020-06-01,66.42283630371094,AEIS
2020-07-01,72.08628845214844,AEIS
2020-08-01,72.62519836425781,AEIS
2020-09-01,61.67064666748047,AEIS
2020-10-01,66.10928344726562,AEIS
2020-11-01,94.5146255493164,AEIS
2020-12-01,95.01434326171875,AEIS
2021-01-01,100.51119995117188,AEIS
2021-02-01,102.44007110595703,AEIS
2021-03-01,107.0692367553711,AEIS
2021-04-01,108.18730163574219,AEIS
2021-05-01,100.14883422851562,AEIS
2021-06-01,110.65363311767578,AEIS
2021-07-01,101.85710906982422,AEIS
2021-08-01,88.64126586914062,AEIS
2021-09-01,86.25273895263672,AEIS
2021-10-01,90.25326538085938,AEIS
2021-11-01,86.29045104980469,AEIS
2021-12-01,89.60667419433594,AEIS
2022-01-01,84.8045654296875,AEIS
2022-02-01,84.57474517822266,AEIS
2022-03-01,84.80133056640625,AEIS
2022-04-01,75.38333129882812,AEIS
2022-05-01,80.35484313964844,AEIS
2022-06-01,71.9898910522461,AEIS
2022-07-01,88.27591705322266,AEIS
2022-08-01,88.66230773925781,AEIS
2022-09-01,76.43778991699219,AEIS
2022-10-01,77.6622314453125,AEIS
2022-11-01,91.58049774169922,AEIS
2022-12-01,84.79898071289062,AEIS
2023-01-01,91.67935180664062,AEIS
2023-02-01,92.10910034179688,AEIS
2023-03-01,96.977783203125,AEIS
2023-04-01,85.59774017333984,AEIS
2023-05-01,97.23149108886719,AEIS
2023-06-01,110.40702819824219,AEIS
2023-07-01,124.00856018066406,AEIS
2023-08-01,117.0716323852539,AEIS
2023-09-01,102.24803924560547,AEIS
2023-10-01,86.52216339111328,AEIS
2023-11-01,94.34549713134766,AEIS
2023-12-01,108.1126708984375,AEIS
2024-01-01,103.40779876708984,AEIS
2024-02-01,100.54813385009766,AEIS
2024-03-01,101.32311248779297,AEIS
2024-04-01,95.22267150878906,AEIS
2024-05-01,106.83602142333984,AEIS
2024-06-01,108.15866088867188,AEIS
2024-07-01,115.72659301757812,AEIS
2024-08-01,105.59881591796875,AEIS
2024-09-01,104.75276947021484,AEIS
2024-10-01,108.02751922607422,AEIS
2024-11-01,114.60688781738281,AEIS
2024-12-01,115.19465637207031,AEIS
2025-01-01,114.646728515625,AEIS
2025-02-01,114.82713317871094,AEIS
2025-03-01,95.0262680053711,AEIS
2025-04-01,97.12001037597656,AEIS
2025-05-01,114.5370864868164,AEIS
2025-06-01,132.21958923339844,AEIS
2025-07-01,138.62600708007812,AEIS
2025-08-01,149.4599609375,AEIS
2025-09-01,169.88987731933594,AEIS
2025-10-01,202.43197631835938,AEIS
2025-11-01,210.9871826171875,AEIS
2025-12-01,209.16893005371094,AEIS
2026-01-01,255.11477661132812,AEIS
2017-01-01,3.0,AEYE
2017-02-01,3.75,AEYE
2017-03-01,3.25,AEYE
2017-04-01,5.0,AEYE
2017-05-01,4.75,AEYE
2017-06-01,4.5,AEYE
2017-07-01,4.0,AEYE
2017-08-01,4.5,AEYE
2017-09-01,3.5,AEYE
2017-10-01,3.5,AEYE
2017-11-01,3.25,AEYE
2017-12-01,3.75,AEYE
2018-01-01,7.0,AEYE
2018-02-01,5.5,AEYE
2018-03-01,6.25,AEYE
2018-04-01,5.0,AEYE
2018-05-01,5.5,AEYE
2018-06-01,6.5,AEYE
2018-07-01,8.0,AEYE
2018-08-01,7.0,AEYE
2018-09-01,9.0,AEYE
2018-10-01,7.900000095367432,AEYE
2018-11-01,6.650000095367432,AEYE
2018-12-01,8.550000190734863,AEYE
2019-01-01,9.850000381469727,AEYE
2019-02-01,10.65999984741211,AEYE
2019-03-01,9.010000228881836,AEYE
2019-04-01,8.520000457763672,AEYE
2019-05-01,6.150000095367432,AEYE
2019-06-01,7.900000095367432,AEYE
2019-07-01,6.090000152587891,AEYE
2019-08-01,4.090000152587891,AEYE
2019-09-01,3.869999885559082,AEYE
2019-10-01,3.25,AEYE
2019-11-01,5.099999904632568,AEYE
2019-12-01,4.690000057220459,AEYE
2020-01-01,4.929999828338623,AEYE
2020-02-01,3.9600000381469727,AEYE
2020-03-01,4.440000057220459,AEYE
2020-04-01,7.590000152587891,AEYE
2020-05-01,8.470000267028809,AEYE
2020-06-01,10.0,AEYE
2020-07-01,14.6899995803833,AEYE
2020-08-01,19.049999237060547,AEYE
2020-09-01,14.59000015258789,AEYE
2020-10-01,16.809999465942383,AEYE
2020-11-01,16.84000015258789,AEYE
2020-12-01,25.829999923706055,AEYE
2021-01-01,23.920000076293945,AEYE
2021-02-01,31.559999465942383,AEYE
2021-03-01,27.940000534057617,AEYE
2021-04-01,25.299999237060547,AEYE
2021-05-01,18.34000015258789,AEYE
2021-06-01,16.790000915527344,AEYE
2021-07-01,13.859999656677246,AEYE
2021-08-01,13.039999961853027,AEYE
2021-09-01,11.029999732971191,AEYE
2021-10-01,9.9399995803833,AEYE
2021-11-01,7.75,AEYE
2021-12-01,7.019999980926514,AEYE
2022-01-01,5.679999828338623,AEYE
2022-02-01,6.010000228881836,AEYE
2022-03-01,6.809999942779541,AEYE
2022-04-01,4.139999866485596,AEYE
2022-05-01,3.369999885559082,AEYE
2022-06-01,6.010000228881836,AEYE
2022-07-01,5.300000190734863,AEYE
2022-08-01,6.320000171661377,AEYE
2022-09-01,5.510000228881836,AEYE
2022-10-01,5.340000152587891,AEYE
2022-11-01,4.690000057220459,AEYE
2022-12-01,3.8299999237060547,AEYE
2023-01-01,5.769999980926514,AEYE
2023-02-01,6.920000076293945,AEYE
2023-03-01,7.099999904632568,AEYE
2023-04-01,6.179999828338623,AEYE
2023-05-01,6.090000152587891,AEYE
2023-06-01,4.889999866485596,AEYE
2023-07-01,5.400000095367432,AEYE
2023-08-01,4.78000020980835,AEYE
2023-09-01,4.949999809265137,AEYE
2023-10-01,4.440000057220459,AEYE
2023-11-01,4.269999980926514,AEYE
2023-12-01,5.420000076293945,AEYE
2024-01-01,5.25,AEYE
2024-02-01,7.320000171661377,AEYE
2024-03-01,10.010000228881836,AEYE
2024-04-01,15.600000381469727,AEYE
2024-05-01,24.0,AEYE
2024-06-01,17.610000610351562,AEYE
2024-07-01,25.030000686645508,AEYE
2024-08-01,24.209999084472656,AEYE
2024-09-01,22.850000381469727,AEYE
2024-10-01,21.299999237060547,AEYE
2024-11-01,26.920000076293945,AEYE
2024-12-01,15.210000038146973,AEYE
2025-01-01,18.940000534057617,AEYE
2025-02-01,13.010000228881836,AEYE
2025-03-01,11.100000381469727,AEYE
2025-04-01,10.850000381469727,AEYE
2025-05-01,12.220000267028809,AEYE
2025-06-01,11.649999618530273,AEYE
2025-07-01,12.8100004196167,AEYE
2025-08-01,12.850000381469727,AEYE
2025-09-01,13.859999656677246,AEYE
2025-10-01,15.369999885559082,AEYE
2025-11-01,12.359999656677246,AEYE
2025-12-01,9.989999771118164,AEYE
2026-01-01,9.420000076293945,AEYE
2017-01-01,9.729999542236328,AGYS
2017-02-01,9.100000381469727,AGYS
2017-03-01,9.449999809265137,AGYS
2017-04-01,9.899999618530273,AGYS
2017-05-01,9.90999984741211,AGYS
2017-06-01,10.119999885559082,AGYS
2017-07-01,10.0600004196167,AGYS
2017-08-01,10.289999961853027,AGYS
2017-09-01,11.949999809265137,AGYS
2017-10-01,12.270000457763672,AGYS
2017-11-01,12.239999771118164,AGYS
2017-12-01,12.279999732971191,AGYS
2018-01-01,12.0,AGYS
2018-02-01,11.170000076293945,AGYS
2018-03-01,11.920000076293945,AGYS
2018-04-01,11.779999732971191,AGYS
2018-05-01,14.220000267028809,AGYS
2018-06-01,15.5,AGYS
2018-07-01,16.450000762939453,AGYS
2018-08-01,16.06999969482422,AGYS
2018-09-01,16.299999237060547,AGYS
2018-10-01,16.270000457763672,AGYS
2018-11-01,16.489999771118164,AGYS
2018-12-01,14.34000015258789,AGYS
2019-01-01,17.700000762939453,AGYS
2019-02-01,20.899999618530273,AGYS
2019-03-01,21.170000076293945,AGYS
2019-04-01,19.1299991607666,AGYS
2019-05-01,21.799999237060547,AGYS
2019-06-01,21.469999313354492,AGYS
2019-07-01,24.530000686645508,AGYS
2019-08-01,27.25,AGYS
2019-09-01,25.610000610351562,AGYS
2019-10-01,25.190000534057617,AGYS
2019-11-01,25.329999923706055,AGYS
2019-12-01,25.40999984741211,AGYS
2020-01-01,32.5,AGYS
2020-02-01,32.130001068115234,AGYS
2020-03-01,16.700000762939453,AGYS
2020-04-01,19.59000015258789,AGYS
2020-05-01,19.229999542236328,AGYS
2020-06-01,17.940000534057617,AGYS
2020-07-01,20.959999084472656,AGYS
2020-08-01,25.3700008392334,AGYS
2020-09-01,24.15999984741211,AGYS
2020-10-01,27.079999923706055,AGYS
2020-11-01,37.36000061035156,AGYS
2020-12-01,38.380001068115234,AGYS
2021-01-01,36.790000915527344,AGYS
2021-02-01,59.59000015258789,AGYS
2021-03-01,47.959999084472656,AGYS
2021-04-01,50.40999984741211,AGYS
2021-05-01,50.790000915527344,AGYS
2021-06-01,56.869998931884766,AGYS
2021-07-01,55.560001373291016,AGYS
2021-08-01,56.83000183105469,AGYS
2021-09-01,52.36000061035156,AGYS
2021-10-01,47.720001220703125,AGYS
2021-11-01,43.54999923706055,AGYS
2021-12-01,44.459999084472656,AGYS
2022-01-01,38.060001373291016,AGYS
2022-02-01,42.029998779296875,AGYS
2022-03-01,39.880001068115234,AGYS
2022-04-01,36.810001373291016,AGYS
2022-05-01,40.869998931884766,AGYS
2022-06-01,47.27000045776367,AGYS
2022-07-01,48.29999923706055,AGYS
2022-08-01,51.77000045776367,AGYS
2022-09-01,55.349998474121094,AGYS
2022-10-01,64.16999816894531,AGYS
2022-11-01,66.4000015258789,AGYS
2022-12-01,79.13999938964844,AGYS
2023-01-01,83.55999755859375,AGYS
2023-02-01,79.91000366210938,AGYS
2023-03-01,82.51000213623047,AGYS
2023-04-01,78.04000091552734,AGYS
2023-05-01,74.33999633789062,AGYS
2023-06-01,68.63999938964844,AGYS
2023-07-01,73.62999725341797,AGYS
2023-08-01,70.55000305175781,AGYS
2023-09-01,66.16000366210938,AGYS
2023-10-01,85.79000091552734,AGYS
2023-11-01,86.08999633789062,AGYS
2023-12-01,84.81999969482422,AGYS
2024-01-01,83.70999908447266,AGYS
2024-02-01,77.80000305175781,AGYS
2024-03-01,84.26000213623047,AGYS
2024-04-01,83.05000305175781,AGYS
2024-05-01,95.47000122070312,AGYS
2024-06-01,104.13999938964844,AGYS
2024-07-01,112.08999633789062,AGYS
2024-08-01,113.0999984741211,AGYS
2024-09-01,108.97000122070312,AGYS
2024-10-01,100.04000091552734,AGYS
2024-11-01,134.3000030517578,AGYS
2024-12-01,131.7100067138672,AGYS
2025-01-01,90.22000122070312,AGYS
2025-02-01,80.98999786376953,AGYS
2025-03-01,72.54000091552734,AGYS
2025-04-01,74.3499984741211,AGYS
2025-05-01,105.91000366210938,AGYS
2025-06-01,114.63999938964844,AGYS
2025-07-01,114.08000183105469,AGYS
2025-08-01,109.12000274658203,AGYS
2025-09-01,105.25,AGYS
2025-10-01,125.45999908447266,AGYS
2025-11-01,122.95999908447266,AGYS
2025-12-01,118.83999633789062,AGYS
2026-01-01,86.75,AGYS
2017-01-01,6.460000038146973,AIOT
2017-02-01,5.860000133514404,AIOT
2017-03-01,6.329999923706055,AIOT
2017-04-01,6.570000171661377,AIOT
2017-05-01,6.639999866485596,AIOT
2017-06-01,6.130000114440918,AIOT
2017-07-01,6.840000152587891,AIOT
2017-08-01,6.340000152587891,AIOT
2017-09-01,7.510000228881836,AIOT
2017-10-01,7.449999809265137,AIOT
2017-11-01,6.940000057220459,AIOT
2017-12-01,6.940000057220459,AIOT
2018-01-01,7.409999847412109,AIOT
2018-02-01,7.309999942779541,AIOT
2018-03-01,6.21999979019165,AIOT
2018-04-01,6.849999904632568,AIOT
2018-05-01,5.71999979019165,AIOT
2018-06-01,6.190000057220459,AIOT
2018-07-01,6.800000190734863,AIOT
2018-08-01,6.440000057220459,AIOT
2018-09-01,6.949999809265137,AIOT
2018-10-01,6.260000228881836,AIOT
2018-11-01,6.079999923706055,AIOT
2018-12-01,5.590000152587891,AIOT
2019-01-01,6.050000190734863,AIOT
2019-02-01,7.150000095367432,AIOT
2019-03-01,5.929999828338623,AIOT
2019-04-01,5.610000133514404,AIOT
2019-05-01,4.889999866485596,AIOT
2019-06-01,5.880000114440918,AIOT
2019-07-01,6.130000114440918,AIOT
2019-08-01,5.409999847412109,AIOT
2019-09-01,5.46999979019165,AIOT
2019-10-01,5.920000076293945,AIOT
2019-11-01,6.03000020980835,AIOT
2019-12-01,6.510000228881836,AIOT
2020-01-01,7.539999961853027,AIOT
2020-02-01,7.050000190734863,AIOT
2020-03-01,3.4600000381469727,AIOT
2020-04-01,4.800000190734863,AIOT
2020-05-01,4.699999809265137,AIOT
2020-06-01,4.619999885559082,AIOT
2020-07-01,4.480000019073486,AIOT
2020-08-01,5.619999885559082,AIOT
2020-09-01,5.630000114440918,AIOT
2020-10-01,6.050000190734863,AIOT
2020-11-01,6.880000114440918,AIOT
2020-12-01,7.429999828338623,AIOT
2021-01-01,7.099999904632568,AIOT
2021-02-01,7.869999885559082,AIOT
2021-03-01,8.220000267028809,AIOT
2021-04-01,7.559999942779541,AIOT
2021-05-01,6.739999771118164,AIOT
2021-06-01,7.199999809265137,AIOT
2021-07-01,6.809999942779541,AIOT
2021-08-01,7.119999885559082,AIOT
2021-09-01,6.699999809265137,AIOT
2021-10-01,6.920000076293945,AIOT
2021-11-01,6.099999904632568,AIOT
2021-12-01,4.739999771118164,AIOT
2022-01-01,3.569999933242798,AIOT
2022-02-01,3.569999933242798,AIOT
2022-03-01,2.9700000286102295,AIOT
2022-04-01,2.640000104904175,AIOT
2022-05-01,2.369999885559082,AIOT
2022-06-01,2.1700000762939453,AIOT
2022-07-01,2.75,AIOT
2022-08-01,3.190000057220459,AIOT
2022-09-01,3.0799999237060547,AIOT
2022-10-01,2.6500000953674316,AIOT
2022-11-01,2.819999933242798,AIOT
2022-12-01,2.690000057220459,AIOT
2023-01-01,2.859999895095825,AIOT
2023-02-01,2.7799999713897705,AIOT
2023-03-01,3.430000066757202,AIOT
2023-04-01,2.869999885559082,AIOT
2023-05-01,3.130000114440918,AIOT
2023-06-01,3.0,AIOT
2023-07-01,2.7100000381469727,AIOT
2023-08-01,2.4600000381469727,AIOT
2023-09-01,2.069999933242798,AIOT
2023-10-01,1.850000023841858,AIOT
2023-11-01,2.319999933242798,AIOT
2023-12-01,3.4200000762939453,AIOT
2024-01-01,3.200000047683716,AIOT
2024-02-01,3.1700000762939453,AIOT
2024-03-01,5.340000152587891,AIOT
2024-04-01,4.789999961853027,AIOT
2024-05-01,5.309999942779541,AIOT
2024-06-01,4.570000171661377,AIOT
2024-07-01,4.53000020980835,AIOT
2024-08-01,4.989999771118164,AIOT
2024-09-01,5.0,AIOT
2024-10-01,5.03000020980835,AIOT
2024-11-01,7.039999961853027,AIOT
2024-12-01,6.659999847412109,AIOT
2025-01-01,5.909999847412109,AIOT
2025-02-01,7.050000190734863,AIOT
2025-03-01,5.489999771118164,AIOT
2025-04-01,5.039999961853027,AIOT
2025-05-01,4.550000190734863,AIOT
2025-06-01,4.309999942779541,AIOT
2025-07-01,4.059999942779541,AIOT
2025-08-01,4.670000076293945,AIOT
2025-09-01,5.239999771118164,AIOT
2025-10-01,5.099999904632568,AIOT
2025-11-01,4.96999979019165,AIOT
2025-12-01,5.320000171661377,AIOT
2026-01-01,5.110000133514404,AIOT
2017-01-01,27.09000015258789,ALRM
2017-02-01,28.540000915527344,ALRM
2017-03-01,30.739999771118164,ALRM
2017-04-01,32.61000061035156,ALRM
2017-05-01,32.54999923706055,ALRM
2017-06-01,37.630001068115234,ALRM
2017-07-01,38.029998779296875,ALRM
2017-08-01,44.91999816894531,ALRM
2017-09-01,45.18000030517578,ALRM
2017-10-01,46.68000030517578,ALRM
2017-11-01,40.9900016784668,ALRM
2017-12-01,37.75,ALRM
2018-01-01,38.380001068115234,ALRM
2018-02-01,36.1349983215332,ALRM
2018-03-01,37.7400016784668,ALRM
2018-04-01,40.380001068115234,ALRM
2018-05-01,44.43000030517578,ALRM
2018-06-01,40.380001068115234,ALRM
2018-07-01,42.869998931884766,ALRM
2018-08-01,56.290000915527344,ALRM
2018-09-01,57.400001525878906,ALRM
2018-10-01,44.47999954223633,ALRM
2018-11-01,50.849998474121094,ALRM
2018-12-01,51.869998931884766,ALRM
2019-01-01,62.93000030517578,ALRM
2019-02-01,65.62999725341797,ALRM
2019-03-01,64.9000015258789,ALRM
2019-04-01,70.87999725341797,ALRM
2019-05-01,58.310001373291016,ALRM
2019-06-01,53.5,ALRM
2019-07-01,49.90999984741211,ALRM
2019-08-01,47.599998474121094,ALRM
2019-09-01,46.63999938964844,ALRM
2019-10-01,49.400001525878906,ALRM
2019-11-01,43.619998931884766,ALRM
2019-12-01,42.970001220703125,ALRM
2020-01-01,43.93000030517578,ALRM
2020-02-01,48.25,ALRM
2020-03-01,38.90999984741211,ALRM
2020-04-01,44.72999954223633,ALRM
2020-05-01,47.290000915527344,ALRM
2020-06-01,64.80999755859375,ALRM
2020-07-01,70.04000091552734,ALRM
2020-08-01,59.869998931884766,ALRM
2020-09-01,55.25,ALRM
2020-10-01,58.33000183105469,ALRM
2020-11-01,75.91000366210938,ALRM
2020-12-01,103.44999694824219,ALRM
2021-01-01,92.91999816894531,ALRM
2021-02-01,87.87999725341797,ALRM
2021-03-01,86.37999725341797,ALRM
2021-04-01,89.76000213623047,ALRM
2021-05-01,81.87999725341797,ALRM
2021-06-01,84.69999694824219,ALRM
2021-07-01,83.22000122070312,ALRM
2021-08-01,84.33000183105469,ALRM
2021-09-01,78.19000244140625,ALRM
2021-10-01,84.26000213623047,ALRM
2021-11-01,79.79000091552734,ALRM
2021-12-01,84.80999755859375,ALRM
2022-01-01,74.56999969482422,ALRM
2022-02-01,65.83000183105469,ALRM
2022-03-01,66.45999908447266,ALRM
2022-04-01,61.08000183105469,ALRM
2022-05-01,63.22999954223633,ALRM
2022-06-01,61.86000061035156,ALRM
2022-07-01,70.7699966430664,ALRM
2022-08-01,66.5999984741211,ALRM
2022-09-01,64.86000061035156,ALRM
2022-10-01,58.84000015258789,ALRM
2022-11-01,49.900001525878906,ALRM
2022-12-01,49.47999954223633,ALRM
2023-01-01,53.599998474121094,ALRM
2023-02-01,50.83000183105469,ALRM
2023-03-01,50.279998779296875,ALRM
2023-04-01,47.689998626708984,ALRM
2023-05-01,50.220001220703125,ALRM
2023-06-01,51.68000030517578,ALRM
2023-07-01,55.209999084472656,ALRM
2023-08-01,58.56999969482422,ALRM
2023-09-01,61.13999938964844,ALRM
2023-10-01,51.130001068115234,ALRM
2023-11-01,54.47999954223633,ALRM
2023-12-01,64.62000274658203,ALRM
2024-01-01,60.81999969482422,ALRM
2024-02-01,75.69000244140625,ALRM
2024-03-01,72.47000122070312,ALRM
2024-04-01,66.5,ALRM
2024-05-01,65.41000366210938,ALRM
2024-06-01,63.540000915527344,ALRM
2024-07-01,70.55000305175781,ALRM
2024-08-01,59.540000915527344,ALRM
2024-09-01,54.66999816894531,ALRM
2024-10-01,53.33000183105469,ALRM
2024-11-01,65.13999938964844,ALRM
2024-12-01,60.79999923706055,ALRM
2025-01-01,60.66999816894531,ALRM
2025-02-01,58.09000015258789,ALRM
2025-03-01,55.650001525878906,ALRM
2025-04-01,53.599998474121094,ALRM
2025-05-01,57.400001525878906,ALRM
2025-06-01,56.56999969482422,ALRM
2025-07-01,54.630001068115234,ALRM
2025-08-01,58.630001068115234,ALRM
2025-09-01,53.08000183105469,ALRM
2025-10-01,49.220001220703125,ALRM
2025-11-01,51.959999084472656,ALRM
2025-12-01,51.02000045776367,ALRM
2026-01-01,48.779998779296875,ALRM
2017-01-01,49.61000061035156,AMBA
2017-02-01,58.95000076293945,AMBA
2017-03-01,54.709999084472656,AMBA
2017-04-01,56.220001220703125,AMBA
2017-05-01,58.540000915527344,AMBA
2017-06-01,48.54999923706055,AMBA
2017-07-01,50.04999923706055,AMBA
2017-08-01,54.400001525878906,AMBA
2017-09-01,49.0099983215332,AMBA
2017-10-01,56.439998626708984,AMBA
2017-11-01,54.27000045776367,AMBA
2017-12-01,58.75,AMBA
2018-01-01,50.400001525878906,AMBA
2018-02-01,48.08000183105469,AMBA
2018-03-01,48.9900016784668,AMBA
2018-04-01,46.59000015258789,AMBA
2018-05-01,48.86000061035156,AMBA
2018-06-01,38.61000061035156,AMBA
2018-07-01,39.18000030517578,AMBA
2018-08-01,38.310001373291016,AMBA
2018-09-01,38.68000030517578,AMBA
2018-10-01,34.779998779296875,AMBA
2018-11-01,39.9900016784668,AMBA
2018-12-01,34.97999954223633,AMBA
2019-01-01,38.0,AMBA
2019-02-01,40.369998931884766,AMBA
2019-03-01,43.20000076293945,AMBA
2019-04-01,50.119998931884766,AMBA
2019-05-01,37.90999984741211,AMBA
2019-06-01,44.130001068115234,AMBA
2019-07-01,49.95000076293945,AMBA
2019-08-01,55.869998931884766,AMBA
2019-09-01,62.84000015258789,AMBA
2019-10-01,52.630001068115234,AMBA
2019-11-01,54.7400016784668,AMBA
2019-12-01,60.560001373291016,AMBA
2020-01-01,59.13999938964844,AMBA
2020-02-01,59.45000076293945,AMBA
2020-03-01,48.560001373291016,AMBA
2020-04-01,52.58000183105469,AMBA
2020-05-01,56.7400016784668,AMBA
2020-06-01,45.79999923706055,AMBA
2020-07-01,45.279998779296875,AMBA
2020-08-01,52.70000076293945,AMBA
2020-09-01,52.18000030517578,AMBA
2020-10-01,54.66999816894531,AMBA
2020-11-01,78.12999725341797,AMBA
2020-12-01,91.81999969482422,AMBA
2021-01-01,94.36000061035156,AMBA
2021-02-01,112.48999786376953,AMBA
2021-03-01,100.38999938964844,AMBA
2021-04-01,97.48999786376953,AMBA
2021-05-01,100.37999725341797,AMBA
2021-06-01,106.62999725341797,AMBA
2021-07-01,98.48999786376953,AMBA
2021-08-01,103.56999969482422,AMBA
2021-09-01,155.74000549316406,AMBA
2021-10-01,185.8300018310547,AMBA
2021-11-01,179.52000427246094,AMBA
2021-12-01,202.88999938964844,AMBA
2022-01-01,140.14999389648438,AMBA
2022-02-01,139.7100067138672,AMBA
2022-03-01,104.91999816894531,AMBA
2022-04-01,82.08000183105469,AMBA
2022-05-01,85.22000122070312,AMBA
2022-06-01,65.45999908447266,AMBA
2022-07-01,86.55000305175781,AMBA
2022-08-01,67.87999725341797,AMBA
2022-09-01,56.18000030517578,AMBA
2022-10-01,54.72999954223633,AMBA
2022-11-01,74.19999694824219,AMBA
2022-12-01,82.2300033569336,AMBA
2023-01-01,89.83999633789062,AMBA
2023-02-01,94.30999755859375,AMBA
2023-03-01,77.41999816894531,AMBA
2023-04-01,61.97999954223633,AMBA
2023-05-01,72.31999969482422,AMBA
2023-06-01,83.66999816894531,AMBA
2023-07-01,83.41999816894531,AMBA
2023-08-01,62.150001525878906,AMBA
2023-09-01,53.029998779296875,AMBA
2023-10-01,44.9900016784668,AMBA
2023-11-01,58.709999084472656,AMBA
2023-12-01,61.290000915527344,AMBA
2024-01-01,52.560001373291016,AMBA
2024-02-01,55.849998474121094,AMBA
2024-03-01,50.77000045776367,AMBA
2024-04-01,45.970001220703125,AMBA
2024-05-01,58.2599983215332,AMBA
2024-06-01,53.95000076293945,AMBA
2024-07-01,52.63999938964844,AMBA
2024-08-01,59.70000076293945,AMBA
2024-09-01,56.40999984741211,AMBA
2024-10-01,56.189998626708984,AMBA
2024-11-01,71.55000305175781,AMBA
2024-12-01,72.73999786376953,AMBA
2025-01-01,76.72000122070312,AMBA
2025-02-01,61.43000030517578,AMBA
2025-03-01,50.33000183105469,AMBA
2025-04-01,47.9900016784668,AMBA
2025-05-01,52.63999938964844,AMBA
2025-06-01,66.06999969482422,AMBA
2025-07-01,66.08999633789062,AMBA
2025-08-01,82.4800033569336,AMBA
2025-09-01,82.5199966430664,AMBA
2025-10-01,85.2300033569336,AMBA
2025-11-01,74.18000030517578,AMBA
2025-12-01,70.83999633789062,AMBA
2026-01-01,64.04000091552734,AMBA
2017-01-01,8.742632865905762,AMKR
2017-02-01,9.123560905456543,AMKR
2017-03-01,10.76803207397461,AMKR
2017-04-01,10.94455623626709,AMKR
2017-05-01,10.535761833190918,AMKR
2017-06-01,9.077106475830078,AMKR
2017-07-01,9.634552955627441,AMKR
2017-08-01,8.157318115234375,AMKR
2017-09-01,9.801788330078125,AMKR
2017-10-01,10.749448776245117,AMKR
2017-11-01,9.820368766784668,AMKR
2017-12-01,9.337250709533691,AMKR
2018-01-01,9.346537590026855,AMKR
2018-02-01,9.337250709533691,AMKR
2018-03-01,9.411577224731445,AMKR
2018-04-01,7.69277811050415,AMKR
2018-05-01,8.454623222351074,AMKR
2018-06-01,7.98079252243042,AMKR
2018-07-01,8.064411163330078,AMKR
2018-08-01,8.110862731933594,AMKR
2018-09-01,6.865896701812744,AMKR
2018-10-01,6.642917156219482,AMKR
2018-11-01,6.364194393157959,AMKR
2018-12-01,6.094761371612549,AMKR
2019-01-01,7.4326348304748535,AMKR
2019-02-01,8.157318115234375,AMKR
2019-03-01,7.934340000152588,AMKR
2019-04-01,8.417461395263672,AMKR
2019-05-01,6.020434379577637,AMKR
2019-06-01,6.930932998657227,AMKR
2019-07-01,8.575403213500977,AMKR
2019-08-01,8.12944507598877,AMKR
2019-09-01,8.454623222351074,AMKR
2019-10-01,11.548457145690918,AMKR
2019-11-01,11.232569694519043,AMKR
2019-12-01,12.078034400939941,AMKR
2020-01-01,10.452143669128418,AMKR
2020-02-01,9.69958782196045,AMKR
2020-03-01,7.237528324127197,AMKR
2020-04-01,9.179305076599121,AMKR
2020-05-01,9.829658508300781,AMKR
2020-06-01,11.436967849731445,AMKR
2020-07-01,12.635481834411621,AMKR
2020-08-01,11.334768295288086,AMKR
2020-09-01,10.405688285827637,AMKR
2020-10-01,11.009592056274414,AMKR
2020-11-01,13.694628715515137,AMKR
2020-12-01,14.046884536743164,AMKR
2021-01-01,14.456742286682129,AMKR
2021-02-01,22.290987014770508,AMKR
2021-03-01,22.123037338256836,AMKR
2021-04-01,18.86663246154785,AMKR
2021-05-01,19.687732696533203,AMKR
2021-06-01,22.127037048339844,AMKR
2021-07-01,23.03380584716797,AMKR
2021-08-01,25.6793270111084,AMKR
2021-09-01,23.356691360473633,AMKR
2021-10-01,20.52018928527832,AMKR
2021-11-01,20.183177947998047,AMKR
2021-12-01,23.257932662963867,AMKR
2022-01-01,20.65912437438965,AMKR
2022-02-01,21.314498901367188,AMKR
2022-03-01,20.421300888061523,AMKR
2022-04-01,17.6852970123291,AMKR
2022-05-01,19.21784019470215,AMKR
2022-06-01,15.975919723510742,AMKR
2022-07-01,19.01087188720703,AMKR
2022-08-01,18.973175048828125,AMKR
2022-09-01,16.111318588256836,AMKR
2022-10-01,19.645418167114258,AMKR
2022-11-01,26.47736930847168,AMKR
2022-12-01,22.721065521240234,AMKR
2023-01-01,27.723865509033203,AMKR
2023-02-01,24.480268478393555,AMKR
2023-03-01,24.727357864379883,AMKR
2023-04-01,21.258684158325195,AMKR
2023-05-01,23.548959732055664,AMKR
2023-06-01,28.35381317138672,AMKR
2023-07-01,27.724782943725586,AMKR
2023-08-01,26.64781379699707,AMKR
2023-09-01,21.597299575805664,AMKR
2023-10-01,19.93449592590332,AMKR
2023-11-01,26.920166015625,AMKR
2023-12-01,31.88239860534668,AMKR
2024-01-01,30.33954429626465,AMKR
2024-02-01,29.726240158081055,AMKR
2024-03-01,30.965450286865234,AMKR
2024-04-01,31.07109832763672,AMKR
2024-05-01,31.30160903930664,AMKR
2024-06-01,38.53207015991211,AMKR
2024-07-01,31.445707321166992,AMKR
2024-08-01,31.67679214477539,AMKR
2024-09-01,29.533214569091797,AMKR
2024-10-01,24.562759399414062,AMKR
2024-11-01,25.51824188232422,AMKR
2024-12-01,25.251115798950195,AMKR
2025-01-01,24.1895694732666,AMKR
2025-02-01,20.739532470703125,AMKR
2025-03-01,17.827661514282227,AMKR
2025-04-01,17.225507736206055,AMKR
2025-05-01,17.788177490234375,AMKR
2025-06-01,20.810543060302734,AMKR
2025-07-01,22.36712074279785,AMKR
2025-08-01,23.983186721801758,AMKR
2025-09-01,28.25531578063965,AMKR
2025-10-01,32.11555099487305,AMKR
2025-11-01,36.20460891723633,AMKR
2025-12-01,39.36020278930664,AMKR
2026-01-01,48.183353424072266,AMKR
2017-01-01,20.350000381469727,AOSL
2017-02-01,19.260000228881836,AOSL
2017-03-01,17.190000534057617,AOSL
2017-04-01,16.549999237060547,AOSL
2017-05-01,18.6200008392334,AOSL
2017-06-01,16.670000076293945,AOSL
2017-07-01,17.700000762939453,AOSL
2017-08-01,15.880000114440918,AOSL
2017-09-01,16.489999771118164,AOSL
2017-10-01,18.43000030517578,AOSL
2017-11-01,17.610000610351562,AOSL
2017-12-01,16.360000610351562,AOSL
2018-01-01,16.790000915527344,AOSL
2018-02-01,15.369999885559082,AOSL
2018-03-01,15.449999809265137,AOSL
2018-04-01,15.15999984741211,AOSL
2018-05-01,15.529999732971191,AOSL
2018-06-01,14.239999771118164,AOSL
2018-07-01,13.359999656677246,AOSL
2018-08-01,14.210000038146973,AOSL
2018-09-01,11.630000114440918,AOSL
2018-10-01,9.270000457763672,AOSL
2018-11-01,11.020000457763672,AOSL
2018-12-01,10.1899995803833,AOSL
2019-01-01,11.90999984741211,AOSL
2019-02-01,10.760000228881836,AOSL
2019-03-01,11.510000228881836,AOSL
2019-04-01,12.399999618530273,AOSL
2019-05-01,8.539999961853027,AOSL
2019-06-01,9.34000015258789,AOSL
2019-07-01,10.149999618530273,AOSL
2019-08-01,11.779999732971191,AOSL
2019-09-01,12.279999732971191,AOSL
2019-10-01,13.0600004196167,AOSL
2019-11-01,11.890000343322754,AOSL
2019-12-01,13.619999885559082,AOSL
2020-01-01,12.1899995803833,AOSL
2020-02-01,10.84000015258789,AOSL
2020-03-01,6.409999847412109,AOSL
2020-04-01,12.029999732971191,AOSL
2020-05-01,10.520000457763672,AOSL
2020-06-01,10.880000114440918,AOSL
2020-07-01,10.890000343322754,AOSL
2020-08-01,13.550000190734863,AOSL
2020-09-01,12.819999694824219,AOSL
2020-10-01,15.859999656677246,AOSL
2020-11-01,24.84000015258789,AOSL
2020-12-01,23.639999389648438,AOSL
2021-01-01,28.739999771118164,AOSL
2021-02-01,35.189998626708984,AOSL
2021-03-01,32.70000076293945,AOSL
2021-04-01,31.100000381469727,AOSL
2021-05-01,32.209999084472656,AOSL
2021-06-01,30.389999389648438,AOSL
2021-07-01,25.989999771118164,AOSL
2021-08-01,29.049999237060547,AOSL
2021-09-01,31.3700008392334,AOSL
2021-10-01,34.650001525878906,AOSL
2021-11-01,49.119998931884766,AOSL
2021-12-01,60.560001373291016,AOSL
2022-01-01,45.029998779296875,AOSL
2022-02-01,53.77000045776367,AOSL
2022-03-01,54.650001525878906,AOSL
2022-04-01,42.900001525878906,AOSL
2022-05-01,43.93000030517578,AOSL
2022-06-01,33.34000015258789,AOSL
2022-07-01,42.0099983215332,AOSL
2022-08-01,38.65999984741211,AOSL
2022-09-01,30.760000228881836,AOSL
2022-10-01,32.75,AOSL
2022-11-01,35.08000183105469,AOSL
2022-12-01,28.56999969482422,AOSL
2023-01-01,32.959999084472656,AOSL
2023-02-01,26.709999084472656,AOSL
2023-03-01,26.950000762939453,AOSL
2023-04-01,23.8799991607666,AOSL
2023-05-01,27.690000534057617,AOSL
2023-06-01,32.79999923706055,AOSL
2023-07-01,32.880001068115234,AOSL
2023-08-01,31.549999237060547,AOSL
2023-09-01,29.84000015258789,AOSL
2023-10-01,23.719999313354492,AOSL
2023-11-01,21.389999389648438,AOSL
2023-12-01,26.059999465942383,AOSL
2024-01-01,25.65999984741211,AOSL
2024-02-01,21.899999618530273,AOSL
2024-03-01,22.040000915527344,AOSL
2024-04-01,21.8700008392334,AOSL
2024-05-01,29.309999465942383,AOSL
2024-06-01,37.369998931884766,AOSL
2024-07-01,41.400001525878906,AOSL
2024-08-01,41.810001373291016,AOSL
2024-09-01,37.119998931884766,AOSL
2024-10-01,33.040000915527344,AOSL
2024-11-01,41.470001220703125,AOSL
2024-12-01,37.029998779296875,AOSL
2025-01-01,38.41999816894531,AOSL
2025-02-01,30.280000686645508,AOSL
2025-03-01,24.860000610351562,AOSL
2025-04-01,18.829999923706055,AOSL
2025-05-01,21.219999313354492,AOSL
2025-06-01,25.65999984741211,AOSL
2025-07-01,25.469999313354492,AOSL
2025-08-01,28.770000457763672,AOSL
2025-09-01,27.959999084472656,AOSL
2025-10-01,28.059999465942383,AOSL
2025-11-01,20.280000686645508,AOSL
2025-12-01,19.809999465942383,AOSL
2026-01-01,22.100000381469727,AOSL
2017-01-01,22.649999618530273,APPF
2017-02-01,24.850000381469727,APPF
2017-03-01,27.200000762939453,APPF
2017-04-01,26.549999237060547,APPF
2017-05-01,28.649999618530273,APPF
2017-06-01,32.599998474121094,APPF
2017-07-01,34.95000076293945,APPF
2017-08-01,42.900001525878906,APPF
2017-09-01,47.95000076293945,APPF
2017-10-01,45.900001525878906,APPF
2017-11-01,43.150001525878906,APPF
2017-12-01,41.5,APPF
2018-01-01,42.349998474121094,APPF
2018-02-01,40.099998474121094,APPF
2018-03-01,40.849998474121094,APPF
2018-04-01,47.95000076293945,APPF
2018-05-01,59.20000076293945,APPF
2018-06-01,61.150001525878906,APPF
2018-07-01,72.19999694824219,APPF
2018-08-01,85.4000015258789,APPF
2018-09-01,78.4000015258789,APPF
2018-10-01,57.099998474121094,APPF
2018-11-01,61.290000915527344,APPF
2018-12-01,59.220001220703125,APPF
2019-01-01,63.310001373291016,APPF
2019-02-01,72.27999877929688,APPF
2019-03-01,79.4000015258789,APPF
2019-04-01,97.11000061035156,APPF
2019-05-01,96.4000015258789,APPF
2019-06-01,102.2699966430664,APPF
2019-07-01,96.55000305175781,APPF
2019-08-01,98.7699966430664,APPF
2019-09-01,95.13999938964844,APPF
2019-10-01,97.2300033569336,APPF
2019-11-01,112.91999816894531,APPF
2019-12-01,109.94999694824219,APPF
2020-01-01,131.44000244140625,APPF
2020-02-01,122.97000122070312,APPF
2020-03-01,110.94999694824219,APPF
2020-04-01,109.86000061035156,APPF
2020-05-01,158.50999450683594,APPF
2020-06-01,162.7100067138672,APPF
2020-07-01,139.22000122070312,APPF
2020-08-01,168.02999877929688,APPF
2020-09-01,141.80999755859375,APPF
2020-10-01,142.8699951171875,APPF
2020-11-01,162.92999267578125,APPF
2020-12-01,180.0399932861328,APPF
2021-01-01,152.80999755859375,APPF
2021-02-01,164.02000427246094,APPF
2021-03-01,141.41000366210938,APPF
2021-04-01,144.6300048828125,APPF
2021-05-01,134.88999938964844,APPF
2021-06-01,141.1999969482422,APPF
2021-07-01,141.60000610351562,APPF
2021-08-01,118.0999984741211,APPF
2021-09-01,120.4000015258789,APPF
2021-10-01,131.69000244140625,APPF
2021-11-01,120.48999786376953,APPF
2021-12-01,121.05999755859375,APPF
2022-01-01,115.26000213623047,APPF
2022-02-01,113.13999938964844,APPF
2022-03-01,113.20999908447266,APPF
2022-04-01,103.86000061035156,APPF
2022-05-01,100.18000030517578,APPF
2022-06-01,90.63999938964844,APPF
2022-07-01,101.80999755859375,APPF
2022-08-01,101.37999725341797,APPF
2022-09-01,104.72000122070312,APPF
2022-10-01,125.37000274658203,APPF
2022-11-01,114.08999633789062,APPF
2022-12-01,105.37999725341797,APPF
2023-01-01,112.33000183105469,APPF
2023-02-01,132.05999755859375,APPF
2023-03-01,124.4800033569336,APPF
2023-04-01,139.6199951171875,APPF
2023-05-01,143.14999389648438,APPF
2023-06-01,172.13999938964844,APPF
2023-07-01,180.58999633789062,APPF
2023-08-01,192.77000427246094,APPF
2023-09-01,182.6300048828125,APPF
2023-10-01,187.57000732421875,APPF
2023-11-01,189.25,APPF
2023-12-01,173.24000549316406,APPF
2024-01-01,219.25999450683594,APPF
2024-02-01,242.08999633789062,APPF
2024-03-01,246.74000549316406,APPF
2024-04-01,226.77999877929688,APPF
2024-05-01,228.32000732421875,APPF
2024-06-01,244.57000732421875,APPF
2024-07-01,221.47999572753906,APPF
2024-08-01,231.99000549316406,APPF
2024-09-01,235.39999389648438,APPF
2024-10-01,207.8699951171875,APPF
2024-11-01,253.75,APPF
2024-12-01,246.72000122070312,APPF
2025-01-01,233.91000366210938,APPF
2025-02-01,214.5,APPF
2025-03-01,219.89999389648438,APPF
2025-04-01,206.52000427246094,APPF
2025-05-01,211.1699981689453,APPF
2025-06-01,230.27999877929688,APPF
2025-07-01,267.3800048828125,APPF
2025-08-01,277.3800048828125,APPF
2025-09-01,275.6600036621094,APPF
2025-10-01,254.42999267578125,APPF
2025-11-01,228.27999877929688,APPF
2025-12-01,232.64999389648438,APPF
2026-01-01,189.8800048828125,APPF
2017-01-01,,APPN
2017-02-01,,APPN
2017-03-01,,APPN
2017-04-01,,APPN
2017-05-01,17.649999618530273,APPN
2017-06-01,18.149999618530273,APPN
2017-07-01,19.559999465942383,APPN
2017-08-01,22.889999389648438,APPN
2017-09-01,28.459999084472656,APPN
2017-10-01,23.100000381469727,APPN
2017-11-01,22.020000457763672,APPN
2017-12-01,31.479999542236328,APPN
2018-01-01,31.0,APPN
2018-02-01,27.040000915527344,APPN
2018-03-01,25.18000030517578,APPN
2018-04-01,27.110000610351562,APPN
2018-05-01,31.889999389648438,APPN
2018-06-01,36.15999984741211,APPN
2018-07-01,31.079999923706055,APPN
2018-08-01,34.93000030517578,APPN
2018-09-01,33.099998474121094,APPN
2018-10-01,25.709999084472656,APPN
2018-11-01,30.059999465942383,APPN
2018-12-01,26.709999084472656,APPN
2019-01-01,32.189998626708984,APPN
2019-02-01,36.4900016784668,APPN
2019-03-01,34.43000030517578,APPN
2019-04-01,36.09000015258789,APPN
2019-05-01,36.130001068115234,APPN
2019-06-01,36.06999969482422,APPN
2019-07-01,39.290000915527344,APPN
2019-08-01,59.470001220703125,APPN
2019-09-01,47.5,APPN
2019-10-01,44.63999938964844,APPN
2019-11-01,43.08000183105469,APPN
2019-12-01,38.209999084472656,APPN
2020-01-01,51.040000915527344,APPN
2020-02-01,44.150001525878906,APPN
2020-03-01,40.22999954223633,APPN
2020-04-01,45.66999816894531,APPN
2020-05-01,56.959999084472656,APPN
2020-06-01,51.25,APPN
2020-07-01,50.869998931884766,APPN
2020-08-01,61.2400016784668,APPN
2020-09-01,64.75,APPN
2020-10-01,63.29999923706055,APPN
2020-11-01,140.0,APPN
2020-12-01,162.08999633789062,APPN
2021-01-01,218.4600067138672,APPN
2021-02-01,171.89999389648438,APPN
2021-03-01,132.9499969482422,APPN
2021-04-01,121.18000030517578,APPN
2021-05-01,90.4800033569336,APPN
2021-06-01,137.75,APPN
2021-07-01,116.43000030517578,APPN
2021-08-01,107.19999694824219,APPN
2021-09-01,92.51000213623047,APPN
2021-10-01,99.41000366210938,APPN
2021-11-01,74.3499984741211,APPN
2021-12-01,65.20999908447266,APPN
2022-01-01,56.369998931884766,APPN
2022-02-01,60.959999084472656,APPN
2022-03-01,60.81999969482422,APPN
2022-04-01,47.79999923706055,APPN
2022-05-01,47.77000045776367,APPN
2022-06-01,47.36000061035156,APPN
2022-07-01,48.529998779296875,APPN
2022-08-01,46.900001525878906,APPN
2022-09-01,40.83000183105469,APPN
2022-10-01,48.81999969482422,APPN
2022-11-01,38.029998779296875,APPN
2022-12-01,32.560001373291016,APPN
2023-01-01,41.3650016784668,APPN
2023-02-01,41.45000076293945,APPN
2023-03-01,44.380001068115234,APPN
2023-04-01,37.54999923706055,APPN
2023-05-01,42.83000183105469,APPN
2023-06-01,47.599998474121094,APPN
2023-07-01,51.52000045776367,APPN
2023-08-01,48.70000076293945,APPN
2023-09-01,45.61000061035156,APPN
2023-10-01,39.459999084472656,APPN
2023-11-01,36.2400016784668,APPN
2023-12-01,37.65999984741211,APPN
2024-01-01,32.630001068115234,APPN
2024-02-01,34.849998474121094,APPN
2024-03-01,39.95000076293945,APPN
2024-04-01,37.439998626708984,APPN
2024-05-01,28.389999389648438,APPN
2024-06-01,30.860000610351562,APPN
2024-07-01,36.939998626708984,APPN
2024-08-01,32.439998626708984,APPN
2024-09-01,34.13999938964844,APPN
2024-10-01,35.75,APPN
2024-11-01,37.849998474121094,APPN
2024-12-01,32.97999954223633,APPN
2025-01-01,35.09000015258789,APPN
2025-02-01,32.470001220703125,APPN
2025-03-01,28.809999465942383,APPN
2025-04-01,31.049999237060547,APPN
2025-05-01,31.5,APPN
2025-06-01,29.860000610351562,APPN
2025-07-01,27.610000610351562,APPN
2025-08-01,30.780000686645508,APPN
2025-09-01,30.56999969482422,APPN
2025-10-01,29.93000030517578,APPN
2025-11-01,40.400001525878906,APPN
2025-12-01,35.41999816894531,APPN
2026-01-01,27.899999618530273,APPN
2017-01-01,10.59000015258789,ASUR
2017-02-01,11.0600004196167,ASUR
2017-03-01,10.279999732971191,ASUR
2017-04-01,10.329999923706055,ASUR
2017-05-01,15.5,ASUR
2017-06-01,14.609999656677246,ASUR
2017-07-01,13.119999885559082,ASUR
2017-08-01,11.579999923706055,ASUR
2017-09-01,12.420000076293945,ASUR
2017-10-01,11.279999732971191,ASUR
2017-11-01,14.359999656677246,ASUR
2017-12-01,14.119999885559082,ASUR
2018-01-01,15.199999809265137,ASUR
2018-02-01,14.25,ASUR
2018-03-01,12.239999771118164,ASUR
2018-04-01,15.140000343322754,ASUR
2018-05-01,17.530000686645508,ASUR
2018-06-01,15.949999809265137,ASUR
2018-07-01,14.09000015258789,ASUR
2018-08-01,15.029999732971191,ASUR
2018-09-01,12.420000076293945,ASUR
2018-10-01,11.140000343322754,ASUR
2018-11-01,5.690000057220459,ASUR
2018-12-01,5.079999923706055,ASUR
2019-01-01,5.309999942779541,ASUR
2019-02-01,6.460000038146973,ASUR
2019-03-01,6.110000133514404,ASUR
2019-04-01,6.960000038146973,ASUR
2019-05-01,6.429999828338623,ASUR
2019-06-01,8.229999542236328,ASUR
2019-07-01,9.050000190734863,ASUR
2019-08-01,6.440000057220459,ASUR
2019-09-01,6.710000038146973,ASUR
2019-10-01,9.039999961853027,ASUR
2019-11-01,8.199999809265137,ASUR
2019-12-01,8.180000305175781,ASUR
2020-01-01,8.430000305175781,ASUR
2020-02-01,8.430000305175781,ASUR
2020-03-01,5.960000038146973,ASUR
2020-04-01,6.159999847412109,ASUR
2020-05-01,6.179999828338623,ASUR
2020-06-01,6.429999828338623,ASUR
2020-07-01,6.449999809265137,ASUR
2020-08-01,6.730000019073486,ASUR
2020-09-01,7.550000190734863,ASUR
2020-10-01,7.070000171661377,ASUR
2020-11-01,7.739999771118164,ASUR
2020-12-01,7.099999904632568,ASUR
2021-01-01,8.180000305175781,ASUR
2021-02-01,7.789999961853027,ASUR
2021-03-01,7.639999866485596,ASUR
2021-04-01,8.010000228881836,ASUR
2021-05-01,8.449999809265137,ASUR
2021-06-01,8.869999885559082,ASUR
2021-07-01,9.420000076293945,ASUR
2021-08-01,9.050000190734863,ASUR
2021-09-01,9.010000228881836,ASUR
2021-10-01,9.65999984741211,ASUR
2021-11-01,8.579999923706055,ASUR
2021-12-01,7.829999923706055,ASUR
2022-01-01,7.25,ASUR
2022-02-01,6.96999979019165,ASUR
2022-03-01,5.949999809265137,ASUR
2022-04-01,6.059999942779541,ASUR
2022-05-01,5.940000057220459,ASUR
2022-06-01,5.699999809265137,ASUR
2022-07-01,5.699999809265137,ASUR
2022-08-01,5.440000057220459,ASUR
2022-09-01,5.71999979019165,ASUR
2022-10-01,6.599999904632568,ASUR
2022-11-01,7.849999904632568,ASUR
2022-12-01,9.34000015258789,ASUR
2023-01-01,10.630000114440918,ASUR
2023-02-01,13.350000381469727,ASUR
2023-03-01,14.5,ASUR
2023-04-01,13.34000015258789,ASUR
2023-05-01,11.8100004196167,ASUR
2023-06-01,12.15999984741211,ASUR
2023-07-01,13.640000343322754,ASUR
2023-08-01,12.539999961853027,ASUR
2023-09-01,9.460000038146973,ASUR
2023-10-01,8.460000038146973,ASUR
2023-11-01,7.96999979019165,ASUR
2023-12-01,9.520000457763672,ASUR
2024-01-01,8.84000015258789,ASUR
2024-02-01,9.319999694824219,ASUR
2024-03-01,7.78000020980835,ASUR
2024-04-01,7.389999866485596,ASUR
2024-05-01,7.570000171661377,ASUR
2024-06-01,8.399999618530273,ASUR
2024-07-01,10.300000190734863,ASUR
2024-08-01,8.59000015258789,ASUR
2024-09-01,9.050000190734863,ASUR
2024-10-01,9.920000076293945,ASUR
2024-11-01,9.789999961853027,ASUR
2024-12-01,9.40999984741211,ASUR
2025-01-01,11.819999694824219,ASUR
2025-02-01,10.489999771118164,ASUR
2025-03-01,9.550000190734863,ASUR
2025-04-01,10.15999984741211,ASUR
2025-05-01,9.699999809265137,ASUR
2025-06-01,9.760000228881836,ASUR
2025-07-01,9.699999809265137,ASUR
2025-08-01,8.399999618530273,ASUR
2025-09-01,8.199999809265137,ASUR
2025-10-01,8.850000381469727,ASUR
2025-11-01,8.0,ASUR
2025-12-01,9.420000076293945,ASUR
2026-01-01,9.619999885559082,ASUR
2017-01-01,7.422189712524414,ATEN
2017-02-01,8.809775352478027,ATEN
2017-03-01,8.52108383178711,ATEN
2017-04-01,7.54325532913208,ATEN
2017-05-01,7.608443260192871,ATEN
2017-06-01,7.859885215759277,ATEN
2017-07-01,6.584050178527832,ATEN
2017-08-01,6.09979248046875,ATEN
2017-09-01,7.040369033813477,ATEN
2017-10-01,6.807553768157959,ATEN
2017-11-01,7.468753814697266,ATEN
2017-12-01,7.189373016357422,ATEN
2018-01-01,5.708660125732422,ATEN
2018-02-01,5.848349571228027,ATEN
2018-03-01,5.419968605041504,ATEN
2018-04-01,5.680722236633301,ATEN
2018-05-01,5.988039970397949,ATEN
2018-06-01,5.80178689956665,ATEN
2018-07-01,6.295358180999756,ATEN
2018-08-01,6.490923881530762,ATEN
2018-09-01,5.662097454071045,ATEN
2018-10-01,5.410656929016113,ATEN
2018-11-01,5.866977214813232,ATEN
2018-12-01,5.811099529266357,ATEN
2019-01-01,6.323296070098877,ATEN
2019-02-01,6.500236511230469,ATEN
2019-03-01,6.602675914764404,ATEN
2019-04-01,6.0159783363342285,ATEN
2019-05-01,5.671410083770752,ATEN
2019-06-01,6.3512349128723145,ATEN
2019-07-01,7.058995723724365,ATEN
2019-08-01,6.462986469268799,ATEN
2019-09-01,6.462986469268799,ATEN
2019-10-01,6.919306755065918,ATEN
2019-11-01,6.211543560028076,ATEN
2019-12-01,6.397797107696533,ATEN
2020-01-01,6.341921329498291,ATEN
2020-02-01,6.248795032501221,ATEN
2020-03-01,5.783162593841553,ATEN
2020-04-01,6.360546112060547,ATEN
2020-05-01,6.3326096534729,ATEN
2020-06-01,6.341921329498291,ATEN
2020-07-01,7.52462911605835,ATEN
2020-08-01,7.962324619293213,ATEN
2020-09-01,5.932164669036865,ATEN
2020-10-01,6.276731967926025,ATEN
2020-11-01,7.431501865386963,ATEN
2020-12-01,9.182283401489258,ATEN
2021-01-01,9.247469902038574,ATEN
2021-02-01,8.69802474975586,ATEN
2021-03-01,8.949463844299316,ATEN
2021-04-01,8.083390235900879,ATEN
2021-05-01,9.061219215393066,ATEN
2021-06-01,10.486055374145508,ATEN
2021-07-01,11.892269134521484,ATEN
2021-08-01,12.935284614562988,ATEN
2021-09-01,12.55346393585205,ATEN
2021-10-01,17.405364990234375,ATEN
2021-11-01,14.403663635253906,ATEN
2021-12-01,15.487204551696777,ATEN
2022-01-01,13.824525833129883,ATEN
2022-02-01,13.352952003479004,ATEN
2022-03-01,13.081018447875977,ATEN
2022-04-01,13.390459060668945,ATEN
2022-05-01,14.499932289123535,ATEN
2022-06-01,13.53076171875,ATEN
2022-07-01,14.029461860656738,ATEN
2022-08-01,13.121488571166992,ATEN
2022-09-01,12.526776313781738,ATEN
2022-10-01,15.859066009521484,ATEN
2022-11-01,17.71977996826172,ATEN
2022-12-01,15.749865531921387,ATEN
2023-01-01,14.660725593566895,ATEN
2023-02-01,14.47257137298584,ATEN
2023-03-01,14.729312896728516,ATEN
2023-04-01,13.445609092712402,ATEN
2023-05-01,14.219940185546875,ATEN
2023-06-01,13.933438301086426,ATEN
2023-07-01,14.821589469909668,ATEN
2023-08-01,14.276293754577637,ATEN
2023-09-01,14.41051959991455,ATEN
2023-10-01,10.421980857849121,ATEN
2023-11-01,12.034347534179688,ATEN
2023-12-01,12.689538955688477,ATEN
2024-01-01,12.882244110107422,ATEN
2024-02-01,12.883851051330566,ATEN
2024-03-01,13.251683235168457,ATEN
2024-04-01,12.64185619354248,ATEN
2024-05-01,14.721161842346191,ATEN
2024-06-01,13.457961082458496,ATEN
2024-07-01,12.719472885131836,ATEN
2024-08-01,13.443142890930176,ATEN
2024-09-01,14.097238540649414,ATEN
2024-10-01,14.302253723144531,ATEN
2024-11-01,16.706254959106445,ATEN
2024-12-01,18.02903938293457,ATEN
2025-01-01,19.214645385742188,ATEN
2025-02-01,20.42738914489746,ATEN
2025-03-01,16.055004119873047,ATEN
2025-04-01,16.19256019592285,ATEN
2025-05-01,17.01687240600586,ATEN
2025-06-01,19.077430725097656,ATEN
2025-07-01,18.16053009033203,ATEN
2025-08-01,17.521087646484375,ATEN
2025-09-01,17.956396102905273,ATEN
2025-10-01,17.649702072143555,ATEN
2025-11-01,17.09495735168457,ATEN
2025-12-01,17.561548233032227,ATEN
2026-01-01,17.313364028930664,ATEN
2017-01-01,6.25,ATOM
2017-02-01,5.78000020980835,ATOM
2017-03-01,7.079999923706055,ATOM
2017-04-01,6.329999923706055,ATOM
2017-05-01,4.630000114440918,ATOM
2017-06-01,4.261000156402588,ATOM
2017-07-01,4.849999904632568,ATOM
2017-08-01,4.119999885559082,ATOM
2017-09-01,3.890000104904175,ATOM
2017-10-01,3.3299999237060547,ATOM
2017-11-01,3.9700000286102295,ATOM
2017-12-01,4.329999923706055,ATOM
2018-01-01,5.5,ATOM
2018-02-01,6.130000114440918,ATOM
2018-03-01,6.239999771118164,ATOM
2018-04-01,5.059999942779541,ATOM
2018-05-01,6.010000228881836,ATOM
2018-06-01,6.119999885559082,ATOM
2018-07-01,5.739999771118164,ATOM
2018-08-01,5.389999866485596,ATOM
2018-09-01,5.980000019073486,ATOM
2018-10-01,4.099999904632568,ATOM
2018-11-01,3.5999999046325684,ATOM
2018-12-01,2.869999885559082,ATOM
2019-01-01,3.509999990463257,ATOM
2019-02-01,3.799999952316284,ATOM
2019-03-01,2.6500000953674316,ATOM
2019-04-01,2.5999999046325684,ATOM
2019-05-01,4.21999979019165,ATOM
2019-06-01,5.03000020980835,ATOM
2019-07-01,5.53000020980835,ATOM
2019-08-01,4.059999942779541,ATOM
2019-09-01,3.7699999809265137,ATOM
2019-10-01,3.369999885559082,ATOM
2019-11-01,3.049999952316284,ATOM
2019-12-01,3.0799999237060547,ATOM
2020-01-01,4.159999847412109,ATOM
2020-02-01,4.389999866485596,ATOM
2020-03-01,3.5,ATOM
2020-04-01,5.320000171661377,ATOM
2020-05-01,8.680000305175781,ATOM
2020-06-01,9.0,ATOM
2020-07-01,10.640000343322754,ATOM
2020-08-01,12.710000038146973,ATOM
2020-09-01,10.449999809265137,ATOM
2020-10-01,8.149999618530273,ATOM
2020-11-01,9.380000114440918,ATOM
2020-12-01,16.09000015258789,ATOM
2021-01-01,28.719999313354492,ATOM
2021-02-01,27.979999542236328,ATOM
2021-03-01,24.5,ATOM
2021-04-01,16.639999389648438,ATOM
2021-05-01,17.549999237060547,ATOM
2021-06-01,21.440000534057617,ATOM
2021-07-01,17.649999618530273,ATOM
2021-08-01,24.670000076293945,ATOM
2021-09-01,23.09000015258789,ATOM
2021-10-01,21.610000610351562,ATOM
2021-11-01,24.09000015258789,ATOM
2021-12-01,20.1200008392334,ATOM
2022-01-01,14.130000114440918,ATOM
2022-02-01,16.049999237060547,ATOM
2022-03-01,13.0600004196167,ATOM
2022-04-01,10.449999809265137,ATOM
2022-05-01,12.149999618530273,ATOM
2022-06-01,9.380000114440918,ATOM
2022-07-01,11.680000305175781,ATOM
2022-08-01,12.930000305175781,ATOM
2022-09-01,10.130000114440918,ATOM
2022-10-01,9.010000228881836,ATOM
2022-11-01,8.529999732971191,ATOM
2022-12-01,6.21999979019165,ATOM
2023-01-01,7.300000190734863,ATOM
2023-02-01,6.630000114440918,ATOM
2023-03-01,6.369999885559082,ATOM
2023-04-01,7.900000095367432,ATOM
2023-05-01,9.180000305175781,ATOM
2023-06-01,8.770000457763672,ATOM
2023-07-01,8.630000114440918,ATOM
2023-08-01,6.360000133514404,ATOM
2023-09-01,6.260000228881836,ATOM
2023-10-01,6.400000095367432,ATOM
2023-11-01,6.889999866485596,ATOM
2023-12-01,7.010000228881836,ATOM
2024-01-01,7.860000133514404,ATOM
2024-02-01,6.300000190734863,ATOM
2024-03-01,6.159999847412109,ATOM
2024-04-01,4.639999866485596,ATOM
2024-05-01,4.159999847412109,ATOM
2024-06-01,3.809999942779541,ATOM
2024-07-01,3.509999990463257,ATOM
2024-08-01,2.690000057220459,ATOM
2024-09-01,2.630000114440918,ATOM
2024-10-01,4.159999847412109,ATOM
2024-11-01,6.179999828338623,ATOM
2024-12-01,11.600000381469727,ATOM
2025-01-01,8.760000228881836,ATOM
2025-02-01,5.869999885559082,ATOM
2025-03-01,4.0,ATOM
2025-04-01,4.389999866485596,ATOM
2025-05-01,6.150000095367432,ATOM
2025-06-01,5.039999961853027,ATOM
2025-07-01,5.0,ATOM
2025-08-01,3.2799999713897705,ATOM
2025-09-01,4.420000076293945,ATOM
2025-10-01,3.1600000858306885,ATOM
2025-11-01,2.4800000190734863,ATOM
2025-12-01,2.2100000381469727,ATOM
2026-01-01,2.930000066757202,ATOM
2017-01-01,6.385000228881836,AVNW
2017-02-01,7.75,AVNW
2017-03-01,7.53000020980835,AVNW
2017-04-01,8.345000267028809,AVNW
2017-05-01,8.755000114440918,AVNW
2017-06-01,8.699999809265137,AVNW
2017-07-01,9.404999732971191,AVNW
2017-08-01,7.739999771118164,AVNW
2017-09-01,8.505000114440918,AVNW
2017-10-01,8.300000190734863,AVNW
2017-11-01,7.880000114440918,AVNW
2017-12-01,7.585000038146973,AVNW
2018-01-01,8.289999961853027,AVNW
2018-02-01,8.414999961853027,AVNW
2018-03-01,8.380000114440918,AVNW
2018-04-01,8.135000228881836,AVNW
2018-05-01,8.90999984741211,AVNW
2018-06-01,8.1850004196167,AVNW
2018-07-01,7.625,AVNW
2018-08-01,8.899999618530273,AVNW
2018-09-01,8.074999809265137,AVNW
2018-10-01,7.40500020980835,AVNW
2018-11-01,7.304999828338623,AVNW
2018-12-01,6.625,AVNW
2019-01-01,6.724999904632568,AVNW
2019-02-01,6.849999904632568,AVNW
2019-03-01,7.679999828338623,AVNW
2019-04-01,6.809999942779541,AVNW
2019-05-01,6.695000171661377,AVNW
2019-06-01,6.849999904632568,AVNW
2019-07-01,6.409999847412109,AVNW
2019-08-01,7.050000190734863,AVNW
2019-09-01,6.824999809265137,AVNW
2019-10-01,6.820000171661377,AVNW
2019-11-01,6.965000152587891,AVNW
2019-12-01,7.025000095367432,AVNW
2020-01-01,6.849999904632568,AVNW
2020-02-01,6.0,AVNW
2020-03-01,4.25,AVNW
2020-04-01,4.739999771118164,AVNW
2020-05-01,7.619999885559082,AVNW
2020-06-01,9.125,AVNW
2020-07-01,10.25,AVNW
2020-08-01,10.84000015258789,AVNW
2020-09-01,10.979999542236328,AVNW
2020-10-01,9.255000114440918,AVNW
2020-11-01,18.059999465942383,AVNW
2020-12-01,17.075000762939453,AVNW
2021-01-01,17.975000381469727,AVNW
2021-02-01,30.665000915527344,AVNW
2021-03-01,35.52000045776367,AVNW
2021-04-01,32.40999984741211,AVNW
2021-05-01,36.959999084472656,AVNW
2021-06-01,32.77000045776367,AVNW
2021-07-01,37.279998779296875,AVNW
2021-08-01,35.439998626708984,AVNW
2021-09-01,32.86000061035156,AVNW
2021-10-01,28.600000381469727,AVNW
2021-11-01,31.34000015258789,AVNW
2021-12-01,32.08000183105469,AVNW
2022-01-01,29.020000457763672,AVNW
2022-02-01,28.299999237060547,AVNW
2022-03-01,30.770000457763672,AVNW
2022-04-01,29.899999618530273,AVNW
2022-05-01,29.31999969482422,AVNW
2022-06-01,25.040000915527344,AVNW
2022-07-01,29.3799991607666,AVNW
2022-08-01,31.299999237060547,AVNW
2022-09-01,27.3799991607666,AVNW
2022-10-01,32.65999984741211,AVNW
2022-11-01,31.459999084472656,AVNW
2022-12-01,31.190000534057617,AVNW
2023-01-01,32.349998474121094,AVNW
2023-02-01,35.529998779296875,AVNW
2023-03-01,34.459999084472656,AVNW
2023-04-01,32.810001373291016,AVNW
2023-05-01,30.6200008392334,AVNW
2023-06-01,33.369998931884766,AVNW
2023-07-01,30.56999969482422,AVNW
2023-08-01,35.2400016784668,AVNW
2023-09-01,31.200000762939453,AVNW
2023-10-01,26.700000762939453,AVNW
2023-11-01,30.309999465942383,AVNW
2023-12-01,32.65999984741211,AVNW
2024-01-01,29.829999923706055,AVNW
2024-02-01,35.4900016784668,AVNW
2024-03-01,38.34000015258789,AVNW
2024-04-01,33.45000076293945,AVNW
2024-05-01,30.90999984741211,AVNW
2024-06-01,28.690000534057617,AVNW
2024-07-01,31.0,AVNW
2024-08-01,27.450000762939453,AVNW
2024-09-01,21.6299991607666,AVNW
2024-10-01,20.450000762939453,AVNW
2024-11-01,15.829999923706055,AVNW
2024-12-01,18.110000610351562,AVNW
2025-01-01,19.049999237060547,AVNW
2025-02-01,20.93000030517578,AVNW
2025-03-01,19.170000076293945,AVNW
2025-04-01,17.559999465942383,AVNW
2025-05-01,21.450000762939453,AVNW
2025-06-01,24.049999237060547,AVNW
2025-07-01,21.600000381469727,AVNW
2025-08-01,22.959999084472656,AVNW
2025-09-01,22.93000030517578,AVNW
2025-10-01,24.959999084472656,AVNW
2025-11-01,22.110000610351562,AVNW
2025-12-01,21.3799991607666,AVNW
2026-01-01,21.809999465942383,AVNW
2017-01-01,22.905088424682617,BELFA
2017-02-01,19.50334930419922,BELFA
2017-03-01,20.564685821533203,BELFA
2017-04-01,19.070451736450195,BELFA
2017-05-01,19.50718116760254,BELFA
2017-06-01,18.833885192871094,BELFA
2017-07-01,20.072063446044922,BELFA
2017-08-01,19.916959762573242,BELFA
2017-09-01,24.807241439819336,BELFA
2017-10-01,25.838144302368164,BELFA
2017-11-01,20.928342819213867,BELFA
2017-12-01,19.95004653930664,BELFA
2018-01-01,17.63105010986328,BELFA
2018-02-01,14.44040584564209,BELFA
2018-03-01,15.60481071472168,BELFA
2018-04-01,16.202207565307617,BELFA
2018-05-01,17.7018985748291,BELFA
2018-06-01,19.219995498657227,BELFA
2018-07-01,19.374792098999023,BELFA
2018-08-01,23.323558807373047,BELFA
2018-09-01,19.882226943969727,BELFA
2018-10-01,16.739669799804688,BELFA
2018-11-01,16.193710327148438,BELFA
2018-12-01,12.7236328125,BELFA
2019-01-01,18.705717086791992,BELFA
2019-02-01,19.87598419189453,BELFA
2019-03-01,19.903852462768555,BELFA
2019-04-01,19.225862503051758,BELFA
2019-05-01,13.69283676147461,BELFA
2019-06-01,14.205154418945312,BELFA
2019-07-01,14.43221664428711,BELFA
2019-08-01,9.418819427490234,BELFA
2019-09-01,12.888912200927734,BELFA
2019-10-01,12.69664478302002,BELFA
2019-11-01,12.734232902526855,BELFA
2019-12-01,15.224692344665527,BELFA
2020-01-01,13.44069766998291,BELFA
2020-02-01,9.715031623840332,BELFA
2020-03-01,7.140077114105225,BELFA
2020-04-01,7.0463690757751465,BELFA
2020-05-01,10.313150405883789,BELFA
2020-06-01,9.515446662902832,BELFA
2020-07-01,11.561859130859375,BELFA
2020-08-01,10.367452621459961,BELFA
2020-09-01,11.189203262329102,BELFA
2020-10-01,10.973063468933105,BELFA
2020-11-01,13.490527153015137,BELFA
2020-12-01,12.760269165039062,BELFA
2021-01-01,13.19841194152832,BELFA
2021-02-01,16.112102508544922,BELFA
2021-03-01,17.974151611328125,BELFA
2021-04-01,18.309032440185547,BELFA
2021-05-01,16.469411849975586,BELFA
2021-06-01,13.739034652709961,BELFA
2021-07-01,15.011210441589355,BELFA
2021-08-01,15.293155670166016,BELFA
2021-09-01,14.097314834594727,BELFA
2021-10-01,14.50322151184082,BELFA
2021-11-01,13.214044570922852,BELFA
2021-12-01,14.6497163772583,BELFA
2022-01-01,15.686542510986328,BELFA
2022-02-01,17.99050521850586,BELFA
2022-03-01,20.588586807250977,BELFA
2022-04-01,21.467872619628906,BELFA
2022-05-01,21.163150787353516,BELFA
2022-06-01,21.1336612701416,BELFA
2022-07-01,29.230546951293945,BELFA
2022-08-01,31.930871963500977,BELFA
2022-09-01,27.545307159423828,BELFA
2022-10-01,28.91536521911621,BELFA
2022-11-01,32.93467330932617,BELFA
2022-12-01,31.789125442504883,BELFA
2023-01-01,39.91921615600586,BELFA
2023-02-01,36.87209701538086,BELFA
2023-03-01,35.93224334716797,BELFA
2023-04-01,42.196102142333984,BELFA
2023-05-01,44.9015007019043,BELFA
2023-06-01,57.47708511352539,BELFA
2023-07-01,53.02503967285156,BELFA
2023-08-01,50.306819915771484,BELFA
2023-09-01,46.60647964477539,BELFA
2023-10-01,51.4204216003418,BELFA
2023-11-01,53.6353645324707,BELFA
2023-12-01,64.2035140991211,BELFA
2024-01-01,70.59017944335938,BELFA
2024-02-01,59.15656280517578,BELFA
2024-03-01,70.4012680053711,BELFA
2024-04-01,69.65531158447266,BELFA
2024-05-01,85.48696899414062,BELFA
2024-06-01,80.5115966796875,BELFA
2024-07-01,93.35616302490234,BELFA
2024-08-01,85.79806518554688,BELFA
2024-09-01,99.01231384277344,BELFA
2024-10-01,100.98226928710938,BELFA
2024-11-01,96.30928802490234,BELFA
2024-12-01,89.75315856933594,BELFA
2025-01-01,82.36792755126953,BELFA
2025-02-01,81.2711410522461,BELFA
2025-03-01,71.84883117675781,BELFA
2025-04-01,61.274993896484375,BELFA
2025-05-01,63.38069534301758,BELFA
2025-06-01,89.66706848144531,BELFA
2025-07-01,114.37171936035156,BELFA
2025-08-01,114.2718734741211,BELFA
2025-09-01,116.18920135498047,BELFA
2025-10-01,136.6114501953125,BELFA
2025-11-01,131.4259490966797,BELFA
2025-12-01,151.6683807373047,BELFA
2026-01-01,183.653564453125,BELFA
2017-01-01,28.440824508666992,BELFB
2017-02-01,23.342939376831055,BELFB
2017-03-01,22.85103988647461,BELFB
2017-04-01,21.710012435913086,BELFB
2017-05-01,21.53059196472168,BELFB
2017-06-01,22.1585636138916,BELFB
2017-07-01,22.714567184448242,BELFB
2017-08-01,22.939462661743164,BELFB
2017-09-01,28.067110061645508,BELFB
2017-10-01,29.164356231689453,BELFB
2017-11-01,24.205963134765625,BELFB
2017-12-01,22.70041847229004,BELFB
2018-01-01,18.58111572265625,BELFB
2018-02-01,15.642499923706055,BELFB
2018-03-01,17.089208602905273,BELFB
2018-04-01,17.56028175354004,BELFB
2018-05-01,17.514904022216797,BELFB
2018-06-01,18.966917037963867,BELFB
2018-07-01,20.486099243164062,BELFB
2018-08-01,26.085628509521484,BELFB
2018-09-01,24.128068923950195,BELFB
2018-10-01,20.091651916503906,BELFB
2018-11-01,20.557411193847656,BELFB
2018-12-01,16.82219696044922,BELFB
2019-01-01,21.15802574157715,BELFB
2019-02-01,22.41394805908203,BELFB
2019-03-01,23.174829483032227,BELFB
2019-04-01,21.785972595214844,BELFB
2019-05-01,15.884451866149902,BELFB
2019-06-01,15.783336639404297,BELFB
2019-07-01,15.225072860717773,BELFB
2019-08-01,10.15620231628418,BELFB
2019-09-01,13.877066612243652,BELFB
2019-10-01,13.651468276977539,BELFB
2019-11-01,15.3776273727417,BELFB
2019-12-01,19.024816513061523,BELFB
2020-01-01,16.126527786254883,BELFB
2020-02-01,10.65169906616211,BELFB
2020-03-01,9.068840980529785,BELFB
2020-04-01,7.000829219818115,BELFB
2020-05-01,8.793266296386719,BELFB
2020-06-01,10.069559097290039,BELFB
2020-07-01,11.531190872192383,BELFB
2020-08-01,11.361061096191406,BELFB
2020-09-01,10.09451961517334,BELFB
2020-10-01,11.140326499938965,BELFB
2020-11-01,13.946817398071289,BELFB
2020-12-01,14.298815727233887,BELFB
2021-01-01,13.930126190185547,BELFB
2021-02-01,16.958833694458008,BELFB
2021-03-01,19.003442764282227,BELFB
2021-04-01,19.113712310791016,BELFB
2021-05-01,15.805014610290527,BELFB
2021-06-01,13.810206413269043,BELFB
2021-07-01,13.148518562316895,BELFB
2021-08-01,13.611222267150879,BELFB
2021-09-01,11.982117652893066,BELFB
2021-10-01,13.495863914489746,BELFB
2021-11-01,11.673147201538086,BELFB
2021-12-01,12.536027908325195,BELFB
2022-01-01,12.102386474609375,BELFB
2022-02-01,15.347227096557617,BELFB
2022-03-01,17.38378143310547,BELFB
2022-04-01,15.962571144104004,BELFB
2022-05-01,15.766830444335938,BELFB
2022-06-01,15.228543281555176,BELFB
2022-07-01,24.301820755004883,BELFB
2022-08-01,27.927936553955078,BELFB
2022-09-01,24.812822341918945,BELFB
2022-10-01,31.932605743408203,BELFB
2022-11-01,33.932701110839844,BELFB
2022-12-01,32.43510055541992,BELFB
2023-01-01,38.938316345214844,BELFB
2023-02-01,35.06816864013672,BELFB
2023-03-01,37.10197830200195,BELFB
2023-04-01,40.193511962890625,BELFB
2023-05-01,48.66155242919922,BELFB
2023-06-01,56.79323959350586,BELFB
2023-07-01,53.1405143737793,BELFB
2023-08-01,51.803321838378906,BELFB
2023-09-01,47.26682662963867,BELFB
2023-10-01,53.740867614746094,BELFB
2023-11-01,53.661502838134766,BELFB
2023-12-01,66.22882080078125,BELFB
2024-01-01,66.39408874511719,BELFB
2024-02-01,51.60784912109375,BELFB
2024-03-01,59.88972854614258,BELFB
2024-04-01,58.38005447387695,BELFB
2024-05-01,67.80516052246094,BELFB
2024-06-01,64.8623046875,BELFB
2024-07-01,73.91511535644531,BELFB
2024-08-01,67.50588989257812,BELFB
2024-09-01,78.13485717773438,BELFB
2024-10-01,75.12165069580078,BELFB
2024-11-01,79.86282348632812,BELFB
2024-12-01,82.14376831054688,BELFB
2025-01-01,80.85153198242188,BELFB
2025-02-01,83.65291595458984,BELFB
2025-03-01,74.63064575195312,BELFB
2025-04-01,65.63379669189453,BELFB
2025-05-01,73.64717102050781,BELFB
2025-06-01,97.48770141601562,BELFB
2025-07-01,129.860107421875,BELFB
2025-08-01,134.37387084960938,BELFB
2025-09-01,140.82493591308594,BELFB
2025-10-01,153.85018920898438,BELFB
2025-11-01,153.89015197753906,BELFB
2025-12-01,169.47598266601562,BELFB
2026-01-01,201.0802764892578,BELFB
2017-01-01,,BILL
2017-02-01,,BILL
2017-03-01,,BILL
2017-04-01,,BILL
2017-05-01,,BILL
2017-06-01,,BILL
2017-07-01,,BILL
2017-08-01,,BILL
2017-09-01,,BILL
2017-10-01,,BILL
2017-11-01,,BILL
2017-12-01,,BILL
2018-01-01,,BILL
2018-02-01,,BILL
2018-03-01,,BILL
2018-04-01,,BILL
2018-05-01,,BILL
2018-06-01,,BILL
2018-07-01,,BILL
2018-08-01,,BILL
2018-09-01,,BILL
2018-10-01,,BILL
2018-11-01,,BILL
2018-12-01,,BILL
2019-01-01,,BILL
2019-02-01,,BILL
2019-03-01,,BILL
2019-04-01,,BILL
2019-05-01,,BILL
2019-06-01,,BILL
2019-07-01,,BILL
2019-08-01,,BILL
2019-09-01,,BILL
2019-10-01,,BILL
2019-11-01,,BILL
2019-12-01,38.04999923706055,BILL
2020-01-01,50.31999969482422,BILL
2020-02-01,56.7599983215332,BILL
2020-03-01,34.20000076293945,BILL
2020-04-01,58.88999938964844,BILL
2020-05-01,69.63999938964844,BILL
2020-06-01,90.20999908447266,BILL
2020-07-01,93.11000061035156,BILL
2020-08-01,98.9800033569336,BILL
2020-09-01,100.30999755859375,BILL
2020-10-01,100.0,BILL
2020-11-01,122.70999908447266,BILL
2020-12-01,136.5,BILL
2021-01-01,121.87999725341797,BILL
2021-02-01,165.00999450683594,BILL
2021-03-01,145.5,BILL
2021-04-01,154.6300048828125,BILL
2021-05-01,148.9199981689453,BILL
2021-06-01,183.17999267578125,BILL
2021-07-01,206.82000732421875,BILL
2021-08-01,274.3900146484375,BILL
2021-09-01,266.95001220703125,BILL
2021-10-01,294.30999755859375,BILL
2021-11-01,280.8500061035156,BILL
2021-12-01,249.14999389648438,BILL
2022-01-01,188.2100067138672,BILL
2022-02-01,237.8800048828125,BILL
2022-03-01,226.7899932861328,BILL
2022-04-01,170.7100067138672,BILL
2022-05-01,118.23999786376953,BILL
2022-06-01,109.94000244140625,BILL
2022-07-01,135.0800018310547,BILL
2022-08-01,161.8800048828125,BILL
2022-09-01,132.3699951171875,BILL
2022-10-01,133.36000061035156,BILL
2022-11-01,120.41999816894531,BILL
2022-12-01,108.95999908447266,BILL
2023-01-01,115.62000274658203,BILL
2023-02-01,84.62999725341797,BILL
2023-03-01,81.13999938964844,BILL
2023-04-01,76.80999755859375,BILL
2023-05-01,103.58000183105469,BILL
2023-06-01,116.8499984741211,BILL
2023-07-01,125.33999633789062,BILL
2023-08-01,115.30000305175781,BILL
2023-09-01,108.56999969482422,BILL
2023-10-01,91.29000091552734,BILL
2023-11-01,65.47000122070312,BILL
2023-12-01,81.58999633789062,BILL
2024-01-01,78.05000305175781,BILL
2024-02-01,63.33000183105469,BILL
2024-03-01,68.72000122070312,BILL
2024-04-01,62.36000061035156,BILL
2024-05-01,52.04999923706055,BILL
2024-06-01,52.619998931884766,BILL
2024-07-01,49.959999084472656,BILL
2024-08-01,54.560001373291016,BILL
2024-09-01,52.7599983215332,BILL
2024-10-01,58.36000061035156,BILL
2024-11-01,90.22000122070312,BILL
2024-12-01,84.70999908447266,BILL
2025-01-01,96.7699966430664,BILL
2025-02-01,55.20000076293945,BILL
2025-03-01,45.88999938964844,BILL
2025-04-01,45.56999969482422,BILL
2025-05-01,43.68000030517578,BILL
2025-06-01,46.2599983215332,BILL
2025-07-01,42.849998474121094,BILL
2025-08-01,46.41999816894531,BILL
2025-09-01,52.970001220703125,BILL
2025-10-01,49.65999984741211,BILL
2025-11-01,50.150001525878906,BILL
2025-12-01,54.540000915527344,BILL
2026-01-01,43.16999816894531,BILL
2017-01-01,,BKSY
2017-02-01,,BKSY
2017-03-01,,BKSY
2017-04-01,,BKSY
2017-05-01,,BKSY
2017-06-01,,BKSY
2017-07-01,,BKSY
2017-08-01,,BKSY
2017-09-01,,BKSY
2017-10-01,,BKSY
2017-11-01,,BKSY
2017-12-01,,BKSY
2018-01-01,,BKSY
2018-02-01,,BKSY
2018-03-01,,BKSY
2018-04-01,,BKSY
2018-05-01,,BKSY
2018-06-01,,BKSY
2018-07-01,,BKSY
2018-08-01,,BKSY
2018-09-01,,BKSY
2018-10-01,,BKSY
2018-11-01,,BKSY
2018-12-01,,BKSY
2019-01-01,,BKSY
2019-02-01,,BKSY
2019-03-01,,BKSY
2019-04-01,,BKSY
2019-05-01,,BKSY
2019-06-01,,BKSY
2019-07-01,,BKSY
2019-08-01,,BKSY
2019-09-01,,BKSY
2019-10-01,,BKSY
2019-11-01,,BKSY
2019-12-01,78.0,BKSY
2020-01-01,79.5199966430664,BKSY
2020-02-01,79.19999694824219,BKSY
2020-03-01,77.76000213623047,BKSY
2020-04-01,79.12000274658203,BKSY
2020-05-01,78.0,BKSY
2020-06-01,80.36000061035156,BKSY
2020-07-01,81.19999694824219,BKSY
2020-08-01,80.16000366210938,BKSY
2020-09-01,81.5199966430664,BKSY
2020-10-01,79.12000274658203,BKSY
2020-11-01,81.83999633789062,BKSY
2020-12-01,83.76000213623047,BKSY
2021-01-01,84.0,BKSY
2021-02-01,93.36000061035156,BKSY
2021-03-01,82.55999755859375,BKSY
2021-04-01,79.5199966430664,BKSY
2021-05-01,79.5199966430664,BKSY
2021-06-01,79.91999816894531,BKSY
2021-07-01,79.68000030517578,BKSY
2021-08-01,80.23999786376953,BKSY
2021-09-01,82.80000305175781,BKSY
2021-10-01,78.63999938964844,BKSY
2021-11-01,67.91999816894531,BKSY
2021-12-01,35.91999816894531,BKSY
2022-01-01,22.639999389648438,BKSY
2022-02-01,20.0,BKSY
2022-03-01,15.119999885559082,BKSY
2022-04-01,12.5600004196167,BKSY
2022-05-01,26.15999984741211,BKSY
2022-06-01,18.479999542236328,BKSY
2022-07-01,19.1200008392334,BKSY
2022-08-01,16.239999771118164,BKSY
2022-09-01,12.0,BKSY
2022-10-01,12.880000114440918,BKSY
2022-11-01,13.359999656677246,BKSY
2022-12-01,12.319999694824219,BKSY
2023-01-01,14.5600004196167,BKSY
2023-02-01,15.279999732971191,BKSY
2023-03-01,12.0,BKSY
2023-04-01,9.920000076293945,BKSY
2023-05-01,10.960000038146973,BKSY
2023-06-01,17.760000228881836,BKSY
2023-07-01,15.920000076293945,BKSY
2023-08-01,10.880000114440918,BKSY
2023-09-01,9.359999656677246,BKSY
2023-10-01,9.520000457763672,BKSY
2023-11-01,10.5600004196167,BKSY
2023-12-01,11.199999809265137,BKSY
2024-01-01,10.15999984741211,BKSY
2024-02-01,11.359999656677246,BKSY
2024-03-01,10.880000114440918,BKSY
2024-04-01,9.680000305175781,BKSY
2024-05-01,8.720000267028809,BKSY
2024-06-01,8.5600004196167,BKSY
2024-07-01,8.960000038146973,BKSY
2024-08-01,8.880000114440918,BKSY
2024-09-01,4.739999771118164,BKSY
2024-10-01,6.320000171661377,BKSY
2024-11-01,11.680000305175781,BKSY
2024-12-01,10.789999961853027,BKSY
2025-01-01,14.989999771118164,BKSY
2025-02-01,14.470000267028809,BKSY
2025-03-01,7.730000019073486,BKSY
2025-04-01,8.359999656677246,BKSY
2025-05-01,11.1899995803833,BKSY
2025-06-01,20.579999923706055,BKSY
2025-07-01,19.239999771118164,BKSY
2025-08-01,17.559999465942383,BKSY
2025-09-01,20.149999618530273,BKSY
2025-10-01,21.1200008392334,BKSY
2025-11-01,17.719999313354492,BKSY
2025-12-01,18.75,BKSY
2026-01-01,22.06999969482422,BKSY
2017-01-01,20.796567916870117,BKTI
2017-02-01,21.21669578552246,BKTI
2017-03-01,21.387805938720703,BKTI
2017-04-01,21.601680755615234,BKTI
2017-05-01,19.89065170288086,BKTI
2017-06-01,16.124610900878906,BKTI
2017-07-01,15.264631271362305,BKTI
2017-08-01,16.769596099853516,BKTI
2017-09-01,15.564920425415039,BKTI
2017-10-01,15.348735809326172,BKTI
2017-11-01,16.213455200195312,BKTI
2017-12-01,15.436946868896484,BKTI
2018-01-01,15.654374122619629,BKTI
2018-02-01,15.436946868896484,BKTI
2018-03-01,17.262638092041016,BKTI
2018-04-01,16.607097625732422,BKTI
2018-05-01,17.044124603271484,BKTI
2018-06-01,16.25794792175293,BKTI
2018-07-01,15.59883975982666,BKTI
2018-08-01,16.697351455688477,BKTI
2018-09-01,17.884180068969727,BKTI
2018-10-01,17.79585838317871,BKTI
2018-11-01,16.029518127441406,BKTI
2018-12-01,16.64773941040039,BKTI
2019-01-01,17.97955894470215,BKTI
2019-02-01,17.224864959716797,BKTI
2019-03-01,18.956228256225586,BKTI
2019-04-01,18.064170837402344,BKTI
2019-05-01,17.61814308166504,BKTI
2019-06-01,19.273258209228516,BKTI
2019-07-01,17.480396270751953,BKTI
2019-08-01,17.480396270751953,BKTI
2019-09-01,15.144638061523438,BKTI
2019-10-01,16.09117889404297,BKTI
2019-11-01,13.792441368103027,BKTI
2019-12-01,13.972735404968262,BKTI
2020-01-01,12.929314613342285,BKTI
2020-02-01,10.388818740844727,BKTI
2020-03-01,7.62094783782959,BKTI
2020-04-01,12.946430206298828,BKTI
2020-05-01,12.900522232055664,BKTI
2020-06-01,15.563261985778809,BKTI
2020-07-01,14.4548978805542,BKTI
2020-08-01,14.085442543029785,BKTI
2020-09-01,13.48508071899414,BKTI
2020-10-01,13.810583114624023,BKTI
2020-11-01,14.182584762573242,BKTI
2020-12-01,14.183202743530273,BKTI
2021-01-01,15.915144920349121,BKTI
2021-02-01,19.706693649291992,BKTI
2021-03-01,19.566267013549805,BKTI
2021-04-01,21.667682647705078,BKTI
2021-05-01,18.377580642700195,BKTI
2021-06-01,14.80546760559082,BKTI
2021-07-01,15.275193214416504,BKTI
2021-08-01,15.322484970092773,BKTI
2021-09-01,13.383527755737305,BKTI
2021-10-01,14.04858684539795,BKTI
2021-11-01,10.667400360107422,BKTI
2021-12-01,11.476981163024902,BKTI
2022-01-01,11.263019561767578,BKTI
2022-02-01,11.214886665344238,BKTI
2022-03-01,12.273804664611816,BKTI
2022-04-01,11.262398719787598,BKTI
2022-05-01,12.62753677368164,BKTI
2022-06-01,12.920066833496094,BKTI
2022-07-01,13.575211524963379,BKTI
2022-08-01,11.79809284210205,BKTI
2022-09-01,11.896821975708008,BKTI
2022-10-01,13.149999618530273,BKTI
2022-11-01,13.800000190734863,BKTI
2022-12-01,16.600000381469727,BKTI
2023-01-01,19.149999618530273,BKTI
2023-02-01,17.399999618530273,BKTI
2023-03-01,14.25,BKTI
2023-04-01,13.619999885559082,BKTI
2023-05-01,13.149999618530273,BKTI
2023-06-01,16.559999465942383,BKTI
2023-07-01,14.289999961853027,BKTI
2023-08-01,10.710000038146973,BKTI
2023-09-01,12.420000076293945,BKTI
2023-10-01,12.600000381469727,BKTI
2023-11-01,13.0,BKTI
2023-12-01,12.229999542236328,BKTI
2024-01-01,11.899999618530273,BKTI
2024-02-01,11.8100004196167,BKTI
2024-03-01,14.600000381469727,BKTI
2024-04-01,14.0600004196167,BKTI
2024-05-01,13.260000228881836,BKTI
2024-06-01,12.800000190734863,BKTI
2024-07-01,12.880000114440918,BKTI
2024-08-01,22.450000762939453,BKTI
2024-09-01,21.770000457763672,BKTI
2024-10-01,27.989999771118164,BKTI
2024-11-01,33.18000030517578,BKTI
2024-12-01,34.290000915527344,BKTI
2025-01-01,33.459999084472656,BKTI
2025-02-01,30.5,BKTI
2025-03-01,39.220001220703125,BKTI
2025-04-01,44.619998931884766,BKTI
2025-05-01,42.869998931884766,BKTI
2025-06-01,47.130001068115234,BKTI
2025-07-01,38.84000015258789,BKTI
2025-08-01,70.77999877929688,BKTI
2025-09-01,84.4800033569336,BKTI
2025-10-01,74.70999908447266,BKTI
2025-11-01,63.9900016784668,BKTI
2025-12-01,74.58999633789062,BKTI
2026-01-01,76.27999877929688,BKTI
2017-01-01,64.41313934326172,BLKB
2017-02-01,70.33088684082031,BLKB
2017-03-01,75.395263671875,BLKB
2017-04-01,79.07308197021484,BLKB
2017-05-01,81.4739761352539,BLKB
2017-06-01,84.44811248779297,BLKB
2017-07-01,90.93806457519531,BLKB
2017-08-01,83.2481689453125,BLKB
2017-09-01,86.59150695800781,BLKB
2017-10-01,99.90568542480469,BLKB
2017-11-01,97.20803833007812,BLKB
2017-12-01,93.2979965209961,BLKB
2018-01-01,94.61121368408203,BLKB
2018-02-01,101.34355926513672,BLKB
2018-03-01,100.64169311523438,BLKB
2018-04-01,103.75556182861328,BLKB
2018-05-01,96.4686508178711,BLKB
2018-06-01,101.39749908447266,BLKB
2018-07-01,98.78460693359375,BLKB
2018-08-01,103.61714172363281,BLKB
2018-09-01,100.5552978515625,BLKB
2018-10-01,71.06647491455078,BLKB
2018-11-01,72.70336151123047,BLKB
2018-12-01,62.43059158325195,BLKB
2019-01-01,71.06566619873047,BLKB
2019-02-01,76.7818374633789,BLKB
2019-03-01,79.25707244873047,BLKB
2019-04-01,78.81968688964844,BLKB
2019-05-01,76.58324432373047,BLKB
2019-06-01,83.13443756103516,BLKB
2019-07-01,90.60160064697266,BLKB
2019-08-01,90.69200897216797,BLKB
2019-09-01,90.06393432617188,BLKB
2019-10-01,83.6934585571289,BLKB
2019-11-01,82.7435302734375,BLKB
2019-12-01,79.46893310546875,BLKB
2020-01-01,78.2010269165039,BLKB
2020-02-01,67.80000305175781,BLKB
2020-03-01,55.54999923706055,BLKB
2020-04-01,55.2599983215332,BLKB
2020-05-01,58.61000061035156,BLKB
2020-06-01,57.08000183105469,BLKB
2020-07-01,62.540000915527344,BLKB
2020-08-01,63.849998474121094,BLKB
2020-09-01,55.83000183105469,BLKB
2020-10-01,49.34000015258789,BLKB
2020-11-01,55.09000015258789,BLKB
2020-12-01,57.560001373291016,BLKB
2021-01-01,66.48999786376953,BLKB
2021-02-01,68.81999969482422,BLKB
2021-03-01,71.08000183105469,BLKB
2021-04-01,71.12000274658203,BLKB
2021-05-01,70.69000244140625,BLKB
2021-06-01,76.56999969482422,BLKB
2021-07-01,71.33000183105469,BLKB
2021-08-01,69.69000244140625,BLKB
2021-09-01,70.3499984741211,BLKB
2021-10-01,71.01000213623047,BLKB
2021-11-01,75.45999908447266,BLKB
2021-12-01,78.9800033569336,BLKB
2022-01-01,68.13999938964844,BLKB
2022-02-01,62.4900016784668,BLKB
2022-03-01,59.869998931884766,BLKB
2022-04-01,58.0099983215332,BLKB
2022-05-01,63.650001525878906,BLKB
2022-06-01,58.06999969482422,BLKB
2022-07-01,61.31999969482422,BLKB
2022-08-01,52.29999923706055,BLKB
2022-09-01,44.060001373291016,BLKB
2022-10-01,54.70000076293945,BLKB
2022-11-01,59.27000045776367,BLKB
2022-12-01,58.86000061035156,BLKB
2023-01-01,62.209999084472656,BLKB
2023-02-01,55.689998626708984,BLKB
2023-03-01,69.30000305175781,BLKB
2023-04-01,69.36000061035156,BLKB
2023-05-01,73.36000061035156,BLKB
2023-06-01,71.18000030517578,BLKB
2023-07-01,75.44999694824219,BLKB
2023-08-01,76.11000061035156,BLKB
2023-09-01,70.31999969482422,BLKB
2023-10-01,65.4000015258789,BLKB
2023-11-01,75.23999786376953,BLKB
2023-12-01,86.69999694824219,BLKB
2024-01-01,80.91999816894531,BLKB
2024-02-01,69.18000030517578,BLKB
2024-03-01,74.13999938964844,BLKB
2024-04-01,77.91999816894531,BLKB
2024-05-01,77.94000244140625,BLKB
2024-06-01,76.16999816894531,BLKB
2024-07-01,79.37999725341797,BLKB
2024-08-01,83.5999984741211,BLKB
2024-09-01,84.68000030517578,BLKB
2024-10-01,75.51000213623047,BLKB
2024-11-01,83.94000244140625,BLKB
2024-12-01,73.91999816894531,BLKB
2025-01-01,77.1500015258789,BLKB
2025-02-01,66.0999984741211,BLKB
2025-03-01,62.04999923706055,BLKB
2025-04-01,60.540000915527344,BLKB
2025-05-01,62.22999954223633,BLKB
2025-06-01,64.20999908447266,BLKB
2025-07-01,67.41999816894531,BLKB
2025-08-01,66.70999908447266,BLKB
2025-09-01,64.30999755859375,BLKB
2025-10-01,64.04000091552734,BLKB
2025-11-01,56.380001068115234,BLKB
2025-12-01,63.31999969482422,BLKB
2026-01-01,53.70000076293945,BLKB
2017-01-01,17.06999969482422,BOX
2017-02-01,17.6200008392334,BOX
2017-03-01,16.309999465942383,BOX
2017-04-01,17.239999771118164,BOX
2017-05-01,18.700000762939453,BOX
2017-06-01,18.239999771118164,BOX
2017-07-01,18.850000381469727,BOX
2017-08-01,19.6200008392334,BOX
2017-09-01,19.31999969482422,BOX
2017-10-01,21.950000762939453,BOX
2017-11-01,21.030000686645508,BOX
2017-12-01,21.1200008392334,BOX
2018-01-01,22.239999771118164,BOX
2018-02-01,24.059999465942383,BOX
2018-03-01,20.549999237060547,BOX
2018-04-01,22.860000610351562,BOX
2018-05-01,25.68000030517578,BOX
2018-06-01,24.989999771118164,BOX
2018-07-01,23.959999084472656,BOX
2018-08-01,24.559999465942383,BOX
2018-09-01,23.90999984741211,BOX
2018-10-01,18.0,BOX
2018-11-01,18.790000915527344,BOX
2018-12-01,16.8799991607666,BOX
2019-01-01,20.920000076293945,BOX
2019-02-01,20.239999771118164,BOX
2019-03-01,19.309999465942383,BOX
2019-04-01,20.6200008392334,BOX
2019-05-01,18.489999771118164,BOX
2019-06-01,17.610000610351562,BOX
2019-07-01,16.540000915527344,BOX
2019-08-01,14.630000114440918,BOX
2019-09-01,16.559999465942383,BOX
2019-10-01,16.920000076293945,BOX
2019-11-01,18.239999771118164,BOX
2019-12-01,16.780000686645508,BOX
2020-01-01,15.029999732971191,BOX
2020-02-01,16.75,BOX
2020-03-01,14.039999961853027,BOX
2020-04-01,16.139999389648438,BOX
2020-05-01,19.979999542236328,BOX
2020-06-01,20.760000228881836,BOX
2020-07-01,17.950000762939453,BOX
2020-08-01,19.6299991607666,BOX
2020-09-01,17.360000610351562,BOX
2020-10-01,15.5,BOX
2020-11-01,18.690000534057617,BOX
2020-12-01,18.049999237060547,BOX
2021-01-01,17.34000015258789,BOX
2021-02-01,18.350000381469727,BOX
2021-03-01,22.959999084472656,BOX
2021-04-01,21.299999237060547,BOX
2021-05-01,23.309999465942383,BOX
2021-06-01,25.549999237060547,BOX
2021-07-01,23.920000076293945,BOX
2021-08-01,25.780000686645508,BOX
2021-09-01,23.670000076293945,BOX
2021-10-01,25.829999923706055,BOX
2021-11-01,23.40999984741211,BOX
2021-12-01,26.190000534057617,BOX
2022-01-01,26.1299991607666,BOX
2022-02-01,25.610000610351562,BOX
2022-03-01,29.059999465942383,BOX
2022-04-01,30.6200008392334,BOX
2022-05-01,26.110000610351562,BOX
2022-06-01,25.139999389648438,BOX
2022-07-01,28.440000534057617,BOX
2022-08-01,25.75,BOX
2022-09-01,24.389999389648438,BOX
2022-10-01,29.049999237060547,BOX
2022-11-01,27.450000762939453,BOX
2022-12-01,31.1299991607666,BOX
2023-01-01,31.989999771118164,BOX
2023-02-01,33.349998474121094,BOX
2023-03-01,26.790000915527344,BOX
2023-04-01,26.459999084472656,BOX
2023-05-01,28.170000076293945,BOX
2023-06-01,29.3799991607666,BOX
2023-07-01,31.25,BOX
2023-08-01,26.479999542236328,BOX
2023-09-01,24.209999084472656,BOX
2023-10-01,24.860000610351562,BOX
2023-11-01,26.170000076293945,BOX
2023-12-01,25.610000610351562,BOX
2024-01-01,25.979999542236328,BOX
2024-02-01,25.790000915527344,BOX
2024-03-01,28.31999969482422,BOX
2024-04-01,26.020000457763672,BOX
2024-05-01,27.25,BOX
2024-06-01,26.440000534057617,BOX
2024-07-01,28.1200008392334,BOX
2024-08-01,32.599998474121094,BOX
2024-09-01,32.72999954223633,BOX
2024-10-01,31.760000228881836,BOX
2024-11-01,35.09000015258789,BOX
2024-12-01,31.600000381469727,BOX
2025-01-01,33.38999938964844,BOX
2025-02-01,32.70000076293945,BOX
2025-03-01,30.860000610351562,BOX
2025-04-01,31.219999313354492,BOX
2025-05-01,37.81999969482422,BOX
2025-06-01,34.16999816894531,BOX
2025-07-01,32.099998474121094,BOX
2025-08-01,32.630001068115234,BOX
2025-09-01,32.27000045776367,BOX
2025-10-01,32.09000015258789,BOX
2025-11-01,29.540000915527344,BOX
2025-12-01,29.90999984741211,BOX
2026-01-01,25.350000381469727,BOX
2017-01-01,122.80000305175781,CACI
2017-02-01,125.4000015258789,CACI
2017-03-01,117.30000305175781,CACI
2017-04-01,118.0,CACI
2017-05-01,123.0999984741211,CACI
2017-06-01,125.05000305175781,CACI
2017-07-01,125.0999984741211,CACI
2017-08-01,129.8000030517578,CACI
2017-09-01,139.35000610351562,CACI
2017-10-01,143.75,CACI
2017-11-01,131.9499969482422,CACI
2017-12-01,132.35000610351562,CACI
2018-01-01,140.5500030517578,CACI
2018-02-01,149.0500030517578,CACI
2018-03-01,151.35000610351562,CACI
2018-04-01,151.0500030517578,CACI
2018-05-01,166.64999389648438,CACI
2018-06-01,168.5500030517578,CACI
2018-07-01,175.1999969482422,CACI
2018-08-01,195.0,CACI
2018-09-01,184.14999389648438,CACI
2018-10-01,178.4600067138672,CACI
2018-11-01,164.91000366210938,CACI
2018-12-01,144.02999877929688,CACI
2019-01-01,167.17999267578125,CACI
2019-02-01,182.25999450683594,CACI
2019-03-01,182.02000427246094,CACI
2019-04-01,194.94000244140625,CACI
2019-05-01,203.52000427246094,CACI
2019-06-01,204.58999633789062,CACI
2019-07-01,215.14999389648438,CACI
2019-08-01,222.2899932861328,CACI
2019-09-01,231.25999450683594,CACI
2019-10-01,223.75,CACI
2019-11-01,239.32000732421875,CACI
2019-12-01,249.99000549316406,CACI
2020-01-01,267.44000244140625,CACI
2020-02-01,245.02000427246094,CACI
2020-03-01,211.14999389648438,CACI
2020-04-01,250.13999938964844,CACI
2020-05-01,250.77999877929688,CACI
2020-06-01,216.8800048828125,CACI
2020-07-01,207.82000732421875,CACI
2020-08-01,234.19000244140625,CACI
2020-09-01,213.16000366210938,CACI
2020-10-01,208.52999877929688,CACI
2020-11-01,237.2899932861328,CACI
2020-12-01,249.3300018310547,CACI
2021-01-01,241.22000122070312,CACI
2021-02-01,221.33999633789062,CACI
2021-03-01,246.66000366210938,CACI
2021-04-01,254.86000061035156,CACI
2021-05-01,254.9600067138672,CACI
2021-06-01,255.1199951171875,CACI
2021-07-01,266.9599914550781,CACI
2021-08-01,257.5400085449219,CACI
2021-09-01,262.1000061035156,CACI
2021-10-01,287.6400146484375,CACI
2021-11-01,259.42999267578125,CACI
2021-12-01,269.2099914550781,CACI
2022-01-01,247.4600067138672,CACI
2022-02-01,279.7900085449219,CACI
2022-03-01,301.260009765625,CACI
2022-04-01,265.29998779296875,CACI
2022-05-01,280.3699951171875,CACI
2022-06-01,281.7799987792969,CACI
2022-07-01,302.2900085449219,CACI
2022-08-01,280.8699951171875,CACI
2022-09-01,261.05999755859375,CACI
2022-10-01,304.0299987792969,CACI
2022-11-01,312.29998779296875,CACI
2022-12-01,300.5899963378906,CACI
2023-01-01,308.0899963378906,CACI
2023-02-01,293.0,CACI
2023-03-01,296.2799987792969,CACI
2023-04-01,313.32000732421875,CACI
2023-05-01,299.2200012207031,CACI
2023-06-01,340.8399963378906,CACI
2023-07-01,350.44000244140625,CACI
2023-08-01,328.010009765625,CACI
2023-09-01,313.92999267578125,CACI
2023-10-01,324.760009765625,CACI
2023-11-01,320.95001220703125,CACI
2023-12-01,323.8599853515625,CACI
2024-01-01,343.7300109863281,CACI
2024-02-01,374.8500061035156,CACI
2024-03-01,378.8299865722656,CACI
2024-04-01,402.2300109863281,CACI
2024-05-01,424.4800109863281,CACI
2024-06-01,430.1300048828125,CACI
2024-07-01,461.4800109863281,CACI
2024-08-01,488.1199951171875,CACI
2024-09-01,504.55999755859375,CACI
2024-10-01,552.5599975585938,CACI
2024-11-01,459.8800048828125,CACI
2024-12-01,404.05999755859375,CACI
2025-01-01,386.260009765625,CACI
2025-02-01,334.8500061035156,CACI
2025-03-01,366.9200134277344,CACI
2025-04-01,457.8699951171875,CACI
2025-05-01,428.0,CACI
2025-06-01,476.70001220703125,CACI
2025-07-01,460.57000732421875,CACI
2025-08-01,479.7200012207031,CACI
2025-09-01,498.7799987792969,CACI
2025-10-01,562.25,CACI
2025-11-01,617.0999755859375,CACI
2025-12-01,532.8099975585938,CACI
2026-01-01,620.5800170898438,CACI
2017-01-01,,CARG
2017-02-01,,CARG
2017-03-01,,CARG
2017-04-01,,CARG
2017-05-01,,CARG
2017-06-01,,CARG
2017-07-01,,CARG
2017-08-01,,CARG
2017-09-01,,CARG
2017-10-01,32.599998474121094,CARG
2017-11-01,29.479999542236328,CARG
2017-12-01,29.979999542236328,CARG
2018-01-01,33.5,CARG
2018-02-01,32.279998779296875,CARG
2018-03-01,38.470001220703125,CARG
2018-04-01,30.920000076293945,CARG
2018-05-01,33.15999984741211,CARG
2018-06-01,34.7400016784668,CARG
2018-07-01,43.349998474121094,CARG
2018-08-01,49.31999969482422,CARG
2018-09-01,55.689998626708984,CARG
2018-10-01,44.41999816894531,CARG
2018-11-01,38.90999984741211,CARG
2018-12-01,33.72999954223633,CARG
2019-01-01,42.77000045776367,CARG
2019-02-01,42.72999954223633,CARG
2019-03-01,40.060001373291016,CARG
2019-04-01,40.7400016784668,CARG
2019-05-01,34.15999984741211,CARG
2019-06-01,36.11000061035156,CARG
2019-07-01,37.27000045776367,CARG
2019-08-01,32.619998931884766,CARG
2019-09-01,30.950000762939453,CARG
2019-10-01,33.59000015258789,CARG
2019-11-01,40.09000015258789,CARG
2019-12-01,35.18000030517578,CARG
2020-01-01,35.650001525878906,CARG
2020-02-01,25.489999771118164,CARG
2020-03-01,18.940000534057617,CARG
2020-04-01,22.8799991607666,CARG
2020-05-01,25.979999542236328,CARG
2020-06-01,25.350000381469727,CARG
2020-07-01,28.889999389648438,CARG
2020-08-01,24.3799991607666,CARG
2020-09-01,21.6299991607666,CARG
2020-10-01,19.93000030517578,CARG
2020-11-01,25.049999237060547,CARG
2020-12-01,31.729999542236328,CARG
2021-01-01,29.25,CARG
2021-02-01,25.950000762939453,CARG
2021-03-01,23.829999923706055,CARG
2021-04-01,24.68000030517578,CARG
2021-05-01,28.219999313354492,CARG
2021-06-01,26.229999542236328,CARG
2021-07-01,28.600000381469727,CARG
2021-08-01,30.3799991607666,CARG
2021-09-01,31.40999984741211,CARG
2021-10-01,33.540000915527344,CARG
2021-11-01,37.5,CARG
2021-12-01,33.63999938964844,CARG
2022-01-01,31.899999618530273,CARG
2022-02-01,48.45000076293945,CARG
2022-03-01,42.459999084472656,CARG
2022-04-01,32.68000030517578,CARG
2022-05-01,25.31999969482422,CARG
2022-06-01,21.489999771118164,CARG
2022-07-01,24.290000915527344,CARG
2022-08-01,18.700000762939453,CARG
2022-09-01,14.170000076293945,CARG
2022-10-01,14.5600004196167,CARG
2022-11-01,13.079999923706055,CARG
2022-12-01,14.010000228881836,CARG
2023-01-01,17.649999618530273,CARG
2023-02-01,17.049999237060547,CARG
2023-03-01,18.68000030517578,CARG
2023-04-01,16.440000534057617,CARG
2023-05-01,18.790000915527344,CARG
2023-06-01,22.6299991607666,CARG
2023-07-01,22.65999984741211,CARG
2023-08-01,18.110000610351562,CARG
2023-09-01,17.520000457763672,CARG
2023-10-01,17.229999542236328,CARG
2023-11-01,21.6200008392334,CARG
2023-12-01,24.15999984741211,CARG
2024-01-01,23.239999771118164,CARG
2024-02-01,22.139999389648438,CARG
2024-03-01,23.079999923706055,CARG
2024-04-01,22.459999084472656,CARG
2024-05-01,24.209999084472656,CARG
2024-06-01,26.200000762939453,CARG
2024-07-01,24.81999969482422,CARG
2024-08-01,28.979999542236328,CARG
2024-09-01,30.030000686645508,CARG
2024-10-01,31.020000457763672,CARG
2024-11-01,37.81999969482422,CARG
2024-12-01,36.540000915527344,CARG
2025-01-01,39.20000076293945,CARG
2025-02-01,32.189998626708984,CARG
2025-03-01,29.1299991607666,CARG
2025-04-01,27.959999084472656,CARG
2025-05-01,31.34000015258789,CARG
2025-06-01,33.470001220703125,CARG
2025-07-01,32.81999969482422,CARG
2025-08-01,34.599998474121094,CARG
2025-09-01,37.22999954223633,CARG
2025-10-01,35.119998931884766,CARG
2025-11-01,35.279998779296875,CARG
2025-12-01,38.349998474121094,CARG
2026-01-01,32.400001525878906,CARG
2017-01-01,,CARS
2017-02-01,,CARS
2017-03-01,,CARS
2017-04-01,,CARS
2017-05-01,,CARS
2017-06-01,26.6299991607666,CARS
2017-07-01,24.299999237060547,CARS
2017-08-01,25.860000610351562,CARS
2017-09-01,26.610000610351562,CARS
2017-10-01,23.81999969482422,CARS
2017-11-01,24.239999771118164,CARS
2017-12-01,28.84000015258789,CARS
2018-01-01,29.690000534057617,CARS
2018-02-01,27.389999389648438,CARS
2018-03-01,28.329999923706055,CARS
2018-04-01,28.479999542236328,CARS
2018-05-01,25.68000030517578,CARS
2018-06-01,28.389999389648438,CARS
2018-07-01,28.3700008392334,CARS
2018-08-01,26.90999984741211,CARS
2018-09-01,27.610000610351562,CARS
2018-10-01,26.110000610351562,CARS
2018-11-01,25.8700008392334,CARS
2018-12-01,21.5,CARS
2019-01-01,27.309999465942383,CARS
2019-02-01,23.540000915527344,CARS
2019-03-01,22.799999237060547,CARS
2019-04-01,20.809999465942383,CARS
2019-05-01,21.170000076293945,CARS
2019-06-01,19.719999313354492,CARS
2019-07-01,19.0,CARS
2019-08-01,8.90999984741211,CARS
2019-09-01,8.979999542236328,CARS
2019-10-01,11.3100004196167,CARS
2019-11-01,13.289999961853027,CARS
2019-12-01,12.220000267028809,CARS
2020-01-01,11.670000076293945,CARS
2020-02-01,9.079999923706055,CARS
2020-03-01,4.300000190734863,CARS
2020-04-01,5.179999828338623,CARS
2020-05-01,6.170000076293945,CARS
2020-06-01,5.760000228881836,CARS
2020-07-01,8.119999885559082,CARS
2020-08-01,8.680000305175781,CARS
2020-09-01,8.079999923706055,CARS
2020-10-01,7.389999866485596,CARS
2020-11-01,11.170000076293945,CARS
2020-12-01,11.300000190734863,CARS
2021-01-01,11.609999656677246,CARS
2021-02-01,11.670000076293945,CARS
2021-03-01,12.960000038146973,CARS
2021-04-01,13.210000038146973,CARS
2021-05-01,14.609999656677246,CARS
2021-06-01,14.329999923706055,CARS
2021-07-01,12.079999923706055,CARS
2021-08-01,12.720000267028809,CARS
2021-09-01,12.649999618530273,CARS
2021-10-01,13.020000457763672,CARS
2021-11-01,16.68000030517578,CARS
2021-12-01,16.09000015258789,CARS
2022-01-01,15.579999923706055,CARS
2022-02-01,16.18000030517578,CARS
2022-03-01,14.430000305175781,CARS
2022-04-01,11.119999885559082,CARS
2022-05-01,10.350000381469727,CARS
2022-06-01,9.430000305175781,CARS
2022-07-01,11.760000228881836,CARS
2022-08-01,12.75,CARS
2022-09-01,11.5,CARS
2022-10-01,13.880000114440918,CARS
2022-11-01,14.779999732971191,CARS
2022-12-01,13.770000457763672,CARS
2023-01-01,17.100000381469727,CARS
2023-02-01,19.200000762939453,CARS
2023-03-01,19.299999237060547,CARS
2023-04-01,19.56999969482422,CARS
2023-05-01,17.649999618530273,CARS
2023-06-01,19.81999969482422,CARS
2023-07-01,22.809999465942383,CARS
2023-08-01,18.690000534057617,CARS
2023-09-01,16.860000610351562,CARS
2023-10-01,15.229999542236328,CARS
2023-11-01,18.6200008392334,CARS
2023-12-01,18.969999313354492,CARS
2024-01-01,17.43000030517578,CARS
2024-02-01,18.34000015258789,CARS
2024-03-01,17.18000030517578,CARS
2024-04-01,16.709999084472656,CARS
2024-05-01,20.229999542236328,CARS
2024-06-01,19.700000762939453,CARS
2024-07-01,20.6200008392334,CARS
2024-08-01,17.84000015258789,CARS
2024-09-01,16.760000228881836,CARS
2024-10-01,15.989999771118164,CARS
2024-11-01,19.8700008392334,CARS
2024-12-01,17.329999923706055,CARS
2025-01-01,17.920000076293945,CARS
2025-02-01,13.199999809265137,CARS
2025-03-01,11.270000457763672,CARS
2025-04-01,11.640000343322754,CARS
2025-05-01,10.25,CARS
2025-06-01,11.850000381469727,CARS
2025-07-01,12.869999885559082,CARS
2025-08-01,13.050000190734863,CARS
2025-09-01,12.220000267028809,CARS
2025-10-01,10.739999771118164,CARS
2025-11-01,11.600000381469727,CARS
2025-12-01,12.199999809265137,CARS
2026-01-01,11.359999656677246,CARS
2017-01-01,35.349998474121094,CEVA
2017-02-01,33.400001525878906,CEVA
2017-03-01,35.5,CEVA
2017-04-01,36.0,CEVA
2017-05-01,42.25,CEVA
2017-06-01,45.45000076293945,CEVA
2017-07-01,46.25,CEVA
2017-08-01,40.54999923706055,CEVA
2017-09-01,42.79999923706055,CEVA
2017-10-01,48.29999923706055,CEVA
2017-11-01,47.5,CEVA
2017-12-01,46.150001525878906,CEVA
2018-01-01,44.0,CEVA
2018-02-01,36.75,CEVA
2018-03-01,36.20000076293945,CEVA
2018-04-01,32.599998474121094,CEVA
2018-05-01,33.70000076293945,CEVA
2018-06-01,30.200000762939453,CEVA
2018-07-01,30.100000381469727,CEVA
2018-08-01,30.600000381469727,CEVA
2018-09-01,28.75,CEVA
2018-10-01,24.639999389648438,CEVA
2018-11-01,25.989999771118164,CEVA
2018-12-01,22.09000015258789,CEVA
2019-01-01,28.440000534057617,CEVA
2019-02-01,27.81999969482422,CEVA
2019-03-01,26.959999084472656,CEVA
2019-04-01,25.190000534057617,CEVA
2019-05-01,22.829999923706055,CEVA
2019-06-01,24.350000381469727,CEVA
2019-07-01,27.780000686645508,CEVA
2019-08-01,31.40999984741211,CEVA
2019-09-01,29.860000610351562,CEVA
2019-10-01,27.219999313354492,CEVA
2019-11-01,25.920000076293945,CEVA
2019-12-01,26.959999084472656,CEVA
2020-01-01,27.350000381469727,CEVA
2020-02-01,28.40999984741211,CEVA
2020-03-01,24.93000030517578,CEVA
2020-04-01,31.350000381469727,CEVA
2020-05-01,34.470001220703125,CEVA
2020-06-01,37.41999816894531,CEVA
2020-07-01,40.20000076293945,CEVA
2020-08-01,42.25,CEVA
2020-09-01,39.369998931884766,CEVA
2020-10-01,40.31999969482422,CEVA
2020-11-01,39.279998779296875,CEVA
2020-12-01,45.5,CEVA
2021-01-01,58.790000915527344,CEVA
2021-02-01,61.22999954223633,CEVA
2021-03-01,56.150001525878906,CEVA
2021-04-01,55.439998626708984,CEVA
2021-05-01,44.869998931884766,CEVA
2021-06-01,47.29999923706055,CEVA
2021-07-01,49.63999938964844,CEVA
2021-08-01,48.25,CEVA
2021-09-01,42.66999816894531,CEVA
2021-10-01,45.61000061035156,CEVA
2021-11-01,44.099998474121094,CEVA
2021-12-01,43.2400016784668,CEVA
2022-01-01,37.66999816894531,CEVA
2022-02-01,40.77000045776367,CEVA
2022-03-01,40.650001525878906,CEVA
2022-04-01,36.34000015258789,CEVA
2022-05-01,36.06999969482422,CEVA
2022-06-01,33.560001373291016,CEVA
2022-07-01,37.22999954223633,CEVA
2022-08-01,29.270000457763672,CEVA
2022-09-01,26.229999542236328,CEVA
2022-10-01,27.65999984741211,CEVA
2022-11-01,27.170000076293945,CEVA
2022-12-01,25.579999923706055,CEVA
2023-01-01,33.119998931884766,CEVA
2023-02-01,31.559999465942383,CEVA
2023-03-01,30.43000030517578,CEVA
2023-04-01,25.1299991607666,CEVA
2023-05-01,25.020000457763672,CEVA
2023-06-01,25.549999237060547,CEVA
2023-07-01,27.15999984741211,CEVA
2023-08-01,23.219999313354492,CEVA
2023-09-01,19.389999389648438,CEVA
2023-10-01,17.170000076293945,CEVA
2023-11-01,21.760000228881836,CEVA
2023-12-01,22.709999084472656,CEVA
2024-01-01,19.200000762939453,CEVA
2024-02-01,22.639999389648438,CEVA
2024-03-01,22.709999084472656,CEVA
2024-04-01,20.270000457763672,CEVA
2024-05-01,19.920000076293945,CEVA
2024-06-01,19.290000915527344,CEVA
2024-07-01,20.049999237060547,CEVA
2024-08-01,23.940000534057617,CEVA
2024-09-01,24.149999618530273,CEVA
2024-10-01,23.34000015258789,CEVA
2024-11-01,29.739999771118164,CEVA
2024-12-01,31.549999237060547,CEVA
2025-01-01,32.209999084472656,CEVA
2025-02-01,34.2599983215332,CEVA
2025-03-01,25.610000610351562,CEVA
2025-04-01,26.209999084472656,CEVA
2025-05-01,18.760000228881836,CEVA
2025-06-01,21.979999542236328,CEVA
2025-07-01,21.3700008392334,CEVA
2025-08-01,22.219999313354492,CEVA
2025-09-01,26.40999984741211,CEVA
2025-10-01,27.209999084472656,CEVA
2025-11-01,21.59000015258789,CEVA
2025-12-01,21.520000457763672,CEVA
2026-01-01,21.09000015258789,CEVA
2017-01-01,,CLVT
2017-02-01,,CLVT
2017-03-01,,CLVT
2017-04-01,,CLVT
2017-05-01,,CLVT
2017-06-01,,CLVT
2017-07-01,,CLVT
2017-08-01,,CLVT
2017-09-01,,CLVT
2017-10-01,,CLVT
2017-11-01,,CLVT
2017-12-01,,CLVT
2018-01-01,,CLVT
2018-02-01,,CLVT
2018-03-01,,CLVT
2018-04-01,,CLVT
2018-05-01,,CLVT
2018-06-01,,CLVT
2018-07-01,,CLVT
2018-08-01,,CLVT
2018-09-01,,CLVT
2018-10-01,9.600000381469727,CLVT
2018-11-01,9.569999694824219,CLVT
2018-12-01,9.550000190734863,CLVT
2019-01-01,10.579999923706055,CLVT
2019-02-01,11.020000457763672,CLVT
2019-03-01,13.4399995803833,CLVT
2019-04-01,14.399999618530273,CLVT
2019-05-01,12.920000076293945,CLVT
2019-06-01,15.380000114440918,CLVT
2019-07-01,16.450000762939453,CLVT
2019-08-01,17.6200008392334,CLVT
2019-09-01,16.8700008392334,CLVT
2019-10-01,16.739999771118164,CLVT
2019-11-01,17.979999542236328,CLVT
2019-12-01,16.799999237060547,CLVT
2020-01-01,20.15999984741211,CLVT
2020-02-01,20.34000015258789,CLVT
2020-03-01,20.75,CLVT
2020-04-01,22.979999542236328,CLVT
2020-05-01,22.889999389648438,CLVT
2020-06-01,22.329999923706055,CLVT
2020-07-01,27.649999618530273,CLVT
2020-08-01,29.440000534057617,CLVT
2020-09-01,30.989999771118164,CLVT
2020-10-01,27.75,CLVT
2020-11-01,27.440000534057617,CLVT
2020-12-01,29.709999084472656,CLVT
2021-01-01,28.940000534057617,CLVT
2021-02-01,22.75,CLVT
2021-03-01,26.389999389648438,CLVT
2021-04-01,27.93000030517578,CLVT
2021-05-01,30.040000915527344,CLVT
2021-06-01,27.530000686645508,CLVT
2021-07-01,22.799999237060547,CLVT
2021-08-01,25.190000534057617,CLVT
2021-09-01,21.899999618530273,CLVT
2021-10-01,23.450000762939453,CLVT
2021-11-01,23.34000015258789,CLVT
2021-12-01,23.520000457763672,CLVT
2022-01-01,16.459999084472656,CLVT
2022-02-01,14.979999542236328,CLVT
2022-03-01,16.760000228881836,CLVT
2022-04-01,15.680000305175781,CLVT
2022-05-01,14.770000457763672,CLVT
2022-06-01,13.859999656677246,CLVT
2022-07-01,14.489999771118164,CLVT
2022-08-01,11.670000076293945,CLVT
2022-09-01,9.390000343322754,CLVT
2022-10-01,10.329999923706055,CLVT
2022-11-01,9.789999961853027,CLVT
2022-12-01,8.34000015258789,CLVT
2023-01-01,11.119999885559082,CLVT
2023-02-01,10.130000114440918,CLVT
2023-03-01,9.390000343322754,CLVT
2023-04-01,8.859999656677246,CLVT
2023-05-01,7.800000190734863,CLVT
2023-06-01,9.529999732971191,CLVT
2023-07-01,9.510000228881836,CLVT
2023-08-01,7.429999828338623,CLVT
2023-09-01,6.710000038146973,CLVT
2023-10-01,6.380000114440918,CLVT
2023-11-01,7.760000228881836,CLVT
2023-12-01,9.260000228881836,CLVT
2024-01-01,8.9399995803833,CLVT
2024-02-01,7.179999828338623,CLVT
2024-03-01,7.429999828338623,CLVT
2024-04-01,6.760000228881836,CLVT
2024-05-01,5.699999809265137,CLVT
2024-06-01,5.690000057220459,CLVT
2024-07-01,6.739999771118164,CLVT
2024-08-01,6.860000133514404,CLVT
2024-09-01,7.099999904632568,CLVT
2024-10-01,6.599999904632568,CLVT
2024-11-01,5.730000019073486,CLVT
2024-12-01,5.079999923706055,CLVT
2025-01-01,5.420000076293945,CLVT
2025-02-01,4.289999961853027,CLVT
2025-03-01,3.930000066757202,CLVT
2025-04-01,4.309999942779541,CLVT
2025-05-01,4.21999979019165,CLVT
2025-06-01,4.300000190734863,CLVT
2025-07-01,3.8499999046325684,CLVT
2025-08-01,4.349999904632568,CLVT
2025-09-01,3.8299999237060547,CLVT
2025-10-01,3.4000000953674316,CLVT
2025-11-01,3.759999990463257,CLVT
2025-12-01,3.3399999141693115,CLVT
2026-01-01,2.6500000953674316,CLVT
2017-01-01,,CMRC
2017-02-01,,CMRC
2017-03-01,,CMRC
2017-04-01,,CMRC
2017-05-01,,CMRC
2017-06-01,,CMRC
2017-07-01,,CMRC
2017-08-01,,CMRC
2017-09-01,,CMRC
2017-10-01,,CMRC
2017-11-01,,CMRC
2017-12-01,,CMRC
2018-01-01,,CMRC
2018-02-01,,CMRC
2018-03-01,,CMRC
2018-04-01,,CMRC
2018-05-01,,CMRC
2018-06-01,,CMRC
2018-07-01,,CMRC
2018-08-01,,CMRC
2018-09-01,,CMRC
2018-10-01,,CMRC
2018-11-01,,CMRC
2018-12-01,,CMRC
2019-01-01,,CMRC
2019-02-01,,CMRC
2019-03-01,,CMRC
2019-04-01,,CMRC
2019-05-01,,CMRC
2019-06-01,,CMRC
2019-07-01,,CMRC
2019-08-01,,CMRC
2019-09-01,,CMRC
2019-10-01,,CMRC
2019-11-01,,CMRC
2019-12-01,,CMRC
2020-01-01,,CMRC
2020-02-01,,CMRC
2020-03-01,,CMRC
2020-04-01,,CMRC
2020-05-01,,CMRC
2020-06-01,,CMRC
2020-07-01,,CMRC
2020-08-01,117.80000305175781,CMRC
2020-09-01,83.30000305175781,CMRC
2020-10-01,73.4000015258789,CMRC
2020-11-01,80.66000366210938,CMRC
2020-12-01,64.1500015258789,CMRC
2021-01-01,79.94000244140625,CMRC
2021-02-01,59.11000061035156,CMRC
2021-03-01,57.79999923706055,CMRC
2021-04-01,59.939998626708984,CMRC
2021-05-01,54.38999938964844,CMRC
2021-06-01,64.91999816894531,CMRC
2021-07-01,64.76000213623047,CMRC
2021-08-01,59.540000915527344,CMRC
2021-09-01,50.63999938964844,CMRC
2021-10-01,46.209999084472656,CMRC
2021-11-01,45.27000045776367,CMRC
2021-12-01,35.369998931884766,CMRC
2022-01-01,32.689998626708984,CMRC
2022-02-01,25.899999618530273,CMRC
2022-03-01,21.90999984741211,CMRC
2022-04-01,17.8700008392334,CMRC
2022-05-01,18.530000686645508,CMRC
2022-06-01,16.200000762939453,CMRC
2022-07-01,15.649999618530273,CMRC
2022-08-01,16.670000076293945,CMRC
2022-09-01,14.800000190734863,CMRC
2022-10-01,14.859999656677246,CMRC
2022-11-01,8.640000343322754,CMRC
2022-12-01,8.739999771118164,CMRC
2023-01-01,12.260000228881836,CMRC
2023-02-01,9.520000457763672,CMRC
2023-03-01,8.9399995803833,CMRC
2023-04-01,7.389999866485596,CMRC
2023-05-01,7.96999979019165,CMRC
2023-06-01,9.949999809265137,CMRC
2023-07-01,10.8100004196167,CMRC
2023-08-01,10.600000381469727,CMRC
2023-09-01,9.869999885559082,CMRC
2023-10-01,8.890000343322754,CMRC
2023-11-01,8.720000267028809,CMRC
2023-12-01,9.729999542236328,CMRC
2024-01-01,8.180000305175781,CMRC
2024-02-01,7.75,CMRC
2024-03-01,6.889999866485596,CMRC
2024-04-01,5.659999847412109,CMRC
2024-05-01,8.239999771118164,CMRC
2024-06-01,8.0600004196167,CMRC
2024-07-01,8.100000381469727,CMRC
2024-08-01,5.860000133514404,CMRC
2024-09-01,5.849999904632568,CMRC
2024-10-01,5.239999771118164,CMRC
2024-11-01,7.369999885559082,CMRC
2024-12-01,6.119999885559082,CMRC
2025-01-01,6.090000152587891,CMRC
2025-02-01,7.079999923706055,CMRC
2025-03-01,5.760000228881836,CMRC
2025-04-01,5.179999828338623,CMRC
2025-05-01,5.039999961853027,CMRC
2025-06-01,5.0,CMRC
2025-07-01,4.78000020980835,CMRC
2025-08-01,4.650000095367432,CMRC
2025-09-01,4.989999771118164,CMRC
2025-10-01,4.630000114440918,CMRC
2025-11-01,4.590000152587891,CMRC
2025-12-01,4.119999885559082,CMRC
2026-01-01,3.119999885559082,CMRC
2017-01-01,60.31999969482422,CRUS
2017-02-01,54.08000183105469,CRUS
2017-03-01,60.689998626708984,CRUS
2017-04-01,64.3499984741211,CRUS
2017-05-01,65.94999694824219,CRUS
2017-06-01,62.720001220703125,CRUS
2017-07-01,61.439998626708984,CRUS
2017-08-01,57.97999954223633,CRUS
2017-09-01,53.31999969482422,CRUS
2017-10-01,56.0,CRUS
2017-11-01,55.2400016784668,CRUS
2017-12-01,51.86000061035156,CRUS
2018-01-01,49.56999969482422,CRUS
2018-02-01,44.310001373291016,CRUS
2018-03-01,40.630001068115234,CRUS
2018-04-01,36.470001220703125,CRUS
2018-05-01,37.47999954223633,CRUS
2018-06-01,38.33000183105469,CRUS
2018-07-01,43.2599983215332,CRUS
2018-08-01,43.95000076293945,CRUS
2018-09-01,38.599998474121094,CRUS
2018-10-01,37.439998626708984,CRUS
2018-11-01,37.439998626708984,CRUS
2018-12-01,33.18000030517578,CRUS
2019-01-01,37.150001525878906,CRUS
2019-02-01,40.130001068115234,CRUS
2019-03-01,42.06999969482422,CRUS
2019-04-01,47.58000183105469,CRUS
2019-05-01,37.369998931884766,CRUS
2019-06-01,43.70000076293945,CRUS
2019-07-01,49.04999923706055,CRUS
2019-08-01,53.63999938964844,CRUS
2019-09-01,53.58000183105469,CRUS
2019-10-01,67.95999908447266,CRUS
2019-11-01,71.69999694824219,CRUS
2019-12-01,82.41000366210938,CRUS
2020-01-01,76.80999755859375,CRUS
2020-02-01,68.63999938964844,CRUS
2020-03-01,65.62999725341797,CRUS
2020-04-01,75.5999984741211,CRUS
2020-05-01,72.4800033569336,CRUS
2020-06-01,61.779998779296875,CRUS
2020-07-01,68.52999877929688,CRUS
2020-08-01,60.59000015258789,CRUS
2020-09-01,67.44999694824219,CRUS
2020-10-01,68.87000274658203,CRUS
2020-11-01,80.0999984741211,CRUS
2020-12-01,82.19999694824219,CRUS
2021-01-01,93.69000244140625,CRUS
2021-02-01,81.77999877929688,CRUS
2021-03-01,84.79000091552734,CRUS
2021-04-01,74.41000366210938,CRUS
2021-05-01,78.06999969482422,CRUS
2021-06-01,85.12000274658203,CRUS
2021-07-01,82.58999633789062,CRUS
2021-08-01,83.66999816894531,CRUS
2021-09-01,82.3499984741211,CRUS
2021-10-01,80.80999755859375,CRUS
2021-11-01,80.18000030517578,CRUS
2021-12-01,92.0199966430664,CRUS
2022-01-01,89.44000244140625,CRUS
2022-02-01,86.87000274658203,CRUS
2022-03-01,84.79000091552734,CRUS
2022-04-01,75.80000305175781,CRUS
2022-05-01,81.54000091552734,CRUS
2022-06-01,72.54000091552734,CRUS
2022-07-01,85.45999908447266,CRUS
2022-08-01,76.69000244140625,CRUS
2022-09-01,68.80000305175781,CRUS
2022-10-01,67.12000274658203,CRUS
2022-11-01,74.70999908447266,CRUS
2022-12-01,74.4800033569336,CRUS
2023-01-01,90.38999938964844,CRUS
2023-02-01,102.75,CRUS
2023-03-01,109.37999725341797,CRUS
2023-04-01,85.79000091552734,CRUS
2023-05-01,77.68000030517578,CRUS
2023-06-01,81.01000213623047,CRUS
2023-07-01,80.80000305175781,CRUS
2023-08-01,82.04000091552734,CRUS
2023-09-01,73.95999908447266,CRUS
2023-10-01,66.93000030517578,CRUS
2023-11-01,75.91000366210938,CRUS
2023-12-01,83.19000244140625,CRUS
2024-01-01,77.19999694824219,CRUS
2024-02-01,91.81999969482422,CRUS
2024-03-01,92.55999755859375,CRUS
2024-04-01,88.56999969482422,CRUS
2024-05-01,114.69999694824219,CRUS
2024-06-01,127.66000366210938,CRUS
2024-07-01,130.47999572753906,CRUS
2024-08-01,145.69000244140625,CRUS
2024-09-01,124.20999908447266,CRUS
2024-10-01,109.81999969482422,CRUS
2024-11-01,104.44999694824219,CRUS
2024-12-01,99.58000183105469,CRUS
2025-01-01,100.44000244140625,CRUS
2025-02-01,104.20999908447266,CRUS
2025-03-01,99.66000366210938,CRUS
2025-04-01,96.04000091552734,CRUS
2025-05-01,98.36000061035156,CRUS
2025-06-01,104.26000213623047,CRUS
2025-07-01,100.70999908447266,CRUS
2025-08-01,114.19000244140625,CRUS
2025-09-01,125.29000091552734,CRUS
2025-10-01,132.64999389648438,CRUS
2025-11-01,120.33999633789062,CRUS
2025-12-01,118.5,CRUS
2026-01-01,130.33999633789062,CRUS
2017-01-01,,CSGS
2017-02-01,,CSGS
2017-03-01,,CSGS
2017-04-01,,CSGS
2017-05-01,,CSGS
2017-06-01,,CSGS
2017-07-01,,CSGS
2017-08-01,,CSGS
2017-09-01,,CSGS
2017-10-01,,CSGS
2017-11-01,,CSGS
2017-12-01,,CSGS
2018-01-01,,CSGS
2018-02-01,,CSGS
2018-03-01,,CSGS
2018-04-01,,CSGS
2018-05-01,,CSGS
2018-06-01,,CSGS
2018-07-01,,CSGS
2018-08-01,,CSGS
2018-09-01,,CSGS
2018-10-01,,CSGS
2018-11-01,,CSGS
2018-12-01,,CSGS
2019-01-01,,CSGS
2019-02-01,,CSGS
2019-03-01,,CSGS
2019-04-01,,CSGS
2019-05-01,,CSGS
2019-06-01,,CSGS
2019-07-01,,CSGS
2019-08-01,,CSGS
2019-09-01,,CSGS
2019-10-01,,CSGS
2019-11-01,,CSGS
2019-12-01,,CSGS
2020-01-01,,CSGS
2020-02-01,,CSGS
2020-03-01,,CSGS
2020-04-01,,CSGS
2020-05-01,,CSGS
2020-06-01,,CSGS
2020-07-01,,CSGS
2020-08-01,,CSGS
2020-09-01,,CSGS
2020-10-01,,CSGS
2020-11-01,,CSGS
2020-12-01,,CSGS
2021-01-01,,CSGS
2021-02-01,,CSGS
2021-03-01,,CSGS
2021-04-01,,CSGS
2021-05-01,,CSGS
2021-06-01,,CSGS
2021-07-01,,CSGS
2021-08-01,,CSGS
2021-09-01,,CSGS
2021-10-01,,CSGS
2021-11-01,,CSGS
2021-12-01,,CSGS
2022-01-01,,CSGS
2022-02-01,,CSGS
2022-03-01,,CSGS
2022-04-01,,CSGS
2022-05-01,,CSGS
2022-06-01,,CSGS
2022-07-01,,CSGS
2022-08-01,,CSGS
2022-09-01,,CSGS
2022-10-01,,CSGS
2022-11-01,,CSGS
2022-12-01,,CSGS
2023-01-01,,CSGS
2023-02-01,,CSGS
2023-03-01,,CSGS
2023-04-01,,CSGS
2023-05-01,,CSGS
2023-06-01,,CSGS
2023-07-01,,CSGS
2023-08-01,,CSGS
2023-09-01,,CSGS
2023-10-01,,CSGS
2023-11-01,,CSGS
2023-12-01,,CSGS
2024-01-01,,CSGS
2024-02-01,,CSGS
2024-03-01,,CSGS
2024-04-01,,CSGS
2024-05-01,,CSGS
2024-06-01,,CSGS
2024-07-01,,CSGS
2024-08-01,,CSGS
2024-09-01,,CSGS
2024-10-01,,CSGS
2024-11-01,,CSGS
2024-12-01,,CSGS
2025-01-01,,CSGS
2025-02-01,,CSGS
2025-03-01,,CSGS
2025-04-01,,CSGS
2025-05-01,,CSGS
2025-06-01,,CSGS
2025-07-01,,CSGS
2025-08-01,,CSGS
2025-09-01,,CSGS
2025-10-01,,CSGS
2025-11-01,,CSGS
2025-12-01,,CSGS
2026-01-01,,CSGS
2017-01-01,4.215559005737305,CSPI
2017-02-01,3.6310999393463135,CSPI
2017-03-01,4.374111652374268,CSPI
2017-04-01,4.575605869293213,CSPI
2017-05-01,4.609231948852539,CSPI
2017-06-01,4.571068286895752,CSPI
2017-07-01,4.376013278961182,CSPI
2017-08-01,4.333288669586182,CSPI
2017-09-01,4.736186981201172,CSPI
2017-10-01,4.757617950439453,CSPI
2017-11-01,4.599029541015625,CSPI
2017-12-01,6.831523895263672,CSPI
2018-01-01,7.5617756843566895,CSPI
2018-02-01,5.1189494132995605,CSPI
2018-03-01,4.687283515930176,CSPI
2018-04-01,4.883496284484863,CSPI
2018-05-01,4.237977504730225,CSPI
2018-06-01,4.343816757202148,CSPI
2018-07-01,4.7627644538879395,CSPI
2018-08-01,5.899211883544922,CSPI
2018-09-01,5.850162029266357,CSPI
2018-10-01,5.7074761390686035,CSPI
2018-11-01,5.132270336151123,CSPI
2018-12-01,4.374244689941406,CSPI
2019-01-01,4.4402546882629395,CSPI
2019-02-01,4.649484157562256,CSPI
2019-03-01,5.122702598571777,CSPI
2019-04-01,6.050762176513672,CSPI
2019-05-01,6.475269317626953,CSPI
2019-06-01,7.08377742767334,CSPI
2019-07-01,6.345206260681152,CSPI
2019-08-01,6.411910533905029,CSPI
2019-09-01,6.303871154785156,CSPI
2019-10-01,5.834134578704834,CSPI
2019-11-01,6.026726245880127,CSPI
2019-12-01,6.2011823654174805,CSPI
2020-01-01,6.89020299911499,CSPI
2020-02-01,6.495798110961914,CSPI
2020-03-01,3.3584041595458984,CSPI
2020-04-01,5.2081685066223145,CSPI
2020-05-01,3.7427711486816406,CSPI
2020-06-01,3.973391532897949,CSPI
2020-07-01,3.574611186981201,CSPI
2020-08-01,4.660446643829346,CSPI
2020-09-01,4.146356105804443,CSPI
2020-10-01,3.406450033187866,CSPI
2020-11-01,3.838862895965576,CSPI
2020-12-01,3.7139439582824707,CSPI
2021-01-01,4.7805609703063965,CSPI
2021-02-01,4.031045436859131,CSPI
2021-03-01,4.179988861083984,CSPI
2021-04-01,4.314515590667725,CSPI
2021-05-01,4.905481815338135,CSPI
2021-06-01,5.073641300201416,CSPI
2021-07-01,4.891067028045654,CSPI
2021-08-01,4.458654403686523,CSPI
2021-09-01,4.290493488311768,CSPI
2021-10-01,4.093504905700684,CSPI
2021-11-01,4.194401741027832,CSPI
2021-12-01,4.223228931427002,CSPI
2022-01-01,3.9878056049346924,CSPI
2022-02-01,3.96378231048584,CSPI
2022-03-01,3.7860121726989746,CSPI
2022-04-01,3.377622604370117,CSPI
2022-05-01,4.300102710723877,CSPI
2022-06-01,4.372171878814697,CSPI
2022-07-01,3.7860121726989746,CSPI
2022-08-01,3.742183208465576,CSPI
2022-09-01,3.467306613922119,CSPI
2022-10-01,3.563754081726074,CSPI
2022-11-01,4.200310707092285,CSPI
2022-12-01,4.562565803527832,CSPI
2023-01-01,5.249611854553223,CSPI
2023-02-01,5.3655242919921875,CSPI
2023-03-01,6.592901229858398,CSPI
2023-04-01,6.209649085998535,CSPI
2023-05-01,5.997290134429932,CSPI
2023-06-01,5.797705173492432,CSPI
2023-07-01,6.240687847137451,CSPI
2023-08-01,7.5658793449401855,CSPI
2023-09-01,8.542120933532715,CSPI
2023-10-01,10.177330017089844,CSPI
2023-11-01,12.178627014160156,CSPI
2023-12-01,9.532462120056152,CSPI
2024-01-01,11.689373970031738,CSPI
2024-02-01,23.845369338989258,CSPI
2024-03-01,18.07743263244629,CSPI
2024-04-01,12.799135208129883,CSPI
2024-05-01,14.511740684509277,CSPI
2024-06-01,14.619671821594238,CSPI
2024-07-01,15.169137954711914,CSPI
2024-08-01,13.667180061340332,CSPI
2024-09-01,12.772421836853027,CSPI
2024-10-01,12.261131286621094,CSPI
2024-11-01,15.97781753540039,CSPI
2024-12-01,15.82957935333252,CSPI
2025-01-01,19.681081771850586,CSPI
2025-02-01,16.330699920654297,CSPI
2025-03-01,15.136734008789062,CSPI
2025-04-01,16.41950798034668,CSPI
2025-05-01,15.048788070678711,CSPI
2025-06-01,12.794434547424316,CSPI
2025-07-01,10.144584655761719,CSPI
2025-08-01,11.953277587890625,CSPI
2025-09-01,11.447792053222656,CSPI
2025-10-01,13.22195053100586,CSPI
2025-11-01,11.358587265014648,CSPI
2025-12-01,12.417953491210938,CSPI
2026-01-01,11.34504222869873,CSPI
2017-01-01,49.099998474121094,CVLT
2017-02-01,49.04999923706055,CVLT
2017-03-01,50.79999923706055,CVLT
2017-04-01,50.45000076293945,CVLT
2017-05-01,56.130001068115234,CVLT
2017-06-01,56.45000076293945,CVLT
2017-07-01,59.54999923706055,CVLT
2017-08-01,61.04999923706055,CVLT
2017-09-01,60.79999923706055,CVLT
2017-10-01,52.04999923706055,CVLT
2017-11-01,53.900001525878906,CVLT
2017-12-01,52.5,CVLT
2018-01-01,53.349998474121094,CVLT
2018-02-01,52.04999923706055,CVLT
2018-03-01,57.20000076293945,CVLT
2018-04-01,69.94999694824219,CVLT
2018-05-01,68.3499984741211,CVLT
2018-06-01,65.8499984741211,CVLT
2018-07-01,64.9000015258789,CVLT
2018-08-01,69.6500015258789,CVLT
2018-09-01,70.0,CVLT
2018-10-01,58.220001220703125,CVLT
2018-11-01,58.939998626708984,CVLT
2018-12-01,59.09000015258789,CVLT
2019-01-01,66.06999969482422,CVLT
2019-02-01,67.38999938964844,CVLT
2019-03-01,64.73999786376953,CVLT
2019-04-01,52.599998474121094,CVLT
2019-05-01,46.04999923706055,CVLT
2019-06-01,49.619998931884766,CVLT
2019-07-01,45.439998626708984,CVLT
2019-08-01,43.369998931884766,CVLT
2019-09-01,44.709999084472656,CVLT
2019-10-01,49.66999816894531,CVLT
2019-11-01,50.619998931884766,CVLT
2019-12-01,44.63999938964844,CVLT
2020-01-01,45.02000045776367,CVLT
2020-02-01,41.70000076293945,CVLT
2020-03-01,40.47999954223633,CVLT
2020-04-01,42.689998626708984,CVLT
2020-05-01,40.459999084472656,CVLT
2020-06-01,38.70000076293945,CVLT
2020-07-01,44.08000183105469,CVLT
2020-08-01,43.22999954223633,CVLT
2020-09-01,40.79999923706055,CVLT
2020-10-01,39.59000015258789,CVLT
2020-11-01,47.7599983215332,CVLT
2020-12-01,55.369998931884766,CVLT
2021-01-01,62.779998779296875,CVLT
2021-02-01,63.72999954223633,CVLT
2021-03-01,64.5,CVLT
2021-04-01,69.51000213623047,CVLT
2021-05-01,76.16999816894531,CVLT
2021-06-01,78.16999816894531,CVLT
2021-07-01,75.58999633789062,CVLT
2021-08-01,80.97000122070312,CVLT
2021-09-01,75.30999755859375,CVLT
2021-10-01,61.5,CVLT
2021-11-01,62.880001068115234,CVLT
2021-12-01,68.91999816894531,CVLT
2022-01-01,67.45999908447266,CVLT
2022-02-01,62.90999984741211,CVLT
2022-03-01,66.3499984741211,CVLT
2022-04-01,61.0,CVLT
2022-05-01,61.0099983215332,CVLT
2022-06-01,62.900001525878906,CVLT
2022-07-01,56.09000015258789,CVLT
2022-08-01,54.290000915527344,CVLT
2022-09-01,53.040000915527344,CVLT
2022-10-01,60.88999938964844,CVLT
2022-11-01,66.0,CVLT
2022-12-01,62.84000015258789,CVLT
2023-01-01,62.22999954223633,CVLT
2023-02-01,58.880001068115234,CVLT
2023-03-01,56.7400016784668,CVLT
2023-04-01,58.27000045776367,CVLT
2023-05-01,69.69000244140625,CVLT
2023-06-01,72.62000274658203,CVLT
2023-07-01,77.93000030517578,CVLT
2023-08-01,68.30999755859375,CVLT
2023-09-01,67.61000061035156,CVLT
2023-10-01,65.3499984741211,CVLT
2023-11-01,73.58000183105469,CVLT
2023-12-01,79.8499984741211,CVLT
2024-01-01,91.68000030517578,CVLT
2024-02-01,95.70999908447266,CVLT
2024-03-01,101.43000030517578,CVLT
2024-04-01,102.47000122070312,CVLT
2024-05-01,107.58999633789062,CVLT
2024-06-01,121.56999969482422,CVLT
2024-07-01,152.85000610351562,CVLT
2024-08-01,155.39999389648438,CVLT
2024-09-01,153.85000610351562,CVLT
2024-10-01,156.19000244140625,CVLT
2024-11-01,171.58999633789062,CVLT
2024-12-01,150.91000366210938,CVLT
2025-01-01,159.25999450683594,CVLT
2025-02-01,170.55999755859375,CVLT
2025-03-01,157.75999450683594,CVLT
2025-04-01,167.1300048828125,CVLT
2025-05-01,183.14999389648438,CVLT
2025-06-01,174.3300018310547,CVLT
2025-07-01,189.9499969482422,CVLT
2025-08-01,186.64999389648438,CVLT
2025-09-01,188.77999877929688,CVLT
2025-10-01,139.22000122070312,CVLT
2025-11-01,123.5,CVLT
2025-12-01,125.36000061035156,CVLT
2026-01-01,85.69999694824219,CVLT
2017-01-01,,DBX
2017-02-01,,DBX
2017-03-01,,DBX
2017-04-01,,DBX
2017-05-01,,DBX
2017-06-01,,DBX
2017-07-01,,DBX
2017-08-01,,DBX
2017-09-01,,DBX
2017-10-01,,DBX
2017-11-01,,DBX
2017-12-01,,DBX
2018-01-01,,DBX
2018-02-01,,DBX
2018-03-01,31.25,DBX
2018-04-01,30.110000610351562,DBX
2018-05-01,29.989999771118164,DBX
2018-06-01,32.41999816894531,DBX
2018-07-01,26.770000457763672,DBX
2018-08-01,26.850000381469727,DBX
2018-09-01,26.829999923706055,DBX
2018-10-01,23.469999313354492,DBX
2018-11-01,23.389999389648438,DBX
2018-12-01,20.43000030517578,DBX
2019-01-01,24.709999084472656,DBX
2019-02-01,23.860000610351562,DBX
2019-03-01,21.799999237060547,DBX
2019-04-01,24.3799991607666,DBX
2019-05-01,22.559999465942383,DBX
2019-06-01,25.049999237060547,DBX
2019-07-01,23.559999465942383,DBX
2019-08-01,17.899999618530273,DBX
2019-09-01,20.170000076293945,DBX
2019-10-01,19.81999969482422,DBX
2019-11-01,18.489999771118164,DBX
2019-12-01,17.90999984741211,DBX
2020-01-01,17.020000457763672,DBX
2020-02-01,19.559999465942383,DBX
2020-03-01,18.100000381469727,DBX
2020-04-01,21.020000457763672,DBX
2020-05-01,22.56999969482422,DBX
2020-06-01,21.770000457763672,DBX
2020-07-01,22.75,DBX
2020-08-01,21.170000076293945,DBX
2020-09-01,19.260000228881836,DBX
2020-10-01,18.260000228881836,DBX
2020-11-01,19.969999313354492,DBX
2020-12-01,22.190000534057617,DBX
2021-01-01,22.6299991607666,DBX
2021-02-01,22.545000076293945,DBX
2021-03-01,26.65999984741211,DBX
2021-04-01,25.700000762939453,DBX
2021-05-01,27.350000381469727,DBX
2021-06-01,30.309999465942383,DBX
2021-07-01,31.489999771118164,DBX
2021-08-01,31.709999084472656,DBX
2021-09-01,29.219999313354492,DBX
2021-10-01,30.489999771118164,DBX
2021-11-01,24.610000610351562,DBX
2021-12-01,24.540000915527344,DBX
2022-01-01,24.75,DBX
2022-02-01,22.690000534057617,DBX
2022-03-01,23.25,DBX
2022-04-01,21.75,DBX
2022-05-01,20.84000015258789,DBX
2022-06-01,20.989999771118164,DBX
2022-07-01,22.739999771118164,DBX
2022-08-01,21.389999389648438,DBX
2022-09-01,20.719999313354492,DBX
2022-10-01,21.75,DBX
2022-11-01,23.559999465942383,DBX
2022-12-01,22.3799991607666,DBX
2023-01-01,23.229999542236328,DBX
2023-02-01,20.399999618530273,DBX
2023-03-01,21.6200008392334,DBX
2023-04-01,20.34000015258789,DBX
2023-05-01,23.020000457763672,DBX
2023-06-01,26.670000076293945,DBX
2023-07-01,26.950000762939453,DBX
2023-08-01,27.790000915527344,DBX
2023-09-01,27.229999542236328,DBX
2023-10-01,26.299999237060547,DBX
2023-11-01,28.18000030517578,DBX
2023-12-01,29.479999542236328,DBX
2024-01-01,31.68000030517578,DBX
2024-02-01,23.950000762939453,DBX
2024-03-01,24.299999237060547,DBX
2024-04-01,23.15999984741211,DBX
2024-05-01,22.530000686645508,DBX
2024-06-01,22.469999313354492,DBX
2024-07-01,23.920000076293945,DBX
2024-08-01,25.139999389648438,DBX
2024-09-01,25.43000030517578,DBX
2024-10-01,25.850000381469727,DBX
2024-11-01,27.65999984741211,DBX
2024-12-01,30.040000915527344,DBX
2025-01-01,32.150001525878906,DBX
2025-02-01,25.979999542236328,DBX
2025-03-01,26.709999084472656,DBX
2025-04-01,28.549999237060547,DBX
2025-05-01,28.860000610351562,DBX
2025-06-01,28.600000381469727,DBX
2025-07-01,27.170000076293945,DBX
2025-08-01,29.059999465942383,DBX
2025-09-01,30.209999084472656,DBX
2025-10-01,29.0,DBX
2025-11-01,29.8799991607666,DBX
2025-12-01,27.799999237060547,DBX
2026-01-01,25.479999542236328,DBX
2017-01-01,16.489999771118164,DDD
2017-02-01,15.199999809265137,DDD
2017-03-01,14.960000038146973,DDD
2017-04-01,15.829999923706055,DDD
2017-05-01,20.450000762939453,DDD
2017-06-01,18.700000762939453,DDD
2017-07-01,16.799999237060547,DDD
2017-08-01,12.5600004196167,DDD
2017-09-01,13.390000343322754,DDD
2017-10-01,12.380000114440918,DDD
2017-11-01,8.829999923706055,DDD
2017-12-01,8.640000343322754,DDD
2018-01-01,10.239999771118164,DDD
2018-02-01,9.5,DDD
2018-03-01,11.59000015258789,DDD
2018-04-01,10.039999961853027,DDD
2018-05-01,12.359999656677246,DDD
2018-06-01,13.8100004196167,DDD
2018-07-01,12.170000076293945,DDD
2018-08-01,20.350000381469727,DDD
2018-09-01,18.899999618530273,DDD
2018-10-01,12.079999923706055,DDD
2018-11-01,12.380000114440918,DDD
2018-12-01,10.170000076293945,DDD
2019-01-01,12.760000228881836,DDD
2019-02-01,14.119999885559082,DDD
2019-03-01,10.760000228881836,DDD
2019-04-01,10.640000343322754,DDD
2019-05-01,8.09000015258789,DDD
2019-06-01,9.100000381469727,DDD
2019-07-01,9.020000457763672,DDD
2019-08-01,7.0,DDD
2019-09-01,8.149999618530273,DDD
2019-10-01,9.489999771118164,DDD
2019-11-01,8.489999771118164,DDD
2019-12-01,8.75,DDD
2020-01-01,10.890000343322754,DDD
2020-02-01,9.15999984741211,DDD
2020-03-01,7.710000038146973,DDD
2020-04-01,8.489999771118164,DDD
2020-05-01,7.369999885559082,DDD
2020-06-01,6.989999771118164,DDD
2020-07-01,6.590000152587891,DDD
2020-08-01,5.489999771118164,DDD
2020-09-01,4.909999847412109,DDD
2020-10-01,5.690000057220459,DDD
2020-11-01,9.149999618530273,DDD
2020-12-01,10.479999542236328,DDD
2021-01-01,35.540000915527344,DDD
2021-02-01,35.84000015258789,DDD
2021-03-01,27.440000534057617,DDD
2021-04-01,21.540000915527344,DDD
2021-05-01,29.40999984741211,DDD
2021-06-01,39.970001220703125,DDD
2021-07-01,27.540000915527344,DDD
2021-08-01,30.440000534057617,DDD
2021-09-01,27.56999969482422,DDD
2021-10-01,28.15999984741211,DDD
2021-11-01,22.780000686645508,DDD
2021-12-01,21.540000915527344,DDD
2022-01-01,17.899999618530273,DDD
2022-02-01,17.81999969482422,DDD
2022-03-01,16.68000030517578,DDD
2022-04-01,11.34000015258789,DDD
2022-05-01,10.8100004196167,DDD
2022-06-01,9.699999809265137,DDD
2022-07-01,11.4399995803833,DDD
2022-08-01,10.130000114440918,DDD
2022-09-01,7.980000019073486,DDD
2022-10-01,8.829999923706055,DDD
2022-11-01,10.140000343322754,DDD
2022-12-01,7.400000095367432,DDD
2023-01-01,10.859999656677246,DDD
2023-02-01,9.789999961853027,DDD
2023-03-01,10.720000267028809,DDD
2023-04-01,9.15999984741211,DDD
2023-05-01,8.199999809265137,DDD
2023-06-01,9.930000305175781,DDD
2023-07-01,8.710000038146973,DDD
2023-08-01,6.309999942779541,DDD
2023-09-01,4.909999847412109,DDD
2023-10-01,3.7300000190734863,DDD
2023-11-01,5.340000152587891,DDD
2023-12-01,6.349999904632568,DDD
2024-01-01,4.789999961853027,DDD
2024-02-01,4.139999866485596,DDD
2024-03-01,4.440000057220459,DDD
2024-04-01,3.3499999046325684,DDD
2024-05-01,3.5199999809265137,DDD
2024-06-01,3.069999933242798,DDD
2024-07-01,3.6500000953674316,DDD
2024-08-01,2.140000104904175,DDD
2024-09-01,2.8399999141693115,DDD
2024-10-01,3.0,DDD
2024-11-01,2.9700000286102295,DDD
2024-12-01,3.2799999713897705,DDD
2025-01-01,3.5999999046325684,DDD
2025-02-01,3.390000104904175,DDD
2025-03-01,2.119999885559082,DDD
2025-04-01,1.840000033378601,DDD
2025-05-01,1.5499999523162842,DDD
2025-06-01,1.5399999618530273,DDD
2025-07-01,1.6299999952316284,DDD
2025-08-01,2.299999952316284,DDD
2025-09-01,2.9000000953674316,DDD
2025-10-01,2.859999895095825,DDD
2025-11-01,2.0799999237060547,DDD
2025-12-01,1.7699999809265137,DDD
2026-01-01,2.240000009536743,DDD
2017-01-01,13.050000190734863,DGII
2017-02-01,12.300000190734863,DGII
2017-03-01,11.899999618530273,DGII
2017-04-01,12.399999618530273,DGII
2017-05-01,9.550000190734863,DGII
2017-06-01,10.149999618530273,DGII
2017-07-01,10.449999809265137,DGII
2017-08-01,9.199999809265137,DGII
2017-09-01,10.600000381469727,DGII
2017-10-01,10.399999618530273,DGII
2017-11-01,10.25,DGII
2017-12-01,9.550000190734863,DGII
2018-01-01,10.350000381469727,DGII
2018-02-01,10.449999809265137,DGII
2018-03-01,10.300000190734863,DGII
2018-04-01,11.5,DGII
2018-05-01,11.699999809265137,DGII
2018-06-01,13.199999809265137,DGII
2018-07-01,13.5,DGII
2018-08-01,13.449999809265137,DGII
2018-09-01,13.449999809265137,DGII
2018-10-01,11.600000381469727,DGII
2018-11-01,11.84000015258789,DGII
2018-12-01,10.09000015258789,DGII
2019-01-01,11.859999656677246,DGII
2019-02-01,13.199999809265137,DGII
2019-03-01,12.670000076293945,DGII
2019-04-01,12.869999885559082,DGII
2019-05-01,10.890000343322754,DGII
2019-06-01,12.680000305175781,DGII
2019-07-01,13.130000114440918,DGII
2019-08-01,12.779999732971191,DGII
2019-09-01,13.619999885559082,DGII
2019-10-01,14.420000076293945,DGII
2019-11-01,17.84000015258789,DGII
2019-12-01,17.719999313354492,DGII
2020-01-01,15.800000190734863,DGII
2020-02-01,13.239999771118164,DGII
2020-03-01,9.539999961853027,DGII
2020-04-01,11.350000381469727,DGII
2020-05-01,11.130000114440918,DGII
2020-06-01,11.649999618530273,DGII
2020-07-01,12.119999885559082,DGII
2020-08-01,13.619999885559082,DGII
2020-09-01,15.630000114440918,DGII
2020-10-01,14.729999542236328,DGII
2020-11-01,17.15999984741211,DGII
2020-12-01,18.899999618530273,DGII
2021-01-01,18.469999313354492,DGII
2021-02-01,23.360000610351562,DGII
2021-03-01,18.989999771118164,DGII
2021-04-01,17.8700008392334,DGII
2021-05-01,18.959999084472656,DGII
2021-06-01,20.110000610351562,DGII
2021-07-01,20.68000030517578,DGII
2021-08-01,21.979999542236328,DGII
2021-09-01,21.020000457763672,DGII
2021-10-01,21.549999237060547,DGII
2021-11-01,21.530000686645508,DGII
2021-12-01,24.56999969482422,DGII
2022-01-01,22.34000015258789,DGII
2022-02-01,20.079999923706055,DGII
2022-03-01,21.520000457763672,DGII
2022-04-01,18.920000076293945,DGII
2022-05-01,22.100000381469727,DGII
2022-06-01,24.219999313354492,DGII
2022-07-01,28.489999771118164,DGII
2022-08-01,33.11000061035156,DGII
2022-09-01,34.56999969482422,DGII
2022-10-01,40.33000183105469,DGII
2022-11-01,42.470001220703125,DGII
2022-12-01,36.54999923706055,DGII
2023-01-01,33.9900016784668,DGII
2023-02-01,33.369998931884766,DGII
2023-03-01,33.68000030517578,DGII
2023-04-01,30.15999984741211,DGII
2023-05-01,35.95000076293945,DGII
2023-06-01,39.38999938964844,DGII
2023-07-01,41.93000030517578,DGII
2023-08-01,33.380001068115234,DGII
2023-09-01,27.0,DGII
2023-10-01,25.18000030517578,DGII
2023-11-01,23.540000915527344,DGII
2023-12-01,26.0,DGII
2024-01-01,24.309999465942383,DGII
2024-02-01,29.559999465942383,DGII
2024-03-01,31.93000030517578,DGII
2024-04-01,30.65999984741211,DGII
2024-05-01,24.360000610351562,DGII
2024-06-01,22.93000030517578,DGII
2024-07-01,27.299999237060547,DGII
2024-08-01,29.459999084472656,DGII
2024-09-01,27.530000686645508,DGII
2024-10-01,28.969999313354492,DGII
2024-11-01,33.220001220703125,DGII
2024-12-01,30.229999542236328,DGII
2025-01-01,31.25,DGII
2025-02-01,30.540000915527344,DGII
2025-03-01,27.829999923706055,DGII
2025-04-01,27.200000762939453,DGII
2025-05-01,32.40999984741211,DGII
2025-06-01,34.86000061035156,DGII
2025-07-01,32.61000061035156,DGII
2025-08-01,34.720001220703125,DGII
2025-09-01,36.459999084472656,DGII
2025-10-01,36.68000030517578,DGII
2025-11-01,41.83000183105469,DGII
2025-12-01,43.290000915527344,DGII
2026-01-01,43.06999969482422,DGII
2017-01-01,24.889999389648438,DIOD
2017-02-01,23.8700008392334,DIOD
2017-03-01,24.049999237060547,DIOD
2017-04-01,23.389999389648438,DIOD
2017-05-01,25.610000610351562,DIOD
2017-06-01,24.030000686645508,DIOD
2017-07-01,26.530000686645508,DIOD
2017-08-01,28.139999389648438,DIOD
2017-09-01,29.93000030517578,DIOD
2017-10-01,34.34000015258789,DIOD
2017-11-01,29.299999237060547,DIOD
2017-12-01,28.670000076293945,DIOD
2018-01-01,28.190000534057617,DIOD
2018-02-01,30.100000381469727,DIOD
2018-03-01,30.459999084472656,DIOD
2018-04-01,28.549999237060547,DIOD
2018-05-01,34.2400016784668,DIOD
2018-06-01,34.470001220703125,DIOD
2018-07-01,37.15999984741211,DIOD
2018-08-01,37.91999816894531,DIOD
2018-09-01,33.290000915527344,DIOD
2018-10-01,30.190000534057617,DIOD
2018-11-01,34.83000183105469,DIOD
2018-12-01,32.2599983215332,DIOD
2019-01-01,33.630001068115234,DIOD
2019-02-01,40.33000183105469,DIOD
2019-03-01,34.70000076293945,DIOD
2019-04-01,36.41999816894531,DIOD
2019-05-01,30.93000030517578,DIOD
2019-06-01,36.369998931884766,DIOD
2019-07-01,42.599998474121094,DIOD
2019-08-01,36.54999923706055,DIOD
2019-09-01,40.150001525878906,DIOD
2019-10-01,46.650001525878906,DIOD
2019-11-01,46.13999938964844,DIOD
2019-12-01,56.369998931884766,DIOD
2020-01-01,51.63999938964844,DIOD
2020-02-01,44.0099983215332,DIOD
2020-03-01,40.63999938964844,DIOD
2020-04-01,50.88999938964844,DIOD
2020-05-01,48.63999938964844,DIOD
2020-06-01,50.70000076293945,DIOD
2020-07-01,51.45000076293945,DIOD
2020-08-01,48.86000061035156,DIOD
2020-09-01,56.45000076293945,DIOD
2020-10-01,57.83000183105469,DIOD
2020-11-01,67.95999908447266,DIOD
2020-12-01,70.5,DIOD
2021-01-01,70.77999877929688,DIOD
2021-02-01,78.5199966430664,DIOD
2021-03-01,79.83999633789062,DIOD
2021-04-01,76.80999755859375,DIOD
2021-05-01,75.66999816894531,DIOD
2021-06-01,79.7699966430664,DIOD
2021-07-01,82.0,DIOD
2021-08-01,96.83000183105469,DIOD
2021-09-01,90.58999633789062,DIOD
2021-10-01,96.08999633789062,DIOD
2021-11-01,106.3499984741211,DIOD
2021-12-01,109.80999755859375,DIOD
2022-01-01,92.79000091552734,DIOD
2022-02-01,89.58999633789062,DIOD
2022-03-01,86.98999786376953,DIOD
2022-04-01,73.02999877929688,DIOD
2022-05-01,77.01000213623047,DIOD
2022-06-01,64.56999969482422,DIOD
2022-07-01,81.37000274658203,DIOD
2022-08-01,71.16999816894531,DIOD
2022-09-01,64.91000366210938,DIOD
2022-10-01,71.66999816894531,DIOD
2022-11-01,92.2300033569336,DIOD
2022-12-01,76.13999938964844,DIOD
2023-01-01,89.19000244140625,DIOD
2023-02-01,91.69000244140625,DIOD
2023-03-01,92.76000213623047,DIOD
2023-04-01,79.69999694824219,DIOD
2023-05-01,89.83999633789062,DIOD
2023-06-01,92.48999786376953,DIOD
2023-07-01,94.48999786376953,DIOD
2023-08-01,81.8499984741211,DIOD
2023-09-01,78.83999633789062,DIOD
2023-10-01,65.08000183105469,DIOD
2023-11-01,66.41999816894531,DIOD
2023-12-01,80.5199966430664,DIOD
2024-01-01,67.31999969482422,DIOD
2024-02-01,67.9800033569336,DIOD
2024-03-01,70.5,DIOD
2024-04-01,73.01000213623047,DIOD
2024-05-01,74.12999725341797,DIOD
2024-06-01,71.93000030517578,DIOD
2024-07-01,78.19999694824219,DIOD
2024-08-01,69.69000244140625,DIOD
2024-09-01,64.08999633789062,DIOD
2024-10-01,58.47999954223633,DIOD
2024-11-01,65.0,DIOD
2024-12-01,61.66999816894531,DIOD
2025-01-01,58.97999954223633,DIOD
2025-02-01,49.380001068115234,DIOD
2025-03-01,43.16999816894531,DIOD
2025-04-01,38.400001525878906,DIOD
2025-05-01,44.400001525878906,DIOD
2025-06-01,52.88999938964844,DIOD
2025-07-01,49.369998931884766,DIOD
2025-08-01,54.439998626708984,DIOD
2025-09-01,53.209999084472656,DIOD
2025-10-01,53.36000061035156,DIOD
2025-11-01,46.209999084472656,DIOD
2025-12-01,49.34000015258789,DIOD
2026-01-01,59.189998626708984,DIOD
2017-01-01,26.399999618530273,DMRC
2017-02-01,25.200000762939453,DMRC
2017-03-01,27.0,DMRC
2017-04-01,28.850000381469727,DMRC
2017-05-01,34.849998474121094,DMRC
2017-06-01,40.150001525878906,DMRC
2017-07-01,31.350000381469727,DMRC
2017-08-01,30.899999618530273,DMRC
2017-09-01,36.599998474121094,DMRC
2017-10-01,35.70000076293945,DMRC
2017-11-01,37.5,DMRC
2017-12-01,36.150001525878906,DMRC
2018-01-01,30.899999618530273,DMRC
2018-02-01,25.899999618530273,DMRC
2018-03-01,23.950000762939453,DMRC
2018-04-01,28.850000381469727,DMRC
2018-05-01,29.25,DMRC
2018-06-01,26.799999237060547,DMRC
2018-07-01,30.100000381469727,DMRC
2018-08-01,29.549999237060547,DMRC
2018-09-01,31.450000762939453,DMRC
2018-10-01,25.1299991607666,DMRC
2018-11-01,20.1200008392334,DMRC
2018-12-01,14.5,DMRC
2019-01-01,19.489999771118164,DMRC
2019-02-01,30.170000076293945,DMRC
2019-03-01,31.3799991607666,DMRC
2019-04-01,29.790000915527344,DMRC
2019-05-01,52.560001373291016,DMRC
2019-06-01,44.38999938964844,DMRC
2019-07-01,45.18000030517578,DMRC
2019-08-01,39.540000915527344,DMRC
2019-09-01,39.09000015258789,DMRC
2019-10-01,35.599998474121094,DMRC
2019-11-01,32.380001068115234,DMRC
2019-12-01,33.560001373291016,DMRC
2020-01-01,31.309999465942383,DMRC
2020-02-01,20.0,DMRC
2020-03-01,13.050000190734863,DMRC
2020-04-01,16.75,DMRC
2020-05-01,17.190000534057617,DMRC
2020-06-01,15.989999771118164,DMRC
2020-07-01,14.0600004196167,DMRC
2020-08-01,15.979999542236328,DMRC
2020-09-01,22.329999923706055,DMRC
2020-10-01,31.690000534057617,DMRC
2020-11-01,42.029998779296875,DMRC
2020-12-01,47.2400016784668,DMRC
2021-01-01,38.86000061035156,DMRC
2021-02-01,36.59000015258789,DMRC
2021-03-01,29.65999984741211,DMRC
2021-04-01,33.72999954223633,DMRC
2021-05-01,34.77000045776367,DMRC
2021-06-01,33.5,DMRC
2021-07-01,28.700000762939453,DMRC
2021-08-01,29.239999771118164,DMRC
2021-09-01,34.439998626708984,DMRC
2021-10-01,50.529998779296875,DMRC
2021-11-01,42.900001525878906,DMRC
2021-12-01,39.47999954223633,DMRC
2022-01-01,31.700000762939453,DMRC
2022-02-01,30.1299991607666,DMRC
2022-03-01,26.3700008392334,DMRC
2022-04-01,25.8700008392334,DMRC
2022-05-01,17.260000228881836,DMRC
2022-06-01,14.140000343322754,DMRC
2022-07-01,15.3100004196167,DMRC
2022-08-01,17.81999969482422,DMRC
2022-09-01,13.550000190734863,DMRC
2022-10-01,16.34000015258789,DMRC
2022-11-01,22.280000686645508,DMRC
2022-12-01,18.489999771118164,DMRC
2023-01-01,19.979999542236328,DMRC
2023-02-01,20.389999389648438,DMRC
2023-03-01,19.649999618530273,DMRC
2023-04-01,17.040000915527344,DMRC
2023-05-01,30.860000610351562,DMRC
2023-06-01,29.440000534057617,DMRC
2023-07-01,29.600000381469727,DMRC
2023-08-01,32.7400016784668,DMRC
2023-09-01,32.4900016784668,DMRC
2023-10-01,25.940000534057617,DMRC
2023-11-01,33.38999938964844,DMRC
2023-12-01,36.119998931884766,DMRC
2024-01-01,35.41999816894531,DMRC
2024-02-01,35.060001373291016,DMRC
2024-03-01,27.18000030517578,DMRC
2024-04-01,21.139999389648438,DMRC
2024-05-01,26.84000015258789,DMRC
2024-06-01,31.010000228881836,DMRC
2024-07-01,31.989999771118164,DMRC
2024-08-01,28.690000534057617,DMRC
2024-09-01,26.8799991607666,DMRC
2024-10-01,30.979999542236328,DMRC
2024-11-01,33.88999938964844,DMRC
2024-12-01,37.45000076293945,DMRC
2025-01-01,36.66999816894531,DMRC
2025-02-01,16.350000381469727,DMRC
2025-03-01,12.819999694824219,DMRC
2025-04-01,13.09000015258789,DMRC
2025-05-01,13.079999923706055,DMRC
2025-06-01,13.210000038146973,DMRC
2025-07-01,11.9399995803833,DMRC
2025-08-01,8.65999984741211,DMRC
2025-09-01,9.770000457763672,DMRC
2025-10-01,9.729999542236328,DMRC
2025-11-01,8.010000228881836,DMRC
2025-12-01,6.559999942779541,DMRC
2026-01-01,6.130000114440918,DMRC
2017-01-01,,DOMO
2017-02-01,,DOMO
2017-03-01,,DOMO
2017-04-01,,DOMO
2017-05-01,,DOMO
2017-06-01,,DOMO
2017-07-01,,DOMO
2017-08-01,,DOMO
2017-09-01,,DOMO
2017-10-01,,DOMO
2017-11-01,,DOMO
2017-12-01,,DOMO
2018-01-01,,DOMO
2018-02-01,,DOMO
2018-03-01,,DOMO
2018-04-01,,DOMO
2018-05-01,,DOMO
2018-06-01,27.299999237060547,DOMO
2018-07-01,16.610000610351562,DOMO
2018-08-01,23.510000228881836,DOMO
2018-09-01,21.450000762939453,DOMO
2018-10-01,16.229999542236328,DOMO
2018-11-01,15.960000038146973,DOMO
2018-12-01,19.6299991607666,DOMO
2019-01-01,27.0,DOMO
2019-02-01,34.689998626708984,DOMO
2019-03-01,40.33000183105469,DOMO
2019-04-01,38.310001373291016,DOMO
2019-05-01,33.5,DOMO
2019-06-01,27.31999969482422,DOMO
2019-07-01,27.739999771118164,DOMO
2019-08-01,24.829999923706055,DOMO
2019-09-01,15.979999542236328,DOMO
2019-10-01,16.079999923706055,DOMO
2019-11-01,18.799999237060547,DOMO
2019-12-01,21.719999313354492,DOMO
2020-01-01,24.219999313354492,DOMO
2020-02-01,21.09000015258789,DOMO
2020-03-01,9.9399995803833,DOMO
2020-04-01,19.450000762939453,DOMO
2020-05-01,25.31999969482422,DOMO
2020-06-01,32.16999816894531,DOMO
2020-07-01,32.18000030517578,DOMO
2020-08-01,40.720001220703125,DOMO
2020-09-01,38.33000183105469,DOMO
2020-10-01,31.770000457763672,DOMO
2020-11-01,37.9900016784668,DOMO
2020-12-01,63.77000045776367,DOMO
2021-01-01,63.38999938964844,DOMO
2021-02-01,63.72999954223633,DOMO
2021-03-01,56.290000915527344,DOMO
2021-04-01,64.29000091552734,DOMO
2021-05-01,66.5,DOMO
2021-06-01,80.83000183105469,DOMO
2021-07-01,88.33000183105469,DOMO
2021-08-01,89.5,DOMO
2021-09-01,84.44000244140625,DOMO
2021-10-01,88.3499984741211,DOMO
2021-11-01,72.3499984741211,DOMO
2021-12-01,49.599998474121094,DOMO
2022-01-01,46.959999084472656,DOMO
2022-02-01,44.5,DOMO
2022-03-01,50.56999969482422,DOMO
2022-04-01,41.41999816894531,DOMO
2022-05-01,31.8799991607666,DOMO
2022-06-01,27.799999237060547,DOMO
2022-07-01,28.010000228881836,DOMO
2022-08-01,19.260000228881836,DOMO
2022-09-01,17.989999771118164,DOMO
2022-10-01,17.670000076293945,DOMO
2022-11-01,14.300000190734863,DOMO
2022-12-01,14.239999771118164,DOMO
2023-01-01,15.510000228881836,DOMO
2023-02-01,15.369999885559082,DOMO
2023-03-01,14.1899995803833,DOMO
2023-04-01,15.880000114440918,DOMO
2023-05-01,13.449999809265137,DOMO
2023-06-01,14.65999984741211,DOMO
2023-07-01,17.8700008392334,DOMO
2023-08-01,10.65999984741211,DOMO
2023-09-01,9.8100004196167,DOMO
2023-10-01,8.15999984741211,DOMO
2023-11-01,9.489999771118164,DOMO
2023-12-01,10.289999961853027,DOMO
2024-01-01,10.869999885559082,DOMO
2024-02-01,11.510000228881836,DOMO
2024-03-01,8.920000076293945,DOMO
2024-04-01,7.53000020980835,DOMO
2024-05-01,6.659999847412109,DOMO
2024-06-01,7.71999979019165,DOMO
2024-07-01,8.359999656677246,DOMO
2024-08-01,7.46999979019165,DOMO
2024-09-01,7.510000228881836,DOMO
2024-10-01,7.949999809265137,DOMO
2024-11-01,9.359999656677246,DOMO
2024-12-01,7.079999923706055,DOMO
2025-01-01,8.470000267028809,DOMO
2025-02-01,7.599999904632568,DOMO
2025-03-01,7.760000228881836,DOMO
2025-04-01,7.429999828338623,DOMO
2025-05-01,12.699999809265137,DOMO
2025-06-01,13.970000267028809,DOMO
2025-07-01,16.459999084472656,DOMO
2025-08-01,14.680000305175781,DOMO
2025-09-01,15.84000015258789,DOMO
2025-10-01,13.699999809265137,DOMO
2025-11-01,11.4399995803833,DOMO
2025-12-01,8.430000305175781,DOMO
2026-01-01,5.869999885559082,DOMO
2017-01-01,,DT
2017-02-01,,DT
2017-03-01,,DT
2017-04-01,,DT
2017-05-01,,DT
2017-06-01,,DT
2017-07-01,,DT
2017-08-01,,DT
2017-09-01,,DT
2017-10-01,,DT
2017-11-01,,DT
2017-12-01,,DT
2018-01-01,,DT
2018-02-01,,DT
2018-03-01,,DT
2018-04-01,,DT
2018-05-01,,DT
2018-06-01,,DT
2018-07-01,,DT
2018-08-01,,DT
2018-09-01,,DT
2018-10-01,,DT
2018-11-01,,DT
2018-12-01,,DT
2019-01-01,,DT
2019-02-01,,DT
2019-03-01,,DT
2019-04-01,,DT
2019-05-01,,DT
2019-06-01,,DT
2019-07-01,,DT
2019-08-01,22.979999542236328,DT
2019-09-01,18.670000076293945,DT
2019-10-01,20.229999542236328,DT
2019-11-01,26.56999969482422,DT
2019-12-01,25.299999237060547,DT
2020-01-01,31.309999465942383,DT
2020-02-01,32.29999923706055,DT
2020-03-01,23.84000015258789,DT
2020-04-01,29.850000381469727,DT
2020-05-01,38.470001220703125,DT
2020-06-01,40.599998474121094,DT
2020-07-01,41.83000183105469,DT
2020-08-01,44.22999954223633,DT
2020-09-01,41.02000045776367,DT
2020-10-01,35.310001373291016,DT
2020-11-01,38.02000045776367,DT
2020-12-01,43.27000045776367,DT
2021-01-01,41.5099983215332,DT
2021-02-01,49.7599983215332,DT
2021-03-01,48.2400016784668,DT
2021-04-01,52.040000915527344,DT
2021-05-01,51.7400016784668,DT
2021-06-01,58.41999816894531,DT
2021-07-01,63.869998931884766,DT
2021-08-01,68.7300033569336,DT
2021-09-01,70.97000122070312,DT
2021-10-01,75.0,DT
2021-11-01,62.849998474121094,DT
2021-12-01,60.349998474121094,DT
2022-01-01,54.86000061035156,DT
2022-02-01,44.41999816894531,DT
2022-03-01,47.099998474121094,DT
2022-04-01,38.36000061035156,DT
2022-05-01,37.66999816894531,DT
2022-06-01,39.439998626708984,DT
2022-07-01,37.630001068115234,DT
2022-08-01,38.18000030517578,DT
2022-09-01,34.810001373291016,DT
2022-10-01,35.2400016784668,DT
2022-11-01,38.75,DT
2022-12-01,38.29999923706055,DT
2023-01-01,38.43000030517578,DT
2023-02-01,42.529998779296875,DT
2023-03-01,42.29999923706055,DT
2023-04-01,42.279998779296875,DT
2023-05-01,50.9900016784668,DT
2023-06-01,51.470001220703125,DT
2023-07-01,54.689998626708984,DT
2023-08-01,48.20000076293945,DT
2023-09-01,46.72999954223633,DT
2023-10-01,44.709999084472656,DT
2023-11-01,53.54999923706055,DT
2023-12-01,54.689998626708984,DT
2024-01-01,57.0,DT
2024-02-01,49.54999923706055,DT
2024-03-01,46.439998626708984,DT
2024-04-01,45.310001373291016,DT
2024-05-01,45.72999954223633,DT
2024-06-01,44.7400016784668,DT
2024-07-01,43.91999816894531,DT
2024-08-01,50.619998931884766,DT
2024-09-01,53.470001220703125,DT
2024-10-01,53.79999923706055,DT
2024-11-01,56.189998626708984,DT
2024-12-01,54.349998474121094,DT
2025-01-01,57.75,DT
2025-02-01,57.25,DT
2025-03-01,47.150001525878906,DT
2025-04-01,46.970001220703125,DT
2025-05-01,54.0099983215332,DT
2025-06-01,55.209999084472656,DT
2025-07-01,52.61000061035156,DT
2025-08-01,50.599998474121094,DT
2025-09-01,48.45000076293945,DT
2025-10-01,50.56999969482422,DT
2025-11-01,44.560001373291016,DT
2025-12-01,43.34000015258789,DT
2026-01-01,38.09000015258789,DT
2017-01-01,50.83839797973633,DXC
2017-02-01,56.03666687011719,DXC
2017-03-01,56.5211067199707,DXC
2017-04-01,61.70555877685547,DXC
2017-05-01,63.49103927612305,DXC
2017-06-01,62.98469161987305,DXC
2017-07-01,64.34750366210938,DXC
2017-08-01,69.78231048583984,DXC
2017-09-01,70.65437316894531,DXC
2017-10-01,75.29447937011719,DXC
2017-11-01,79.09539031982422,DXC
2017-12-01,78.22628784179688,DXC
2018-01-01,82.05927276611328,DXC
2018-02-01,84.52394104003906,DXC
2018-03-01,83.0108642578125,DXC
2018-04-01,85.09996795654297,DXC
2018-05-01,76.05819702148438,DXC
2018-06-01,77.11982727050781,DXC
2018-07-01,81.07100677490234,DXC
2018-08-01,87.14606475830078,DXC
2018-09-01,89.65788269042969,DXC
2018-10-01,69.82231140136719,DXC
2018-11-01,60.43661880493164,DXC
2018-12-01,51.127197265625,DXC
2019-01-01,61.65650177001953,DXC
2019-02-01,63.32964324951172,DXC
2019-03-01,62.02212905883789,DXC
2019-04-01,63.40125274658203,DXC
2019-05-01,45.84873580932617,DXC
2019-06-01,53.42857360839844,DXC
2019-07-01,54.029212951660156,DXC
2019-08-01,32.18308639526367,DXC
2019-09-01,28.761011123657227,DXC
2019-10-01,26.976852416992188,DXC
2019-11-01,36.39487075805664,DXC
2019-12-01,36.86178207397461,DXC
2020-01-01,31.26239776611328,DXC
2020-02-01,23.642925262451172,DXC
2020-03-01,13.050000190734863,DXC
2020-04-01,18.1299991607666,DXC
2020-05-01,14.210000038146973,DXC
2020-06-01,16.5,DXC
2020-07-01,17.90999984741211,DXC
2020-08-01,19.979999542236328,DXC
2020-09-01,17.850000381469727,DXC
2020-10-01,18.420000076293945,DXC
2020-11-01,21.90999984741211,DXC
2020-12-01,25.75,DXC
2021-01-01,28.200000762939453,DXC
2021-02-01,25.219999313354492,DXC
2021-03-01,31.260000228881836,DXC
2021-04-01,32.90999984741211,DXC
2021-05-01,37.91999816894531,DXC
2021-06-01,38.939998626708984,DXC
2021-07-01,39.97999954223633,DXC
2021-08-01,36.720001220703125,DXC
2021-09-01,33.61000061035156,DXC
2021-10-01,32.56999969482422,DXC
2021-11-01,29.989999771118164,DXC
2021-12-01,32.189998626708984,DXC
2022-01-01,30.079999923706055,DXC
2022-02-01,34.029998779296875,DXC
2022-03-01,32.630001068115234,DXC
2022-04-01,28.700000762939453,DXC
2022-05-01,35.220001220703125,DXC
2022-06-01,30.309999465942383,DXC
2022-07-01,31.600000381469727,DXC
2022-08-01,24.780000686645508,DXC
2022-09-01,24.479999542236328,DXC
2022-10-01,28.75,DXC
2022-11-01,29.670000076293945,DXC
2022-12-01,26.5,DXC
2023-01-01,28.729999542236328,DXC
2023-02-01,27.739999771118164,DXC
2023-03-01,25.559999465942383,DXC
2023-04-01,23.850000381469727,DXC
2023-05-01,25.030000686645508,DXC
2023-06-01,26.719999313354492,DXC
2023-07-01,27.649999618530273,DXC
2023-08-01,20.739999771118164,DXC
2023-09-01,20.829999923706055,DXC
2023-10-01,20.170000076293945,DXC
2023-11-01,23.1299991607666,DXC
2023-12-01,22.8700008392334,DXC
2024-01-01,21.799999237060547,DXC
2024-02-01,21.860000610351562,DXC
2024-03-01,21.209999084472656,DXC
2024-04-01,19.489999771118164,DXC
2024-05-01,15.550000190734863,DXC
2024-06-01,19.09000015258789,DXC
2024-07-01,20.34000015258789,DXC
2024-08-01,20.670000076293945,DXC
2024-09-01,20.75,DXC
2024-10-01,19.860000610351562,DXC
2024-11-01,22.5,DXC
2024-12-01,19.979999542236328,DXC
2025-01-01,21.719999313354492,DXC
2025-02-01,18.3700008392334,DXC
2025-03-01,17.049999237060547,DXC
2025-04-01,15.520000457763672,DXC
2025-05-01,15.199999809265137,DXC
2025-06-01,15.289999961853027,DXC
2025-07-01,13.609999656677246,DXC
2025-08-01,14.449999809265137,DXC
2025-09-01,13.630000114440918,DXC
2025-10-01,14.199999809265137,DXC
2025-11-01,13.199999809265137,DXC
2025-12-01,14.649999618530273,DXC
2026-01-01,14.430000305175781,DXC
2017-01-01,2.299999952316284,EGAN
2017-02-01,1.7999999523162842,EGAN
2017-03-01,1.4500000476837158,EGAN
2017-04-01,1.5,EGAN
2017-05-01,1.5499999523162842,EGAN
2017-06-01,1.649999976158142,EGAN
2017-07-01,1.850000023841858,EGAN
2017-08-01,1.7000000476837158,EGAN
2017-09-01,2.700000047683716,EGAN
2017-10-01,3.299999952316284,EGAN
2017-11-01,3.549999952316284,EGAN
2017-12-01,5.25,EGAN
2018-01-01,5.050000190734863,EGAN
2018-02-01,7.75,EGAN
2018-03-01,7.949999809265137,EGAN
2018-04-01,8.649999618530273,EGAN
2018-05-01,12.800000190734863,EGAN
2018-06-01,15.100000381469727,EGAN
2018-07-01,13.0,EGAN
2018-08-01,14.300000190734863,EGAN
2018-09-01,8.100000381469727,EGAN
2018-10-01,7.46999979019165,EGAN
2018-11-01,7.429999828338623,EGAN
2018-12-01,6.570000171661377,EGAN
2019-01-01,7.159999847412109,EGAN
2019-02-01,11.34000015258789,EGAN
2019-03-01,10.449999809265137,EGAN
2019-04-01,9.989999771118164,EGAN
2019-05-01,7.880000114440918,EGAN
2019-06-01,8.140000343322754,EGAN
2019-07-01,7.739999771118164,EGAN
2019-08-01,7.179999828338623,EGAN
2019-09-01,8.010000228881836,EGAN
2019-10-01,7.53000020980835,EGAN
2019-11-01,7.630000114440918,EGAN
2019-12-01,7.920000076293945,EGAN
2020-01-01,7.199999809265137,EGAN
2020-02-01,8.079999923706055,EGAN
2020-03-01,7.329999923706055,EGAN
2020-04-01,8.300000190734863,EGAN
2020-05-01,10.40999984741211,EGAN
2020-06-01,11.109999656677246,EGAN
2020-07-01,9.90999984741211,EGAN
2020-08-01,13.380000114440918,EGAN
2020-09-01,14.170000076293945,EGAN
2020-10-01,15.850000381469727,EGAN
2020-11-01,11.34000015258789,EGAN
2020-12-01,11.8100004196167,EGAN
2021-01-01,11.0,EGAN
2021-02-01,11.619999885559082,EGAN
2021-03-01,9.489999771118164,EGAN
2021-04-01,9.829999923706055,EGAN
2021-05-01,10.039999961853027,EGAN
2021-06-01,11.479999542236328,EGAN
2021-07-01,11.670000076293945,EGAN
2021-08-01,11.779999732971191,EGAN
2021-09-01,10.199999809265137,EGAN
2021-10-01,10.319999694824219,EGAN
2021-11-01,10.5,EGAN
2021-12-01,9.979999542236328,EGAN
2022-01-01,10.329999923706055,EGAN
2022-02-01,11.789999961853027,EGAN
2022-03-01,11.579999923706055,EGAN
2022-04-01,10.350000381469727,EGAN
2022-05-01,9.130000114440918,EGAN
2022-06-01,9.75,EGAN
2022-07-01,8.859999656677246,EGAN
2022-08-01,9.210000038146973,EGAN
2022-09-01,7.349999904632568,EGAN
2022-10-01,8.050000190734863,EGAN
2022-11-01,8.800000190734863,EGAN
2022-12-01,9.029999732971191,EGAN
2023-01-01,9.720000267028809,EGAN
2023-02-01,7.809999942779541,EGAN
2023-03-01,7.590000152587891,EGAN
2023-04-01,7.340000152587891,EGAN
2023-05-01,7.25,EGAN
2023-06-01,7.489999771118164,EGAN
2023-07-01,7.369999885559082,EGAN
2023-08-01,6.659999847412109,EGAN
2023-09-01,6.130000114440918,EGAN
2023-10-01,6.019999980926514,EGAN
2023-11-01,7.619999885559082,EGAN
2023-12-01,8.329999923706055,EGAN
2024-01-01,7.5,EGAN
2024-02-01,6.130000114440918,EGAN
2024-03-01,6.449999809265137,EGAN
2024-04-01,6.210000038146973,EGAN
2024-05-01,6.170000076293945,EGAN
2024-06-01,6.309999942779541,EGAN
2024-07-01,7.25,EGAN
2024-08-01,7.170000076293945,EGAN
2024-09-01,5.099999904632568,EGAN
2024-10-01,4.920000076293945,EGAN
2024-11-01,5.329999923706055,EGAN
2024-12-01,6.230000019073486,EGAN
2025-01-01,6.099999904632568,EGAN
2025-02-01,4.900000095367432,EGAN
2025-03-01,4.849999904632568,EGAN
2025-04-01,5.139999866485596,EGAN
2025-05-01,5.389999866485596,EGAN
2025-06-01,6.25,EGAN
2025-07-01,6.179999828338623,EGAN
2025-08-01,6.289999961853027,EGAN
2025-09-01,8.710000038146973,EGAN
2025-10-01,14.420000076293945,EGAN
2025-11-01,10.420000076293945,EGAN
2025-12-01,10.289999961853027,EGAN
2026-01-01,10.270000457763672,EGAN
2017-01-01,15.850000381469727,EGHT
2017-02-01,15.100000381469727,EGHT
2017-03-01,15.25,EGHT
2017-04-01,14.550000190734863,EGHT
2017-05-01,13.649999618530273,EGHT
2017-06-01,14.550000190734863,EGHT
2017-07-01,12.699999809265137,EGHT
2017-08-01,14.149999618530273,EGHT
2017-09-01,13.5,EGHT
2017-10-01,13.350000381469727,EGHT
2017-11-01,14.100000381469727,EGHT
2017-12-01,14.100000381469727,EGHT
2018-01-01,17.700000762939453,EGHT
2018-02-01,18.25,EGHT
2018-03-01,18.649999618530273,EGHT
2018-04-01,20.25,EGHT
2018-05-01,18.700000762939453,EGHT
2018-06-01,20.049999237060547,EGHT
2018-07-01,19.950000762939453,EGHT
2018-08-01,22.700000762939453,EGHT
2018-09-01,21.25,EGHT
2018-10-01,17.190000534057617,EGHT
2018-11-01,19.709999084472656,EGHT
2018-12-01,18.040000915527344,EGHT
2019-01-01,17.610000610351562,EGHT
2019-02-01,19.670000076293945,EGHT
2019-03-01,20.200000762939453,EGHT
2019-04-01,23.920000076293945,EGHT
2019-05-01,24.1299991607666,EGHT
2019-06-01,24.100000381469727,EGHT
2019-07-01,24.170000076293945,EGHT
2019-08-01,24.309999465942383,EGHT
2019-09-01,20.719999313354492,EGHT
2019-10-01,19.31999969482422,EGHT
2019-11-01,20.520000457763672,EGHT
2019-12-01,18.299999237060547,EGHT
2020-01-01,18.6200008392334,EGHT
2020-02-01,18.5,EGHT
2020-03-01,13.859999656677246,EGHT
2020-04-01,16.959999084472656,EGHT
2020-05-01,14.539999961853027,EGHT
2020-06-01,16.0,EGHT
2020-07-01,15.899999618530273,EGHT
2020-08-01,16.8799991607666,EGHT
2020-09-01,15.550000190734863,EGHT
2020-10-01,17.280000686645508,EGHT
2020-11-01,19.770000457763672,EGHT
2020-12-01,34.470001220703125,EGHT
2021-01-01,35.25,EGHT
2021-02-01,34.209999084472656,EGHT
2021-03-01,32.439998626708984,EGHT
2021-04-01,32.88999938964844,EGHT
2021-05-01,23.549999237060547,EGHT
2021-06-01,27.760000228881836,EGHT
2021-07-01,25.559999465942383,EGHT
2021-08-01,24.149999618530273,EGHT
2021-09-01,23.389999389648438,EGHT
2021-10-01,22.65999984741211,EGHT
2021-11-01,21.549999237060547,EGHT
2021-12-01,16.760000228881836,EGHT
2022-01-01,15.350000381469727,EGHT
2022-02-01,12.960000038146973,EGHT
2022-03-01,12.59000015258789,EGHT
2022-04-01,9.170000076293945,EGHT
2022-05-01,7.25,EGHT
2022-06-01,5.150000095367432,EGHT
2022-07-01,4.889999866485596,EGHT
2022-08-01,5.210000038146973,EGHT
2022-09-01,3.450000047683716,EGHT
2022-10-01,4.230000019073486,EGHT
2022-11-01,4.28000020980835,EGHT
2022-12-01,4.320000171661377,EGHT
2023-01-01,4.710000038146973,EGHT
2023-02-01,5.320000171661377,EGHT
2023-03-01,4.170000076293945,EGHT
2023-04-01,2.869999885559082,EGHT
2023-05-01,4.079999923706055,EGHT
2023-06-01,4.230000019073486,EGHT
2023-07-01,4.739999771118164,EGHT
2023-08-01,3.25,EGHT
2023-09-01,2.5199999809265137,EGHT
2023-10-01,2.380000114440918,EGHT
2023-11-01,3.0899999141693115,EGHT
2023-12-01,3.7799999713897705,EGHT
2024-01-01,3.359999895095825,EGHT
2024-02-01,2.8299999237060547,EGHT
2024-03-01,2.700000047683716,EGHT
2024-04-01,2.2100000381469727,EGHT
2024-05-01,2.7300000190734863,EGHT
2024-06-01,2.2200000286102295,EGHT
2024-07-01,3.0799999237060547,EGHT
2024-08-01,1.8799999952316284,EGHT
2024-09-01,2.0399999618530273,EGHT
2024-10-01,2.2300000190734863,EGHT
2024-11-01,3.0999999046325684,EGHT
2024-12-01,2.6700000762939453,EGHT
2025-01-01,2.799999952316284,EGHT
2025-02-01,2.5,EGHT
2025-03-01,2.0,EGHT
2025-04-01,1.7699999809265137,EGHT
2025-05-01,1.6399999856948853,EGHT
2025-06-01,1.9600000381469727,EGHT
2025-07-01,1.940000057220459,EGHT
2025-08-01,1.9800000190734863,EGHT
2025-09-01,2.119999885559082,EGHT
2025-10-01,1.840000033378601,EGHT
2025-11-01,1.940000057220459,EGHT
2025-12-01,1.9700000286102295,EGHT
2026-01-01,1.659999966621399,EGHT
2017-01-01,64.36000061035156,EPAM
2017-02-01,73.62999725341797,EPAM
2017-03-01,75.5199966430664,EPAM
2017-04-01,77.0,EPAM
2017-05-01,83.87999725341797,EPAM
2017-06-01,84.08999633789062,EPAM
2017-07-01,85.93000030517578,EPAM
2017-08-01,81.33000183105469,EPAM
2017-09-01,87.93000030517578,EPAM
2017-10-01,91.1500015258789,EPAM
2017-11-01,101.44000244140625,EPAM
2017-12-01,107.43000030517578,EPAM
2018-01-01,117.4800033569336,EPAM
2018-02-01,113.12000274658203,EPAM
2018-03-01,114.5199966430664,EPAM
2018-04-01,114.3499984741211,EPAM
2018-05-01,123.18000030517578,EPAM
2018-06-01,124.33000183105469,EPAM
2018-07-01,130.2100067138672,EPAM
2018-08-01,142.92999267578125,EPAM
2018-09-01,137.6999969482422,EPAM
2018-10-01,119.47000122070312,EPAM
2018-11-01,130.25,EPAM
2018-12-01,116.01000213623047,EPAM
2019-01-01,141.47999572753906,EPAM
2019-02-01,161.77999877929688,EPAM
2019-03-01,169.1300048828125,EPAM
2019-04-01,179.36000061035156,EPAM
2019-05-01,172.58999633789062,EPAM
2019-06-01,173.10000610351562,EPAM
2019-07-01,193.7899932861328,EPAM
2019-08-01,191.3300018310547,EPAM
2019-09-01,182.32000732421875,EPAM
2019-10-01,175.9600067138672,EPAM
2019-11-01,211.85000610351562,EPAM
2019-12-01,212.16000366210938,EPAM
2020-01-01,228.13999938964844,EPAM
2020-02-01,223.1999969482422,EPAM
2020-03-01,185.66000366210938,EPAM
2020-04-01,220.88999938964844,EPAM
2020-05-01,230.63999938964844,EPAM
2020-06-01,252.00999450683594,EPAM
2020-07-01,290.0799865722656,EPAM
2020-08-01,327.1000061035156,EPAM
2020-09-01,323.2799987792969,EPAM
2020-10-01,308.95001220703125,EPAM
2020-11-01,322.3299865722656,EPAM
2020-12-01,358.3500061035156,EPAM
2021-01-01,344.42999267578125,EPAM
2021-02-01,373.6099853515625,EPAM
2021-03-01,396.69000244140625,EPAM
2021-04-01,457.75,EPAM
2021-05-01,477.6000061035156,EPAM
2021-06-01,510.9599914550781,EPAM
2021-07-01,559.7999877929688,EPAM
2021-08-01,632.8099975585938,EPAM
2021-09-01,570.47998046875,EPAM
2021-10-01,673.239990234375,EPAM
2021-11-01,608.5499877929688,EPAM
2021-12-01,668.4500122070312,EPAM
2022-01-01,476.1400146484375,EPAM
2022-02-01,207.75,EPAM
2022-03-01,296.6099853515625,EPAM
2022-04-01,264.989990234375,EPAM
2022-05-01,338.5199890136719,EPAM
2022-06-01,294.7799987792969,EPAM
2022-07-01,349.25,EPAM
2022-08-01,426.5,EPAM
2022-09-01,362.19000244140625,EPAM
2022-10-01,350.0,EPAM
2022-11-01,368.5799865722656,EPAM
2022-12-01,327.739990234375,EPAM
2023-01-01,332.6499938964844,EPAM
2023-02-01,307.6499938964844,EPAM
2023-03-01,299.0,EPAM
2023-04-01,282.44000244140625,EPAM
2023-05-01,256.6199951171875,EPAM
2023-06-01,224.75,EPAM
2023-07-01,236.80999755859375,EPAM
2023-08-01,258.989990234375,EPAM
2023-09-01,255.69000244140625,EPAM
2023-10-01,217.57000732421875,EPAM
2023-11-01,258.19000244140625,EPAM
2023-12-01,297.3399963378906,EPAM
2024-01-01,278.1099853515625,EPAM
2024-02-01,304.3999938964844,EPAM
2024-03-01,276.1600036621094,EPAM
2024-04-01,235.25999450683594,EPAM
2024-05-01,177.92999267578125,EPAM
2024-06-01,188.11000061035156,EPAM
2024-07-01,215.1300048828125,EPAM
2024-08-01,200.75999450683594,EPAM
2024-09-01,199.02999877929688,EPAM
2024-10-01,188.64999389648438,EPAM
2024-11-01,243.9199981689453,EPAM
2024-12-01,233.82000732421875,EPAM
2025-01-01,253.9600067138672,EPAM
2025-02-01,206.13999938964844,EPAM
2025-03-01,168.83999633789062,EPAM
2025-04-01,156.91000366210938,EPAM
2025-05-01,174.49000549316406,EPAM
2025-06-01,176.82000732421875,EPAM
2025-07-01,157.7100067138672,EPAM
2025-08-01,176.36000061035156,EPAM
2025-09-01,150.7899932861328,EPAM
2025-10-01,163.5399932861328,EPAM
2025-11-01,187.0,EPAM
2025-12-01,204.8800048828125,EPAM
2026-01-01,208.60000610351562,EPAM
2017-01-01,56.242225646972656,ESE
2017-02-01,52.376773834228516,ESE
2017-03-01,56.22333526611328,ESE
2017-04-01,56.949119567871094,ESE
2017-05-01,55.739479064941406,ESE
2017-06-01,57.80099105834961,ESE
2017-07-01,59.787452697753906,ESE
2017-08-01,52.762168884277344,ESE
2017-09-01,58.0916862487793,ESE
2017-10-01,56.228721618652344,ESE
2017-11-01,63.40892791748047,ESE
2017-12-01,58.46041488647461,ESE
2018-01-01,59.412567138671875,ESE
2018-02-01,57.22648620605469,ESE
2018-03-01,56.88642883300781,ESE
2018-04-01,54.3373908996582,ESE
2018-05-01,54.580623626708984,ESE
2018-06-01,56.13729476928711,ESE
2018-07-01,60.64706802368164,ESE
2018-08-01,65.90802001953125,ESE
2018-09-01,66.29769897460938,ESE
2018-10-01,59.714176177978516,ESE
2018-11-01,68.55131530761719,ESE
2018-12-01,64.32782745361328,ESE
2019-01-01,63.585609436035156,ESE
2019-02-01,67.5700912475586,ESE
2019-03-01,65.46064758300781,ESE
2019-04-01,73.32975006103516,ESE
2019-05-01,68.33354187011719,ESE
2019-06-01,80.78003692626953,ESE
2019-07-01,81.77778625488281,ESE
2019-08-01,74.50625610351562,ESE
2019-09-01,77.86308288574219,ESE
2019-10-01,82.77366638183594,ESE
2019-11-01,86.28091430664062,ESE
2019-12-01,90.69967651367188,ESE
2020-01-01,94.09232330322266,ESE
2020-02-01,89.15042114257812,ESE
2020-03-01,74.43255615234375,ESE
2020-04-01,74.8938980102539,ESE
2020-05-01,81.08761596679688,ESE
2020-06-01,82.97222137451172,ESE
2020-07-01,84.43616485595703,ESE
2020-08-01,88.34648132324219,ESE
2020-09-01,79.22850799560547,ESE
2020-10-01,82.30677795410156,ESE
2020-11-01,97.26539611816406,ESE
2020-12-01,101.59376525878906,ESE
2021-01-01,93.58201599121094,ESE
2021-02-01,104.00518035888672,ESE
2021-03-01,107.251708984375,ESE
2021-04-01,107.12366485595703,ESE
2021-05-01,93.2160873413086,ESE
2021-06-01,92.4781265258789,ESE
2021-07-01,93.03015899658203,ESE
2021-08-01,88.84051513671875,ESE
2021-09-01,75.98464965820312,ESE
2021-10-01,83.4449462890625,ESE
2021-11-01,80.66211700439453,ESE
2021-12-01,88.8033447265625,ESE
2022-01-01,78.79803466796875,ESE
2022-02-01,68.71369934082031,ESE
2022-03-01,69.05939483642578,ESE
2022-04-01,61.75198745727539,ESE
2022-05-01,65.0744400024414,ESE
2022-06-01,67.60582733154297,ESE
2022-07-01,76.77305603027344,ESE
2022-08-01,80.61418914794922,ESE
2022-09-01,72.7042465209961,ESE
2022-10-01,85.39972686767578,ESE
2022-11-01,93.1696548461914,ESE
2022-12-01,86.75749206542969,ESE
2023-01-01,97.64984130859375,ESE
2023-02-01,92.44197845458984,ESE
2023-03-01,94.76502990722656,ESE
2023-04-01,92.89852905273438,ESE
2023-05-01,89.35415649414062,ESE
2023-06-01,102.8863296508789,ESE
2023-07-01,99.90557098388672,ESE
2023-08-01,106.32417297363281,ESE
2023-09-01,103.7706527709961,ESE
2023-10-01,96.67095947265625,ESE
2023-11-01,104.38713836669922,ESE
2023-12-01,116.36908721923828,ESE
2024-01-01,101.3651123046875,ESE
2024-02-01,101.385009765625,ESE
2024-03-01,106.59993743896484,ESE
2024-04-01,101.02348327636719,ESE
2024-05-01,108.67118835449219,ESE
2024-06-01,104.598388671875,ESE
2024-07-01,122.53726959228516,ESE
2024-08-01,119.49777221679688,ESE
2024-09-01,128.53660583496094,ESE
2024-10-01,125.18675231933594,ESE
2024-11-01,147.99240112304688,ESE
2024-12-01,132.83517456054688,ESE
2025-01-01,132.44602966308594,ESE
2025-02-01,164.51486206054688,ESE
2025-03-01,158.767578125,ESE
2025-04-01,156.1822509765625,ESE
2025-05-01,180.92984008789062,ESE
2025-06-01,191.54165649414062,ESE
2025-07-01,193.44967651367188,ESE
2025-08-01,200.6503448486328,ESE
2025-09-01,210.837158203125,ESE
2025-10-01,219.26866149902344,ESE
2025-11-01,212.7146759033203,ESE
2025-12-01,195.2107391357422,ESE
2026-01-01,228.05404663085938,ESE
2017-01-01,,ESTC
2017-02-01,,ESTC
2017-03-01,,ESTC
2017-04-01,,ESTC
2017-05-01,,ESTC
2017-06-01,,ESTC
2017-07-01,,ESTC
2017-08-01,,ESTC
2017-09-01,,ESTC
2017-10-01,,ESTC
2017-11-01,,ESTC
2017-12-01,,ESTC
2018-01-01,,ESTC
2018-02-01,,ESTC
2018-03-01,,ESTC
2018-04-01,,ESTC
2018-05-01,,ESTC
2018-06-01,,ESTC
2018-07-01,,ESTC
2018-08-01,,ESTC
2018-09-01,,ESTC
2018-10-01,68.0,ESTC
2018-11-01,71.44999694824219,ESTC
2018-12-01,71.4800033569336,ESTC
2019-01-01,85.0,ESTC
2019-02-01,90.55999755859375,ESTC
2019-03-01,79.87000274658203,ESTC
2019-04-01,85.55000305175781,ESTC
2019-05-01,82.05000305175781,ESTC
2019-06-01,74.66000366210938,ESTC
2019-07-01,98.83000183105469,ESTC
2019-08-01,87.88999938964844,ESTC
2019-09-01,82.33999633789062,ESTC
2019-10-01,72.01000213623047,ESTC
2019-11-01,79.41000366210938,ESTC
2019-12-01,64.30000305175781,ESTC
2020-01-01,64.87999725341797,ESTC
2020-02-01,73.86000061035156,ESTC
2020-03-01,55.810001373291016,ESTC
2020-04-01,64.13999938964844,ESTC
2020-05-01,85.91999816894531,ESTC
2020-06-01,92.20999908447266,ESTC
2020-07-01,96.19000244140625,ESTC
2020-08-01,108.58000183105469,ESTC
2020-09-01,107.88999938964844,ESTC
2020-10-01,101.41000366210938,ESTC
2020-11-01,123.80000305175781,ESTC
2020-12-01,146.1300048828125,ESTC
2021-01-01,151.9600067138672,ESTC
2021-02-01,134.38999938964844,ESTC
2021-03-01,111.19999694824219,ESTC
2021-04-01,120.62000274658203,ESTC
2021-05-01,118.20999908447266,ESTC
2021-06-01,145.75999450683594,ESTC
2021-07-01,148.05999755859375,ESTC
2021-08-01,159.5500030517578,ESTC
2021-09-01,148.99000549316406,ESTC
2021-10-01,173.50999450683594,ESTC
2021-11-01,155.4600067138672,ESTC
2021-12-01,123.08999633789062,ESTC
2022-01-01,93.25,ESTC
2022-02-01,86.6500015258789,ESTC
2022-03-01,88.94999694824219,ESTC
2022-04-01,76.13999938964844,ESTC
2022-05-01,61.650001525878906,ESTC
2022-06-01,67.66999816894531,ESTC
2022-07-01,79.88999938964844,ESTC
2022-08-01,83.91000366210938,ESTC
2022-09-01,71.73999786376953,ESTC
2022-10-01,63.95000076293945,ESTC
2022-11-01,61.189998626708984,ESTC
2022-12-01,51.5,ESTC
2023-01-01,58.84000015258789,ESTC
2023-02-01,59.02000045776367,ESTC
2023-03-01,57.900001525878906,ESTC
2023-04-01,57.25,ESTC
2023-05-01,72.81999969482422,ESTC
2023-06-01,64.12000274658203,ESTC
2023-07-01,66.44999694824219,ESTC
2023-08-01,61.880001068115234,ESTC
2023-09-01,81.23999786376953,ESTC
2023-10-01,75.04000091552734,ESTC
2023-11-01,80.36000061035156,ESTC
2023-12-01,112.69999694824219,ESTC
2024-01-01,117.05999755859375,ESTC
2024-02-01,133.80999755859375,ESTC
2024-03-01,100.23999786376953,ESTC
2024-04-01,102.22000122070312,ESTC
2024-05-01,104.05000305175781,ESTC
2024-06-01,113.91000366210938,ESTC
2024-07-01,109.66999816894531,ESTC
2024-08-01,76.19000244140625,ESTC
2024-09-01,76.76000213623047,ESTC
2024-10-01,80.2300033569336,ESTC
2024-11-01,109.45999908447266,ESTC
2024-12-01,99.08000183105469,ESTC
2025-01-01,112.58000183105469,ESTC
2025-02-01,116.36000061035156,ESTC
2025-03-01,89.0999984741211,ESTC
2025-04-01,86.19999694824219,ESTC
2025-05-01,80.87000274658203,ESTC
2025-06-01,84.33000183105469,ESTC
2025-07-01,83.69999694824219,ESTC
2025-08-01,85.05999755859375,ESTC
2025-09-01,84.48999786376953,ESTC
2025-10-01,89.22000122070312,ESTC
2025-11-01,70.52999877929688,ESTC
2025-12-01,75.44000244140625,ESTC
2026-01-01,65.93000030517578,ESTC
2017-01-01,,EVER
2017-02-01,,EVER
2017-03-01,,EVER
2017-04-01,,EVER
2017-05-01,,EVER
2017-06-01,,EVER
2017-07-01,,EVER
2017-08-01,,EVER
2017-09-01,,EVER
2017-10-01,,EVER
2017-11-01,,EVER
2017-12-01,,EVER
2018-01-01,,EVER
2018-02-01,,EVER
2018-03-01,,EVER
2018-04-01,,EVER
2018-05-01,,EVER
2018-06-01,18.1200008392334,EVER
2018-07-01,15.029999732971191,EVER
2018-08-01,13.25,EVER
2018-09-01,14.859999656677246,EVER
2018-10-01,12.869999885559082,EVER
2018-11-01,6.170000076293945,EVER
2018-12-01,4.179999828338623,EVER
2019-01-01,5.599999904632568,EVER
2019-02-01,7.639999866485596,EVER
2019-03-01,7.440000057220459,EVER
2019-04-01,8.989999771118164,EVER
2019-05-01,11.34000015258789,EVER
2019-06-01,13.0,EVER
2019-07-01,14.869999885559082,EVER
2019-08-01,22.389999389648438,EVER
2019-09-01,21.34000015258789,EVER
2019-10-01,20.299999237060547,EVER
2019-11-01,35.209999084472656,EVER
2019-12-01,34.349998474121094,EVER
2020-01-01,36.689998626708984,EVER
2020-02-01,40.619998931884766,EVER
2020-03-01,26.25,EVER
2020-04-01,38.970001220703125,EVER
2020-05-01,53.91999816894531,EVER
2020-06-01,58.15999984741211,EVER
2020-07-01,54.45000076293945,EVER
2020-08-01,35.5,EVER
2020-09-01,38.63999938964844,EVER
2020-10-01,33.4900016784668,EVER
2020-11-01,37.65999984741211,EVER
2020-12-01,37.349998474121094,EVER
2021-01-01,45.060001373291016,EVER
2021-02-01,48.97999954223633,EVER
2021-03-01,36.290000915527344,EVER
2021-04-01,33.869998931884766,EVER
2021-05-01,31.530000686645508,EVER
2021-06-01,32.68000030517578,EVER
2021-07-01,30.18000030517578,EVER
2021-08-01,19.690000534057617,EVER
2021-09-01,18.6299991607666,EVER
2021-10-01,13.789999961853027,EVER
2021-11-01,13.180000305175781,EVER
2021-12-01,15.65999984741211,EVER
2022-01-01,16.459999084472656,EVER
2022-02-01,14.880000114440918,EVER
2022-03-01,16.18000030517578,EVER
2022-04-01,13.880000114440918,EVER
2022-05-01,8.949999809265137,EVER
2022-06-01,8.84000015258789,EVER
2022-07-01,10.449999809265137,EVER
2022-08-01,8.649999618530273,EVER
2022-09-01,6.820000171661377,EVER
2022-10-01,6.090000152587891,EVER
2022-11-01,10.800000190734863,EVER
2022-12-01,14.739999771118164,EVER
2023-01-01,15.600000381469727,EVER
2023-02-01,13.649999618530273,EVER
2023-03-01,13.899999618530273,EVER
2023-04-01,6.96999979019165,EVER
2023-05-01,9.109999656677246,EVER
2023-06-01,6.5,EVER
2023-07-01,7.079999923706055,EVER
2023-08-01,6.179999828338623,EVER
2023-09-01,7.230000019073486,EVER
2023-10-01,8.59000015258789,EVER
2023-11-01,10.479999542236328,EVER
2023-12-01,12.239999771118164,EVER
2024-01-01,12.630000114440918,EVER
2024-02-01,16.020000457763672,EVER
2024-03-01,18.559999465942383,EVER
2024-04-01,20.170000076293945,EVER
2024-05-01,23.889999389648438,EVER
2024-06-01,20.860000610351562,EVER
2024-07-01,26.09000015258789,EVER
2024-08-01,24.700000762939453,EVER
2024-09-01,21.09000015258789,EVER
2024-10-01,17.979999542236328,EVER
2024-11-01,19.190000534057617,EVER
2024-12-01,19.989999771118164,EVER
2025-01-01,20.200000762939453,EVER
2025-02-01,26.8799991607666,EVER
2025-03-01,26.190000534057617,EVER
2025-04-01,23.739999771118164,EVER
2025-05-01,23.049999237060547,EVER
2025-06-01,24.18000030517578,EVER
2025-07-01,24.59000015258789,EVER
2025-08-01,23.25,EVER
2025-09-01,22.8700008392334,EVER
2025-10-01,21.540000915527344,EVER
2025-11-01,26.389999389648438,EVER
2025-12-01,27.0,EVER
2026-01-01,22.700000762939453,EVER
2017-01-01,15.970378875732422,EVTC
2017-02-01,15.87401008605957,EVTC
2017-03-01,14.979033470153809,EVTC
2017-04-01,14.931929588317871,EVTC
2017-05-01,15.649665832519531,EVTC
2017-06-01,16.40843963623047,EVTC
2017-07-01,16.930097579956055,EVTC
2017-08-01,17.54458236694336,EVTC
2017-09-01,15.113128662109375,EVTC
2017-10-01,14.302641868591309,EVTC
2017-11-01,13.25378131866455,EVTC
2017-12-01,13.015403747558594,EVTC
2018-01-01,14.92242431640625,EVTC
2018-02-01,15.446858406066895,EVTC
2018-03-01,15.589882850646973,EVTC
2018-04-01,17.401548385620117,EVTC
2018-05-01,20.786514282226562,EVTC
2018-06-01,20.834186553955078,EVTC
2018-07-01,22.216772079467773,EVTC
2018-08-01,22.97957992553711,EVTC
2018-09-01,23.027360916137695,EVTC
2018-10-01,24.919233322143555,EVTC
2018-11-01,26.162445068359375,EVTC
2018-12-01,27.47391700744629,EVTC
2019-01-01,26.487916946411133,EVTC
2019-02-01,27.44408416748047,EVTC
2019-03-01,26.66736602783203,EVTC
2019-04-01,30.023557662963867,EVTC
2019-05-01,27.528770446777344,EVTC
2019-06-01,31.409311294555664,EVTC
2019-07-01,30.756149291992188,EVTC
2019-08-01,33.53089904785156,EVTC
2019-09-01,30.029680252075195,EVTC
2019-10-01,29.42369842529297,EVTC
2019-11-01,31.2349796295166,EVTC
2019-12-01,32.79575729370117,EVTC
2020-01-01,32.34294128417969,EVTC
2020-02-01,28.595136642456055,EVTC
2020-03-01,21.93450164794922,EVTC
2020-04-01,24.453163146972656,EVTC
2020-05-01,28.156431198120117,EVTC
2020-06-01,27.170183181762695,EVTC
2020-07-01,30.070507049560547,EVTC
2020-08-01,33.91527557373047,EVTC
2020-09-01,33.61505126953125,EVTC
2020-10-01,32.27696228027344,EVTC
2020-11-01,36.04972839355469,EVTC
2020-12-01,38.134918212890625,EVTC
2021-01-01,33.65416717529297,EVTC
2021-02-01,37.777645111083984,EVTC
2021-03-01,36.146114349365234,EVTC
2021-04-01,38.79475402832031,EVTC
2021-05-01,42.324195861816406,EVTC
2021-06-01,42.44086837768555,EVTC
2021-07-01,42.53864669799805,EVTC
2021-08-01,45.020870208740234,EVTC
2021-09-01,44.50495147705078,EVTC
2021-10-01,44.05797576904297,EVTC
2021-11-01,40.92003631591797,EVTC
2021-12-01,48.70643615722656,EVTC
2022-01-01,42.527992248535156,EVTC
2022-02-01,39.37944412231445,EVTC
2022-03-01,39.935585021972656,EVTC
2022-04-01,38.49190902709961,EVTC
2022-05-01,37.06555938720703,EVTC
2022-06-01,36.02998352050781,EVTC
2022-07-01,38.09135437011719,EVTC
2022-08-01,32.8670539855957,EVTC
2022-09-01,30.666133880615234,EVTC
2022-10-01,35.07759094238281,EVTC
2022-11-01,33.07931900024414,EVTC
2022-12-01,31.717741012573242,EVTC
2023-01-01,36.184471130371094,EVTC
2023-02-01,36.10626220703125,EVTC
2023-03-01,33.104759216308594,EVTC
2023-04-01,34.07651901245117,EVTC
2023-05-01,33.870235443115234,EVTC
2023-06-01,36.178680419921875,EVTC
2023-07-01,38.683040618896484,EVTC
2023-08-01,38.919090270996094,EVTC
2023-09-01,36.56840515136719,EVTC
2023-10-01,31.30274772644043,EVTC
2023-11-01,36.41480255126953,EVTC
2023-12-01,40.32518005371094,EVTC
2024-01-01,39.55690383911133,EVTC
2024-02-01,35.63065719604492,EVTC
2024-03-01,39.34856033325195,EVTC
2024-04-01,37.05973434448242,EVTC
2024-05-01,34.53181838989258,EVTC
2024-06-01,32.83336639404297,EVTC
2024-07-01,34.08689498901367,EVTC
2024-08-01,33.86933898925781,EVTC
2024-09-01,33.513343811035156,EVTC
2024-10-01,32.4455680847168,EVTC
2024-11-01,35.65447235107422,EVTC
2024-12-01,34.198585510253906,EVTC
2025-01-01,32.158363342285156,EVTC
2025-02-01,36.98161315917969,EVTC
2025-03-01,36.46591567993164,EVTC
2025-04-01,33.65931701660156,EVTC
2025-05-01,35.97957229614258,EVTC
2025-06-01,35.800811767578125,EVTC
2025-07-01,35.90012741088867,EVTC
2025-08-01,35.48442840576172,EVTC
2025-09-01,33.594844818115234,EVTC
2025-10-01,28.313949584960938,EVTC
2025-11-01,28.741592407226562,EVTC
2025-12-01,28.930551528930664,EVTC
2026-01-01,29.845508575439453,EVTC
2017-01-01,5.53000020980835,EXTR
2017-02-01,6.25,EXTR
2017-03-01,7.510000228881836,EXTR
2017-04-01,7.820000171661377,EXTR
2017-05-01,9.630000114440918,EXTR
2017-06-01,9.220000267028809,EXTR
2017-07-01,8.789999961853027,EXTR
2017-08-01,11.430000305175781,EXTR
2017-09-01,11.890000343322754,EXTR
2017-10-01,12.0,EXTR
2017-11-01,12.850000381469727,EXTR
2017-12-01,12.520000457763672,EXTR
2018-01-01,15.029999732971191,EXTR
2018-02-01,11.40999984741211,EXTR
2018-03-01,11.069999694824219,EXTR
2018-04-01,10.699999809265137,EXTR
2018-05-01,8.609999656677246,EXTR
2018-06-01,7.960000038146973,EXTR
2018-07-01,8.5,EXTR
2018-08-01,6.269999980926514,EXTR
2018-09-01,5.480000019073486,EXTR
2018-10-01,5.550000190734863,EXTR
2018-11-01,6.579999923706055,EXTR
2018-12-01,6.099999904632568,EXTR
2019-01-01,7.559999942779541,EXTR
2019-02-01,8.220000267028809,EXTR
2019-03-01,7.489999771118164,EXTR
2019-04-01,8.0,EXTR
2019-05-01,5.630000114440918,EXTR
2019-06-01,6.46999979019165,EXTR
2019-07-01,8.140000343322754,EXTR
2019-08-01,6.679999828338623,EXTR
2019-09-01,7.28000020980835,EXTR
2019-10-01,6.440000057220459,EXTR
2019-11-01,7.03000020980835,EXTR
2019-12-01,7.369999885559082,EXTR
2020-01-01,5.900000095367432,EXTR
2020-02-01,5.03000020980835,EXTR
2020-03-01,3.0899999141693115,EXTR
2020-04-01,3.4000000953674316,EXTR
2020-05-01,3.299999952316284,EXTR
2020-06-01,4.340000152587891,EXTR
2020-07-01,4.550000190734863,EXTR
2020-08-01,4.369999885559082,EXTR
2020-09-01,4.019999980926514,EXTR
2020-10-01,4.059999942779541,EXTR
2020-11-01,5.619999885559082,EXTR
2020-12-01,6.889999866485596,EXTR
2021-01-01,8.09000015258789,EXTR
2021-02-01,9.170000076293945,EXTR
2021-03-01,8.75,EXTR
2021-04-01,11.380000114440918,EXTR
2021-05-01,11.4399995803833,EXTR
2021-06-01,11.15999984741211,EXTR
2021-07-01,11.010000228881836,EXTR
2021-08-01,10.829999923706055,EXTR
2021-09-01,9.850000381469727,EXTR
2021-10-01,9.829999923706055,EXTR
2021-11-01,13.5,EXTR
2021-12-01,15.699999809265137,EXTR
2022-01-01,12.6899995803833,EXTR
2022-02-01,11.489999771118164,EXTR
2022-03-01,12.210000038146973,EXTR
2022-04-01,9.600000381469727,EXTR
2022-05-01,9.920000076293945,EXTR
2022-06-01,8.920000076293945,EXTR
2022-07-01,13.079999923706055,EXTR
2022-08-01,14.329999923706055,EXTR
2022-09-01,13.069999694824219,EXTR
2022-10-01,17.940000534057617,EXTR
2022-11-01,20.969999313354492,EXTR
2022-12-01,18.309999465942383,EXTR
2023-01-01,18.030000686645508,EXTR
2023-02-01,18.719999313354492,EXTR
2023-03-01,19.1200008392334,EXTR
2023-04-01,17.780000686645508,EXTR
2023-05-01,20.600000381469727,EXTR
2023-06-01,26.049999237060547,EXTR
2023-07-01,26.59000015258789,EXTR
2023-08-01,27.450000762939453,EXTR
2023-09-01,24.209999084472656,EXTR
2023-10-01,20.6200008392334,EXTR
2023-11-01,16.139999389648438,EXTR
2023-12-01,17.639999389648438,EXTR
2024-01-01,13.510000228881836,EXTR
2024-02-01,12.640000343322754,EXTR
2024-03-01,11.539999961853027,EXTR
2024-04-01,11.199999809265137,EXTR
2024-05-01,11.149999618530273,EXTR
2024-06-01,13.449999809265137,EXTR
2024-07-01,14.300000190734863,EXTR
2024-08-01,15.75,EXTR
2024-09-01,15.029999732971191,EXTR
2024-10-01,14.930000305175781,EXTR
2024-11-01,16.600000381469727,EXTR
2024-12-01,16.739999771118164,EXTR
2025-01-01,15.8100004196167,EXTR
2025-02-01,15.449999809265137,EXTR
2025-03-01,13.229999542236328,EXTR
2025-04-01,13.15999984741211,EXTR
2025-05-01,15.670000076293945,EXTR
2025-06-01,17.950000762939453,EXTR
2025-07-01,17.65999984741211,EXTR
2025-08-01,21.3799991607666,EXTR
2025-09-01,20.649999618530273,EXTR
2025-10-01,19.020000457763672,EXTR
2025-11-01,17.5,EXTR
2025-12-01,16.649999618530273,EXTR
2026-01-01,14.579999923706055,EXTR
2017-01-01,156.3029327392578,FDS
2017-02-01,161.126953125,FDS
2017-03-01,149.36170959472656,FDS
2017-04-01,147.86729431152344,FDS
2017-05-01,150.58706665039062,FDS
2017-06-01,151.03237915039062,FDS
2017-07-01,151.97760009765625,FDS
2017-08-01,143.3634490966797,FDS
2017-09-01,164.27792358398438,FDS
2017-10-01,173.17991638183594,FDS
2017-11-01,182.8244171142578,FDS
2017-12-01,176.3119354248047,FDS
2018-01-01,183.56532287597656,FDS
2018-02-01,186.34840393066406,FDS
2018-03-01,182.8998565673828,FDS
2018-04-01,173.44395446777344,FDS
2018-05-01,184.9485321044922,FDS
2018-06-01,182.27108764648438,FDS
2018-07-01,185.2705841064453,FDS
2018-08-01,211.65745544433594,FDS
2018-09-01,206.4165496826172,FDS
2018-10-01,206.46267700195312,FDS
2018-11-01,216.95327758789062,FDS
2018-12-01,185.16290283203125,FDS
2019-01-01,202.2793731689453,FDS
2019-02-01,218.18533325195312,FDS
2019-03-01,230.3391876220703,FDS
2019-04-01,255.9457550048828,FDS
2019-05-01,258.7776794433594,FDS
2019-06-01,266.5541076660156,FDS
2019-07-01,257.9405212402344,FDS
2019-08-01,253.75640869140625,FDS
2019-09-01,226.59848022460938,FDS
2019-10-01,236.4376220703125,FDS
2019-11-01,242.82180786132812,FDS
2019-12-01,250.91116333007812,FDS
2020-01-01,267.5668640136719,FDS
2020-02-01,249.3701934814453,FDS
2020-03-01,244.3919677734375,FDS
2020-04-01,257.8172302246094,FDS
2020-05-01,289.03594970703125,FDS
2020-06-01,308.7367248535156,FDS
2020-07-01,325.49554443359375,FDS
2020-08-01,330.06732177734375,FDS
2020-09-01,315.4479064941406,FDS
2020-10-01,288.7147216796875,FDS
2020-11-01,315.1458740234375,FDS
2020-12-01,313.95611572265625,FDS
2021-01-01,285.4781799316406,FDS
2021-02-01,287.6967468261719,FDS
2021-03-01,292.12701416015625,FDS
2021-04-01,318.2830810546875,FDS
2021-05-01,317.3071594238281,FDS
2021-06-01,318.49334716796875,FDS
2021-07-01,339.05816650390625,FDS
2021-08-01,361.6156005859375,FDS
2021-09-01,375.4631652832031,FDS
2021-10-01,422.170166015625,FDS
2021-11-01,446.4410400390625,FDS
2021-12-01,463.0574645996094,FDS
2022-01-01,401.9655456542969,FDS
2022-02-01,387.7211608886719,FDS
2022-03-01,414.5118408203125,FDS
2022-04-01,385.23876953125,FDS
2022-05-01,365.3691101074219,FDS
2022-06-01,368.0391845703125,FDS
2022-07-01,411.2100830078125,FDS
2022-08-01,415.5507507324219,FDS
2022-09-01,383.68487548828125,FDS
2022-10-01,408.02294921875,FDS
2022-11-01,443.2253723144531,FDS
2022-12-01,385.4981689453125,FDS
2023-01-01,406.37725830078125,FDS
2023-02-01,399.1587829589844,FDS
2023-03-01,399.6787414550781,FDS
2023-04-01,396.405029296875,FDS
2023-05-01,371.53741455078125,FDS
2023-06-01,386.7505798339844,FDS
2023-07-01,419.9475402832031,FDS
2023-08-01,422.2305603027344,FDS
2023-09-01,423.05291748046875,FDS
2023-10-01,417.857421875,FDS
2023-11-01,439.67034912109375,FDS
2023-12-01,462.54296875,FDS
2024-01-01,461.4473571777344,FDS
2024-02-01,449.46734619140625,FDS
2024-03-01,441.50958251953125,FDS
2024-04-01,405.0725402832031,FDS
2024-05-01,393.80810546875,FDS
2024-06-01,397.7144470214844,FDS
2024-07-01,402.4097900390625,FDS
2024-08-01,412.9360046386719,FDS
2024-09-01,449.07916259765625,FDS
2024-10-01,443.4247741699219,FDS
2024-11-01,480.19757080078125,FDS
2024-12-01,470.0292663574219,FDS
2025-01-01,464.28460693359375,FDS
2025-02-01,452.9208679199219,FDS
2025-03-01,445.9565124511719,FDS
2025-04-01,423.9646911621094,FDS
2025-05-01,450.5718994140625,FDS
2025-06-01,439.7760925292969,FDS
2025-07-01,396.1406555175781,FDS
2025-08-01,368.13458251953125,FDS
2025-09-01,282.5105895996094,FDS
2025-10-01,263.0941162109375,FDS
2025-11-01,274.5071716308594,FDS
2025-12-01,287.2984619140625,FDS
2026-01-01,251.82546997070312,FDS
2017-01-01,134.02999877929688,FFIV
2017-02-01,143.27000427246094,FFIV
2017-03-01,142.57000732421875,FFIV
2017-04-01,129.1300048828125,FFIV
2017-05-01,128.1300048828125,FFIV
2017-06-01,127.05999755859375,FFIV
2017-07-01,120.75,FFIV
2017-08-01,119.37999725341797,FFIV
2017-09-01,120.55999755859375,FFIV
2017-10-01,121.2699966430664,FFIV
2017-11-01,134.1999969482422,FFIV
2017-12-01,131.22000122070312,FFIV
2018-01-01,144.5399932861328,FFIV
2018-02-01,148.52000427246094,FFIV
2018-03-01,144.61000061035156,FFIV
2018-04-01,163.08999633789062,FFIV
2018-05-01,173.11000061035156,FFIV
2018-06-01,172.4499969482422,FFIV
2018-07-01,171.3800048828125,FFIV
2018-08-01,189.1199951171875,FFIV
2018-09-01,199.4199981689453,FFIV
2018-10-01,175.27999877929688,FFIV
2018-11-01,171.97000122070312,FFIV
2018-12-01,162.02999877929688,FFIV
2019-01-01,160.9499969482422,FFIV
2019-02-01,168.13999938964844,FFIV
2019-03-01,156.92999267578125,FFIV
2019-04-01,156.89999389648438,FFIV
2019-05-01,132.0800018310547,FFIV
2019-06-01,145.6300048828125,FFIV
2019-07-01,146.72000122070312,FFIV
2019-08-01,128.72999572753906,FFIV
2019-09-01,140.4199981689453,FFIV
2019-10-01,144.0800018310547,FFIV
2019-11-01,145.7100067138672,FFIV
2019-12-01,139.64999389648438,FFIV
2020-01-01,122.12000274658203,FFIV
2020-02-01,119.94999694824219,FFIV
2020-03-01,106.62999725341797,FFIV
2020-04-01,139.25999450683594,FFIV
2020-05-01,144.9199981689453,FFIV
2020-06-01,139.47999572753906,FFIV
2020-07-01,135.89999389648438,FFIV
2020-08-01,132.3300018310547,FFIV
2020-09-01,122.7699966430664,FFIV
2020-10-01,132.94000244140625,FFIV
2020-11-01,162.80999755859375,FFIV
2020-12-01,175.94000244140625,FFIV
2021-01-01,195.9499969482422,FFIV
2021-02-01,189.97999572753906,FFIV
2021-03-01,208.6199951171875,FFIV
2021-04-01,186.75999450683594,FFIV
2021-05-01,185.42999267578125,FFIV
2021-06-01,186.66000366210938,FFIV
2021-07-01,206.50999450683594,FFIV
2021-08-01,203.57000732421875,FFIV
2021-09-01,198.77999877929688,FFIV
2021-10-01,211.14999389648438,FFIV
2021-11-01,227.5800018310547,FFIV
2021-12-01,244.7100067138672,FFIV
2022-01-01,207.6199951171875,FFIV
2022-02-01,200.85000610351562,FFIV
2022-03-01,208.9499969482422,FFIV
2022-04-01,167.41000366210938,FFIV
2022-05-01,163.0399932861328,FFIV
2022-06-01,153.0399932861328,FFIV
2022-07-01,167.36000061035156,FFIV
2022-08-01,157.05999755859375,FFIV
2022-09-01,144.72999572753906,FFIV
2022-10-01,142.91000366210938,FFIV
2022-11-01,154.61000061035156,FFIV
2022-12-01,143.50999450683594,FFIV
2023-01-01,147.66000366210938,FFIV
2023-02-01,142.97999572753906,FFIV
2023-03-01,145.69000244140625,FFIV
2023-04-01,134.36000061035156,FFIV
2023-05-01,147.5800018310547,FFIV
2023-06-01,146.25999450683594,FFIV
2023-07-01,158.24000549316406,FFIV
2023-08-01,163.66000366210938,FFIV
2023-09-01,161.13999938964844,FFIV
2023-10-01,151.58999633789062,FFIV
2023-11-01,171.19000244140625,FFIV
2023-12-01,178.97999572753906,FFIV
2024-01-01,183.6999969482422,FFIV
2024-02-01,187.22000122070312,FFIV
2024-03-01,189.58999633789062,FFIV
2024-04-01,165.30999755859375,FFIV
2024-05-01,168.97000122070312,FFIV
2024-06-01,172.22999572753906,FFIV
2024-07-01,203.63999938964844,FFIV
2024-08-01,203.14999389648438,FFIV
2024-09-01,220.1999969482422,FFIV
2024-10-01,233.8800048828125,FFIV
2024-11-01,250.35000610351562,FFIV
2024-12-01,251.47000122070312,FFIV
2025-01-01,297.260009765625,FFIV
2025-02-01,292.42999267578125,FFIV
2025-03-01,266.2699890136719,FFIV
2025-04-01,264.739990234375,FFIV
2025-05-01,285.3800048828125,FFIV
2025-06-01,294.32000732421875,FFIV
2025-07-01,313.4200134277344,FFIV
2025-08-01,313.1400146484375,FFIV
2025-09-01,323.19000244140625,FFIV
2025-10-01,253.0500030517578,FFIV
2025-11-01,239.16000366210938,FFIV
2025-12-01,255.25999450683594,FFIV
2026-01-01,275.6099853515625,FFIV
2017-01-01,12.449999809265137,FORM
2017-02-01,10.649999618530273,FORM
2017-03-01,11.850000381469727,FORM
2017-04-01,11.100000381469727,FORM
2017-05-01,14.699999809265137,FORM
2017-06-01,12.399999618530273,FORM
2017-07-01,13.100000381469727,FORM
2017-08-01,15.100000381469727,FORM
2017-09-01,16.850000381469727,FORM
2017-10-01,18.200000762939453,FORM
2017-11-01,16.399999618530273,FORM
2017-12-01,15.649999618530273,FORM
2018-01-01,14.350000381469727,FORM
2018-02-01,13.100000381469727,FORM
2018-03-01,13.649999618530273,FORM
2018-04-01,11.479999542236328,FORM
2018-05-01,13.550000190734863,FORM
2018-06-01,13.300000190734863,FORM
2018-07-01,12.949999809265137,FORM
2018-08-01,15.449999809265137,FORM
2018-09-01,13.75,FORM
2018-10-01,12.239999771118164,FORM
2018-11-01,16.489999771118164,FORM
2018-12-01,14.09000015258789,FORM
2019-01-01,15.020000457763672,FORM
2019-02-01,15.850000381469727,FORM
2019-03-01,16.09000015258789,FORM
2019-04-01,18.950000762939453,FORM
2019-05-01,14.359999656677246,FORM
2019-06-01,15.670000076293945,FORM
2019-07-01,16.780000686645508,FORM
2019-08-01,17.09000015258789,FORM
2019-09-01,18.649999618530273,FORM
2019-10-01,21.829999923706055,FORM
2019-11-01,23.139999389648438,FORM
2019-12-01,25.969999313354492,FORM
2020-01-01,25.309999465942383,FORM
2020-02-01,22.3700008392334,FORM
2020-03-01,20.09000015258789,FORM
2020-04-01,23.299999237060547,FORM
2020-05-01,25.170000076293945,FORM
2020-06-01,29.329999923706055,FORM
2020-07-01,28.84000015258789,FORM
2020-08-01,26.1299991607666,FORM
2020-09-01,24.93000030517578,FORM
2020-10-01,28.350000381469727,FORM
2020-11-01,41.0,FORM
2020-12-01,43.02000045776367,FORM
2021-01-01,40.869998931884766,FORM
2021-02-01,45.369998931884766,FORM
2021-03-01,45.11000061035156,FORM
2021-04-01,39.150001525878906,FORM
2021-05-01,35.25,FORM
2021-06-01,36.459999084472656,FORM
2021-07-01,37.2599983215332,FORM
2021-08-01,38.880001068115234,FORM
2021-09-01,37.33000183105469,FORM
2021-10-01,39.779998779296875,FORM
2021-11-01,41.91999816894531,FORM
2021-12-01,45.720001220703125,FORM
2022-01-01,42.7400016784668,FORM
2022-02-01,40.4900016784668,FORM
2022-03-01,42.029998779296875,FORM
2022-04-01,38.11000061035156,FORM
2022-05-01,41.060001373291016,FORM
2022-06-01,38.72999954223633,FORM
2022-07-01,35.560001373291016,FORM
2022-08-01,29.280000686645508,FORM
2022-09-01,25.049999237060547,FORM
2022-10-01,20.209999084472656,FORM
2022-11-01,23.06999969482422,FORM
2022-12-01,22.229999542236328,FORM
2023-01-01,28.139999389648438,FORM
2023-02-01,30.100000381469727,FORM
2023-03-01,31.850000381469727,FORM
2023-04-01,27.309999465942383,FORM
2023-05-01,31.290000915527344,FORM
2023-06-01,34.220001220703125,FORM
2023-07-01,37.15999984741211,FORM
2023-08-01,35.31999969482422,FORM
2023-09-01,34.939998626708984,FORM
2023-10-01,33.880001068115234,FORM
2023-11-01,37.58000183105469,FORM
2023-12-01,41.709999084472656,FORM
2024-01-01,38.77000045776367,FORM
2024-02-01,43.029998779296875,FORM
2024-03-01,45.630001068115234,FORM
2024-04-01,44.59000015258789,FORM
2024-05-01,54.720001220703125,FORM
2024-06-01,60.529998779296875,FORM
2024-07-01,53.560001373291016,FORM
2024-08-01,48.77000045776367,FORM
2024-09-01,46.0,FORM
2024-10-01,37.97999954223633,FORM
2024-11-01,40.060001373291016,FORM
2024-12-01,44.0,FORM
2025-01-01,40.04999923706055,FORM
2025-02-01,33.29999923706055,FORM
2025-03-01,28.290000915527344,FORM
2025-04-01,28.139999389648438,FORM
2025-05-01,29.850000381469727,FORM
2025-06-01,34.40999984741211,FORM
2025-07-01,28.40999984741211,FORM
2025-08-01,29.190000534057617,FORM
2025-09-01,36.41999816894531,FORM
2025-10-01,54.95000076293945,FORM
2025-11-01,55.02000045776367,FORM
2025-12-01,55.779998779296875,FORM
2026-01-01,70.48999786376953,FORM
2017-01-01,,FSLY
2017-02-01,,FSLY
2017-03-01,,FSLY
2017-04-01,,FSLY
2017-05-01,,FSLY
2017-06-01,,FSLY
2017-07-01,,FSLY
2017-08-01,,FSLY
2017-09-01,,FSLY
2017-10-01,,FSLY
2017-11-01,,FSLY
2017-12-01,,FSLY
2018-01-01,,FSLY
2018-02-01,,FSLY
2018-03-01,,FSLY
2018-04-01,,FSLY
2018-05-01,,FSLY
2018-06-01,,FSLY
2018-07-01,,FSLY
2018-08-01,,FSLY
2018-09-01,,FSLY
2018-10-01,,FSLY
2018-11-01,,FSLY
2018-12-01,,FSLY
2019-01-01,,FSLY
2019-02-01,,FSLY
2019-03-01,,FSLY
2019-04-01,,FSLY
2019-05-01,20.799999237060547,FSLY
2019-06-01,20.280000686645508,FSLY
2019-07-01,21.700000762939453,FSLY
2019-08-01,31.600000381469727,FSLY
2019-09-01,24.0,FSLY
2019-10-01,20.020000457763672,FSLY
2019-11-01,20.40999984741211,FSLY
2019-12-01,20.06999969482422,FSLY
2020-01-01,22.510000228881836,FSLY
2020-02-01,19.799999237060547,FSLY
2020-03-01,18.979999542236328,FSLY
2020-04-01,21.649999618530273,FSLY
2020-05-01,43.13999938964844,FSLY
2020-06-01,85.12999725341797,FSLY
2020-07-01,96.48999786376953,FSLY
2020-08-01,92.83999633789062,FSLY
2020-09-01,93.68000030517578,FSLY
2020-10-01,63.5099983215332,FSLY
2020-11-01,84.7699966430664,FSLY
2020-12-01,87.37000274658203,FSLY
2021-01-01,109.3499984741211,FSLY
2021-02-01,73.58000183105469,FSLY
2021-03-01,67.27999877929688,FSLY
2021-04-01,63.869998931884766,FSLY
2021-05-01,47.189998626708984,FSLY
2021-06-01,59.599998474121094,FSLY
2021-07-01,48.06999969482422,FSLY
2021-08-01,43.599998474121094,FSLY
2021-09-01,40.439998626708984,FSLY
2021-10-01,50.61000061035156,FSLY
2021-11-01,40.7599983215332,FSLY
2021-12-01,35.45000076293945,FSLY
2022-01-01,28.65999984741211,FSLY
2022-02-01,18.600000381469727,FSLY
2022-03-01,17.3799991607666,FSLY
2022-04-01,15.899999618530273,FSLY
2022-05-01,13.050000190734863,FSLY
2022-06-01,11.609999656677246,FSLY
2022-07-01,11.369999885559082,FSLY
2022-08-01,9.350000381469727,FSLY
2022-09-01,9.15999984741211,FSLY
2022-10-01,8.489999771118164,FSLY
2022-11-01,9.65999984741211,FSLY
2022-12-01,8.1899995803833,FSLY
2023-01-01,10.350000381469727,FSLY
2023-02-01,13.890000343322754,FSLY
2023-03-01,17.760000228881836,FSLY
2023-04-01,14.779999732971191,FSLY
2023-05-01,16.280000686645508,FSLY
2023-06-01,15.770000457763672,FSLY
2023-07-01,18.3700008392334,FSLY
2023-08-01,23.790000915527344,FSLY
2023-09-01,19.170000076293945,FSLY
2023-10-01,14.670000076293945,FSLY
2023-11-01,16.610000610351562,FSLY
2023-12-01,17.799999237060547,FSLY
2024-01-01,20.1200008392334,FSLY
2024-02-01,14.220000267028809,FSLY
2024-03-01,12.970000267028809,FSLY
2024-04-01,12.649999618530273,FSLY
2024-05-01,7.840000152587891,FSLY
2024-06-01,7.369999885559082,FSLY
2024-07-01,8.100000381469727,FSLY
2024-08-01,6.019999980926514,FSLY
2024-09-01,7.570000171661377,FSLY
2024-10-01,7.230000019073486,FSLY
2024-11-01,8.479999542236328,FSLY
2024-12-01,9.4399995803833,FSLY
2025-01-01,10.470000267028809,FSLY
2025-02-01,6.809999942779541,FSLY
2025-03-01,6.329999923706055,FSLY
2025-04-01,5.75,FSLY
2025-05-01,7.28000020980835,FSLY
2025-06-01,7.059999942779541,FSLY
2025-07-01,6.789999961853027,FSLY
2025-08-01,7.610000133514404,FSLY
2025-09-01,8.550000190734863,FSLY
2025-10-01,8.289999961853027,FSLY
2025-11-01,11.65999984741211,FSLY
2025-12-01,10.180000305175781,FSLY
2026-01-01,9.25,FSLY
2017-01-01,13.261558532714844,GEN
2017-02-01,13.788605690002441,GEN
2017-03-01,14.806947708129883,GEN
2017-04-01,15.265435218811035,GEN
2017-05-01,14.628377914428711,GEN
2017-06-01,13.668245315551758,GEN
2017-07-01,14.993945121765137,GEN
2017-08-01,14.543815612792969,GEN
2017-09-01,15.916701316833496,GEN
2017-10-01,15.766319274902344,GEN
2017-11-01,14.091218948364258,GEN
2017-12-01,13.648590087890625,GEN
2018-01-01,13.244871139526367,GEN
2018-02-01,12.823243141174316,GEN
2018-03-01,12.608631134033203,GEN
2018-04-01,13.554883003234863,GEN
2018-05-01,10.135679244995117,GEN
2018-06-01,10.107462882995605,GEN
2018-07-01,9.896990776062012,GEN
2018-08-01,9.905899047851562,GEN
2018-09-01,10.45622730255127,GEN
2018-10-01,8.918259620666504,GEN
2018-11-01,10.8991117477417,GEN
2018-12-01,9.316744804382324,GEN
2019-01-01,10.361796379089355,GEN
2019-02-01,11.122608184814453,GEN
2019-03-01,11.369890213012695,GEN
2019-04-01,11.973248481750488,GEN
2019-05-01,9.263073921203613,GEN
2019-06-01,10.804342269897461,GEN
2019-07-01,10.705036163330078,GEN
2019-08-01,11.581076622009277,GEN
2019-09-01,11.770357131958008,GEN
2019-10-01,11.396775245666504,GEN
2019-11-01,12.466382026672363,GEN
2019-12-01,12.776789665222168,GEN
2020-01-01,14.2286958694458,GEN
2020-02-01,16.59013557434082,GEN
2020-03-01,16.311159133911133,GEN
2020-04-01,18.542936325073242,GEN
2020-05-01,19.85934066772461,GEN
2020-06-01,17.386484146118164,GEN
2020-07-01,18.806865692138672,GEN
2020-08-01,20.736230850219727,GEN
2020-09-01,18.37343406677246,GEN
2020-10-01,18.135385513305664,GEN
2020-11-01,16.180679321289062,GEN
2020-12-01,18.444019317626953,GEN
2021-01-01,18.701414108276367,GEN
2021-02-01,17.42127799987793,GEN
2021-03-01,18.983924865722656,GEN
2021-04-01,19.296457290649414,GEN
2021-05-01,24.698749542236328,GEN
2021-06-01,24.413190841674805,GEN
2021-07-01,22.260669708251953,GEN
2021-08-01,23.937089920043945,GEN
2021-09-01,22.80152130126953,GEN
2021-10-01,22.93670654296875,GEN
2021-11-01,22.509502410888672,GEN
2021-12-01,23.53307342529297,GEN
2022-01-01,23.560253143310547,GEN
2022-02-01,26.3674373626709,GEN
2022-03-01,24.129213333129883,GEN
2022-04-01,22.782634735107422,GEN
2022-05-01,22.145734786987305,GEN
2022-06-01,20.082130432128906,GEN
2022-07-01,22.43235969543457,GEN
2022-08-01,20.76746940612793,GEN
2022-09-01,18.515132904052734,GEN
2022-10-01,20.712312698364258,GEN
2022-11-01,21.225799560546875,GEN
2022-12-01,19.811363220214844,GEN
2023-01-01,21.27202796936035,GEN
2023-02-01,18.14171028137207,GEN
2023-03-01,15.956523895263672,GEN
2023-04-01,16.430755615234375,GEN
2023-05-01,16.437334060668945,GEN
2023-06-01,17.383838653564453,GEN
2023-07-01,18.227262496948242,GEN
2023-08-01,19.095361709594727,GEN
2023-09-01,16.671905517578125,GEN
2023-10-01,15.710062026977539,GEN
2023-11-01,20.949384689331055,GEN
2023-12-01,21.6514949798584,GEN
2024-01-01,22.277700424194336,GEN
2024-02-01,20.50984764099121,GEN
2024-03-01,21.378345489501953,GEN
2024-04-01,19.22142219543457,GEN
2024-05-01,23.81466293334961,GEN
2024-06-01,23.95853042602539,GEN
2024-07-01,24.92723274230957,GEN
2024-08-01,25.504169464111328,GEN
2024-09-01,26.439130783081055,GEN
2024-10-01,28.058443069458008,GEN
2024-11-01,29.861778259277344,GEN
2024-12-01,26.5029354095459,GEN
2025-01-01,26.047988891601562,GEN
2025-02-01,26.57308006286621,GEN
2025-03-01,25.804962158203125,GEN
2025-04-01,25.15351676940918,GEN
2025-05-01,27.811901092529297,GEN
2025-06-01,28.710317611694336,GEN
2025-07-01,28.798208236694336,GEN
2025-08-01,29.609161376953125,GEN
2025-09-01,27.834571838378906,GEN
2025-10-01,25.844287872314453,GEN
2025-11-01,25.97570037841797,GEN
2025-12-01,26.78343963623047,GEN
2026-01-01,23.631290435791016,GEN
2017-01-01,52.33000183105469,GWRE
2017-02-01,54.63999938964844,GWRE
2017-03-01,56.33000183105469,GWRE
2017-04-01,61.4900016784668,GWRE
2017-05-01,66.41999816894531,GWRE
2017-06-01,68.70999908447266,GWRE
2017-07-01,72.16000366210938,GWRE
2017-08-01,75.70999908447266,GWRE
2017-09-01,77.86000061035156,GWRE
2017-10-01,79.9800033569336,GWRE
2017-11-01,74.38999938964844,GWRE
2017-12-01,74.26000213623047,GWRE
2018-01-01,79.44999694824219,GWRE
2018-02-01,80.31999969482422,GWRE
2018-03-01,80.83000183105469,GWRE
2018-04-01,84.62000274658203,GWRE
2018-05-01,92.83999633789062,GWRE
2018-06-01,88.77999877929688,GWRE
2018-07-01,86.19999694824219,GWRE
2018-08-01,100.56999969482422,GWRE
2018-09-01,101.01000213623047,GWRE
2018-10-01,88.97000122070312,GWRE
2018-11-01,92.95999908447266,GWRE
2018-12-01,80.2300033569336,GWRE
2019-01-01,86.68000030517578,GWRE
2019-02-01,91.73999786376953,GWRE
2019-03-01,97.16000366210938,GWRE
2019-04-01,106.5,GWRE
2019-05-01,100.5199966430664,GWRE
2019-06-01,101.37999725341797,GWRE
2019-07-01,102.08000183105469,GWRE
2019-08-01,96.18000030517578,GWRE
2019-09-01,105.37999725341797,GWRE
2019-10-01,112.73999786376953,GWRE
2019-11-01,121.83000183105469,GWRE
2019-12-01,109.7699966430664,GWRE
2020-01-01,112.5,GWRE
2020-02-01,109.61000061035156,GWRE
2020-03-01,79.30999755859375,GWRE
2020-04-01,90.83999633789062,GWRE
2020-05-01,102.58000183105469,GWRE
2020-06-01,110.8499984741211,GWRE
2020-07-01,117.66000366210938,GWRE
2020-08-01,112.30999755859375,GWRE
2020-09-01,104.2699966430664,GWRE
2020-10-01,96.11000061035156,GWRE
2020-11-01,122.4800033569336,GWRE
2020-12-01,128.72999572753906,GWRE
2021-01-01,114.73999786376953,GWRE
2021-02-01,110.98999786376953,GWRE
2021-03-01,101.62999725341797,GWRE
2021-04-01,105.51000213623047,GWRE
2021-05-01,97.73999786376953,GWRE
2021-06-01,112.72000122070312,GWRE
2021-07-01,115.19999694824219,GWRE
2021-08-01,118.45999908447266,GWRE
2021-09-01,118.87000274658203,GWRE
2021-10-01,125.7300033569336,GWRE
2021-11-01,116.33999633789062,GWRE
2021-12-01,113.52999877929688,GWRE
2022-01-01,100.83999633789062,GWRE
2022-02-01,88.1500015258789,GWRE
2022-03-01,94.62000274658203,GWRE
2022-04-01,86.94000244140625,GWRE
2022-05-01,79.94000244140625,GWRE
2022-06-01,70.98999786376953,GWRE
2022-07-01,77.72000122070312,GWRE
2022-08-01,71.70999908447266,GWRE
2022-09-01,61.58000183105469,GWRE
2022-10-01,59.40999984741211,GWRE
2022-11-01,59.310001373291016,GWRE
2022-12-01,62.560001373291016,GWRE
2023-01-01,73.23999786376953,GWRE
2023-02-01,70.20999908447266,GWRE
2023-03-01,82.05000305175781,GWRE
2023-04-01,76.19000244140625,GWRE
2023-05-01,82.9800033569336,GWRE
2023-06-01,76.08000183105469,GWRE
2023-07-01,84.81999969482422,GWRE
2023-08-01,86.43000030517578,GWRE
2023-09-01,90.0,GWRE
2023-10-01,90.12999725341797,GWRE
2023-11-01,99.94000244140625,GWRE
2023-12-01,109.04000091552734,GWRE
2024-01-01,111.68000030517578,GWRE
2024-02-01,119.33999633789062,GWRE
2024-03-01,116.70999908447266,GWRE
2024-04-01,110.4000015258789,GWRE
2024-05-01,113.91999816894531,GWRE
2024-06-01,137.88999938964844,GWRE
2024-07-01,150.07000732421875,GWRE
2024-08-01,148.77000427246094,GWRE
2024-09-01,182.94000244140625,GWRE
2024-10-01,186.25999450683594,GWRE
2024-11-01,202.88999938964844,GWRE
2024-12-01,168.5800018310547,GWRE
2025-01-01,211.27000427246094,GWRE
2025-02-01,201.32000732421875,GWRE
2025-03-01,187.36000061035156,GWRE
2025-04-01,204.77000427246094,GWRE
2025-05-01,215.02000427246094,GWRE
2025-06-01,235.4499969482422,GWRE
2025-07-01,226.22000122070312,GWRE
2025-08-01,217.02000427246094,GWRE
2025-09-01,229.86000061035156,GWRE
2025-10-01,233.63999938964844,GWRE
2025-11-01,215.97999572753906,GWRE
2025-12-01,201.00999450683594,GWRE
2026-01-01,140.75999450683594,GWRE
2017-01-01,,HCAT
2017-02-01,,HCAT
2017-03-01,,HCAT
2017-04-01,,HCAT
2017-05-01,,HCAT
2017-06-01,,HCAT
2017-07-01,,HCAT
2017-08-01,,HCAT
2017-09-01,,HCAT
2017-10-01,,HCAT
2017-11-01,,HCAT
2017-12-01,,HCAT
2018-01-01,,HCAT
2018-02-01,,HCAT
2018-03-01,,HCAT
2018-04-01,,HCAT
2018-05-01,,HCAT
2018-06-01,,HCAT
2018-07-01,,HCAT
2018-08-01,,HCAT
2018-09-01,,HCAT
2018-10-01,,HCAT
2018-11-01,,HCAT
2018-12-01,,HCAT
2019-01-01,,HCAT
2019-02-01,,HCAT
2019-03-01,,HCAT
2019-04-01,,HCAT
2019-05-01,,HCAT
2019-06-01,,HCAT
2019-07-01,44.25,HCAT
2019-08-01,39.86000061035156,HCAT
2019-09-01,31.639999389648438,HCAT
2019-10-01,32.15999984741211,HCAT
2019-11-01,39.72999954223633,HCAT
2019-12-01,34.70000076293945,HCAT
2020-01-01,32.650001525878906,HCAT
2020-02-01,30.3799991607666,HCAT
2020-03-01,26.149999618530273,HCAT
2020-04-01,26.670000076293945,HCAT
2020-05-01,27.139999389648438,HCAT
2020-06-01,29.170000076293945,HCAT
2020-07-01,34.900001525878906,HCAT
2020-08-01,31.18000030517578,HCAT
2020-09-01,36.599998474121094,HCAT
2020-10-01,34.47999954223633,HCAT
2020-11-01,35.650001525878906,HCAT
2020-12-01,43.529998779296875,HCAT
2021-01-01,49.68000030517578,HCAT
2021-02-01,48.4900016784668,HCAT
2021-03-01,46.77000045776367,HCAT
2021-04-01,57.900001525878906,HCAT
2021-05-01,53.689998626708984,HCAT
2021-06-01,55.5099983215332,HCAT
2021-07-01,58.060001373291016,HCAT
2021-08-01,54.61000061035156,HCAT
2021-09-01,50.0099983215332,HCAT
2021-10-01,52.63999938964844,HCAT
2021-11-01,43.38999938964844,HCAT
2021-12-01,39.619998931884766,HCAT
2022-01-01,29.850000381469727,HCAT
2022-02-01,27.1200008392334,HCAT
2022-03-01,26.1299991607666,HCAT
2022-04-01,16.639999389648438,HCAT
2022-05-01,14.649999618530273,HCAT
2022-06-01,14.489999771118164,HCAT
2022-07-01,16.739999771118164,HCAT
2022-08-01,12.0,HCAT
2022-09-01,9.699999809265137,HCAT
2022-10-01,8.819999694824219,HCAT
2022-11-01,10.479999542236328,HCAT
2022-12-01,10.630000114440918,HCAT
2023-01-01,13.899999618530273,HCAT
2023-02-01,13.960000038146973,HCAT
2023-03-01,11.670000076293945,HCAT
2023-04-01,12.600000381469727,HCAT
2023-05-01,11.260000228881836,HCAT
2023-06-01,12.5,HCAT
2023-07-01,14.029999732971191,HCAT
2023-08-01,11.6899995803833,HCAT
2023-09-01,10.119999885559082,HCAT
2023-10-01,7.489999771118164,HCAT
2023-11-01,7.179999828338623,HCAT
2023-12-01,9.260000228881836,HCAT
2024-01-01,9.770000457763672,HCAT
2024-02-01,8.319999694824219,HCAT
2024-03-01,7.53000020980835,HCAT
2024-04-01,6.21999979019165,HCAT
2024-05-01,6.630000114440918,HCAT
2024-06-01,6.389999866485596,HCAT
2024-07-01,7.369999885559082,HCAT
2024-08-01,7.190000057220459,HCAT
2024-09-01,8.140000343322754,HCAT
2024-10-01,7.769999980926514,HCAT
2024-11-01,8.829999923706055,HCAT
2024-12-01,7.070000171661377,HCAT
2025-01-01,5.630000114440918,HCAT
2025-02-01,4.670000076293945,HCAT
2025-03-01,4.53000020980835,HCAT
2025-04-01,3.950000047683716,HCAT
2025-05-01,3.799999952316284,HCAT
2025-06-01,3.7699999809265137,HCAT
2025-07-01,3.6500000953674316,HCAT
2025-08-01,3.390000104904175,HCAT
2025-09-01,2.8499999046325684,HCAT
2025-10-01,3.2300000190734863,HCAT
2025-11-01,2.990000009536743,HCAT
2025-12-01,2.390000104904175,HCAT
2026-01-01,2.1500000953674316,HCAT
2017-01-01,21.65512466430664,HSTM
2017-02-01,23.07931137084961,HSTM
2017-03-01,22.852949142456055,HSTM
2017-04-01,26.21062469482422,HSTM
2017-05-01,26.286083221435547,HSTM
2017-06-01,24.824167251586914,HSTM
2017-07-01,22.277620315551758,HSTM
2017-08-01,22.155004501342773,HSTM
2017-09-01,22.04182243347168,HSTM
2017-10-01,23.06987762451172,HSTM
2017-11-01,22.428524017333984,HSTM
2017-12-01,21.84375762939453,HSTM
2018-01-01,22.183300018310547,HSTM
2018-02-01,22.786924362182617,HSTM
2018-03-01,24.41497230529785,HSTM
2018-04-01,22.802387237548828,HSTM
2018-05-01,27.384489059448242,HSTM
2018-06-01,26.853519439697266,HSTM
2018-07-01,27.610647201538086,HSTM
2018-08-01,31.19963836669922,HSTM
2018-09-01,30.491674423217773,HSTM
2018-10-01,25.870235443115234,HSTM
2018-11-01,24.228147506713867,HSTM
2018-12-01,23.746337890625,HSTM
2019-01-01,24.739452362060547,HSTM
2019-02-01,27.335329055786133,HSTM
2019-03-01,27.59098243713379,HSTM
2019-04-01,25.742406845092773,HSTM
2019-05-01,24.58213233947754,HSTM
2019-06-01,25.427757263183594,HSTM
2019-07-01,27.767974853515625,HSTM
2019-08-01,24.84761619567871,HSTM
2019-09-01,25.45725440979004,HSTM
2019-10-01,27.59098243713379,HSTM
2019-11-01,28.643098831176758,HSTM
2019-12-01,26.745357513427734,HSTM
2020-01-01,25.122940063476562,HSTM
2020-02-01,23.91349220275879,HSTM
2020-03-01,23.5496826171875,HSTM
2020-04-01,22.448402404785156,HSTM
2020-05-01,22.399242401123047,HSTM
2020-06-01,21.76010513305664,HSTM
2020-07-01,21.59294319152832,HSTM
2020-08-01,20.37366485595703,HSTM
2020-09-01,19.734535217285156,HSTM
2020-10-01,17.994117736816406,HSTM
2020-11-01,18.367767333984375,HSTM
2020-12-01,21.474950790405273,HSTM
2021-01-01,22.89087677001953,HSTM
2021-02-01,22.910539627075195,HSTM
2021-03-01,21.966588973999023,HSTM
2021-04-01,23.756168365478516,HSTM
2021-05-01,25.742406845092773,HSTM
2021-06-01,27.472986221313477,HSTM
2021-07-01,28.72176170349121,HSTM
2021-08-01,29.882034301757812,HSTM
2021-09-01,28.1022891998291,HSTM
2021-10-01,26.165218353271484,HSTM
2021-11-01,22.831880569458008,HSTM
2021-12-01,25.91939926147461,HSTM
2022-01-01,23.9429931640625,HSTM
2022-02-01,20.147512435913086,HSTM
2022-03-01,19.587039947509766,HSTM
2022-04-01,18.780746459960938,HSTM
2022-05-01,20.029523849487305,HSTM
2022-06-01,21.347124099731445,HSTM
2022-07-01,23.657840728759766,HSTM
2022-08-01,21.76010513305664,HSTM
2022-09-01,20.904647827148438,HSTM
2022-10-01,24.287141799926758,HSTM
2022-11-01,24.97544288635254,HSTM
2022-12-01,24.424808502197266,HSTM
2023-01-01,23.775840759277344,HSTM
2023-02-01,25.221261978149414,HSTM
2023-03-01,26.647029876708984,HSTM
2023-04-01,24.250219345092773,HSTM
2023-05-01,22.65584373474121,HSTM
2023-06-01,24.196741104125977,HSTM
2023-07-01,22.147504806518555,HSTM
2023-08-01,20.718950271606445,HSTM
2023-09-01,21.285024642944336,HSTM
2023-10-01,25.052810668945312,HSTM
2023-11-01,24.65827751159668,HSTM
2023-12-01,26.686311721801758,HSTM
2024-01-01,26.281524658203125,HSTM
2024-02-01,26.933134078979492,HSTM
2024-03-01,26.348596572875977,HSTM
2024-04-01,25.468990325927734,HSTM
2024-05-01,26.999223709106445,HSTM
2024-06-01,27.602725982666016,HSTM
2024-07-01,29.393436431884766,HSTM
2024-08-01,28.758108139038086,HSTM
2024-09-01,28.560049057006836,HSTM
2024-10-01,28.956165313720703,HSTM
2024-11-01,32.81001663208008,HSTM
2024-12-01,31.521408081054688,HSTM
2025-01-01,32.36396026611328,HSTM
2025-02-01,33.47414779663086,HSTM
2025-03-01,31.928226470947266,HSTM
2025-04-01,33.36688232421875,HSTM
2025-05-01,27.831056594848633,HSTM
2025-06-01,27.483415603637695,HSTM
2025-07-01,25.983598709106445,HSTM
2025-08-01,27.923330307006836,HSTM
2025-09-01,28.082433700561523,HSTM
2025-10-01,24.462745666503906,HSTM
2025-11-01,25.041399002075195,HSTM
2025-12-01,22.970382690429688,HSTM
2026-01-01,22.19375228881836,HSTM
2017-01-01,15.4399995803833,ICHR
2017-02-01,18.790000915527344,ICHR
2017-03-01,19.829999923706055,ICHR
2017-04-01,19.399999618530273,ICHR
2017-05-01,23.479999542236328,ICHR
2017-06-01,20.15999984741211,ICHR
2017-07-01,22.979999542236328,ICHR
2017-08-01,22.8799991607666,ICHR
2017-09-01,26.799999237060547,ICHR
2017-10-01,31.190000534057617,ICHR
2017-11-01,28.40999984741211,ICHR
2017-12-01,24.600000381469727,ICHR
2018-01-01,31.920000076293945,ICHR
2018-02-01,25.84000015258789,ICHR
2018-03-01,24.209999084472656,ICHR
2018-04-01,22.100000381469727,ICHR
2018-05-01,24.8799991607666,ICHR
2018-06-01,21.219999313354492,ICHR
2018-07-01,21.0,ICHR
2018-08-01,25.93000030517578,ICHR
2018-09-01,20.420000076293945,ICHR
2018-10-01,17.75,ICHR
2018-11-01,18.200000762939453,ICHR
2018-12-01,16.299999237060547,ICHR
2019-01-01,20.56999969482422,ICHR
2019-02-01,20.969999313354492,ICHR
2019-03-01,22.579999923706055,ICHR
2019-04-01,25.18000030517578,ICHR
2019-05-01,21.100000381469727,ICHR
2019-06-01,23.639999389648438,ICHR
2019-07-01,25.209999084472656,ICHR
2019-08-01,21.260000228881836,ICHR
2019-09-01,24.18000030517578,ICHR
2019-10-01,29.110000610351562,ICHR
2019-11-01,31.549999237060547,ICHR
2019-12-01,33.27000045776367,ICHR
2020-01-01,33.38999938964844,ICHR
2020-02-01,28.920000076293945,ICHR
2020-03-01,19.15999984741211,ICHR
2020-04-01,24.899999618530273,ICHR
2020-05-01,22.75,ICHR
2020-06-01,26.579999923706055,ICHR
2020-07-01,32.81999969482422,ICHR
2020-08-01,25.15999984741211,ICHR
2020-09-01,21.56999969482422,ICHR
2020-10-01,23.260000228881836,ICHR
2020-11-01,31.899999618530273,ICHR
2020-12-01,30.145000457763672,ICHR
2021-01-01,36.099998474121094,ICHR
2021-02-01,42.7599983215332,ICHR
2021-03-01,53.79999923706055,ICHR
2021-04-01,55.77000045776367,ICHR
2021-05-01,56.2599983215332,ICHR
2021-06-01,53.79999923706055,ICHR
2021-07-01,51.56999969482422,ICHR
2021-08-01,44.310001373291016,ICHR
2021-09-01,41.09000015258789,ICHR
2021-10-01,43.720001220703125,ICHR
2021-11-01,47.88999938964844,ICHR
2021-12-01,46.029998779296875,ICHR
2022-01-01,42.41999816894531,ICHR
2022-02-01,35.22999954223633,ICHR
2022-03-01,35.619998931884766,ICHR
2022-04-01,29.110000610351562,ICHR
2022-05-01,30.239999771118164,ICHR
2022-06-01,25.979999542236328,ICHR
2022-07-01,31.260000228881836,ICHR
2022-08-01,30.719999313354492,ICHR
2022-09-01,24.209999084472656,ICHR
2022-10-01,25.440000534057617,ICHR
2022-11-01,29.780000686645508,ICHR
2022-12-01,26.81999969482422,ICHR
2023-01-01,33.79999923706055,ICHR
2023-02-01,32.95000076293945,ICHR
2023-03-01,32.7400016784668,ICHR
2023-04-01,27.850000381469727,ICHR
2023-05-01,30.299999237060547,ICHR
2023-06-01,37.5,ICHR
2023-07-01,38.720001220703125,ICHR
2023-08-01,36.630001068115234,ICHR
2023-09-01,30.959999084472656,ICHR
2023-10-01,24.260000228881836,ICHR
2023-11-01,26.1299991607666,ICHR
2023-12-01,33.630001068115234,ICHR
2024-01-01,36.20000076293945,ICHR
2024-02-01,42.79999923706055,ICHR
2024-03-01,38.619998931884766,ICHR
2024-04-01,38.779998779296875,ICHR
2024-05-01,37.9900016784668,ICHR
2024-06-01,38.54999923706055,ICHR
2024-07-01,34.0,ICHR
2024-08-01,31.0,ICHR
2024-09-01,31.809999465942383,ICHR
2024-10-01,27.260000228881836,ICHR
2024-11-01,32.7599983215332,ICHR
2024-12-01,32.220001220703125,ICHR
2025-01-01,27.459999084472656,ICHR
2025-02-01,29.290000915527344,ICHR
2025-03-01,22.610000610351562,ICHR
2025-04-01,19.780000686645508,ICHR
2025-05-01,15.779999732971191,ICHR
2025-06-01,19.639999389648438,ICHR
2025-07-01,19.790000915527344,ICHR
2025-08-01,16.850000381469727,ICHR
2025-09-01,17.520000457763672,ICHR
2025-10-01,22.68000030517578,ICHR
2025-11-01,16.799999237060547,ICHR
2025-12-01,18.43000030517578,ICHR
2026-01-01,30.34000015258789,ICHR
2017-01-01,8.996979713439941,IMMR
2017-02-01,9.556557655334473,IMMR
2017-03-01,7.571801662445068,IMMR
2017-04-01,7.667979717254639,IMMR
2017-05-01,7.4319071769714355,IMMR
2017-06-01,7.939023971557617,IMMR
2017-07-01,7.466879844665527,IMMR
2017-08-01,6.400182247161865,IMMR
2017-09-01,7.143373966217041,IMMR
2017-10-01,7.064682960510254,IMMR
2017-11-01,6.653741836547852,IMMR
2017-12-01,6.172853946685791,IMMR
2018-01-01,9.075668334960938,IMMR
2018-02-01,10.133623123168945,IMMR
2018-03-01,10.448385238647461,IMMR
2018-04-01,9.626505851745605,IMMR
2018-05-01,13.263765335083008,IMMR
2018-06-01,13.499839782714844,IMMR
2018-07-01,12.275760650634766,IMMR
2018-08-01,10.159852981567383,IMMR
2018-09-01,9.24179458618164,IMMR
2018-10-01,8.75216293334961,IMMR
2018-11-01,8.297505378723145,IMMR
2018-12-01,7.834103584289551,IMMR
2019-01-01,8.297505378723145,IMMR
2019-02-01,7.851589202880859,IMMR
2019-03-01,7.370702266693115,IMMR
2019-04-01,8.262530326843262,IMMR
2019-05-01,6.592538356781006,IMMR
2019-06-01,6.653741836547852,IMMR
2019-07-01,7.029708385467529,IMMR
2019-08-01,7.178348541259766,IMMR
2019-09-01,6.68871545791626,IMMR
2019-10-01,7.187091827392578,IMMR
2019-11-01,5.90180778503418,IMMR
2019-12-01,6.496360778808594,IMMR
2020-01-01,6.400182247161865,IMMR
2020-02-01,6.111649513244629,IMMR
2020-03-01,4.6864728927612305,IMMR
2020-04-01,6.08542013168335,IMMR
2020-05-01,5.910551071166992,IMMR
2020-06-01,5.447149753570557,IMMR
2020-07-01,5.90180778503418,IMMR
2020-08-01,8.31499195098877,IMMR
2020-09-01,6.164111137390137,IMMR
2020-10-01,5.385947227478027,IMMR
2020-11-01,7.484366416931152,IMMR
2020-12-01,9.871317863464355,IMMR
2021-01-01,11.060425758361816,IMMR
2021-02-01,8.664726257324219,IMMR
2021-03-01,8.376194953918457,IMMR
2021-04-01,7.493109703063965,IMMR
2021-05-01,7.475623607635498,IMMR
2021-06-01,7.667979717254639,IMMR
2021-07-01,6.610024929046631,IMMR
2021-08-01,6.557564735412598,IMMR
2021-09-01,5.980499267578125,IMMR
2021-10-01,6.98599100112915,IMMR
2021-11-01,5.254794597625732,IMMR
2021-12-01,4.99249267578125,IMMR
2022-01-01,4.520347595214844,IMMR
2022-02-01,4.651498317718506,IMMR
2022-03-01,4.8613409996032715,IMMR
2022-04-01,4.083177089691162,IMMR
2022-05-01,4.8613409996032715,IMMR
2022-06-01,4.668985366821289,IMMR
2022-07-01,4.940032005310059,IMMR
2022-08-01,5.21107816696167,IMMR
2022-09-01,4.800137996673584,IMMR
2022-10-01,4.668985366821289,IMMR
2022-11-01,6.34772253036499,IMMR
2022-12-01,6.146623611450195,IMMR
2023-01-01,6.511863708496094,IMMR
2023-02-01,6.805431842803955,IMMR
2023-03-01,7.953014850616455,IMMR
2023-04-01,5.883245468139648,IMMR
2023-05-01,6.320694446563721,IMMR
2023-06-01,6.320694446563721,IMMR
2023-07-01,6.32935905456543,IMMR
2023-08-01,6.293498992919922,IMMR
2023-09-01,5.925930023193359,IMMR
2023-10-01,5.7542338371276855,IMMR
2023-11-01,5.83527946472168,IMMR
2023-12-01,6.35757303237915,IMMR
2024-01-01,6.191128253936768,IMMR
2024-02-01,6.1186113357543945,IMMR
2024-03-01,6.780327796936035,IMMR
2024-04-01,6.630621910095215,IMMR
2024-05-01,9.111405372619629,IMMR
2024-06-01,8.582414627075195,IMMR
2024-07-01,11.701194763183594,IMMR
2024-08-01,8.613252639770508,IMMR
2024-09-01,8.17342758178711,IMMR
2024-10-01,7.7643232345581055,IMMR
2024-11-01,8.234050750732422,IMMR
2024-12-01,8.040633201599121,IMMR
2025-01-01,7.933509349822998,IMMR
2025-02-01,7.6207170486450195,IMMR
2025-03-01,7.184706687927246,IMMR
2025-04-01,6.896362781524658,IMMR
2025-05-01,7.172979354858398,IMMR
2025-06-01,7.516367435455322,IMMR
2025-07-01,6.689484119415283,IMMR
2025-08-01,6.775862216949463,IMMR
2025-09-01,7.044593334197998,IMMR
2025-10-01,6.462779998779297,IMMR
2025-11-01,6.8685150146484375,IMMR
2025-12-01,6.56904411315918,IMMR
2026-01-01,6.56683874130249,IMMR
2017-01-01,2.299999952316284,INOD
2017-02-01,2.25,INOD
2017-03-01,2.200000047683716,INOD
2017-04-01,2.0999999046325684,INOD
2017-05-01,1.899999976158142,INOD
2017-06-01,1.75,INOD
2017-07-01,1.7000000476837158,INOD
2017-08-01,1.5499999523162842,INOD
2017-09-01,1.5,INOD
2017-10-01,1.2999999523162842,INOD
2017-11-01,1.2000000476837158,INOD
2017-12-01,1.3600000143051147,INOD
2018-01-01,1.159999966621399,INOD
2018-02-01,1.159999966621399,INOD
2018-03-01,1.149999976158142,INOD
2018-04-01,1.149999976158142,INOD
2018-05-01,1.25,INOD
2018-06-01,1.0,INOD
2018-07-01,1.159999966621399,INOD
2018-08-01,1.4500000476837158,INOD
2018-09-01,1.4700000286102295,INOD
2018-10-01,1.409999966621399,INOD
2018-11-01,1.9500000476837158,INOD
2018-12-01,1.5,INOD
2019-01-01,1.350000023841858,INOD
2019-02-01,1.4900000095367432,INOD
2019-03-01,1.2699999809265137,INOD
2019-04-01,1.149999976158142,INOD
2019-05-01,0.9900000095367432,INOD
2019-06-01,0.8999999761581421,INOD
2019-07-01,1.25,INOD
2019-08-01,1.2799999713897705,INOD
2019-09-01,1.3200000524520874,INOD
2019-10-01,1.25,INOD
2019-11-01,1.2200000286102295,INOD
2019-12-01,1.1399999856948853,INOD
2020-01-01,1.1399999856948853,INOD
2020-02-01,1.149999976158142,INOD
2020-03-01,0.800000011920929,INOD
2020-04-01,1.0499999523162842,INOD
2020-05-01,1.3600000143051147,INOD
2020-06-01,1.340000033378601,INOD
2020-07-01,1.3300000429153442,INOD
2020-08-01,2.0999999046325684,INOD
2020-09-01,3.0899999141693115,INOD
2020-10-01,2.5999999046325684,INOD
2020-11-01,5.199999809265137,INOD
2020-12-01,5.300000190734863,INOD
2021-01-01,5.099999904632568,INOD
2021-02-01,5.849999904632568,INOD
2021-03-01,6.300000190734863,INOD
2021-04-01,6.269999980926514,INOD
2021-05-01,6.260000228881836,INOD
2021-06-01,7.0,INOD
2021-07-01,6.840000152587891,INOD
2021-08-01,8.260000228881836,INOD
2021-09-01,9.529999732971191,INOD
2021-10-01,10.619999885559082,INOD
2021-11-01,6.519999980926514,INOD
2021-12-01,5.920000076293945,INOD
2022-01-01,5.670000076293945,INOD
2022-02-01,5.289999961853027,INOD
2022-03-01,6.989999771118164,INOD
2022-04-01,7.289999961853027,INOD
2022-05-01,6.400000095367432,INOD
2022-06-01,4.840000152587891,INOD
2022-07-01,5.710000038146973,INOD
2022-08-01,3.369999885559082,INOD
2022-09-01,3.0199999809265137,INOD
2022-10-01,3.309999942779541,INOD
2022-11-01,3.109999895095825,INOD
2022-12-01,2.9700000286102295,INOD
2023-01-01,4.400000095367432,INOD
2023-02-01,6.760000228881836,INOD
2023-03-01,8.539999961853027,INOD
2023-04-01,6.619999885559082,INOD
2023-05-01,10.130000114440918,INOD
2023-06-01,11.329999923706055,INOD
2023-07-01,12.829999923706055,INOD
2023-08-01,13.0,INOD
2023-09-01,8.529999732971191,INOD
2023-10-01,7.5,INOD
2023-11-01,6.760000228881836,INOD
2023-12-01,8.140000343322754,INOD
2024-01-01,10.369999885559082,INOD
2024-02-01,7.400000095367432,INOD
2024-03-01,6.599999904632568,INOD
2024-04-01,5.840000152587891,INOD
2024-05-01,12.619999885559082,INOD
2024-06-01,14.829999923706055,INOD
2024-07-01,19.350000381469727,INOD
2024-08-01,17.280000686645508,INOD
2024-09-01,16.770000457763672,INOD
2024-10-01,20.110000610351562,INOD
2024-11-01,41.08000183105469,INOD
2024-12-01,39.52000045776367,INOD
2025-01-01,37.08000183105469,INOD
2025-02-01,52.720001220703125,INOD
2025-03-01,35.900001525878906,INOD
2025-04-01,37.81999969482422,INOD
2025-05-01,39.470001220703125,INOD
2025-06-01,51.220001220703125,INOD
2025-07-01,54.900001525878906,INOD
2025-08-01,37.97999954223633,INOD
2025-09-01,77.06999969482422,INOD
2025-10-01,74.61000061035156,INOD
2025-11-01,57.470001220703125,INOD
2025-12-01,50.95000076293945,INOD
2026-01-01,55.439998626708984,INOD
2017-01-01,7.900000095367432,INSE
2017-02-01,9.050000190734863,INSE
2017-03-01,10.600000381469727,INSE
2017-04-01,10.100000381469727,INSE
2017-05-01,12.25,INSE
2017-06-01,13.0,INSE
2017-07-01,11.149999618530273,INSE
2017-08-01,11.100000381469727,INSE
2017-09-01,13.25,INSE
2017-10-01,11.449999809265137,INSE
2017-11-01,9.199999809265137,INSE
2017-12-01,9.800000190734863,INSE
2018-01-01,6.599999904632568,INSE
2018-02-01,5.400000095367432,INSE
2018-03-01,5.5,INSE
2018-04-01,5.0,INSE
2018-05-01,6.550000190734863,INSE
2018-06-01,6.25,INSE
2018-07-01,6.699999809265137,INSE
2018-08-01,7.099999904632568,INSE
2018-09-01,6.099999904632568,INSE
2018-10-01,6.360000133514404,INSE
2018-11-01,5.400000095367432,INSE
2018-12-01,4.800000190734863,INSE
2019-01-01,6.78000020980835,INSE
2019-02-01,6.820000171661377,INSE
2019-03-01,6.664999961853027,INSE
2019-04-01,7.869999885559082,INSE
2019-05-01,7.429999828338623,INSE
2019-06-01,8.4399995803833,INSE
2019-07-01,7.980000019073486,INSE
2019-08-01,6.989999771118164,INSE
2019-09-01,7.190000057220459,INSE
2019-10-01,7.349999904632568,INSE
2019-11-01,6.989999771118164,INSE
2019-12-01,6.75,INSE
2020-01-01,5.860000133514404,INSE
2020-02-01,5.199999809265137,INSE
2020-03-01,3.380000114440918,INSE
2020-04-01,2.569999933242798,INSE
2020-05-01,2.690000057220459,INSE
2020-06-01,2.9000000953674316,INSE
2020-07-01,3.299999952316284,INSE
2020-08-01,3.5799999237060547,INSE
2020-09-01,2.9600000381469727,INSE
2020-10-01,4.0,INSE
2020-11-01,6.650000095367432,INSE
2020-12-01,6.579999923706055,INSE
2021-01-01,6.090000152587891,INSE
2021-02-01,8.25,INSE
2021-03-01,9.289999961853027,INSE
2021-04-01,8.25,INSE
2021-05-01,11.460000038146973,INSE
2021-06-01,12.75,INSE
2021-07-01,11.59000015258789,INSE
2021-08-01,12.729999542236328,INSE
2021-09-01,11.699999809265137,INSE
2021-10-01,13.75,INSE
2021-11-01,12.890000343322754,INSE
2021-12-01,12.960000038146973,INSE
2022-01-01,12.899999618530273,INSE
2022-02-01,14.40999984741211,INSE
2022-03-01,12.300000190734863,INSE
2022-04-01,9.289999961853027,INSE
2022-05-01,11.0,INSE
2022-06-01,8.609999656677246,INSE
2022-07-01,10.34000015258789,INSE
2022-08-01,10.470000267028809,INSE
2022-09-01,8.829999923706055,INSE
2022-10-01,10.239999771118164,INSE
2022-11-01,12.239999771118164,INSE
2022-12-01,12.670000076293945,INSE
2023-01-01,14.899999618530273,INSE
2023-02-01,15.8100004196167,INSE
2023-03-01,12.789999961853027,INSE
2023-04-01,12.800000190734863,INSE
2023-05-01,13.729999542236328,INSE
2023-06-01,14.710000038146973,INSE
2023-07-01,12.59000015258789,INSE
2023-08-01,13.180000305175781,INSE
2023-09-01,11.960000038146973,INSE
2023-10-01,9.979999542236328,INSE
2023-11-01,7.860000133514404,INSE
2023-12-01,9.880000114440918,INSE
2024-01-01,9.180000305175781,INSE
2024-02-01,9.899999618530273,INSE
2024-03-01,9.859999656677246,INSE
2024-04-01,8.5,INSE
2024-05-01,9.109999656677246,INSE
2024-06-01,9.149999618530273,INSE
2024-07-01,9.229999542236328,INSE
2024-08-01,9.029999732971191,INSE
2024-09-01,9.270000457763672,INSE
2024-10-01,9.539999961853027,INSE
2024-11-01,9.619999885559082,INSE
2024-12-01,9.050000190734863,INSE
2025-01-01,10.069999694824219,INSE
2025-02-01,10.779999732971191,INSE
2025-03-01,8.539999961853027,INSE
2025-04-01,7.409999847412109,INSE
2025-05-01,7.820000171661377,INSE
2025-06-01,8.170000076293945,INSE
2025-07-01,9.010000228881836,INSE
2025-08-01,9.300000190734863,INSE
2025-09-01,9.380000114440918,INSE
2025-10-01,7.550000190734863,INSE
2025-11-01,8.220000267028809,INSE
2025-12-01,9.359999656677246,INSE
2026-01-01,8.930000305175781,INSE
2017-01-01,30.899999618530273,INSG
2017-02-01,28.799999237060547,INSG
2017-03-01,20.899999618530273,INSG
2017-04-01,21.399999618530273,INSG
2017-05-01,10.199999809265137,INSG
2017-06-01,12.5,INSG
2017-07-01,11.800000190734863,INSG
2017-08-01,14.100000381469727,INSG
2017-09-01,15.100000381469727,INSG
2017-10-01,15.0,INSG
2017-11-01,18.399999618530273,INSG
2017-12-01,16.100000381469727,INSG
2018-01-01,21.399999618530273,INSG
2018-02-01,18.700000762939453,INSG
2018-03-01,17.799999237060547,INSG
2018-04-01,21.399999618530273,INSG
2018-05-01,18.299999237060547,INSG
2018-06-01,20.100000381469727,INSG
2018-07-01,18.799999237060547,INSG
2018-08-01,31.299999237060547,INSG
2018-09-01,38.5,INSG
2018-10-01,35.29999923706055,INSG
2018-11-01,37.20000076293945,INSG
2018-12-01,41.5,INSG
2019-01-01,52.29999923706055,INSG
2019-02-01,53.400001525878906,INSG
2019-03-01,47.20000076293945,INSG
2019-04-01,45.70000076293945,INSG
2019-05-01,48.400001525878906,INSG
2019-06-01,47.900001525878906,INSG
2019-07-01,52.0,INSG
2019-08-01,44.400001525878906,INSG
2019-09-01,48.0,INSG
2019-10-01,57.29999923706055,INSG
2019-11-01,63.5,INSG
2019-12-01,73.30000305175781,INSG
2020-01-01,67.0999984741211,INSG
2020-02-01,69.4000015258789,INSG
2020-03-01,62.29999923706055,INSG
2020-04-01,119.5,INSG
2020-05-01,106.19999694824219,INSG
2020-06-01,116.0,INSG
2020-07-01,134.8000030517578,INSG
2020-08-01,114.80000305175781,INSG
2020-09-01,103.19999694824219,INSG
2020-10-01,87.0,INSG
2020-11-01,99.30000305175781,INSG
2020-12-01,154.6999969482422,INSG
2021-01-01,183.60000610351562,INSG
2021-02-01,145.89999389648438,INSG
2021-03-01,100.0,INSG
2021-04-01,88.80000305175781,INSG
2021-05-01,86.0,INSG
2021-06-01,100.9000015258789,INSG
2021-07-01,86.9000015258789,INSG
2021-08-01,84.0,INSG
2021-09-01,66.5999984741211,INSG
2021-10-01,62.0,INSG
2021-11-01,64.5999984741211,INSG
2021-12-01,58.29999923706055,INSG
2022-01-01,45.599998474121094,INSG
2022-02-01,47.099998474121094,INSG
2022-03-01,40.5,INSG
2022-04-01,28.5,INSG
2022-05-01,20.600000381469727,INSG
2022-06-01,18.899999618530273,INSG
2022-07-01,22.299999237060547,INSG
2022-08-01,27.0,INSG
2022-09-01,20.700000762939453,INSG
2022-10-01,22.600000381469727,INSG
2022-11-01,12.699999809265137,INSG
2022-12-01,8.399999618530273,INSG
2023-01-01,11.600000381469727,INSG
2023-02-01,9.0,INSG
2023-03-01,5.800000190734863,INSG
2023-04-01,6.0,INSG
2023-05-01,10.699999809265137,INSG
2023-06-01,6.400000095367432,INSG
2023-07-01,7.699999809265137,INSG
2023-08-01,6.400000095367432,INSG
2023-09-01,4.199999809265137,INSG
2023-10-01,4.5,INSG
2023-11-01,2.200000047683716,INSG
2023-12-01,2.200000047683716,INSG
2024-01-01,2.190000057220459,INSG
2024-02-01,3.0399999618530273,INSG
2024-03-01,2.799999952316284,INSG
2024-04-01,4.03000020980835,INSG
2024-05-01,9.65999984741211,INSG
2024-06-01,10.65999984741211,INSG
2024-07-01,9.529999732971191,INSG
2024-08-01,14.59000015258789,INSG
2024-09-01,16.329999923706055,INSG
2024-10-01,16.84000015258789,INSG
2024-11-01,11.9399995803833,INSG
2024-12-01,10.260000228881836,INSG
2025-01-01,12.109999656677246,INSG
2025-02-01,10.520000457763672,INSG
2025-03-01,8.170000076293945,INSG
2025-04-01,8.140000343322754,INSG
2025-05-01,7.480000019073486,INSG
2025-06-01,8.239999771118164,INSG
2025-07-01,6.619999885559082,INSG
2025-08-01,12.329999923706055,INSG
2025-09-01,14.970000267028809,INSG
2025-10-01,16.639999389648438,INSG
2025-11-01,10.930000305175781,INSG
2025-12-01,10.270000457763672,INSG
2026-01-01,10.890000343322754,INSG
2017-01-01,114.98999786376953,IPGP
2017-02-01,118.30000305175781,IPGP
2017-03-01,120.69999694824219,IPGP
2017-04-01,126.31999969482422,IPGP
2017-05-01,139.0399932861328,IPGP
2017-06-01,145.10000610351562,IPGP
2017-07-01,152.63999938964844,IPGP
2017-08-01,175.7899932861328,IPGP
2017-09-01,185.05999755859375,IPGP
2017-10-01,212.91000366210938,IPGP
2017-11-01,228.97999572753906,IPGP
2017-12-01,214.1300048828125,IPGP
2018-01-01,251.9499969482422,IPGP
2018-02-01,245.63999938964844,IPGP
2018-03-01,233.3800048828125,IPGP
2018-04-01,213.02999877929688,IPGP
2018-05-01,241.27000427246094,IPGP
2018-06-01,220.6300048828125,IPGP
2018-07-01,164.0399932861328,IPGP
2018-08-01,175.47999572753906,IPGP
2018-09-01,156.07000732421875,IPGP
2018-10-01,133.5500030517578,IPGP
2018-11-01,142.14999389648438,IPGP
2018-12-01,113.29000091552734,IPGP
2019-01-01,133.0,IPGP
2019-02-01,155.02999877929688,IPGP
2019-03-01,151.77999877929688,IPGP
2019-04-01,174.72999572753906,IPGP
2019-05-01,125.16999816894531,IPGP
2019-06-01,154.25,IPGP
2019-07-01,131.00999450683594,IPGP
2019-08-01,123.7300033569336,IPGP
2019-09-01,135.60000610351562,IPGP
2019-10-01,134.27999877929688,IPGP
2019-11-01,142.08999633789062,IPGP
2019-12-01,144.9199981689453,IPGP
2020-01-01,127.66999816894531,IPGP
2020-02-01,127.63999938964844,IPGP
2020-03-01,110.27999877929688,IPGP
2020-04-01,129.3300018310547,IPGP
2020-05-01,155.39999389648438,IPGP
2020-06-01,160.38999938964844,IPGP
2020-07-01,179.00999450683594,IPGP
2020-08-01,161.72999572753906,IPGP
2020-09-01,169.97000122070312,IPGP
2020-10-01,185.9600067138672,IPGP
2020-11-01,207.00999450683594,IPGP
2020-12-01,223.7899932861328,IPGP
2021-01-01,223.42999267578125,IPGP
2021-02-01,227.35000610351562,IPGP
2021-03-01,210.94000244140625,IPGP
2021-04-01,217.11000061035156,IPGP
2021-05-01,209.25999450683594,IPGP
2021-06-01,210.77000427246094,IPGP
2021-07-01,218.16000366210938,IPGP
2021-08-01,170.67999267578125,IPGP
2021-09-01,158.39999389648438,IPGP
2021-10-01,159.00999450683594,IPGP
2021-11-01,164.19000244140625,IPGP
2021-12-01,172.13999938964844,IPGP
2022-01-01,154.47000122070312,IPGP
2022-02-01,130.35000610351562,IPGP
2022-03-01,109.76000213623047,IPGP
2022-04-01,94.4800033569336,IPGP
2022-05-01,105.48999786376953,IPGP
2022-06-01,94.12999725341797,IPGP
2022-07-01,106.58000183105469,IPGP
2022-08-01,90.58999633789062,IPGP
2022-09-01,84.3499984741211,IPGP
2022-10-01,85.66000366210938,IPGP
2022-11-01,91.02999877929688,IPGP
2022-12-01,94.66999816894531,IPGP
2023-01-01,112.0999984741211,IPGP
2023-02-01,123.23999786376953,IPGP
2023-03-01,123.30999755859375,IPGP
2023-04-01,114.9800033569336,IPGP
2023-05-01,110.47000122070312,IPGP
2023-06-01,135.82000732421875,IPGP
2023-07-01,131.4499969482422,IPGP
2023-08-01,108.36000061035156,IPGP
2023-09-01,101.54000091552734,IPGP
2023-10-01,85.9000015258789,IPGP
2023-11-01,95.76000213623047,IPGP
2023-12-01,108.54000091552734,IPGP
2024-01-01,97.88999938964844,IPGP
2024-02-01,86.3499984741211,IPGP
2024-03-01,90.69000244140625,IPGP
2024-04-01,83.9800033569336,IPGP
2024-05-01,86.7300033569336,IPGP
2024-06-01,84.38999938964844,IPGP
2024-07-01,80.4000015258789,IPGP
2024-08-01,68.37000274658203,IPGP
2024-09-01,74.31999969482422,IPGP
2024-10-01,80.95999908447266,IPGP
2024-11-01,78.04000091552734,IPGP
2024-12-01,72.72000122070312,IPGP
2025-01-01,73.33000183105469,IPGP
2025-02-01,58.189998626708984,IPGP
2025-03-01,63.13999938964844,IPGP
2025-04-01,59.88999938964844,IPGP
2025-05-01,66.26000213623047,IPGP
2025-06-01,68.6500015258789,IPGP
2025-07-01,74.88999938964844,IPGP
2025-08-01,81.81999969482422,IPGP
2025-09-01,79.19000244140625,IPGP
2025-10-01,85.12000274658203,IPGP
2025-11-01,79.63999938964844,IPGP
2025-12-01,71.5999984741211,IPGP
2026-01-01,92.41000366210938,IPGP
2017-01-01,80.03175354003906,JKHY
2017-02-01,83.86286926269531,JKHY
2017-03-01,83.26366424560547,JKHY
2017-04-01,86.6800537109375,JKHY
2017-05-01,95.28202819824219,JKHY
2017-06-01,93.18279266357422,JKHY
2017-07-01,96.27783203125,JKHY
2017-08-01,92.46511840820312,JKHY
2017-09-01,92.49645233154297,JKHY
2017-10-01,99.10139465332031,JKHY
2017-11-01,104.05137634277344,JKHY
2017-12-01,105.53111267089844,JKHY
2018-01-01,112.47869873046875,JKHY
2018-02-01,106.16643524169922,JKHY
2018-03-01,109.47000122070312,JKHY
2018-04-01,108.13955688476562,JKHY
2018-05-01,113.53325653076172,JKHY
2018-06-01,118.34477996826172,JKHY
2018-07-01,122.28472137451172,JKHY
2018-08-01,143.83663940429688,JKHY
2018-09-01,145.6623077392578,JKHY
2018-10-01,136.33551025390625,JKHY
2018-11-01,127.45680236816406,JKHY
2018-12-01,115.4319076538086,JKHY
2019-01-01,121.84579467773438,JKHY
2019-02-01,121.37190246582031,JKHY
2019-03-01,126.96324157714844,JKHY
2019-04-01,136.4072723388672,JKHY
2019-05-01,120.43401336669922,JKHY
2019-06-01,122.91207122802734,JKHY
2019-07-01,128.2169952392578,JKHY
2019-08-01,133.0446014404297,JKHY
2019-09-01,134.33343505859375,JKHY
2019-10-01,130.2749481201172,JKHY
2019-11-01,140.19496154785156,JKHY
2019-12-01,134.4096221923828,JKHY
2020-01-01,137.98048400878906,JKHY
2020-02-01,140.40109252929688,JKHY
2020-03-01,143.63954162597656,JKHY
2020-04-01,151.3285369873047,JKHY
2020-05-01,167.74090576171875,JKHY
2020-06-01,170.68093872070312,JKHY
2020-07-01,165.36663818359375,JKHY
2020-08-01,153.42086791992188,JKHY
2020-09-01,151.1946258544922,JKHY
2020-10-01,137.859619140625,JKHY
2020-11-01,149.58583068847656,JKHY
2020-12-01,151.0404052734375,JKHY
2021-01-01,135.0030517578125,JKHY
2021-02-01,138.40635681152344,JKHY
2021-03-01,141.9077911376953,JKHY
2021-04-01,152.2992401123047,JKHY
2021-05-01,144.60562133789062,JKHY
2021-06-01,153.3861083984375,JKHY
2021-07-01,163.31103515625,JKHY
2021-08-01,165.45924377441406,JKHY
2021-09-01,154.31236267089844,JKHY
2021-10-01,156.58859252929688,JKHY
2021-11-01,142.6208953857422,JKHY
2021-12-01,157.55812072753906,JKHY
2022-01-01,158.33180236816406,JKHY
2022-02-01,166.8140106201172,JKHY
2022-03-01,186.41314697265625,JKHY
2022-04-01,179.3463897705078,JKHY
2022-05-01,178.44056701660156,JKHY
2022-06-01,170.7573699951172,JKHY
2022-07-01,197.07955932617188,JKHY
2022-08-01,182.31065368652344,JKHY
2022-09-01,173.32318115234375,JKHY
2022-10-01,189.28904724121094,JKHY
2022-11-01,180.5315399169922,JKHY
2022-12-01,167.3837432861328,JKHY
2023-01-01,171.7027587890625,JKHY
2023-02-01,156.59092712402344,JKHY
2023-03-01,144.15573120117188,JKHY
2023-04-01,156.22607421875,JKHY
2023-05-01,146.75326538085938,JKHY
2023-06-01,160.61367797851562,JKHY
2023-07-01,160.8440399169922,JKHY
2023-08-01,150.4871368408203,JKHY
2023-09-01,145.5659942626953,JKHY
2023-10-01,135.79031372070312,JKHY
2023-11-01,153.3487091064453,JKHY
2023-12-01,157.9098358154297,JKHY
2024-01-01,160.2483673095703,JKHY
2024-02-01,167.92111206054688,JKHY
2024-03-01,168.413818359375,JKHY
2024-04-01,157.711669921875,JKHY
2024-05-01,160.16407775878906,JKHY
2024-06-01,161.4673614501953,JKHY
2024-07-01,166.77760314941406,JKHY
2024-08-01,168.28509521484375,JKHY
2024-09-01,172.2457733154297,JKHY
2024-10-01,177.50465393066406,JKHY
2024-11-01,171.89451599121094,JKHY
2024-12-01,171.57154846191406,JKHY
2025-01-01,170.3872833251953,JKHY
2025-02-01,169.89793395996094,JKHY
2025-03-01,179.3017578125,JKHY
2025-04-01,170.29736328125,JKHY
2025-05-01,178.4659881591797,JKHY
2025-06-01,177.48092651367188,JKHY
2025-07-01,167.285400390625,JKHY
2025-08-01,160.82330322265625,JKHY
2025-09-01,147.2347412109375,JKHY
2025-10-01,147.24464416503906,JKHY
2025-11-01,172.49391174316406,JKHY
2025-12-01,181.00550842285156,JKHY
2026-01-01,177.76194763183594,JKHY
2017-01-01,3.190000057220459,KOPN
2017-02-01,3.5299999713897705,KOPN
2017-03-01,4.099999904632568,KOPN
2017-04-01,4.079999923706055,KOPN
2017-05-01,3.450000047683716,KOPN
2017-06-01,3.7100000381469727,KOPN
2017-07-01,3.799999952316284,KOPN
2017-08-01,4.019999980926514,KOPN
2017-09-01,4.170000076293945,KOPN
2017-10-01,3.509999990463257,KOPN
2017-11-01,3.2200000286102295,KOPN
2017-12-01,3.200000047683716,KOPN
2018-01-01,3.319999933242798,KOPN
2018-02-01,3.059999942779541,KOPN
2018-03-01,3.119999885559082,KOPN
2018-04-01,3.309999942779541,KOPN
2018-05-01,3.5299999713897705,KOPN
2018-06-01,2.859999895095825,KOPN
2018-07-01,3.059999942779541,KOPN
2018-08-01,2.319999933242798,KOPN
2018-09-01,2.4200000762939453,KOPN
2018-10-01,2.2300000190734863,KOPN
2018-11-01,1.659999966621399,KOPN
2018-12-01,1.0,KOPN
2019-01-01,1.3799999952316284,KOPN
2019-02-01,1.5299999713897705,KOPN
2019-03-01,1.340000033378601,KOPN
2019-04-01,1.25,KOPN
2019-05-01,1.149999976158142,KOPN
2019-06-01,1.090000033378601,KOPN
2019-07-01,1.159999966621399,KOPN
2019-08-01,0.9300000071525574,KOPN
2019-09-01,0.6800000071525574,KOPN
2019-10-01,0.5600000023841858,KOPN
2019-11-01,0.5,KOPN
2019-12-01,0.4000000059604645,KOPN
2020-01-01,0.4099999964237213,KOPN
2020-02-01,0.3199999928474426,KOPN
2020-03-01,0.3499999940395355,KOPN
2020-04-01,0.5099999904632568,KOPN
2020-05-01,1.0399999618530273,KOPN
2020-06-01,1.3300000429153442,KOPN
2020-07-01,2.009999990463257,KOPN
2020-08-01,1.5099999904632568,KOPN
2020-09-01,1.3799999952316284,KOPN
2020-10-01,1.190000057220459,KOPN
2020-11-01,2.0,KOPN
2020-12-01,2.430000066757202,KOPN
2021-01-01,5.099999904632568,KOPN
2021-02-01,8.359999656677246,KOPN
2021-03-01,10.489999771118164,KOPN
2021-04-01,8.220000267028809,KOPN
2021-05-01,8.100000381469727,KOPN
2021-06-01,8.180000305175781,KOPN
2021-07-01,6.739999771118164,KOPN
2021-08-01,5.880000114440918,KOPN
2021-09-01,5.130000114440918,KOPN
2021-10-01,5.239999771118164,KOPN
2021-11-01,5.21999979019165,KOPN
2021-12-01,4.090000152587891,KOPN
2022-01-01,2.940000057220459,KOPN
2022-02-01,2.640000104904175,KOPN
2022-03-01,2.5299999713897705,KOPN
2022-04-01,1.600000023841858,KOPN
2022-05-01,1.1100000143051147,KOPN
2022-06-01,1.1200000047683716,KOPN
2022-07-01,1.7699999809265137,KOPN
2022-08-01,1.3700000047683716,KOPN
2022-09-01,1.0499999523162842,KOPN
2022-10-01,1.0800000429153442,KOPN
2022-11-01,1.6200000047683716,KOPN
2022-12-01,1.2400000095367432,KOPN
2023-01-01,1.2000000476837158,KOPN
2023-02-01,1.149999976158142,KOPN
2023-03-01,1.090000033378601,KOPN
2023-04-01,1.0399999618530273,KOPN
2023-05-01,2.1700000762939453,KOPN
2023-06-01,2.1500000953674316,KOPN
2023-07-01,1.909999966621399,KOPN
2023-08-01,1.4600000381469727,KOPN
2023-09-01,1.2200000286102295,KOPN
2023-10-01,1.2300000190734863,KOPN
2023-11-01,1.5199999809265137,KOPN
2023-12-01,2.0299999713897705,KOPN
2024-01-01,1.7899999618530273,KOPN
2024-02-01,2.619999885559082,KOPN
2024-03-01,1.7999999523162842,KOPN
2024-04-01,0.7900000214576721,KOPN
2024-05-01,0.800000011920929,KOPN
2024-06-01,0.8399999737739563,KOPN
2024-07-01,1.059999942779541,KOPN
2024-08-01,0.9700000286102295,KOPN
2024-09-01,0.7300000190734863,KOPN
2024-10-01,0.7799999713897705,KOPN
2024-11-01,1.1799999475479126,KOPN
2024-12-01,1.3600000143051147,KOPN
2025-01-01,1.7400000095367432,KOPN
2025-02-01,1.3799999952316284,KOPN
2025-03-01,0.9300000071525574,KOPN
2025-04-01,1.2799999713897705,KOPN
2025-05-01,1.2799999713897705,KOPN
2025-06-01,1.5299999713897705,KOPN
2025-07-01,1.7899999618530273,KOPN
2025-08-01,2.0999999046325684,KOPN
2025-09-01,2.430000066757202,KOPN
2025-10-01,3.4600000381469727,KOPN
2025-11-01,2.440000057220459,KOPN
2025-12-01,2.3399999141693115,KOPN
2026-01-01,2.549999952316284,KOPN
2017-01-01,,KULR
2017-02-01,,KULR
2017-03-01,,KULR
2017-04-01,,KULR
2017-05-01,,KULR
2017-06-01,,KULR
2017-07-01,,KULR
2017-08-01,,KULR
2017-09-01,,KULR
2017-10-01,,KULR
2017-11-01,,KULR
2017-12-01,,KULR
2018-01-01,,KULR
2018-02-01,,KULR
2018-03-01,,KULR
2018-04-01,,KULR
2018-05-01,,KULR
2018-06-01,,KULR
2018-07-01,21.600000381469727,KULR
2018-08-01,21.600000381469727,KULR
2018-09-01,21.600000381469727,KULR
2018-10-01,27.920000076293945,KULR
2018-11-01,19.200000762939453,KULR
2018-12-01,20.799999237060547,KULR
2019-01-01,21.200000762939453,KULR
2019-02-01,16.0,KULR
2019-03-01,20.0,KULR
2019-04-01,17.200000762939453,KULR
2019-05-01,15.920000076293945,KULR
2019-06-01,15.039999961853027,KULR
2019-07-01,13.600000381469727,KULR
2019-08-01,13.600000381469727,KULR
2019-09-01,13.199999809265137,KULR
2019-10-01,13.600000381469727,KULR
2019-11-01,12.640000343322754,KULR
2019-12-01,12.0,KULR
2020-01-01,11.680000305175781,KULR
2020-02-01,10.399999618530273,KULR
2020-03-01,10.079999923706055,KULR
2020-04-01,8.800000190734863,KULR
2020-05-01,8.0,KULR
2020-06-01,15.600000381469727,KULR
2020-07-01,10.399999618530273,KULR
2020-08-01,8.0,KULR
2020-09-01,12.720000267028809,KULR
2020-10-01,10.0,KULR
2020-11-01,11.680000305175781,KULR
2020-12-01,11.760000228881836,KULR
2021-01-01,10.640000343322754,KULR
2021-02-01,20.799999237060547,KULR
2021-03-01,19.84000015258789,KULR
2021-04-01,18.799999237060547,KULR
2021-05-01,16.239999771118164,KULR
2021-06-01,19.760000228881836,KULR
2021-07-01,16.31999969482422,KULR
2021-08-01,17.1200008392334,KULR
2021-09-01,16.639999389648438,KULR
2021-10-01,23.760000228881836,KULR
2021-11-01,28.239999771118164,KULR
2021-12-01,22.079999923706055,KULR
2022-01-01,18.0,KULR
2022-02-01,17.84000015258789,KULR
2022-03-01,17.360000610351562,KULR
2022-04-01,12.800000190734863,KULR
2022-05-01,13.199999809265137,KULR
2022-06-01,12.399999618530273,KULR
2022-07-01,11.84000015258789,KULR
2022-08-01,11.600000381469727,KULR
2022-09-01,10.239999771118164,KULR
2022-10-01,16.399999618530273,KULR
2022-11-01,13.760000228881836,KULR
2022-12-01,9.600000381469727,KULR
2023-01-01,10.239999771118164,KULR
2023-02-01,10.479999542236328,KULR
2023-03-01,7.039999961853027,KULR
2023-04-01,5.199999809265137,KULR
2023-05-01,5.360000133514404,KULR
2023-06-01,5.119999885559082,KULR
2023-07-01,7.440000057220459,KULR
2023-08-01,4.480000019073486,KULR
2023-09-01,2.880000114440918,KULR
2023-10-01,2.319999933242798,KULR
2023-11-01,2.319999933242798,KULR
2023-12-01,1.5199999809265137,KULR
2024-01-01,1.440000057220459,KULR
2024-02-01,1.2000000476837158,KULR
2024-03-01,3.0399999618530273,KULR
2024-04-01,3.8399999141693115,KULR
2024-05-01,2.640000104904175,KULR
2024-06-01,3.200000047683716,KULR
2024-07-01,2.240000009536743,KULR
2024-08-01,2.0799999237060547,KULR
2024-09-01,2.240000009536743,KULR
2024-10-01,2.240000009536743,KULR
2024-11-01,9.279999732971191,KULR
2024-12-01,28.399999618530273,KULR
2025-01-01,16.639999389648438,KULR
2025-02-01,10.880000114440918,KULR
2025-03-01,10.5600004196167,KULR
2025-04-01,10.0,KULR
2025-05-01,9.359999656677246,KULR
2025-06-01,7.130000114440918,KULR
2025-07-01,5.489999771118164,KULR
2025-08-01,4.699999809265137,KULR
2025-09-01,4.159999847412109,KULR
2025-10-01,3.8299999237060547,KULR
2025-11-01,3.240000009536743,KULR
2025-12-01,2.9600000381469727,KULR
2026-01-01,3.559999942779541,KULR
2017-01-01,,LASR
2017-02-01,,LASR
2017-03-01,,LASR
2017-04-01,,LASR
2017-05-01,,LASR
2017-06-01,,LASR
2017-07-01,,LASR
2017-08-01,,LASR
2017-09-01,,LASR
2017-10-01,,LASR
2017-11-01,,LASR
2017-12-01,,LASR
2018-01-01,,LASR
2018-02-01,,LASR
2018-03-01,,LASR
2018-04-01,24.93000030517578,LASR
2018-05-01,37.150001525878906,LASR
2018-06-01,33.060001373291016,LASR
2018-07-01,30.530000686645508,LASR
2018-08-01,30.809999465942383,LASR
2018-09-01,22.209999084472656,LASR
2018-10-01,17.84000015258789,LASR
2018-11-01,19.100000381469727,LASR
2018-12-01,17.780000686645508,LASR
2019-01-01,19.549999237060547,LASR
2019-02-01,21.389999389648438,LASR
2019-03-01,22.280000686645508,LASR
2019-04-01,26.1299991607666,LASR
2019-05-01,18.690000534057617,LASR
2019-06-01,19.200000762939453,LASR
2019-07-01,16.440000534057617,LASR
2019-08-01,12.920000076293945,LASR
2019-09-01,15.65999984741211,LASR
2019-10-01,13.359999656677246,LASR
2019-11-01,19.93000030517578,LASR
2019-12-01,20.280000686645508,LASR
2020-01-01,17.56999969482422,LASR
2020-02-01,16.510000228881836,LASR
2020-03-01,10.489999771118164,LASR
2020-04-01,15.760000228881836,LASR
2020-05-01,21.559999465942383,LASR
2020-06-01,22.260000228881836,LASR
2020-07-01,23.170000076293945,LASR
2020-08-01,23.360000610351562,LASR
2020-09-01,23.479999542236328,LASR
2020-10-01,21.239999771118164,LASR
2020-11-01,30.020000457763672,LASR
2020-12-01,32.650001525878906,LASR
2021-01-01,31.68000030517578,LASR
2021-02-01,38.119998931884766,LASR
2021-03-01,32.400001525878906,LASR
2021-04-01,29.34000015258789,LASR
2021-05-01,29.31999969482422,LASR
2021-06-01,36.279998779296875,LASR
2021-07-01,34.689998626708984,LASR
2021-08-01,27.610000610351562,LASR
2021-09-01,28.190000534057617,LASR
2021-10-01,28.1200008392334,LASR
2021-11-01,24.889999389648438,LASR
2021-12-01,23.950000762939453,LASR
2022-01-01,20.690000534057617,LASR
2022-02-01,16.299999237060547,LASR
2022-03-01,17.34000015258789,LASR
2022-04-01,13.149999618530273,LASR
2022-05-01,12.270000457763672,LASR
2022-06-01,10.220000267028809,LASR
2022-07-01,12.260000228881836,LASR
2022-08-01,12.489999771118164,LASR
2022-09-01,9.449999809265137,LASR
2022-10-01,10.770000457763672,LASR
2022-11-01,10.859999656677246,LASR
2022-12-01,10.140000343322754,LASR
2023-01-01,12.399999618530273,LASR
2023-02-01,11.300000190734863,LASR
2023-03-01,10.180000305175781,LASR
2023-04-01,8.770000457763672,LASR
2023-05-01,14.460000038146973,LASR
2023-06-01,15.420000076293945,LASR
2023-07-01,14.399999618530273,LASR
2023-08-01,11.40999984741211,LASR
2023-09-01,10.399999618530273,LASR
2023-10-01,8.329999923706055,LASR
2023-11-01,13.220000267028809,LASR
2023-12-01,13.5,LASR
2024-01-01,12.979999542236328,LASR
2024-02-01,13.229999542236328,LASR
2024-03-01,13.0,LASR
2024-04-01,11.390000343322754,LASR
2024-05-01,13.149999618530273,LASR
2024-06-01,10.930000305175781,LASR
2024-07-01,12.069999694824219,LASR
2024-08-01,11.9399995803833,LASR
2024-09-01,10.6899995803833,LASR
2024-10-01,12.479999542236328,LASR
2024-11-01,10.859999656677246,LASR
2024-12-01,10.489999771118164,LASR
2025-01-01,11.170000076293945,LASR
2025-02-01,9.170000076293945,LASR
2025-03-01,7.769999980926514,LASR
2025-04-01,7.710000038146973,LASR
2025-05-01,15.130000114440918,LASR
2025-06-01,19.68000030517578,LASR
2025-07-01,21.010000228881836,LASR
2025-08-01,28.799999237060547,LASR
2025-09-01,29.6299991607666,LASR
2025-10-01,33.0099983215332,LASR
2025-11-01,35.22999954223633,LASR
2025-12-01,37.5099983215332,LASR
2026-01-01,45.61000061035156,LASR
2017-01-01,37.95000076293945,LITE
2017-02-01,45.900001525878906,LITE
2017-03-01,53.349998474121094,LITE
2017-04-01,42.75,LITE
2017-05-01,57.04999923706055,LITE
2017-06-01,57.04999923706055,LITE
2017-07-01,62.599998474121094,LITE
2017-08-01,56.849998474121094,LITE
2017-09-01,54.349998474121094,LITE
2017-10-01,63.150001525878906,LITE
2017-11-01,54.04999923706055,LITE
2017-12-01,48.900001525878906,LITE
2018-01-01,46.29999923706055,LITE
2018-02-01,61.0,LITE
2018-03-01,63.79999923706055,LITE
2018-04-01,50.45000076293945,LITE
2018-05-01,58.75,LITE
2018-06-01,57.900001525878906,LITE
2018-07-01,52.25,LITE
2018-08-01,67.9000015258789,LITE
2018-09-01,59.95000076293945,LITE
2018-10-01,54.650001525878906,LITE
2018-11-01,44.470001220703125,LITE
2018-12-01,42.0099983215332,LITE
2019-01-01,48.90999984741211,LITE
2019-02-01,49.75,LITE
2019-03-01,56.540000915527344,LITE
2019-04-01,61.970001220703125,LITE
2019-05-01,40.470001220703125,LITE
2019-06-01,53.40999984741211,LITE
2019-07-01,56.630001068115234,LITE
2019-08-01,55.7599983215332,LITE
2019-09-01,53.560001373291016,LITE
2019-10-01,62.65999984741211,LITE
2019-11-01,73.66000366210938,LITE
2019-12-01,79.30000305175781,LITE
2020-01-01,75.7699966430664,LITE
2020-02-01,77.81999969482422,LITE
2020-03-01,73.69999694824219,LITE
2020-04-01,80.91000366210938,LITE
2020-05-01,73.31999969482422,LITE
2020-06-01,81.43000030517578,LITE
2020-07-01,92.83000183105469,LITE
2020-08-01,86.0,LITE
2020-09-01,75.12999725341797,LITE
2020-10-01,82.69000244140625,LITE
2020-11-01,86.37999725341797,LITE
2020-12-01,94.80000305175781,LITE
2021-01-01,93.80000305175781,LITE
2021-02-01,90.0,LITE
2021-03-01,91.3499984741211,LITE
2021-04-01,85.05000305175781,LITE
2021-05-01,81.37000274658203,LITE
2021-06-01,82.02999877929688,LITE
2021-07-01,83.98999786376953,LITE
2021-08-01,86.63999938964844,LITE
2021-09-01,83.54000091552734,LITE
2021-10-01,82.58000183105469,LITE
2021-11-01,86.7699966430664,LITE
2021-12-01,105.7699966430664,LITE
2022-01-01,101.4800033569336,LITE
2022-02-01,98.86000061035156,LITE
2022-03-01,97.5999984741211,LITE
2022-04-01,81.20999908447266,LITE
2022-05-01,86.08000183105469,LITE
2022-06-01,79.41999816894531,LITE
2022-07-01,90.45999908447266,LITE
2022-08-01,83.55000305175781,LITE
2022-09-01,68.56999969482422,LITE
2022-10-01,74.44999694824219,LITE
2022-11-01,54.939998626708984,LITE
2022-12-01,52.16999816894531,LITE
2023-01-01,60.18000030517578,LITE
2023-02-01,53.810001373291016,LITE
2023-03-01,54.0099983215332,LITE
2023-04-01,48.25,LITE
2023-05-01,52.900001525878906,LITE
2023-06-01,56.72999954223633,LITE
2023-07-01,52.36000061035156,LITE
2023-08-01,54.130001068115234,LITE
2023-09-01,45.18000030517578,LITE
2023-10-01,39.209999084472656,LITE
2023-11-01,42.79999923706055,LITE
2023-12-01,52.41999816894531,LITE
2024-01-01,54.939998626708984,LITE
2024-02-01,48.470001220703125,LITE
2024-03-01,47.349998474121094,LITE
2024-04-01,43.7599983215332,LITE
2024-05-01,43.5,LITE
2024-06-01,50.91999816894531,LITE
2024-07-01,51.779998779296875,LITE
2024-08-01,57.61000061035156,LITE
2024-09-01,63.380001068115234,LITE
2024-10-01,63.869998931884766,LITE
2024-11-01,86.97000122070312,LITE
2024-12-01,83.94999694824219,LITE
2025-01-01,85.05999755859375,LITE
2025-02-01,70.33000183105469,LITE
2025-03-01,62.34000015258789,LITE
2025-04-01,59.040000915527344,LITE
2025-05-01,72.27999877929688,LITE
2025-06-01,95.05999755859375,LITE
2025-07-01,110.08000183105469,LITE
2025-08-01,132.80999755859375,LITE
2025-09-01,162.7100067138672,LITE
2025-10-01,201.55999755859375,LITE
2025-11-01,325.1600036621094,LITE
2025-12-01,368.5899963378906,LITE
2026-01-01,391.8399963378906,LITE
2017-01-01,7.190000057220459,LSCC
2017-02-01,7.070000171661377,LSCC
2017-03-01,6.920000076293945,LSCC
2017-04-01,6.860000133514404,LSCC
2017-05-01,6.949999809265137,LSCC
2017-06-01,6.659999847412109,LSCC
2017-07-01,6.960000038146973,LSCC
2017-08-01,5.650000095367432,LSCC
2017-09-01,5.210000038146973,LSCC
2017-10-01,5.849999904632568,LSCC
2017-11-01,5.869999885559082,LSCC
2017-12-01,5.78000020980835,LSCC
2018-01-01,6.510000228881836,LSCC
2018-02-01,6.010000228881836,LSCC
2018-03-01,5.570000171661377,LSCC
2018-04-01,5.420000076293945,LSCC
2018-05-01,5.75,LSCC
2018-06-01,6.559999942779541,LSCC
2018-07-01,7.690000057220459,LSCC
2018-08-01,8.1899995803833,LSCC
2018-09-01,8.0,LSCC
2018-10-01,6.010000228881836,LSCC
2018-11-01,5.860000133514404,LSCC
2018-12-01,6.920000076293945,LSCC
2019-01-01,7.800000190734863,LSCC
2019-02-01,11.800000190734863,LSCC
2019-03-01,11.930000305175781,LSCC
2019-04-01,12.949999809265137,LSCC
2019-05-01,12.800000190734863,LSCC
2019-06-01,14.59000015258789,LSCC
2019-07-01,19.34000015258789,LSCC
2019-08-01,19.690000534057617,LSCC
2019-09-01,18.290000915527344,LSCC
2019-10-01,19.59000015258789,LSCC
2019-11-01,18.889999389648438,LSCC
2019-12-01,19.139999389648438,LSCC
2020-01-01,18.600000381469727,LSCC
2020-02-01,17.950000762939453,LSCC
2020-03-01,17.81999969482422,LSCC
2020-04-01,22.510000228881836,LSCC
2020-05-01,24.8700008392334,LSCC
2020-06-01,28.389999389648438,LSCC
2020-07-01,31.09000015258789,LSCC
2020-08-01,28.600000381469727,LSCC
2020-09-01,28.959999084472656,LSCC
2020-10-01,34.900001525878906,LSCC
2020-11-01,41.849998474121094,LSCC
2020-12-01,45.81999969482422,LSCC
2021-01-01,40.11000061035156,LSCC
2021-02-01,48.119998931884766,LSCC
2021-03-01,45.02000045776367,LSCC
2021-04-01,50.310001373291016,LSCC
2021-05-01,53.06999969482422,LSCC
2021-06-01,56.18000030517578,LSCC
2021-07-01,56.75,LSCC
2021-08-01,62.119998931884766,LSCC
2021-09-01,64.6500015258789,LSCC
2021-10-01,69.44000244140625,LSCC
2021-11-01,75.93000030517578,LSCC
2021-12-01,77.05999755859375,LSCC
2022-01-01,55.220001220703125,LSCC
2022-02-01,62.619998931884766,LSCC
2022-03-01,60.95000076293945,LSCC
2022-04-01,48.040000915527344,LSCC
2022-05-01,52.02000045776367,LSCC
2022-06-01,48.5,LSCC
2022-07-01,61.5,LSCC
2022-08-01,53.900001525878906,LSCC
2022-09-01,49.209999084472656,LSCC
2022-10-01,48.5099983215332,LSCC
2022-11-01,72.83000183105469,LSCC
2022-12-01,64.87999725341797,LSCC
2023-01-01,75.79000091552734,LSCC
2023-02-01,84.95999908447266,LSCC
2023-03-01,95.5,LSCC
2023-04-01,79.69999694824219,LSCC
2023-05-01,81.30999755859375,LSCC
2023-06-01,96.06999969482422,LSCC
2023-07-01,90.94000244140625,LSCC
2023-08-01,97.26000213623047,LSCC
2023-09-01,85.93000030517578,LSCC
2023-10-01,55.61000061035156,LSCC
2023-11-01,58.54999923706055,LSCC
2023-12-01,68.98999786376953,LSCC
2024-01-01,60.86000061035156,LSCC
2024-02-01,76.61000061035156,LSCC
2024-03-01,78.2300033569336,LSCC
2024-04-01,68.5999984741211,LSCC
2024-05-01,74.23999786376953,LSCC
2024-06-01,57.9900016784668,LSCC
2024-07-01,53.0,LSCC
2024-08-01,47.36000061035156,LSCC
2024-09-01,53.06999969482422,LSCC
2024-10-01,50.65999984741211,LSCC
2024-11-01,56.75,LSCC
2024-12-01,56.650001525878906,LSCC
2025-01-01,57.02000045776367,LSCC
2025-02-01,62.34000015258789,LSCC
2025-03-01,52.45000076293945,LSCC
2025-04-01,48.93000030517578,LSCC
2025-05-01,44.939998626708984,LSCC
2025-06-01,48.9900016784668,LSCC
2025-07-01,49.83000183105469,LSCC
2025-08-01,66.37999725341797,LSCC
2025-09-01,73.31999969482422,LSCC
2025-10-01,72.95999908447266,LSCC
2025-11-01,70.20999908447266,LSCC
2025-12-01,73.58000183105469,LSCC
2026-01-01,80.5199966430664,LSCC
2017-01-01,51.2599983215332,MANH
2017-02-01,50.150001525878906,MANH
2017-03-01,52.04999923706055,MANH
2017-04-01,46.689998626708984,MANH
2017-05-01,46.84000015258789,MANH
2017-06-01,48.060001373291016,MANH
2017-07-01,44.20000076293945,MANH
2017-08-01,42.04999923706055,MANH
2017-09-01,41.56999969482422,MANH
2017-10-01,41.86000061035156,MANH
2017-11-01,44.349998474121094,MANH
2017-12-01,49.540000915527344,MANH
2018-01-01,52.81999969482422,MANH
2018-02-01,42.099998474121094,MANH
2018-03-01,41.880001068115234,MANH
2018-04-01,43.060001373291016,MANH
2018-05-01,43.52000045776367,MANH
2018-06-01,47.0099983215332,MANH
2018-07-01,48.119998931884766,MANH
2018-08-01,57.9900016784668,MANH
2018-09-01,54.599998474121094,MANH
2018-10-01,47.7400016784668,MANH
2018-11-01,49.529998779296875,MANH
2018-12-01,42.369998931884766,MANH
2019-01-01,48.77000045776367,MANH
2019-02-01,54.75,MANH
2019-03-01,55.11000061035156,MANH
2019-04-01,67.44999694824219,MANH
2019-05-01,65.47000122070312,MANH
2019-06-01,69.33000183105469,MANH
2019-07-01,84.98999786376953,MANH
2019-08-01,82.62999725341797,MANH
2019-09-01,80.66999816894531,MANH
2019-10-01,74.94999694824219,MANH
2019-11-01,83.51000213623047,MANH
2019-12-01,79.75,MANH
2020-01-01,85.45999908447266,MANH
2020-02-01,67.36000061035156,MANH
2020-03-01,49.81999969482422,MANH
2020-04-01,70.94000244140625,MANH
2020-05-01,88.4000015258789,MANH
2020-06-01,94.19999694824219,MANH
2020-07-01,95.79000091552734,MANH
2020-08-01,97.25,MANH
2020-09-01,95.48999786376953,MANH
2020-10-01,85.5,MANH
2020-11-01,102.23999786376953,MANH
2020-12-01,105.18000030517578,MANH
2021-01-01,113.2300033569336,MANH
2021-02-01,122.94999694824219,MANH
2021-03-01,117.37999725341797,MANH
2021-04-01,137.24000549316406,MANH
2021-05-01,135.97999572753906,MANH
2021-06-01,144.83999633789062,MANH
2021-07-01,159.6300048828125,MANH
2021-08-01,162.99000549316406,MANH
2021-09-01,153.02999877929688,MANH
2021-10-01,181.5399932861328,MANH
2021-11-01,156.16000366210938,MANH
2021-12-01,155.49000549316406,MANH
2022-01-01,133.8699951171875,MANH
2022-02-01,133.67999267578125,MANH
2022-03-01,138.7100067138672,MANH
2022-04-01,130.5500030517578,MANH
2022-05-01,120.93000030517578,MANH
2022-06-01,114.5999984741211,MANH
2022-07-01,140.6699981689453,MANH
2022-08-01,141.25999450683594,MANH
2022-09-01,133.02999877929688,MANH
2022-10-01,121.66999816894531,MANH
2022-11-01,125.94000244140625,MANH
2022-12-01,121.4000015258789,MANH
2023-01-01,130.36000061035156,MANH
2023-02-01,143.75,MANH
2023-03-01,154.85000610351562,MANH
2023-04-01,165.67999267578125,MANH
2023-05-01,181.4199981689453,MANH
2023-06-01,199.8800048828125,MANH
2023-07-01,190.6199951171875,MANH
2023-08-01,202.6199951171875,MANH
2023-09-01,197.66000366210938,MANH
2023-10-01,194.97999572753906,MANH
2023-11-01,223.0500030517578,MANH
2023-12-01,215.32000732421875,MANH
2024-01-01,242.55999755859375,MANH
2024-02-01,253.3300018310547,MANH
2024-03-01,250.22999572753906,MANH
2024-04-01,206.05999755859375,MANH
2024-05-01,219.5399932861328,MANH
2024-06-01,246.67999267578125,MANH
2024-07-01,255.3800048828125,MANH
2024-08-01,264.42999267578125,MANH
2024-09-01,281.3800048828125,MANH
2024-10-01,263.3599853515625,MANH
2024-11-01,285.44000244140625,MANH
2024-12-01,270.239990234375,MANH
2025-01-01,208.58999633789062,MANH
2025-02-01,176.8800048828125,MANH
2025-03-01,173.0399932861328,MANH
2025-04-01,177.38999938964844,MANH
2025-05-01,188.77999877929688,MANH
2025-06-01,197.47000122070312,MANH
2025-07-01,219.66000366210938,MANH
2025-08-01,215.44000244140625,MANH
2025-09-01,204.97999572753906,MANH
2025-10-01,182.07000732421875,MANH
2025-11-01,176.4499969482422,MANH
2025-12-01,173.30999755859375,MANH
2026-01-01,151.00999450683594,MANH
2017-01-01,34.35658264160156,MEI
2017-02-01,33.9072151184082,MEI
2017-03-01,37.257083892822266,MEI
2017-04-01,36.47518539428711,MEI
2017-05-01,32.872703552246094,MEI
2017-06-01,33.732383728027344,MEI
2017-07-01,32.6180534362793,MEI
2017-08-01,33.56171417236328,MEI
2017-09-01,34.751556396484375,MEI
2017-10-01,38.56309127807617,MEI
2017-11-01,38.7275390625,MEI
2017-12-01,32.97184753417969,MEI
2018-01-01,33.67900848388672,MEI
2018-02-01,32.52476501464844,MEI
2018-03-01,32.236202239990234,MEI
2018-04-01,32.98905944824219,MEI
2018-05-01,33.19575500488281,MEI
2018-06-01,33.319786071777344,MEI
2018-07-01,32.54035186767578,MEI
2018-08-01,32.87198257446289,MEI
2018-09-01,30.011743545532227,MEI
2018-10-01,24.62978744506836,MEI
2018-11-01,25.212249755859375,MEI
2018-12-01,19.379318237304688,MEI
2019-01-01,21.520795822143555,MEI
2019-02-01,23.451393127441406,MEI
2019-03-01,24.053142547607422,MEI
2019-04-01,24.75347137451172,MEI
2019-05-01,20.660037994384766,MEI
2019-06-01,23.964977264404297,MEI
2019-07-01,25.223697662353516,MEI
2019-08-01,26.731220245361328,MEI
2019-09-01,28.33139419555664,MEI
2019-10-01,29.07060432434082,MEI
2019-11-01,31.445280075073242,MEI
2019-12-01,33.25373840332031,MEI
2020-01-01,27.755630493164062,MEI
2020-02-01,25.984344482421875,MEI
2020-03-01,22.399423599243164,MEI
2020-04-01,25.54236602783203,MEI
2020-05-01,26.673994064331055,MEI
2020-06-01,26.597414016723633,MEI
2020-07-01,24.084117889404297,MEI
2020-08-01,24.178064346313477,MEI
2020-09-01,24.340335845947266,MEI
2020-10-01,26.3760929107666,MEI
2020-11-01,30.019195556640625,MEI
2020-12-01,32.81367111206055,MEI
2021-01-01,32.44573211669922,MEI
2021-02-01,33.45992660522461,MEI
2021-03-01,36.08137512207031,MEI
2021-04-01,38.71160125732422,MEI
2021-05-01,41.684120178222656,MEI
2021-06-01,42.39924621582031,MEI
2021-07-01,41.332271575927734,MEI
2021-08-01,40.24343490600586,MEI
2021-09-01,36.33748245239258,MEI
2021-10-01,36.47605895996094,MEI
2021-11-01,38.556941986083984,MEI
2021-12-01,42.63199234008789,MEI
2022-01-01,38.288291931152344,MEI
2022-02-01,39.68834686279297,MEI
2022-03-01,37.610015869140625,MEI
2022-04-01,38.91648864746094,MEI
2022-05-01,39.300331115722656,MEI
2022-06-01,32.31263732910156,MEI
2022-07-01,36.12174987792969,MEI
2022-08-01,35.438541412353516,MEI
2022-09-01,32.53934860229492,MEI
2022-10-01,36.25460433959961,MEI
2022-11-01,40.16761016845703,MEI
2022-12-01,39.015689849853516,MEI
2023-01-01,42.10505294799805,MEI
2023-02-01,42.97819900512695,MEI
2023-03-01,38.7006721496582,MEI
2023-04-01,36.27070236206055,MEI
2023-05-01,38.09352493286133,MEI
2023-06-01,29.66074562072754,MEI
2023-07-01,29.891033172607422,MEI
2023-08-01,28.65593910217285,MEI
2023-09-01,20.30350685119629,MEI
2023-10-01,20.435264587402344,MEI
2023-11-01,21.203704833984375,MEI
2023-12-01,20.310165405273438,MEI
2024-01-01,18.675838470458984,MEI
2024-02-01,19.1616268157959,MEI
2024-03-01,10.957209587097168,MEI
2024-04-01,11.093194007873535,MEI
2024-05-01,10.720084190368652,MEI
2024-06-01,9.418750762939453,MEI
2024-07-01,11.639328002929688,MEI
2024-08-01,9.579920768737793,MEI
2024-09-01,10.99576473236084,MEI
2024-10-01,8.118919372558594,MEI
2024-11-01,10.167271614074707,MEI
2024-12-01,10.977300643920898,MEI
2025-01-01,10.661443710327148,MEI
2025-02-01,10.265878677368164,MEI
2025-03-01,6.008835315704346,MEI
2025-04-01,6.055549621582031,MEI
2025-05-01,7.678089618682861,MEI
2025-06-01,9.184734344482422,MEI
2025-07-01,6.4033403396606445,MEI
2025-08-01,7.5453996658325195,MEI
2025-09-01,7.369698524475098,MEI
2025-10-01,6.615673542022705,MEI
2025-11-01,7.451233863830566,MEI
2025-12-01,6.527202129364014,MEI
2026-01-01,7.9075541496276855,MEI
2017-01-01,8.470000267028809,MGNI
2017-02-01,8.739999771118164,MGNI
2017-03-01,5.889999866485596,MGNI
2017-04-01,5.710000038146973,MGNI
2017-05-01,4.980000019073486,MGNI
2017-06-01,5.139999866485596,MGNI
2017-07-01,4.699999809265137,MGNI
2017-08-01,3.759999990463257,MGNI
2017-09-01,3.890000104904175,MGNI
2017-10-01,3.559999942779541,MGNI
2017-11-01,1.7999999523162842,MGNI
2017-12-01,1.8700000047683716,MGNI
2018-01-01,1.9199999570846558,MGNI
2018-02-01,1.6100000143051147,MGNI
2018-03-01,1.7999999523162842,MGNI
2018-04-01,2.180000066757202,MGNI
2018-05-01,2.3499999046325684,MGNI
2018-06-01,2.8499999046325684,MGNI
2018-07-01,2.880000114440918,MGNI
2018-08-01,3.9800000190734863,MGNI
2018-09-01,3.5999999046325684,MGNI
2018-10-01,3.4100000858306885,MGNI
2018-11-01,4.449999809265137,MGNI
2018-12-01,3.7300000190734863,MGNI
2019-01-01,4.460000038146973,MGNI
2019-02-01,5.869999885559082,MGNI
2019-03-01,6.079999923706055,MGNI
2019-04-01,6.389999866485596,MGNI
2019-05-01,5.5,MGNI
2019-06-01,6.360000133514404,MGNI
2019-07-01,7.610000133514404,MGNI
2019-08-01,10.229999542236328,MGNI
2019-09-01,8.710000038146973,MGNI
2019-10-01,8.5,MGNI
2019-11-01,8.079999923706055,MGNI
2019-12-01,8.15999984741211,MGNI
2020-01-01,9.359999656677246,MGNI
2020-02-01,11.350000381469727,MGNI
2020-03-01,5.550000190734863,MGNI
2020-04-01,7.170000076293945,MGNI
2020-05-01,6.269999980926514,MGNI
2020-06-01,6.670000076293945,MGNI
2020-07-01,6.010000228881836,MGNI
2020-08-01,7.349999904632568,MGNI
2020-09-01,6.949999809265137,MGNI
2020-10-01,9.029999732971191,MGNI
2020-11-01,19.0,MGNI
2020-12-01,30.709999084472656,MGNI
2021-01-01,34.63999938964844,MGNI
2021-02-01,48.869998931884766,MGNI
2021-03-01,41.61000061035156,MGNI
2021-04-01,40.04999923706055,MGNI
2021-05-01,29.700000762939453,MGNI
2021-06-01,33.84000015258789,MGNI
2021-07-01,30.299999237060547,MGNI
2021-08-01,29.020000457763672,MGNI
2021-09-01,28.0,MGNI
2021-10-01,27.030000686645508,MGNI
2021-11-01,17.6299991607666,MGNI
2021-12-01,17.5,MGNI
2022-01-01,13.569999694824219,MGNI
2022-02-01,14.579999923706055,MGNI
2022-03-01,13.210000038146973,MGNI
2022-04-01,9.649999618530273,MGNI
2022-05-01,10.989999771118164,MGNI
2022-06-01,8.880000114440918,MGNI
2022-07-01,7.639999866485596,MGNI
2022-08-01,7.53000020980835,MGNI
2022-09-01,6.570000171661377,MGNI
2022-10-01,7.289999961853027,MGNI
2022-11-01,11.109999656677246,MGNI
2022-12-01,10.59000015258789,MGNI
2023-01-01,12.079999923706055,MGNI
2023-02-01,11.130000114440918,MGNI
2023-03-01,9.260000228881836,MGNI
2023-04-01,9.399999618530273,MGNI
2023-05-01,11.880000114440918,MGNI
2023-06-01,13.649999618530273,MGNI
2023-07-01,15.130000114440918,MGNI
2023-08-01,8.25,MGNI
2023-09-01,7.539999961853027,MGNI
2023-10-01,6.639999866485596,MGNI
2023-11-01,8.079999923706055,MGNI
2023-12-01,9.34000015258789,MGNI
2024-01-01,8.850000381469727,MGNI
2024-02-01,12.020000457763672,MGNI
2024-03-01,10.75,MGNI
2024-04-01,8.829999923706055,MGNI
2024-05-01,12.34000015258789,MGNI
2024-06-01,13.289999961853027,MGNI
2024-07-01,14.539999961853027,MGNI
2024-08-01,13.789999961853027,MGNI
2024-09-01,13.850000381469727,MGNI
2024-10-01,12.479999542236328,MGNI
2024-11-01,16.790000915527344,MGNI
2024-12-01,15.920000076293945,MGNI
2025-01-01,17.200000762939453,MGNI
2025-02-01,15.770000457763672,MGNI
2025-03-01,11.40999984741211,MGNI
2025-04-01,11.890000343322754,MGNI
2025-05-01,16.360000610351562,MGNI
2025-06-01,24.1200008392334,MGNI
2025-07-01,23.010000228881836,MGNI
2025-08-01,25.950000762939453,MGNI
2025-09-01,21.780000686645508,MGNI
2025-10-01,17.8799991607666,MGNI
2025-11-01,14.6899995803833,MGNI
2025-12-01,16.229999542236328,MGNI
2026-01-01,14.470000267028809,MGNI
2017-01-01,6.599999904632568,MITK
2017-02-01,6.25,MITK
2017-03-01,6.650000095367432,MITK
2017-04-01,8.75,MITK
2017-05-01,7.800000190734863,MITK
2017-06-01,8.399999618530273,MITK
2017-07-01,9.5,MITK
2017-08-01,10.149999618530273,MITK
2017-09-01,9.5,MITK
2017-10-01,8.899999618530273,MITK
2017-11-01,9.0,MITK
2017-12-01,8.949999809265137,MITK
2018-01-01,7.800000190734863,MITK
2018-02-01,7.650000095367432,MITK
2018-03-01,7.400000095367432,MITK
2018-04-01,7.75,MITK
2018-05-01,8.649999618530273,MITK
2018-06-01,8.899999618530273,MITK
2018-07-01,8.449999809265137,MITK
2018-08-01,7.25,MITK
2018-09-01,7.050000190734863,MITK
2018-10-01,9.170000076293945,MITK
2018-11-01,9.569999694824219,MITK
2018-12-01,10.8100004196167,MITK
2019-01-01,11.029999732971191,MITK
2019-02-01,10.8100004196167,MITK
2019-03-01,12.239999771118164,MITK
2019-04-01,11.899999618530273,MITK
2019-05-01,10.199999809265137,MITK
2019-06-01,9.9399995803833,MITK
2019-07-01,10.039999961853027,MITK
2019-08-01,10.140000343322754,MITK
2019-09-01,9.649999618530273,MITK
2019-10-01,9.640000343322754,MITK
2019-11-01,7.130000114440918,MITK
2019-12-01,7.650000095367432,MITK
2020-01-01,9.760000228881836,MITK
2020-02-01,8.710000038146973,MITK
2020-03-01,7.880000114440918,MITK
2020-04-01,9.329999923706055,MITK
2020-05-01,9.329999923706055,MITK
2020-06-01,9.609999656677246,MITK
2020-07-01,10.260000228881836,MITK
2020-08-01,12.6899995803833,MITK
2020-09-01,12.739999771118164,MITK
2020-10-01,12.449999809265137,MITK
2020-11-01,11.779999732971191,MITK
2020-12-01,17.780000686645508,MITK
2021-01-01,16.149999618530273,MITK
2021-02-01,15.279999732971191,MITK
2021-03-01,14.579999923706055,MITK
2021-04-01,16.209999084472656,MITK
2021-05-01,16.959999084472656,MITK
2021-06-01,19.260000228881836,MITK
2021-07-01,22.110000610351562,MITK
2021-08-01,22.3700008392334,MITK
2021-09-01,18.5,MITK
2021-10-01,18.829999923706055,MITK
2021-11-01,17.1299991607666,MITK
2021-12-01,17.75,MITK
2022-01-01,16.3700008392334,MITK
2022-02-01,14.859999656677246,MITK
2022-03-01,14.670000076293945,MITK
2022-04-01,11.170000076293945,MITK
2022-05-01,9.020000457763672,MITK
2022-06-01,9.239999771118164,MITK
2022-07-01,10.880000114440918,MITK
2022-08-01,10.220000267028809,MITK
2022-09-01,9.15999984741211,MITK
2022-10-01,11.3100004196167,MITK
2022-11-01,10.229999542236328,MITK
2022-12-01,9.6899995803833,MITK
2023-01-01,9.859999656677246,MITK
2023-02-01,9.300000190734863,MITK
2023-03-01,9.59000015258789,MITK
2023-04-01,9.020000457763672,MITK
2023-05-01,10.420000076293945,MITK
2023-06-01,10.84000015258789,MITK
2023-07-01,10.210000038146973,MITK
2023-08-01,11.170000076293945,MITK
2023-09-01,10.720000267028809,MITK
2023-10-01,10.680000305175781,MITK
2023-11-01,11.289999961853027,MITK
2023-12-01,13.039999961853027,MITK
2024-01-01,12.600000381469727,MITK
2024-02-01,11.609999656677246,MITK
2024-03-01,14.100000381469727,MITK
2024-04-01,12.630000114440918,MITK
2024-05-01,12.550000190734863,MITK
2024-06-01,11.180000305175781,MITK
2024-07-01,13.3100004196167,MITK
2024-08-01,9.319999694824219,MITK
2024-09-01,8.670000076293945,MITK
2024-10-01,8.59000015258789,MITK
2024-11-01,9.319999694824219,MITK
2024-12-01,11.130000114440918,MITK
2025-01-01,10.199999809265137,MITK
2025-02-01,9.369999885559082,MITK
2025-03-01,8.25,MITK
2025-04-01,8.279999732971191,MITK
2025-05-01,9.390000343322754,MITK
2025-06-01,9.899999618530273,MITK
2025-07-01,9.020000457763672,MITK
2025-08-01,10.170000076293945,MITK
2025-09-01,9.770000457763672,MITK
2025-10-01,9.210000038146973,MITK
2025-11-01,8.859999656677246,MITK
2025-12-01,10.550000190734863,MITK
2026-01-01,10.020000457763672,MITK
2017-01-01,12.600000381469727,MRDN
2017-02-01,1.7999999523162842,MRDN
2017-03-01,1.7999999523162842,MRDN
2017-04-01,1.7999999523162842,MRDN
2017-05-01,1.7999999523162842,MRDN
2017-06-01,1.7999999523162842,MRDN
2017-07-01,1.7999999523162842,MRDN
2017-08-01,3.5999999046325684,MRDN
2017-09-01,1.7999999523162842,MRDN
2017-10-01,1.7999999523162842,MRDN
2017-11-01,1.7999999523162842,MRDN
2017-12-01,1.7999999523162842,MRDN
2018-01-01,1.7999999523162842,MRDN
2018-02-01,1.7999999523162842,MRDN
2018-03-01,1.7999999523162842,MRDN
2018-04-01,1.7999999523162842,MRDN
2018-05-01,3.5999999046325684,MRDN
2018-06-01,1.7999999523162842,MRDN
2018-07-01,1.7999999523162842,MRDN
2018-08-01,1.7999999523162842,MRDN
2018-09-01,1.7999999523162842,MRDN
2018-10-01,1.7999999523162842,MRDN
2018-11-01,1.7999999523162842,MRDN
2018-12-01,1.7999999523162842,MRDN
2019-01-01,1.7999999523162842,MRDN
2019-02-01,3.5999999046325684,MRDN
2019-03-01,5.400000095367432,MRDN
2019-04-01,3.5999999046325684,MRDN
2019-05-01,5.400000095367432,MRDN
2019-06-01,10.800000190734863,MRDN
2019-07-01,10.800000190734863,MRDN
2019-08-01,10.800000190734863,MRDN
2019-09-01,10.800000190734863,MRDN
2019-10-01,9.0,MRDN
2019-11-01,9.0,MRDN
2019-12-01,9.0,MRDN
2020-01-01,9.0,MRDN
2020-02-01,7.199999809265137,MRDN
2020-03-01,9.0,MRDN
2020-04-01,16.200000762939453,MRDN
2020-05-01,25.200000762939453,MRDN
2020-06-01,37.68000030517578,MRDN
2020-07-01,41.7599983215332,MRDN
2020-08-01,73.80000305175781,MRDN
2020-09-01,66.57599639892578,MRDN
2020-10-01,69.64800262451172,MRDN
2020-11-01,88.44000244140625,MRDN
2020-12-01,82.68000030517578,MRDN
2021-01-01,61.08000183105469,MRDN
2021-02-01,68.4000015258789,MRDN
2021-03-01,78.0,MRDN
2021-04-01,161.39999389648438,MRDN
2021-05-01,129.60000610351562,MRDN
2021-06-01,97.86000061035156,MRDN
2021-07-01,83.76000213623047,MRDN
2021-08-01,81.5999984741211,MRDN
2021-09-01,87.21600341796875,MRDN
2021-10-01,90.0,MRDN
2021-11-01,87.0,MRDN
2021-12-01,77.04000091552734,MRDN
2022-01-01,74.87999725341797,MRDN
2022-02-01,61.439998626708984,MRDN
2022-03-01,82.44000244140625,MRDN
2022-04-01,55.79999923706055,MRDN
2022-05-01,52.31999969482422,MRDN
2022-06-01,53.7599983215332,MRDN
2022-07-01,48.720001220703125,MRDN
2022-08-01,45.0,MRDN
2022-09-01,35.040000915527344,MRDN
2022-10-01,30.0,MRDN
2022-11-01,28.559999465942383,MRDN
2022-12-01,30.479999542236328,MRDN
2023-01-01,39.119998931884766,MRDN
2023-02-01,38.15999984741211,MRDN
2023-03-01,31.799999237060547,MRDN
2023-04-01,27.1200008392334,MRDN
2023-05-01,26.040000915527344,MRDN
2023-06-01,31.5,MRDN
2023-07-01,24.600000381469727,MRDN
2023-08-01,34.68000030517578,MRDN
2023-09-01,35.279998779296875,MRDN
2023-10-01,30.479999542236328,MRDN
2023-11-01,29.760000228881836,MRDN
2023-12-01,28.920000076293945,MRDN
2024-01-01,34.439998626708984,MRDN
2024-02-01,33.119998931884766,MRDN
2024-03-01,34.31999969482422,MRDN
2024-04-01,43.08000183105469,MRDN
2024-05-01,72.83999633789062,MRDN
2024-06-01,29.639999389648438,MRDN
2024-07-01,26.760000228881836,MRDN
2024-08-01,31.079999923706055,MRDN
2024-09-01,27.959999084472656,MRDN
2024-10-01,30.1200008392334,MRDN
2024-11-01,27.84000015258789,MRDN
2024-12-01,23.760000228881836,MRDN
2025-01-01,20.700000762939453,MRDN
2025-02-01,25.200000762939453,MRDN
2025-03-01,23.639999389648438,MRDN
2025-04-01,22.559999465942383,MRDN
2025-05-01,22.31999969482422,MRDN
2025-06-01,20.399999618530273,MRDN
2025-07-01,17.81999969482422,MRDN
2025-08-01,14.760000228881836,MRDN
2025-09-01,13.5600004196167,MRDN
2025-10-01,12.359999656677246,MRDN
2025-11-01,8.723999977111816,MRDN
2025-12-01,9.612000465393066,MRDN
2026-01-01,8.748000144958496,MRDN
2017-01-01,15.873083114624023,MTCH
2017-02-01,14.76735782623291,MTCH
2017-03-01,14.922709465026855,MTCH
2017-04-01,17.024497985839844,MTCH
2017-05-01,17.801246643066406,MTCH
2017-06-01,15.882220268249512,MTCH
2017-07-01,16.67724609375,MTCH
2017-08-01,19.87562370300293,MTCH
2017-09-01,21.191526412963867,MTCH
2017-10-01,24.435590744018555,MTCH
2017-11-01,26.866355895996094,MTCH
2017-12-01,28.61175537109375,MTCH
2018-01-01,31.928930282592773,MTCH
2018-02-01,36.59856033325195,MTCH
2018-03-01,40.6102294921875,MTCH
2018-04-01,43.05927658081055,MTCH
2018-05-01,37.603763580322266,MTCH
2018-06-01,35.40145492553711,MTCH
2018-07-01,33.00724411010742,MTCH
2018-08-01,45.736778259277344,MTCH
2018-09-01,52.91941833496094,MTCH
2018-10-01,47.26285934448242,MTCH
2018-11-01,36.79960250854492,MTCH
2018-12-01,41.06510925292969,MTCH
2019-01-01,51.357791900634766,MTCH
2019-02-01,53.172447204589844,MTCH
2019-03-01,54.35342025756836,MTCH
2019-04-01,57.992340087890625,MTCH
2019-05-01,65.9134750366211,MTCH
2019-06-01,64.58849334716797,MTCH
2019-07-01,72.28880310058594,MTCH
2019-08-01,81.41971588134766,MTCH
2019-09-01,68.5922622680664,MTCH
2019-10-01,70.0804672241211,MTCH
2019-11-01,67.6705322265625,MTCH
2019-12-01,78.8369369506836,MTCH
2020-01-01,75.10198974609375,MTCH
2020-02-01,62.408973693847656,MTCH
2020-03-01,63.40752410888672,MTCH
2020-04-01,73.89222717285156,MTCH
2020-05-01,85.49069213867188,MTCH
2020-06-01,102.78279113769531,MTCH
2020-07-01,98.60617065429688,MTCH
2020-08-01,107.22821807861328,MTCH
2020-09-01,106.2392807006836,MTCH
2020-10-01,112.12492370605469,MTCH
2020-11-01,133.66082763671875,MTCH
2020-12-01,145.1632843017578,MTCH
2021-01-01,134.284912109375,MTCH
2021-02-01,146.75711059570312,MTCH
2021-03-01,131.90377807617188,MTCH
2021-04-01,149.42626953125,MTCH
2021-05-01,137.6645965576172,MTCH
2021-06-01,154.822265625,MTCH
2021-07-01,152.9211883544922,MTCH
2021-08-01,131.96141052246094,MTCH
2021-09-01,150.73208618164062,MTCH
2021-10-01,144.76963806152344,MTCH
2021-11-01,124.80835723876953,MTCH
2021-12-01,126.978271484375,MTCH
2022-01-01,108.20757293701172,MTCH
2022-02-01,107.0457992553711,MTCH
2022-03-01,104.40541076660156,MTCH
2022-04-01,75.99493408203125,MTCH
2022-05-01,75.63967895507812,MTCH
2022-06-01,66.91203308105469,MTCH
2022-07-01,70.38772583007812,MTCH
2022-08-01,54.276611328125,MTCH
2022-09-01,45.846595764160156,MTCH
2022-10-01,41.47796630859375,MTCH
2022-11-01,48.54458236694336,MTCH
2022-12-01,39.83612823486328,MTCH
2023-01-01,51.962677001953125,MTCH
2023-02-01,39.7689208984375,MTCH
2023-03-01,36.85969924926758,MTCH
2023-04-01,35.429100036621094,MTCH
2023-05-01,33.12476348876953,MTCH
2023-06-01,40.18178176879883,MTCH
2023-07-01,44.65602111816406,MTCH
2023-08-01,45.001670837402344,MTCH
2023-09-01,37.61341094970703,MTCH
2023-10-01,33.22077941894531,MTCH
2023-11-01,31.089271545410156,MTCH
2023-12-01,35.045040130615234,MTCH
2024-01-01,36.850101470947266,MTCH
2024-02-01,34.60337829589844,MTCH
2024-03-01,34.83381271362305,MTCH
2024-04-01,29.591455459594727,MTCH
2024-05-01,29.409029006958008,MTCH
2024-06-01,29.168994903564453,MTCH
2024-07-01,36.619667053222656,MTCH
2024-08-01,35.72673797607422,MTCH
2024-09-01,36.33162307739258,MTCH
2024-10-01,34.593772888183594,MTCH
2024-11-01,31.43492317199707,MTCH
2024-12-01,31.406116485595703,MTCH
2025-01-01,34.477378845214844,MTCH
2025-02-01,30.624025344848633,MTCH
2025-03-01,30.131492614746094,MTCH
2025-04-01,28.818222045898438,MTCH
2025-05-01,29.090274810791016,MTCH
2025-06-01,30.013315200805664,MTCH
2025-07-01,33.49355697631836,MTCH
2025-08-01,36.49400329589844,MTCH
2025-09-01,34.51976776123047,MTCH
2025-10-01,31.7810001373291,MTCH
2025-11-01,32.73423385620117,MTCH
2025-12-01,31.73186683654785,MTCH
2026-01-01,30.791805267333984,MTCH
2017-01-01,47.54999923706055,MTSI
2017-02-01,46.09000015258789,MTSI
2017-03-01,48.29999923706055,MTSI
2017-04-01,48.880001068115234,MTSI
2017-05-01,60.970001220703125,MTSI
2017-06-01,55.77000045776367,MTSI
2017-07-01,60.54999923706055,MTSI
2017-08-01,45.540000915527344,MTSI
2017-09-01,44.61000061035156,MTSI
2017-10-01,40.880001068115234,MTSI
2017-11-01,32.59000015258789,MTSI
2017-12-01,32.540000915527344,MTSI
2018-01-01,31.100000381469727,MTSI
2018-02-01,21.34000015258789,MTSI
2018-03-01,16.600000381469727,MTSI
2018-04-01,16.6200008392334,MTSI
2018-05-01,22.549999237060547,MTSI
2018-06-01,23.040000915527344,MTSI
2018-07-01,20.829999923706055,MTSI
2018-08-01,23.049999237060547,MTSI
2018-09-01,20.600000381469727,MTSI
2018-10-01,14.069999694824219,MTSI
2018-11-01,17.770000457763672,MTSI
2018-12-01,14.510000228881836,MTSI
2019-01-01,18.030000686645508,MTSI
2019-02-01,19.09000015258789,MTSI
2019-03-01,16.709999084472656,MTSI
2019-04-01,13.890000343322754,MTSI
2019-05-01,14.149999618530273,MTSI
2019-06-01,15.130000114440918,MTSI
2019-07-01,19.6200008392334,MTSI
2019-08-01,19.639999389648438,MTSI
2019-09-01,21.5,MTSI
2019-10-01,22.739999771118164,MTSI
2019-11-01,24.670000076293945,MTSI
2019-12-01,26.600000381469727,MTSI
2020-01-01,28.420000076293945,MTSI
2020-02-01,25.270000457763672,MTSI
2020-03-01,18.93000030517578,MTSI
2020-04-01,30.65999984741211,MTSI
2020-05-01,31.75,MTSI
2020-06-01,34.349998474121094,MTSI
2020-07-01,42.2599983215332,MTSI
2020-08-01,35.630001068115234,MTSI
2020-09-01,34.0099983215332,MTSI
2020-10-01,36.5,MTSI
2020-11-01,44.68000030517578,MTSI
2020-12-01,55.040000915527344,MTSI
2021-01-01,56.86000061035156,MTSI
2021-02-01,64.3499984741211,MTSI
2021-03-01,58.02000045776367,MTSI
2021-04-01,56.61000061035156,MTSI
2021-05-01,59.20000076293945,MTSI
2021-06-01,64.08000183105469,MTSI
2021-07-01,61.720001220703125,MTSI
2021-08-01,60.709999084472656,MTSI
2021-09-01,64.87000274658203,MTSI
2021-10-01,69.81999969482422,MTSI
2021-11-01,71.91000366210938,MTSI
2021-12-01,78.30000305175781,MTSI
2022-01-01,61.209999084472656,MTSI
2022-02-01,60.099998474121094,MTSI
2022-03-01,59.869998931884766,MTSI
2022-04-01,50.95000076293945,MTSI
2022-05-01,54.5099983215332,MTSI
2022-06-01,46.099998474121094,MTSI
2022-07-01,57.939998626708984,MTSI
2022-08-01,55.150001525878906,MTSI
2022-09-01,51.790000915527344,MTSI
2022-10-01,57.869998931884766,MTSI
2022-11-01,68.69000244140625,MTSI
2022-12-01,62.97999954223633,MTSI
2023-01-01,67.0199966430664,MTSI
2023-02-01,68.54000091552734,MTSI
2023-03-01,70.83999633789062,MTSI
2023-04-01,58.34000015258789,MTSI
2023-05-01,59.83000183105469,MTSI
2023-06-01,65.52999877929688,MTSI
2023-07-01,69.91999816894531,MTSI
2023-08-01,84.55999755859375,MTSI
2023-09-01,81.58000183105469,MTSI
2023-10-01,70.54000091552734,MTSI
2023-11-01,83.9800033569336,MTSI
2023-12-01,92.94999694824219,MTSI
2024-01-01,86.2300033569336,MTSI
2024-02-01,88.33000183105469,MTSI
2024-03-01,95.63999938964844,MTSI
2024-04-01,101.94999694824219,MTSI
2024-05-01,101.13999938964844,MTSI
2024-06-01,111.47000122070312,MTSI
2024-07-01,100.91999816894531,MTSI
2024-08-01,109.2300033569336,MTSI
2024-09-01,111.26000213623047,MTSI
2024-10-01,112.4000015258789,MTSI
2024-11-01,132.82000732421875,MTSI
2024-12-01,129.91000366210938,MTSI
2025-01-01,132.25,MTSI
2025-02-01,115.66000366210938,MTSI
2025-03-01,100.37999725341797,MTSI
2025-04-01,103.75,MTSI
2025-05-01,121.61000061035156,MTSI
2025-06-01,143.2899932861328,MTSI
2025-07-01,137.13999938964844,MTSI
2025-08-01,128.14999389648438,MTSI
2025-09-01,124.48999786376953,MTSI
2025-10-01,148.1300048828125,MTSI
2025-11-01,174.99000549316406,MTSI
2025-12-01,171.27999877929688,MTSI
2026-01-01,219.05999755859375,MTSI
2017-01-01,20.25,MVIS
2017-02-01,24.0,MVIS
2017-03-01,37.349998474121094,MVIS
2017-04-01,33.75,MVIS
2017-05-01,29.549999237060547,MVIS
2017-06-01,31.799999237060547,MVIS
2017-07-01,34.04999923706055,MVIS
2017-08-01,35.54999923706055,MVIS
2017-09-01,41.70000076293945,MVIS
2017-10-01,33.150001525878906,MVIS
2017-11-01,25.350000381469727,MVIS
2017-12-01,24.450000762939453,MVIS
2018-01-01,17.850000381469727,MVIS
2018-02-01,16.5,MVIS
2018-03-01,16.950000762939453,MVIS
2018-04-01,19.200000762939453,MVIS
2018-05-01,24.450000762939453,MVIS
2018-06-01,16.799999237060547,MVIS
2018-07-01,13.5,MVIS
2018-08-01,16.049999237060547,MVIS
2018-09-01,18.149999618530273,MVIS
2018-10-01,16.200000762939453,MVIS
2018-11-01,11.850000381469727,MVIS
2018-12-01,9.0,MVIS
2019-01-01,13.199999809265137,MVIS
2019-02-01,17.100000381469727,MVIS
2019-03-01,14.550000190734863,MVIS
2019-04-01,15.0,MVIS
2019-05-01,12.600000381469727,MVIS
2019-06-01,12.149999618530273,MVIS
2019-07-01,9.600000381469727,MVIS
2019-08-01,9.149999618530273,MVIS
2019-09-01,9.0,MVIS
2019-10-01,11.100000381469727,MVIS
2019-11-01,11.850000381469727,MVIS
2019-12-01,10.800000190734863,MVIS
2020-01-01,9.75,MVIS
2020-02-01,3.75,MVIS
2020-03-01,2.549999952316284,MVIS
2020-04-01,5.25,MVIS
2020-05-01,13.199999809265137,MVIS
2020-06-01,20.399999618530273,MVIS
2020-07-01,30.299999237060547,MVIS
2020-08-01,23.700000762939453,MVIS
2020-09-01,29.25,MVIS
2020-10-01,25.950000762939453,MVIS
2020-11-01,34.650001525878906,MVIS
2020-12-01,80.69999694824219,MVIS
2021-01-01,106.6500015258789,MVIS
2021-02-01,223.0500030517578,MVIS
2021-03-01,278.25,MVIS
2021-04-01,228.75,MVIS
2021-05-01,234.0,MVIS
2021-06-01,251.25,MVIS
2021-07-01,206.5500030517578,MVIS
2021-08-01,220.9499969482422,MVIS
2021-09-01,165.75,MVIS
2021-10-01,114.1500015258789,MVIS
2021-11-01,106.19999694824219,MVIS
2021-12-01,75.1500015258789,MVIS
2022-01-01,51.150001525878906,MVIS
2022-02-01,60.150001525878906,MVIS
2022-03-01,70.05000305175781,MVIS
2022-04-01,48.45000076293945,MVIS
2022-05-01,54.0,MVIS
2022-06-01,57.599998474121094,MVIS
2022-07-01,77.25,MVIS
2022-08-01,72.5999984741211,MVIS
2022-09-01,54.150001525878906,MVIS
2022-10-01,54.900001525878906,MVIS
2022-11-01,45.45000076293945,MVIS
2022-12-01,35.25,MVIS
2023-01-01,37.650001525878906,MVIS
2023-02-01,38.400001525878906,MVIS
2023-03-01,40.04999923706055,MVIS
2023-04-01,30.0,MVIS
2023-05-01,70.3499984741211,MVIS
2023-06-01,68.69999694824219,MVIS
2023-07-01,60.0,MVIS
2023-08-01,37.79999923706055,MVIS
2023-09-01,32.849998474121094,MVIS
2023-10-01,28.350000381469727,MVIS
2023-11-01,37.79999923706055,MVIS
2023-12-01,39.900001525878906,MVIS
2024-01-01,35.70000076293945,MVIS
2024-02-01,35.400001525878906,MVIS
2024-03-01,27.600000381469727,MVIS
2024-04-01,21.75,MVIS
2024-05-01,17.700000762939453,MVIS
2024-06-01,15.899999618530273,MVIS
2024-07-01,16.049999237060547,MVIS
2024-08-01,14.25,MVIS
2024-09-01,17.100000381469727,MVIS
2024-10-01,15.149999618530273,MVIS
2024-11-01,13.5,MVIS
2024-12-01,19.649999618530273,MVIS
2025-01-01,23.850000381469727,MVIS
2025-02-01,21.75,MVIS
2025-03-01,18.600000381469727,MVIS
2025-04-01,16.950000762939453,MVIS
2025-05-01,16.5,MVIS
2025-06-01,17.100000381469727,MVIS
2025-07-01,16.649999618530273,MVIS
2025-08-01,17.25,MVIS
2025-09-01,18.600000381469727,MVIS
2025-10-01,17.549999237060547,MVIS
2025-11-01,14.100000381469727,MVIS
2025-12-01,12.449999809265137,MVIS
2026-01-01,12.149999618530273,MVIS
2017-01-01,25.579999923706055,MXL
2017-02-01,26.040000915527344,MXL
2017-03-01,28.049999237060547,MXL
2017-04-01,27.829999923706055,MXL
2017-05-01,31.149999618530273,MXL
2017-06-01,27.889999389648438,MXL
2017-07-01,26.200000762939453,MXL
2017-08-01,21.600000381469727,MXL
2017-09-01,23.75,MXL
2017-10-01,24.469999313354492,MXL
2017-11-01,26.40999984741211,MXL
2017-12-01,26.420000076293945,MXL
2018-01-01,25.790000915527344,MXL
2018-02-01,22.729999542236328,MXL
2018-03-01,22.75,MXL
2018-04-01,22.329999923706055,MXL
2018-05-01,18.350000381469727,MXL
2018-06-01,15.59000015258789,MXL
2018-07-01,17.309999465942383,MXL
2018-08-01,19.280000686645508,MXL
2018-09-01,19.8799991607666,MXL
2018-10-01,19.40999984741211,MXL
2018-11-01,20.399999618530273,MXL
2018-12-01,17.600000381469727,MXL
2019-01-01,19.6200008392334,MXL
2019-02-01,25.139999389648438,MXL
2019-03-01,25.530000686645508,MXL
2019-04-01,26.90999984741211,MXL
2019-05-01,21.170000076293945,MXL
2019-06-01,23.440000534057617,MXL
2019-07-01,21.979999542236328,MXL
2019-08-01,19.81999969482422,MXL
2019-09-01,22.3799991607666,MXL
2019-10-01,18.959999084472656,MXL
2019-11-01,19.8700008392334,MXL
2019-12-01,21.219999313354492,MXL
2020-01-01,19.489999771118164,MXL
2020-02-01,15.460000038146973,MXL
2020-03-01,11.670000076293945,MXL
2020-04-01,16.489999771118164,MXL
2020-05-01,17.31999969482422,MXL
2020-06-01,21.459999084472656,MXL
2020-07-01,25.350000381469727,MXL
2020-08-01,24.350000381469727,MXL
2020-09-01,23.239999771118164,MXL
2020-10-01,26.440000534057617,MXL
2020-11-01,31.25,MXL
2020-12-01,38.189998626708984,MXL
2021-01-01,31.389999389648438,MXL
2021-02-01,39.77000045776367,MXL
2021-03-01,34.08000183105469,MXL
2021-04-01,35.9900016784668,MXL
2021-05-01,38.02000045776367,MXL
2021-06-01,42.4900016784668,MXL
2021-07-01,48.22999954223633,MXL
2021-08-01,52.22999954223633,MXL
2021-09-01,49.25,MXL
2021-10-01,63.0,MXL
2021-11-01,67.33000183105469,MXL
2021-12-01,75.38999938964844,MXL
2022-01-01,60.02000045776367,MXL
2022-02-01,61.349998474121094,MXL
2022-03-01,58.349998474121094,MXL
2022-04-01,47.869998931884766,MXL
2022-05-01,39.59000015258789,MXL
2022-06-01,33.97999954223633,MXL
2022-07-01,40.40999984741211,MXL
2022-08-01,35.93000030517578,MXL
2022-09-01,32.619998931884766,MXL
2022-10-01,30.8799991607666,MXL
2022-11-01,36.599998474121094,MXL
2022-12-01,33.95000076293945,MXL
2023-01-01,41.20000076293945,MXL
2023-02-01,34.209999084472656,MXL
2023-03-01,35.209999084472656,MXL
2023-04-01,24.1299991607666,MXL
2023-05-01,29.209999084472656,MXL
2023-06-01,31.559999465942383,MXL
2023-07-01,24.670000076293945,MXL
2023-08-01,23.5,MXL
2023-09-01,22.25,MXL
2023-10-01,15.199999809265137,MXL
2023-11-01,18.729999542236328,MXL
2023-12-01,23.770000457763672,MXL
2024-01-01,20.81999969482422,MXL
2024-02-01,19.440000534057617,MXL
2024-03-01,18.670000076293945,MXL
2024-04-01,20.790000915527344,MXL
2024-05-01,17.770000457763672,MXL
2024-06-01,20.139999389648438,MXL
2024-07-01,14.140000343322754,MXL
2024-08-01,15.180000305175781,MXL
2024-09-01,14.479999542236328,MXL
2024-10-01,12.970000267028809,MXL
2024-11-01,15.130000114440918,MXL
2024-12-01,19.780000686645508,MXL
2025-01-01,17.860000610351562,MXL
2025-02-01,14.609999656677246,MXL
2025-03-01,10.859999656677246,MXL
2025-04-01,9.989999771118164,MXL
2025-05-01,11.390000343322754,MXL
2025-06-01,14.210000038146973,MXL
2025-07-01,15.819999694824219,MXL
2025-08-01,15.720000267028809,MXL
2025-09-01,16.079999923706055,MXL
2025-10-01,15.149999618530273,MXL
2025-11-01,15.569999694824219,MXL
2025-12-01,17.43000030517578,MXL
2026-01-01,17.350000381469727,MXL
2017-01-01,18.0,NEON
2017-02-01,16.299999237060547,NEON
2017-03-01,16.0,NEON
2017-04-01,16.899999618530273,NEON
2017-05-01,12.199999809265137,NEON
2017-06-01,10.800000190734863,NEON
2017-07-01,11.5,NEON
2017-08-01,12.600000381469727,NEON
2017-09-01,12.800000190734863,NEON
2017-10-01,11.399999618530273,NEON
2017-11-01,8.199999809265137,NEON
2017-12-01,7.400000095367432,NEON
2018-01-01,6.099999904632568,NEON
2018-02-01,5.0,NEON
2018-03-01,4.199999809265137,NEON
2018-04-01,4.199999809265137,NEON
2018-05-01,3.4000000953674316,NEON
2018-06-01,3.799999952316284,NEON
2018-07-01,3.4000000953674316,NEON
2018-08-01,3.0999999046325684,NEON
2018-09-01,3.5,NEON
2018-10-01,2.0199999809265137,NEON
2018-11-01,1.649999976158142,NEON
2018-12-01,1.659999966621399,NEON
2019-01-01,2.430000066757202,NEON
2019-02-01,3.009999990463257,NEON
2019-03-01,3.1600000858306885,NEON
2019-04-01,3.5399999618530273,NEON
2019-05-01,2.6600000858306885,NEON
2019-06-01,2.1500000953674316,NEON
2019-07-01,2.9000000953674316,NEON
2019-08-01,2.5199999809265137,NEON
2019-09-01,2.390000104904175,NEON
2019-10-01,2.2300000190734863,NEON
2019-11-01,1.2999999523162842,NEON
2019-12-01,1.940000057220459,NEON
2020-01-01,2.299999952316284,NEON
2020-02-01,2.1600000858306885,NEON
2020-03-01,1.7699999809265137,NEON
2020-04-01,5.25,NEON
2020-05-01,4.239999771118164,NEON
2020-06-01,8.5600004196167,NEON
2020-07-01,9.239999771118164,NEON
2020-08-01,9.989999771118164,NEON
2020-09-01,7.900000095367432,NEON
2020-10-01,8.3100004196167,NEON
2020-11-01,7.650000095367432,NEON
2020-12-01,6.75,NEON
2021-01-01,7.820000171661377,NEON
2021-02-01,7.869999885559082,NEON
2021-03-01,9.369999885559082,NEON
2021-04-01,8.449999809265137,NEON
2021-05-01,6.449999809265137,NEON
2021-06-01,6.170000076293945,NEON
2021-07-01,5.420000076293945,NEON
2021-08-01,4.869999885559082,NEON
2021-09-01,10.09000015258789,NEON
2021-10-01,8.899999618530273,NEON
2021-11-01,9.760000228881836,NEON
2021-12-01,8.850000381469727,NEON
2022-01-01,5.5,NEON
2022-02-01,4.659999847412109,NEON
2022-03-01,6.079999923706055,NEON
2022-04-01,5.130000114440918,NEON
2022-05-01,7.300000190734863,NEON
2022-06-01,5.119999885559082,NEON
2022-07-01,4.599999904632568,NEON
2022-08-01,3.359999895095825,NEON
2022-09-01,3.5,NEON
2022-10-01,3.6500000953674316,NEON
2022-11-01,4.099999904632568,NEON
2022-12-01,5.5,NEON
2023-01-01,8.270000457763672,NEON
2023-02-01,8.0,NEON
2023-03-01,7.610000133514404,NEON
2023-04-01,7.159999847412109,NEON
2023-05-01,8.119999885559082,NEON
2023-06-01,8.079999923706055,NEON
2023-07-01,4.190000057220459,NEON
2023-08-01,1.7899999618530273,NEON
2023-09-01,1.600000023841858,NEON
2023-10-01,1.1100000143051147,NEON
2023-11-01,1.2999999523162842,NEON
2023-12-01,2.2899999618530273,NEON
2024-01-01,1.7100000381469727,NEON
2024-02-01,1.5,NEON
2024-03-01,1.399999976158142,NEON
2024-04-01,2.390000104904175,NEON
2024-05-01,3.190000057220459,NEON
2024-06-01,2.069999933242798,NEON
2024-07-01,2.990000009536743,NEON
2024-08-01,7.25,NEON
2024-09-01,9.100000381469727,NEON
2024-10-01,7.28000020980835,NEON
2024-11-01,8.199999809265137,NEON
2024-12-01,8.229999542236328,NEON
2025-01-01,8.510000228881836,NEON
2025-02-01,8.65999984741211,NEON
2025-03-01,8.140000343322754,NEON
2025-04-01,12.25,NEON
2025-05-01,10.220000267028809,NEON
2025-06-01,25.5,NEON
2025-07-01,20.170000076293945,NEON
2025-08-01,23.950000762939453,NEON
2025-09-01,3.490000009536743,NEON
2025-10-01,3.0399999618530273,NEON
2025-11-01,2.2300000190734863,NEON
2025-12-01,1.7400000095367432,NEON
2026-01-01,1.809999942779541,NEON
2017-01-01,33.29999923706055,NTCT
2017-02-01,36.95000076293945,NTCT
2017-03-01,37.95000076293945,NTCT
2017-04-01,37.650001525878906,NTCT
2017-05-01,36.599998474121094,NTCT
2017-06-01,34.400001525878906,NTCT
2017-07-01,34.5,NTCT
2017-08-01,32.75,NTCT
2017-09-01,32.349998474121094,NTCT
2017-10-01,28.399999618530273,NTCT
2017-11-01,31.049999237060547,NTCT
2017-12-01,30.450000762939453,NTCT
2018-01-01,28.5,NTCT
2018-02-01,26.549999237060547,NTCT
2018-03-01,26.350000381469727,NTCT
2018-04-01,27.149999618530273,NTCT
2018-05-01,27.0,NTCT
2018-06-01,29.700000762939453,NTCT
2018-07-01,26.799999237060547,NTCT
2018-08-01,25.0,NTCT
2018-09-01,25.25,NTCT
2018-10-01,25.260000228881836,NTCT
2018-11-01,26.780000686645508,NTCT
2018-12-01,23.6299991607666,NTCT
2019-01-01,25.93000030517578,NTCT
2019-02-01,27.3700008392334,NTCT
2019-03-01,28.06999969482422,NTCT
2019-04-01,29.399999618530273,NTCT
2019-05-01,24.510000228881836,NTCT
2019-06-01,25.389999389648438,NTCT
2019-07-01,26.040000915527344,NTCT
2019-08-01,22.149999618530273,NTCT
2019-09-01,23.059999465942383,NTCT
2019-10-01,24.219999313354492,NTCT
2019-11-01,25.200000762939453,NTCT
2019-12-01,24.06999969482422,NTCT
2020-01-01,25.709999084472656,NTCT
2020-02-01,25.700000762939453,NTCT
2020-03-01,23.670000076293945,NTCT
2020-04-01,26.479999542236328,NTCT
2020-05-01,27.469999313354492,NTCT
2020-06-01,25.559999465942383,NTCT
2020-07-01,25.459999084472656,NTCT
2020-08-01,23.139999389648438,NTCT
2020-09-01,21.829999923706055,NTCT
2020-10-01,20.520000457763672,NTCT
2020-11-01,23.420000076293945,NTCT
2020-12-01,27.420000076293945,NTCT
2021-01-01,29.239999771118164,NTCT
2021-02-01,28.219999313354492,NTCT
2021-03-01,28.15999984741211,NTCT
2021-04-01,26.200000762939453,NTCT
2021-05-01,29.399999618530273,NTCT
2021-06-01,28.540000915527344,NTCT
2021-07-01,28.760000228881836,NTCT
2021-08-01,27.420000076293945,NTCT
2021-09-01,26.950000762939453,NTCT
2021-10-01,27.059999465942383,NTCT
2021-11-01,29.899999618530273,NTCT
2021-12-01,33.08000183105469,NTCT
2022-01-01,31.549999237060547,NTCT
2022-02-01,31.1299991607666,NTCT
2022-03-01,32.08000183105469,NTCT
2022-04-01,30.799999237060547,NTCT
2022-05-01,34.33000183105469,NTCT
2022-06-01,33.849998474121094,NTCT
2022-07-01,35.58000183105469,NTCT
2022-08-01,31.739999771118164,NTCT
2022-09-01,31.31999969482422,NTCT
2022-10-01,35.91999816894531,NTCT
2022-11-01,37.279998779296875,NTCT
2022-12-01,32.5099983215332,NTCT
2023-01-01,32.099998474121094,NTCT
2023-02-01,28.440000534057617,NTCT
2023-03-01,28.649999618530273,NTCT
2023-04-01,27.209999084472656,NTCT
2023-05-01,30.520000457763672,NTCT
2023-06-01,30.950000762939453,NTCT
2023-07-01,27.950000762939453,NTCT
2023-08-01,28.6299991607666,NTCT
2023-09-01,28.020000457763672,NTCT
2023-10-01,21.829999923706055,NTCT
2023-11-01,20.079999923706055,NTCT
2023-12-01,21.950000762939453,NTCT
2024-01-01,21.510000228881836,NTCT
2024-02-01,21.649999618530273,NTCT
2024-03-01,21.84000015258789,NTCT
2024-04-01,19.260000228881836,NTCT
2024-05-01,20.540000915527344,NTCT
2024-06-01,18.290000915527344,NTCT
2024-07-01,20.350000381469727,NTCT
2024-08-01,21.479999542236328,NTCT
2024-09-01,21.75,NTCT
2024-10-01,21.030000686645508,NTCT
2024-11-01,21.8799991607666,NTCT
2024-12-01,21.65999984741211,NTCT
2025-01-01,23.84000015258789,NTCT
2025-02-01,22.489999771118164,NTCT
2025-03-01,21.010000228881836,NTCT
2025-04-01,21.020000457763672,NTCT
2025-05-01,22.84000015258789,NTCT
2025-06-01,24.809999465942383,NTCT
2025-07-01,21.420000076293945,NTCT
2025-08-01,24.889999389648438,NTCT
2025-09-01,25.829999923706055,NTCT
2025-10-01,27.799999237060547,NTCT
2025-11-01,26.8799991607666,NTCT
2025-12-01,27.059999465942383,NTCT
2026-01-01,27.809999465942383,NTCT
2017-01-01,61.85048294067383,OLED
2017-02-01,79.51536560058594,OLED
2017-03-01,80.7159194946289,OLED
2017-04-01,83.76268005371094,OLED
2017-05-01,106.30874633789062,OLED
2017-06-01,102.44456481933594,OLED
2017-07-01,113.0875473022461,OLED
2017-08-01,119.18264770507812,OLED
2017-09-01,120.85101318359375,OLED
2017-10-01,137.4053192138672,OLED
2017-11-01,169.76358032226562,OLED
2017-12-01,161.96066284179688,OLED
2018-01-01,149.531005859375,OLED
2018-02-01,121.76363372802734,OLED
2018-03-01,94.79179382324219,OLED
2018-04-01,82.63780212402344,OLED
2018-05-01,92.91473388671875,OLED
2018-06-01,80.76284790039062,OLED
2018-07-01,90.43558502197266,OLED
2018-08-01,114.9461669921875,OLED
2018-09-01,110.77393341064453,OLED
2018-10-01,115.57508850097656,OLED
2018-11-01,86.28900909423828,OLED
2018-12-01,87.9688720703125,OLED
2019-01-01,97.61470794677734,OLED
2019-02-01,140.30642700195312,OLED
2019-03-01,143.79266357421875,OLED
2019-04-01,150.14266967773438,OLED
2019-05-01,138.2234649658203,OLED
2019-06-01,177.0188446044922,OLED
2019-07-01,198.68731689453125,OLED
2019-08-01,193.40672302246094,OLED
2019-09-01,158.12864685058594,OLED
2019-10-01,188.530029296875,OLED
2019-11-01,182.91690063476562,OLED
2019-12-01,194.1781768798828,OLED
2020-01-01,166.00360107421875,OLED
2020-02-01,149.62657165527344,OLED
2020-03-01,124.30339813232422,OLED
2020-04-01,141.6028289794922,OLED
2020-05-01,138.2825927734375,OLED
2020-06-01,141.26947021484375,OLED
2020-07-01,164.7136688232422,OLED
2020-08-01,165.70509338378906,OLED
2020-09-01,170.8048095703125,OLED
2020-10-01,187.40902709960938,OLED
2020-11-01,216.4497833251953,OLED
2020-12-01,217.30856323242188,OLED
2021-01-01,218.27317810058594,OLED
2021-02-01,200.1830291748047,OLED
2021-03-01,224.10166931152344,OLED
2021-04-01,211.72149658203125,OLED
2021-05-01,204.31045532226562,OLED
2021-06-01,210.624267578125,OLED
2021-07-01,222.14402770996094,OLED
2021-08-01,197.60768127441406,OLED
2021-09-01,162.1233367919922,OLED
2021-10-01,173.7306671142578,OLED
2021-11-01,135.6559600830078,OLED
2021-12-01,156.70118713378906,OLED
2022-01-01,145.76260375976562,OLED
2022-02-01,147.09193420410156,OLED
2022-03-01,158.83328247070312,OLED
2022-04-01,121.52007293701172,OLED
2022-05-01,120.16911315917969,OLED
2022-06-01,96.48365020751953,OLED
2022-07-01,110.14437103271484,OLED
2022-08-01,106.58609771728516,OLED
2022-09-01,90.26728057861328,OLED
2022-10-01,91.09963989257812,OLED
2022-11-01,107.74671173095703,OLED
2022-12-01,103.63204956054688,OLED
2023-01-01,127.12289428710938,OLED
2023-02-01,130.3074188232422,OLED
2023-03-01,149.1794891357422,OLED
2023-04-01,128.34071350097656,OLED
2023-05-01,141.67868041992188,OLED
2023-06-01,138.9359588623047,OLED
2023-07-01,140.62289428710938,OLED
2023-08-01,156.7017822265625,OLED
2023-09-01,151.6597900390625,OLED
2023-10-01,134.45448303222656,OLED
2023-11-01,163.45526123046875,OLED
2023-12-01,185.1241455078125,OLED
2024-01-01,164.32359313964844,OLED
2024-02-01,168.82440185546875,OLED
2024-03-01,163.4472198486328,OLED
2024-04-01,153.28814697265625,OLED
2024-05-01,170.48190307617188,OLED
2024-06-01,204.40577697753906,OLED
2024-07-01,216.43191528320312,OLED
2024-08-01,188.33523559570312,OLED
2024-09-01,204.45651245117188,OLED
2024-10-01,175.64364624023438,OLED
2024-11-01,160.25335693359375,OLED
2024-12-01,142.76736450195312,OLED
2025-01-01,146.4000244140625,OLED
2025-02-01,150.01316833496094,OLED
2025-03-01,136.61402893066406,OLED
2025-04-01,123.04861450195312,OLED
2025-05-01,140.40452575683594,OLED
2025-06-01,151.7310028076172,OLED
2025-07-01,141.84872436523438,OLED
2025-08-01,136.14137268066406,OLED
2025-09-01,141.5671844482422,OLED
2025-10-01,145.16476440429688,OLED
2025-11-01,117.221923828125,OLED
2025-12-01,115.5443344116211,OLED
2026-01-01,113.60507202148438,OLED
2017-01-01,9.649999618530273,OOMA
2017-02-01,10.149999618530273,OOMA
2017-03-01,9.949999809265137,OOMA
2017-04-01,11.949999809265137,OOMA
2017-05-01,8.449999809265137,OOMA
2017-06-01,8.0,OOMA
2017-07-01,8.300000190734863,OOMA
2017-08-01,9.800000190734863,OOMA
2017-09-01,10.550000190734863,OOMA
2017-10-01,10.5,OOMA
2017-11-01,11.050000190734863,OOMA
2017-12-01,11.949999809265137,OOMA
2018-01-01,10.25,OOMA
2018-02-01,10.649999618530273,OOMA
2018-03-01,10.899999618530273,OOMA
2018-04-01,10.649999618530273,OOMA
2018-05-01,11.850000381469727,OOMA
2018-06-01,14.149999618530273,OOMA
2018-07-01,16.100000381469727,OOMA
2018-08-01,16.0,OOMA
2018-09-01,16.600000381469727,OOMA
2018-10-01,15.039999961853027,OOMA
2018-11-01,14.9399995803833,OOMA
2018-12-01,13.880000114440918,OOMA
2019-01-01,15.109999656677246,OOMA
2019-02-01,16.309999465942383,OOMA
2019-03-01,13.239999771118164,OOMA
2019-04-01,13.489999771118164,OOMA
2019-05-01,11.550000190734863,OOMA
2019-06-01,10.479999542236328,OOMA
2019-07-01,13.029999732971191,OOMA
2019-08-01,12.5,OOMA
2019-09-01,10.399999618530273,OOMA
2019-10-01,11.350000381469727,OOMA
2019-11-01,13.880000114440918,OOMA
2019-12-01,13.229999542236328,OOMA
2020-01-01,13.130000114440918,OOMA
2020-02-01,12.829999923706055,OOMA
2020-03-01,11.930000305175781,OOMA
2020-04-01,11.65999984741211,OOMA
2020-05-01,12.539999961853027,OOMA
2020-06-01,16.479999542236328,OOMA
2020-07-01,15.140000343322754,OOMA
2020-08-01,13.640000343322754,OOMA
2020-09-01,13.050000190734863,OOMA
2020-10-01,14.109999656677246,OOMA
2020-11-01,15.609999656677246,OOMA
2020-12-01,14.399999618530273,OOMA
2021-01-01,13.470000267028809,OOMA
2021-02-01,15.800000190734863,OOMA
2021-03-01,15.850000381469727,OOMA
2021-04-01,16.530000686645508,OOMA
2021-05-01,19.40999984741211,OOMA
2021-06-01,18.860000610351562,OOMA
2021-07-01,18.549999237060547,OOMA
2021-08-01,19.0,OOMA
2021-09-01,18.610000610351562,OOMA
2021-10-01,23.100000381469727,OOMA
2021-11-01,18.809999465942383,OOMA
2021-12-01,20.440000534057617,OOMA
2022-01-01,18.040000915527344,OOMA
2022-02-01,16.719999313354492,OOMA
2022-03-01,14.989999771118164,OOMA
2022-04-01,12.84000015258789,OOMA
2022-05-01,14.039999961853027,OOMA
2022-06-01,11.84000015258789,OOMA
2022-07-01,11.930000305175781,OOMA
2022-08-01,12.100000381469727,OOMA
2022-09-01,12.300000190734863,OOMA
2022-10-01,16.229999542236328,OOMA
2022-11-01,15.75,OOMA
2022-12-01,13.619999885559082,OOMA
2023-01-01,14.369999885559082,OOMA
2023-02-01,13.09000015258789,OOMA
2023-03-01,12.510000228881836,OOMA
2023-04-01,12.300000190734863,OOMA
2023-05-01,13.319999694824219,OOMA
2023-06-01,14.970000267028809,OOMA
2023-07-01,15.0,OOMA
2023-08-01,14.09000015258789,OOMA
2023-09-01,13.010000228881836,OOMA
2023-10-01,10.90999984741211,OOMA
2023-11-01,11.600000381469727,OOMA
2023-12-01,10.729999542236328,OOMA
2024-01-01,10.819999694824219,OOMA
2024-02-01,10.199999809265137,OOMA
2024-03-01,8.529999732971191,OOMA
2024-04-01,7.059999942779541,OOMA
2024-05-01,8.640000343322754,OOMA
2024-06-01,9.930000305175781,OOMA
2024-07-01,10.399999618530273,OOMA
2024-08-01,10.399999618530273,OOMA
2024-09-01,11.390000343322754,OOMA
2024-10-01,11.960000038146973,OOMA
2024-11-01,14.800000190734863,OOMA
2024-12-01,14.0600004196167,OOMA
2025-01-01,14.369999885559082,OOMA
2025-02-01,14.380000114440918,OOMA
2025-03-01,13.09000015258789,OOMA
2025-04-01,12.229999542236328,OOMA
2025-05-01,13.649999618530273,OOMA
2025-06-01,12.899999618530273,OOMA
2025-07-01,11.380000114440918,OOMA
2025-08-01,12.920000076293945,OOMA
2025-09-01,11.989999771118164,OOMA
2025-10-01,11.229999542236328,OOMA
2025-11-01,11.239999771118164,OOMA
2025-12-01,11.729999542236328,OOMA
2026-01-01,11.75,OOMA
2017-01-01,74.66999816894531,OSIS
2017-02-01,75.41999816894531,OSIS
2017-03-01,72.98999786376953,OSIS
2017-04-01,77.4000015258789,OSIS
2017-05-01,79.19000244140625,OSIS
2017-06-01,75.1500015258789,OSIS
2017-07-01,79.97000122070312,OSIS
2017-08-01,83.05999755859375,OSIS
2017-09-01,91.37000274658203,OSIS
2017-10-01,88.37999725341797,OSIS
2017-11-01,86.66000366210938,OSIS
2017-12-01,64.37999725341797,OSIS
2018-01-01,66.08000183105469,OSIS
2018-02-01,63.13999938964844,OSIS
2018-03-01,65.2699966430664,OSIS
2018-04-01,64.0199966430664,OSIS
2018-05-01,68.58000183105469,OSIS
2018-06-01,77.33000183105469,OSIS
2018-07-01,79.76000213623047,OSIS
2018-08-01,77.88999938964844,OSIS
2018-09-01,76.30999755859375,OSIS
2018-10-01,69.16000366210938,OSIS
2018-11-01,72.4000015258789,OSIS
2018-12-01,73.30000305175781,OSIS
2019-01-01,89.69000244140625,OSIS
2019-02-01,86.8499984741211,OSIS
2019-03-01,87.5999984741211,OSIS
2019-04-01,90.12999725341797,OSIS
2019-05-01,103.58999633789062,OSIS
2019-06-01,112.62999725341797,OSIS
2019-07-01,112.55999755859375,OSIS
2019-08-01,105.01000213623047,OSIS
2019-09-01,101.55999755859375,OSIS
2019-10-01,99.23999786376953,OSIS
2019-11-01,99.48999786376953,OSIS
2019-12-01,100.73999786376953,OSIS
2020-01-01,86.54000091552734,OSIS
2020-02-01,81.2699966430664,OSIS
2020-03-01,68.91999816894531,OSIS
2020-04-01,72.37999725341797,OSIS
2020-05-01,75.7699966430664,OSIS
2020-06-01,74.63999938964844,OSIS
2020-07-01,70.95999908447266,OSIS
2020-08-01,78.75,OSIS
2020-09-01,77.61000061035156,OSIS
2020-10-01,77.16000366210938,OSIS
2020-11-01,88.0999984741211,OSIS
2020-12-01,93.22000122070312,OSIS
2021-01-01,90.0199966430664,OSIS
2021-02-01,94.62000274658203,OSIS
2021-03-01,96.0999984741211,OSIS
2021-04-01,96.56999969482422,OSIS
2021-05-01,96.36000061035156,OSIS
2021-06-01,101.63999938964844,OSIS
2021-07-01,100.05000305175781,OSIS
2021-08-01,98.94000244140625,OSIS
2021-09-01,94.80000305175781,OSIS
2021-10-01,93.11000061035156,OSIS
2021-11-01,90.93000030517578,OSIS
2021-12-01,93.19999694824219,OSIS
2022-01-01,82.94000244140625,OSIS
2022-02-01,80.66999816894531,OSIS
2022-03-01,85.12000274658203,OSIS
2022-04-01,79.0999984741211,OSIS
2022-05-01,83.91999816894531,OSIS
2022-06-01,85.44000244140625,OSIS
2022-07-01,96.66999816894531,OSIS
2022-08-01,83.31999969482422,OSIS
2022-09-01,72.05999755859375,OSIS
2022-10-01,82.18000030517578,OSIS
2022-11-01,88.4800033569336,OSIS
2022-12-01,79.5199966430664,OSIS
2023-01-01,94.70999908447266,OSIS
2023-02-01,92.55000305175781,OSIS
2023-03-01,102.36000061035156,OSIS
2023-04-01,112.95999908447266,OSIS
2023-05-01,119.01000213623047,OSIS
2023-06-01,117.83000183105469,OSIS
2023-07-01,119.2300033569336,OSIS
2023-08-01,136.35000610351562,OSIS
2023-09-01,118.04000091552734,OSIS
2023-10-01,104.2699966430664,OSIS
2023-11-01,123.29000091552734,OSIS
2023-12-01,129.0500030517578,OSIS
2024-01-01,128.02999877929688,OSIS
2024-02-01,131.17999267578125,OSIS
2024-03-01,142.82000732421875,OSIS
2024-04-01,131.44000244140625,OSIS
2024-05-01,143.74000549316406,OSIS
2024-06-01,137.52000427246094,OSIS
2024-07-01,147.97999572753906,OSIS
2024-08-01,149.8699951171875,OSIS
2024-09-01,151.8300018310547,OSIS
2024-10-01,132.2100067138672,OSIS
2024-11-01,177.39999389648438,OSIS
2024-12-01,167.42999267578125,OSIS
2025-01-01,196.44000244140625,OSIS
2025-02-01,206.2100067138672,OSIS
2025-03-01,194.33999633789062,OSIS
2025-04-01,204.74000549316406,OSIS
2025-05-01,219.11000061035156,OSIS
2025-06-01,224.86000061035156,OSIS
2025-07-01,221.00999450683594,OSIS
2025-08-01,230.0500030517578,OSIS
2025-09-01,249.24000549316406,OSIS
2025-10-01,278.4599914550781,OSIS
2025-11-01,270.8500061035156,OSIS
2025-12-01,255.05999755859375,OSIS
2026-01-01,250.13999938964844,OSIS
2017-01-01,14.27578353881836,OSPN
2017-02-01,12.209549903869629,OSPN
2017-03-01,12.67914867401123,OSPN
2017-04-01,12.67914867401123,OSPN
2017-05-01,12.866988182067871,OSPN
2017-06-01,13.477466583251953,OSPN
2017-07-01,12.67914867401123,OSPN
2017-08-01,11.78691291809082,OSPN
2017-09-01,11.317314147949219,OSPN
2017-10-01,12.77306842803955,OSPN
2017-11-01,12.58522891998291,OSPN
2017-12-01,13.054826736450195,OSPN
2018-01-01,13.524426460266113,OSPN
2018-02-01,11.317314147949219,OSPN
2018-03-01,12.162592887878418,OSPN
2018-04-01,14.557541847229004,OSPN
2018-05-01,20.333599090576172,OSPN
2018-06-01,18.4552059173584,OSPN
2018-07-01,15.308897972106934,OSPN
2018-08-01,17.60993003845215,OSPN
2018-09-01,17.89168930053711,OSPN
2018-10-01,13.78740119934082,OSPN
2018-11-01,15.93816089630127,OSPN
2018-12-01,12.162592887878418,OSPN
2019-01-01,13.702873229980469,OSPN
2019-02-01,20.004880905151367,OSPN
2019-03-01,18.05135154724121,OSPN
2019-04-01,17.41269874572754,OSPN
2019-05-01,13.101786613464355,OSPN
2019-06-01,13.30841064453125,OSPN
2019-07-01,13.731047630310059,OSPN
2019-08-01,12.67914867401123,OSPN
2019-09-01,13.618346214294434,OSPN
2019-10-01,17.57236099243164,OSPN
2019-11-01,17.516010284423828,OSPN
2019-12-01,16.07904052734375,OSPN
2020-01-01,15.609442710876465,OSPN
2020-02-01,15.50613021850586,OSPN
2020-03-01,17.046409606933594,OSPN
2020-04-01,15.778494834899902,OSPN
2020-05-01,19.0844669342041,OSPN
2020-06-01,26.231748580932617,OSPN
2020-07-01,29.24656867980957,OSPN
2020-08-01,20.23967933654785,OSPN
2020-09-01,19.68555450439453,OSPN
2020-10-01,20.596572875976562,OSPN
2020-11-01,18.577302932739258,OSPN
2020-12-01,19.422574996948242,OSPN
2021-01-01,21.902055740356445,OSPN
2021-02-01,21.93962287902832,OSPN
2021-03-01,23.01030731201172,OSPN
2021-04-01,25.179851531982422,OSPN
2021-05-01,24.559982299804688,OSPN
2021-06-01,23.98707389831543,OSPN
2021-07-01,23.16996955871582,OSPN
2021-08-01,18.098310470581055,OSPN
2021-09-01,17.638105392456055,OSPN
2021-10-01,19.178388595581055,OSPN
2021-11-01,16.050861358642578,OSPN
2021-12-01,15.900592803955078,OSPN
2022-01-01,15.083490371704102,OSPN
2022-02-01,12.942123413085938,OSPN
2022-03-01,13.561992645263672,OSPN
2022-04-01,13.270842552185059,OSPN
2022-05-01,12.425565719604492,OSPN
2022-06-01,11.176434516906738,OSPN
2022-07-01,10.396902084350586,OSPN
2022-08-01,10.810149192810059,OSPN
2022-09-01,8.086479187011719,OSPN
2022-10-01,10.32176685333252,OSPN
2022-11-01,11.805695533752441,OSPN
2022-12-01,10.50960636138916,OSPN
2023-01-01,12.970300674438477,OSPN
2023-02-01,12.697932243347168,OSPN
2023-03-01,16.43593406677246,OSPN
2023-04-01,13.843751907348633,OSPN
2023-05-01,14.219430923461914,OSPN
2023-06-01,13.937671661376953,OSPN
2023-07-01,12.904556274414062,OSPN
2023-08-01,11.50515365600586,OSPN
2023-09-01,10.096359252929688,OSPN
2023-10-01,7.419651031494141,OSPN
2023-11-01,9.420138359069824,OSPN
2023-12-01,10.068182945251465,OSPN
2024-01-01,9.636154174804688,OSPN
2024-02-01,9.025675773620605,OSPN
2024-03-01,10.9228515625,OSPN
2024-04-01,10.162103652954102,OSPN
2024-05-01,12.369214057922363,OSPN
2024-06-01,12.040496826171875,OSPN
2024-07-01,13.900104522705078,OSPN
2024-08-01,15.13984489440918,OSPN
2024-09-01,15.656400680541992,OSPN
2024-10-01,15.665793418884277,OSPN
2024-11-01,17.01823616027832,OSPN
2024-12-01,17.41269874572754,OSPN
2025-01-01,18.181509017944336,OSPN
2025-02-01,15.157557487487793,OSPN
2025-03-01,14.411018371582031,OSPN
2025-04-01,14.051922798156738,OSPN
2025-05-01,15.166017532348633,OSPN
2025-06-01,15.889571189880371,OSPN
2025-07-01,14.042609214782715,OSPN
2025-08-01,14.531017303466797,OSPN
2025-09-01,15.260929107666016,OSPN
2025-10-01,10.948683738708496,OSPN
2025-11-01,11.830130577087402,OSPN
2025-12-01,12.450726509094238,OSPN
2026-01-01,11.422863006591797,OSPN
2017-01-01,30.860000610351562,PCTY
2017-02-01,35.2599983215332,PCTY
2017-03-01,38.630001068115234,PCTY
2017-04-01,39.439998626708984,PCTY
2017-05-01,46.849998474121094,PCTY
2017-06-01,45.18000030517578,PCTY
2017-07-01,45.470001220703125,PCTY
2017-08-01,49.13999938964844,PCTY
2017-09-01,48.81999969482422,PCTY
2017-10-01,53.40999984741211,PCTY
2017-11-01,46.13999938964844,PCTY
2017-12-01,47.15999984741211,PCTY
2018-01-01,52.290000915527344,PCTY
2018-02-01,46.77000045776367,PCTY
2018-03-01,51.22999954223633,PCTY
2018-04-01,54.630001068115234,PCTY
2018-05-01,59.75,PCTY
2018-06-01,58.86000061035156,PCTY
2018-07-01,58.0,PCTY
2018-08-01,79.44000244140625,PCTY
2018-09-01,80.31999969482422,PCTY
2018-10-01,65.79000091552734,PCTY
2018-11-01,67.08000183105469,PCTY
2018-12-01,60.209999084472656,PCTY
2019-01-01,71.02999877929688,PCTY
2019-02-01,87.56999969482422,PCTY
2019-03-01,89.19000244140625,PCTY
2019-04-01,96.55000305175781,PCTY
2019-05-01,100.22000122070312,PCTY
2019-06-01,93.81999969482422,PCTY
2019-07-01,102.08999633789062,PCTY
2019-08-01,109.22000122070312,PCTY
2019-09-01,97.58000183105469,PCTY
2019-10-01,102.5999984741211,PCTY
2019-11-01,122.31999969482422,PCTY
2019-12-01,120.81999969482422,PCTY
2020-01-01,141.88999938964844,PCTY
2020-02-01,129.52000427246094,PCTY
2020-03-01,88.31999969482422,PCTY
2020-04-01,114.52999877929688,PCTY
2020-05-01,130.0050048828125,PCTY
2020-06-01,145.88999938964844,PCTY
2020-07-01,133.1999969482422,PCTY
2020-08-01,147.25,PCTY
2020-09-01,161.4199981689453,PCTY
2020-10-01,185.52000427246094,PCTY
2020-11-01,196.60000610351562,PCTY
2020-12-01,205.91000366210938,PCTY
2021-01-01,187.4600067138672,PCTY
2021-02-01,191.19000244140625,PCTY
2021-03-01,179.8300018310547,PCTY
2021-04-01,193.24000549316406,PCTY
2021-05-01,169.8300018310547,PCTY
2021-06-01,190.8000030517578,PCTY
2021-07-01,207.4600067138672,PCTY
2021-08-01,269.20001220703125,PCTY
2021-09-01,280.3999938964844,PCTY
2021-10-01,305.1400146484375,PCTY
2021-11-01,252.33999633789062,PCTY
2021-12-01,236.16000366210938,PCTY
2022-01-01,203.97999572753906,PCTY
2022-02-01,212.44000244140625,PCTY
2022-03-01,205.77000427246094,PCTY
2022-04-01,189.6300048828125,PCTY
2022-05-01,174.86000061035156,PCTY
2022-06-01,174.4199981689453,PCTY
2022-07-01,205.92999267578125,PCTY
2022-08-01,241.0,PCTY
2022-09-01,241.5800018310547,PCTY
2022-10-01,231.7899932861328,PCTY
2022-11-01,217.8300018310547,PCTY
2022-12-01,194.25999450683594,PCTY
2023-01-01,208.2899932861328,PCTY
2023-02-01,192.61000061035156,PCTY
2023-03-01,198.77999877929688,PCTY
2023-04-01,193.2899932861328,PCTY
2023-05-01,172.75,PCTY
2023-06-01,184.52999877929688,PCTY
2023-07-01,226.85000610351562,PCTY
2023-08-01,200.5,PCTY
2023-09-01,181.6999969482422,PCTY
2023-10-01,179.39999389648438,PCTY
2023-11-01,156.6699981689453,PCTY
2023-12-01,164.85000610351562,PCTY
2024-01-01,158.41000366210938,PCTY
2024-02-01,168.61000061035156,PCTY
2024-03-01,171.86000061035156,PCTY
2024-04-01,155.16000366210938,PCTY
2024-05-01,142.1699981689453,PCTY
2024-06-01,131.85000610351562,PCTY
2024-07-01,150.07000732421875,PCTY
2024-08-01,161.39999389648438,PCTY
2024-09-01,164.97000122070312,PCTY
2024-10-01,184.57000732421875,PCTY
2024-11-01,207.5399932861328,PCTY
2024-12-01,199.47000122070312,PCTY
2025-01-01,205.52000427246094,PCTY
2025-02-01,204.2899932861328,PCTY
2025-03-01,187.33999633789062,PCTY
2025-04-01,192.10000610351562,PCTY
2025-05-01,190.89999389648438,PCTY
2025-06-01,181.19000244140625,PCTY
2025-07-01,184.8800048828125,PCTY
2025-08-01,179.22999572753906,PCTY
2025-09-01,159.27000427246094,PCTY
2025-10-01,141.27000427246094,PCTY
2025-11-01,147.3300018310547,PCTY
2025-12-01,152.5,PCTY
2026-01-01,134.97999572753906,PCTY
2017-01-01,,PD
2017-02-01,,PD
2017-03-01,,PD
2017-04-01,,PD
2017-05-01,,PD
2017-06-01,,PD
2017-07-01,,PD
2017-08-01,,PD
2017-09-01,,PD
2017-10-01,,PD
2017-11-01,,PD
2017-12-01,,PD
2018-01-01,,PD
2018-02-01,,PD
2018-03-01,,PD
2018-04-01,,PD
2018-05-01,,PD
2018-06-01,,PD
2018-07-01,,PD
2018-08-01,,PD
2018-09-01,,PD
2018-10-01,,PD
2018-11-01,,PD
2018-12-01,,PD
2019-01-01,,PD
2019-02-01,,PD
2019-03-01,,PD
2019-04-01,46.900001525878906,PD
2019-05-01,51.400001525878906,PD
2019-06-01,47.04999923706055,PD
2019-07-01,44.20000076293945,PD
2019-08-01,39.27000045776367,PD
2019-09-01,28.25,PD
2019-10-01,22.989999771118164,PD
2019-11-01,26.049999237060547,PD
2019-12-01,23.389999389648438,PD
2020-01-01,23.31999969482422,PD
2020-02-01,20.600000381469727,PD
2020-03-01,17.280000686645508,PD
2020-04-01,21.110000610351562,PD
2020-05-01,26.549999237060547,PD
2020-06-01,28.6200008392334,PD
2020-07-01,30.479999542236328,PD
2020-08-01,32.66999816894531,PD
2020-09-01,27.110000610351562,PD
2020-10-01,27.100000381469727,PD
2020-11-01,34.41999816894531,PD
2020-12-01,41.70000076293945,PD
2021-01-01,48.72999954223633,PD
2021-02-01,44.7400016784668,PD
2021-03-01,40.22999954223633,PD
2021-04-01,42.459999084472656,PD
2021-05-01,40.650001525878906,PD
2021-06-01,42.58000183105469,PD
2021-07-01,40.59000015258789,PD
2021-08-01,42.79999923706055,PD
2021-09-01,41.41999816894531,PD
2021-10-01,41.75,PD
2021-11-01,35.45000076293945,PD
2021-12-01,34.75,PD
2022-01-01,33.02000045776367,PD
2022-02-01,33.81999969482422,PD
2022-03-01,34.189998626708984,PD
2022-04-01,28.56999969482422,PD
2022-05-01,24.649999618530273,PD
2022-06-01,24.780000686645508,PD
2022-07-01,25.93000030517578,PD
2022-08-01,26.040000915527344,PD
2022-09-01,23.06999969482422,PD
2022-10-01,24.940000534057617,PD
2022-11-01,22.239999771118164,PD
2022-12-01,26.559999465942383,PD
2023-01-01,29.790000915527344,PD
2023-02-01,29.860000610351562,PD
2023-03-01,34.97999954223633,PD
2023-04-01,30.059999465942383,PD
2023-05-01,27.209999084472656,PD
2023-06-01,22.479999542236328,PD
2023-07-01,25.920000076293945,PD
2023-08-01,25.760000228881836,PD
2023-09-01,22.489999771118164,PD
2023-10-01,20.170000076293945,PD
2023-11-01,21.799999237060547,PD
2023-12-01,23.149999618530273,PD
2024-01-01,23.68000030517578,PD
2024-02-01,24.15999984741211,PD
2024-03-01,22.68000030517578,PD
2024-04-01,19.959999084472656,PD
2024-05-01,18.969999313354492,PD
2024-06-01,22.93000030517578,PD
2024-07-01,20.93000030517578,PD
2024-08-01,19.780000686645508,PD
2024-09-01,18.549999237060547,PD
2024-10-01,18.059999465942383,PD
2024-11-01,21.239999771118164,PD
2024-12-01,18.260000228881836,PD
2025-01-01,18.520000457763672,PD
2025-02-01,17.719999313354492,PD
2025-03-01,18.270000457763672,PD
2025-04-01,15.510000228881836,PD
2025-05-01,14.260000228881836,PD
2025-06-01,15.279999732971191,PD
2025-07-01,16.1200008392334,PD
2025-08-01,16.739999771118164,PD
2025-09-01,16.520000457763672,PD
2025-10-01,16.059999465942383,PD
2025-11-01,12.0,PD
2025-12-01,13.109999656677246,PD
2026-01-01,10.600000381469727,PD
2017-01-01,22.510000228881836,PDFS
2017-02-01,21.3799991607666,PDFS
2017-03-01,22.6200008392334,PDFS
2017-04-01,19.020000457763672,PDFS
2017-05-01,16.239999771118164,PDFS
2017-06-01,16.450000762939453,PDFS
2017-07-01,16.049999237060547,PDFS
2017-08-01,15.1899995803833,PDFS
2017-09-01,15.489999771118164,PDFS
2017-10-01,14.649999618530273,PDFS
2017-11-01,18.09000015258789,PDFS
2017-12-01,15.699999809265137,PDFS
2018-01-01,13.680000305175781,PDFS
2018-02-01,11.140000343322754,PDFS
2018-03-01,11.65999984741211,PDFS
2018-04-01,11.149999618530273,PDFS
2018-05-01,12.640000343322754,PDFS
2018-06-01,11.979999542236328,PDFS
2018-07-01,10.5,PDFS
2018-08-01,8.720000267028809,PDFS
2018-09-01,9.029999732971191,PDFS
2018-10-01,8.0,PDFS
2018-11-01,9.25,PDFS
2018-12-01,8.430000305175781,PDFS
2019-01-01,10.510000228881836,PDFS
2019-02-01,11.90999984741211,PDFS
2019-03-01,12.350000381469727,PDFS
2019-04-01,12.979999542236328,PDFS
2019-05-01,12.149999618530273,PDFS
2019-06-01,13.119999885559082,PDFS
2019-07-01,13.350000381469727,PDFS
2019-08-01,11.710000038146973,PDFS
2019-09-01,13.069999694824219,PDFS
2019-10-01,16.15999984741211,PDFS
2019-11-01,15.84000015258789,PDFS
2019-12-01,16.889999389648438,PDFS
2020-01-01,15.760000228881836,PDFS
2020-02-01,14.640000343322754,PDFS
2020-03-01,11.720000267028809,PDFS
2020-04-01,15.970000267028809,PDFS
2020-05-01,17.059999465942383,PDFS
2020-06-01,19.559999465942383,PDFS
2020-07-01,24.579999923706055,PDFS
2020-08-01,20.700000762939453,PDFS
2020-09-01,18.709999084472656,PDFS
2020-10-01,18.739999771118164,PDFS
2020-11-01,22.06999969482422,PDFS
2020-12-01,21.600000381469727,PDFS
2021-01-01,19.31999969482422,PDFS
2021-02-01,18.360000610351562,PDFS
2021-03-01,17.780000686645508,PDFS
2021-04-01,17.729999542236328,PDFS
2021-05-01,17.440000534057617,PDFS
2021-06-01,18.18000030517578,PDFS
2021-07-01,18.709999084472656,PDFS
2021-08-01,22.520000457763672,PDFS
2021-09-01,23.040000915527344,PDFS
2021-10-01,23.530000686645508,PDFS
2021-11-01,29.93000030517578,PDFS
2021-12-01,31.790000915527344,PDFS
2022-01-01,29.729999542236328,PDFS
2022-02-01,27.360000610351562,PDFS
2022-03-01,27.8700008392334,PDFS
2022-04-01,23.25,PDFS
2022-05-01,23.899999618530273,PDFS
2022-06-01,21.510000228881836,PDFS
2022-07-01,26.979999542236328,PDFS
2022-08-01,26.3799991607666,PDFS
2022-09-01,24.530000686645508,PDFS
2022-10-01,23.579999923706055,PDFS
2022-11-01,31.3700008392334,PDFS
2022-12-01,28.520000457763672,PDFS
2023-01-01,31.780000686645508,PDFS
2023-02-01,37.439998626708984,PDFS
2023-03-01,42.400001525878906,PDFS
2023-04-01,36.04999923706055,PDFS
2023-05-01,42.25,PDFS
2023-06-01,45.099998474121094,PDFS
2023-07-01,45.9900016784668,PDFS
2023-08-01,36.34000015258789,PDFS
2023-09-01,32.400001525878906,PDFS
2023-10-01,26.530000686645508,PDFS
2023-11-01,29.989999771118164,PDFS
2023-12-01,32.13999938964844,PDFS
2024-01-01,31.200000762939453,PDFS
2024-02-01,33.9900016784668,PDFS
2024-03-01,33.66999816894531,PDFS
2024-04-01,30.079999923706055,PDFS
2024-05-01,35.02000045776367,PDFS
2024-06-01,36.380001068115234,PDFS
2024-07-01,35.09000015258789,PDFS
2024-08-01,31.549999237060547,PDFS
2024-09-01,31.68000030517578,PDFS
2024-10-01,28.31999969482422,PDFS
2024-11-01,31.600000381469727,PDFS
2024-12-01,27.079999923706055,PDFS
2025-01-01,27.860000610351562,PDFS
2025-02-01,22.520000457763672,PDFS
2025-03-01,19.110000610351562,PDFS
2025-04-01,18.350000381469727,PDFS
2025-05-01,17.700000762939453,PDFS
2025-06-01,21.3799991607666,PDFS
2025-07-01,22.229999542236328,PDFS
2025-08-01,20.450000762939453,PDFS
2025-09-01,25.81999969482422,PDFS
2025-10-01,29.1299991607666,PDFS
2025-11-01,27.100000381469727,PDFS
2025-12-01,28.530000686645508,PDFS
2026-01-01,31.850000381469727,PDFS
2017-01-01,18.98341941833496,PEGA
2017-02-01,21.0383243560791,PEGA
2017-03-01,21.468931198120117,PEGA
2017-04-01,22.301244735717773,PEGA
2017-05-01,28.61707878112793,PEGA
2017-06-01,28.582252502441406,PEGA
2017-07-01,29.61091423034668,PEGA
2017-08-01,28.190380096435547,PEGA
2017-09-01,28.254159927368164,PEGA
2017-10-01,28.572723388671875,PEGA
2017-11-01,24.725446701049805,PEGA
2017-12-01,23.122892379760742,PEGA
2018-01-01,24.937408447265625,PEGA
2018-02-01,28.443851470947266,PEGA
2018-03-01,29.758724212646484,PEGA
2018-04-01,29.954988479614258,PEGA
2018-05-01,30.34752082824707,PEGA
2018-06-01,26.903074264526367,PEGA
2018-07-01,27.295818328857422,PEGA
2018-08-01,31.272371292114258,PEGA
2018-09-01,30.746889114379883,PEGA
2018-10-01,26.287120819091797,PEGA
2018-11-01,26.517967224121094,PEGA
2018-12-01,23.507240295410156,PEGA
2019-01-01,27.66511344909668,PEGA
2019-02-01,32.294803619384766,PEGA
2019-03-01,31.96073341369629,PEGA
2019-04-01,36.88269805908203,PEGA
2019-05-01,35.47150802612305,PEGA
2019-06-01,35.02915573120117,PEGA
2019-07-01,37.188655853271484,PEGA
2019-08-01,34.50772476196289,PEGA
2019-09-01,33.48960494995117,PEGA
2019-10-01,37.013267517089844,PEGA
2019-11-01,38.19929885864258,PEGA
2019-12-01,39.21314239501953,PEGA
2020-01-01,42.442745208740234,PEGA
2020-02-01,44.55479049682617,PEGA
2020-03-01,35.08205795288086,PEGA
2020-04-01,41.184356689453125,PEGA
2020-05-01,46.84831237792969,PEGA
2020-06-01,49.8433837890625,PEGA
2020-07-01,57.58814239501953,PEGA
2020-08-01,63.293243408203125,PEGA
2020-09-01,59.647422790527344,PEGA
2020-10-01,57.10462188720703,PEGA
2020-11-01,64.49649047851562,PEGA
2020-12-01,65.68443298339844,PEGA
2021-01-01,62.82064437866211,PEGA
2021-02-01,65.23587036132812,PEGA
2021-03-01,56.37368392944336,PEGA
2021-04-01,62.585941314697266,PEGA
2021-05-01,58.24722671508789,PEGA
2021-06-01,68.64014434814453,PEGA
2021-07-01,62.94436264038086,PEGA
2021-08-01,67.87085723876953,PEGA
2021-09-01,62.69282150268555,PEGA
2021-10-01,58.55933380126953,PEGA
2021-11-01,56.63563919067383,PEGA
2021-12-01,55.17041778564453,PEGA
2022-01-01,48.95374298095703,PEGA
2022-02-01,42.98377990722656,PEGA
2022-03-01,39.80635070800781,PEGA
2022-04-01,37.802459716796875,PEGA
2022-05-01,24.451416015625,PEGA
2022-06-01,23.626768112182617,PEGA
2022-07-01,19.828903198242188,PEGA
2022-08-01,18.080598831176758,PEGA
2022-09-01,15.887428283691406,PEGA
2022-10-01,18.393627166748047,PEGA
2022-11-01,17.919082641601562,PEGA
2022-12-01,16.94024658203125,PEGA
2023-01-01,19.235885620117188,PEGA
2023-02-01,22.946514129638672,PEGA
2023-03-01,24.001171112060547,PEGA
2023-04-01,22.58525848388672,PEGA
2023-05-01,23.94176483154297,PEGA
2023-06-01,24.422330856323242,PEGA
2023-07-01,26.131397247314453,PEGA
2023-08-01,24.600666046142578,PEGA
2023-09-01,21.51947021484375,PEGA
2023-10-01,21.187339782714844,PEGA
2023-11-01,25.76784896850586,PEGA
2023-12-01,24.23588752746582,PEGA
2024-01-01,24.176362991333008,PEGA
2024-02-01,32.26161193847656,PEGA
2024-03-01,32.07797622680664,PEGA
2024-04-01,29.487520217895508,PEGA
2024-05-01,28.514860153198242,PEGA
2024-06-01,30.03837013244629,PEGA
2024-07-01,34.61610794067383,PEGA
2024-08-01,35.19205093383789,PEGA
2024-09-01,36.28932571411133,PEGA
2024-10-01,39.45831298828125,PEGA
2024-11-01,47.17214584350586,PEGA
2024-12-01,46.2929801940918,PEGA
2025-01-01,53.80558776855469,PEGA
2025-02-01,39.00893020629883,PEGA
2025-03-01,34.54210662841797,PEGA
2025-04-01,45.771148681640625,PEGA
2025-05-01,48.788421630859375,PEGA
2025-06-01,53.813907623291016,PEGA
2025-07-01,58.39952087402344,PEGA
2025-08-01,53.923316955566406,PEGA
2025-09-01,57.1959228515625,PEGA
2025-10-01,63.34645080566406,PEGA
2025-11-01,54.5088005065918,PEGA
2025-12-01,59.4351921081543,PEGA
2026-01-01,43.50349044799805,PEGA
2017-01-01,35.209999084472656,PI
2017-02-01,28.360000610351562,PI
2017-03-01,30.270000457763672,PI
2017-04-01,37.47999954223633,PI
2017-05-01,43.650001525878906,PI
2017-06-01,48.650001525878906,PI
2017-07-01,49.13999938964844,PI
2017-08-01,38.2400016784668,PI
2017-09-01,41.61000061035156,PI
2017-10-01,34.13999938964844,PI
2017-11-01,25.469999313354492,PI
2017-12-01,22.530000686645508,PI
2018-01-01,22.3700008392334,PI
2018-02-01,12.739999771118164,PI
2018-03-01,13.020000457763672,PI
2018-04-01,12.289999961853027,PI
2018-05-01,17.899999618530273,PI
2018-06-01,22.110000610351562,PI
2018-07-01,21.309999465942383,PI
2018-08-01,21.479999542236328,PI
2018-09-01,24.81999969482422,PI
2018-10-01,19.600000381469727,PI
2018-11-01,21.239999771118164,PI
2018-12-01,14.550000190734863,PI
2019-01-01,15.319999694824219,PI
2019-02-01,16.729999542236328,PI
2019-03-01,16.7549991607666,PI
2019-04-01,29.270000457763672,PI
2019-05-01,24.790000915527344,PI
2019-06-01,28.6200008392334,PI
2019-07-01,36.20000076293945,PI
2019-08-01,36.380001068115234,PI
2019-09-01,30.829999923706055,PI
2019-10-01,32.89500045776367,PI
2019-11-01,31.559999465942383,PI
2019-12-01,25.860000610351562,PI
2020-01-01,32.18000030517578,PI
2020-02-01,30.75,PI
2020-03-01,16.709999084472656,PI
2020-04-01,22.459999084472656,PI
2020-05-01,25.850000381469727,PI
2020-06-01,27.469999313354492,PI
2020-07-01,23.600000381469727,PI
2020-08-01,24.450000762939453,PI
2020-09-01,26.350000381469727,PI
2020-10-01,25.510000228881836,PI
2020-11-01,41.790000915527344,PI
2020-12-01,41.869998931884766,PI
2021-01-01,52.970001220703125,PI
2021-02-01,63.970001220703125,PI
2021-03-01,56.869998931884766,PI
2021-04-01,47.459999084472656,PI
2021-05-01,52.04999923706055,PI
2021-06-01,51.59000015258789,PI
2021-07-01,46.0,PI
2021-08-01,58.290000915527344,PI
2021-09-01,57.130001068115234,PI
2021-10-01,69.72000122070312,PI
2021-11-01,74.97000122070312,PI
2021-12-01,88.69999694824219,PI
2022-01-01,79.38999938964844,PI
2022-02-01,68.75,PI
2022-03-01,63.540000915527344,PI
2022-04-01,49.2599983215332,PI
2022-05-01,46.810001373291016,PI
2022-06-01,58.66999816894531,PI
2022-07-01,85.0199966430664,PI
2022-08-01,89.27999877929688,PI
2022-09-01,80.02999877929688,PI
2022-10-01,114.62999725341797,PI
2022-11-01,127.55000305175781,PI
2022-12-01,109.18000030517578,PI
2023-01-01,129.77999877929688,PI
2023-02-01,132.6199951171875,PI
2023-03-01,135.52000427246094,PI
2023-04-01,88.41000366210938,PI
2023-05-01,102.33999633789062,PI
2023-06-01,89.6500015258789,PI
2023-07-01,66.62000274658203,PI
2023-08-01,66.56999969482422,PI
2023-09-01,55.029998779296875,PI
2023-10-01,64.61000061035156,PI
2023-11-01,83.58999633789062,PI
2023-12-01,90.02999877929688,PI
2024-01-01,96.9800033569336,PI
2024-02-01,109.22000122070312,PI
2024-03-01,128.41000366210938,PI
2024-04-01,159.3800048828125,PI
2024-05-01,163.6699981689453,PI
2024-06-01,156.77000427246094,PI
2024-07-01,159.2899932861328,PI
2024-08-01,168.10000610351562,PI
2024-09-01,216.52000427246094,PI
2024-10-01,189.99000549316406,PI
2024-11-01,192.2100067138672,PI
2024-12-01,145.25999450683594,PI
2025-01-01,126.88999938964844,PI
2025-02-01,96.66000366210938,PI
2025-03-01,90.69999694824219,PI
2025-04-01,92.12999725341797,PI
2025-05-01,114.08999633789062,PI
2025-06-01,111.06999969482422,PI
2025-07-01,154.5800018310547,PI
2025-08-01,187.47000122070312,PI
2025-09-01,180.75,PI
2025-10-01,202.16000366210938,PI
2025-11-01,171.8699951171875,PI
2025-12-01,174.00999450683594,PI
2026-01-01,138.10000610351562,PI
2017-01-01,11.5,PLAB
2017-02-01,10.699999809265137,PLAB
2017-03-01,10.699999809265137,PLAB
2017-04-01,11.5,PLAB
2017-05-01,10.050000190734863,PLAB
2017-06-01,9.399999618530273,PLAB
2017-07-01,10.050000190734863,PLAB
2017-08-01,7.900000095367432,PLAB
2017-09-01,8.850000381469727,PLAB
2017-10-01,9.699999809265137,PLAB
2017-11-01,9.649999618530273,PLAB
2017-12-01,8.529999732971191,PLAB
2018-01-01,8.399999618530273,PLAB
2018-02-01,7.800000190734863,PLAB
2018-03-01,8.25,PLAB
2018-04-01,7.650000095367432,PLAB
2018-05-01,8.699999809265137,PLAB
2018-06-01,7.980000019073486,PLAB
2018-07-01,9.0,PLAB
2018-08-01,10.699999809265137,PLAB
2018-09-01,9.850000381469727,PLAB
2018-10-01,9.739999771118164,PLAB
2018-11-01,9.699999809265137,PLAB
2018-12-01,9.680000305175781,PLAB
2019-01-01,10.6899995803833,PLAB
2019-02-01,9.8100004196167,PLAB
2019-03-01,9.449999809265137,PLAB
2019-04-01,9.34000015258789,PLAB
2019-05-01,8.109999656677246,PLAB
2019-06-01,8.199999809265137,PLAB
2019-07-01,9.630000114440918,PLAB
2019-08-01,10.800000190734863,PLAB
2019-09-01,10.880000114440918,PLAB
2019-10-01,11.800000190734863,PLAB
2019-11-01,11.760000228881836,PLAB
2019-12-01,15.760000228881836,PLAB
2020-01-01,12.779999732971191,PLAB
2020-02-01,12.449999809265137,PLAB
2020-03-01,10.260000228881836,PLAB
2020-04-01,11.949999809265137,PLAB
2020-05-01,11.989999771118164,PLAB
2020-06-01,11.130000114440918,PLAB
2020-07-01,11.880000114440918,PLAB
2020-08-01,10.029999732971191,PLAB
2020-09-01,9.960000038146973,PLAB
2020-10-01,9.75,PLAB
2020-11-01,11.59000015258789,PLAB
2020-12-01,11.15999984741211,PLAB
2021-01-01,11.100000381469727,PLAB
2021-02-01,11.90999984741211,PLAB
2021-03-01,12.859999656677246,PLAB
2021-04-01,12.699999809265137,PLAB
2021-05-01,13.539999961853027,PLAB
2021-06-01,13.210000038146973,PLAB
2021-07-01,13.369999885559082,PLAB
2021-08-01,15.069999694824219,PLAB
2021-09-01,13.630000114440918,PLAB
2021-10-01,12.989999771118164,PLAB
2021-11-01,13.210000038146973,PLAB
2021-12-01,18.850000381469727,PLAB
2022-01-01,17.8799991607666,PLAB
2022-02-01,18.420000076293945,PLAB
2022-03-01,16.969999313354492,PLAB
2022-04-01,14.989999771118164,PLAB
2022-05-01,21.739999771118164,PLAB
2022-06-01,19.479999542236328,PLAB
2022-07-01,23.809999465942383,PLAB
2022-08-01,16.799999237060547,PLAB
2022-09-01,14.619999885559082,PLAB
2022-10-01,16.219999313354492,PLAB
2022-11-01,18.799999237060547,PLAB
2022-12-01,16.829999923706055,PLAB
2023-01-01,18.1200008392334,PLAB
2023-02-01,17.6200008392334,PLAB
2023-03-01,16.579999923706055,PLAB
2023-04-01,14.460000038146973,PLAB
2023-05-01,21.229999542236328,PLAB
2023-06-01,25.790000915527344,PLAB
2023-07-01,26.450000762939453,PLAB
2023-08-01,23.760000228881836,PLAB
2023-09-01,20.209999084472656,PLAB
2023-10-01,18.360000610351562,PLAB
2023-11-01,21.1299991607666,PLAB
2023-12-01,31.3700008392334,PLAB
2024-01-01,29.219999313354492,PLAB
2024-02-01,28.790000915527344,PLAB
2024-03-01,28.31999969482422,PLAB
2024-04-01,27.40999984741211,PLAB
2024-05-01,27.350000381469727,PLAB
2024-06-01,24.670000076293945,PLAB
2024-07-01,25.40999984741211,PLAB
2024-08-01,25.860000610351562,PLAB
2024-09-01,24.760000228881836,PLAB
2024-10-01,22.799999237060547,PLAB
2024-11-01,24.90999984741211,PLAB
2024-12-01,23.559999465942383,PLAB
2025-01-01,22.989999771118164,PLAB
2025-02-01,20.84000015258789,PLAB
2025-03-01,20.760000228881836,PLAB
2025-04-01,18.270000457763672,PLAB
2025-05-01,16.709999084472656,PLAB
2025-06-01,18.829999923706055,PLAB
2025-07-01,20.360000610351562,PLAB
2025-08-01,22.670000076293945,PLAB
2025-09-01,22.950000762939453,PLAB
2025-10-01,23.899999618530273,PLAB
2025-11-01,22.90999984741211,PLAB
2025-12-01,32.0,PLAB
2026-01-01,34.56999969482422,PLAB
2017-01-01,32.29690170288086,POWI
2017-02-01,28.8099422454834,POWI
2017-03-01,29.972370147705078,POWI
2017-04-01,30.063539505004883,POWI
2017-05-01,30.58324432373047,POWI
2017-06-01,33.30125427246094,POWI
2017-07-01,32.2734375,POWI
2017-08-01,33.34425354003906,POWI
2017-09-01,33.50446319580078,POWI
2017-10-01,36.777095794677734,POWI
2017-11-01,35.9926872253418,POWI
2017-12-01,33.72308349609375,POWI
2018-01-01,34.2503662109375,POWI
2018-02-01,30.883665084838867,POWI
2018-03-01,31.41217041015625,POWI
2018-04-01,31.159406661987305,POWI
2018-05-01,34.61075210571289,POWI
2018-06-01,33.643592834472656,POWI
2018-07-01,32.929725646972656,POWI
2018-08-01,33.85585403442383,POWI
2018-09-01,29.170961380004883,POWI
2018-10-01,25.995391845703125,POWI
2018-11-01,29.31999397277832,POWI
2018-12-01,28.218645095825195,POWI
2019-01-01,30.541662216186523,POWI
2019-02-01,33.886192321777344,POWI
2019-03-01,32.43910598754883,POWI
2019-04-01,36.6505241394043,POWI
2019-05-01,30.299339294433594,POWI
2019-06-01,37.28361892700195,POWI
2019-07-01,42.34746170043945,POWI
2019-08-01,41.47536087036133,POWI
2019-09-01,42.132293701171875,POWI
2019-10-01,42.44911575317383,POWI
2019-11-01,42.7125358581543,POWI
2019-12-01,46.17659378051758,POWI
2020-01-01,45.59770202636719,POWI
2020-02-01,40.72432327270508,POWI
2020-03-01,41.32313537597656,POWI
2020-04-01,47.882076263427734,POWI
2020-05-01,50.7835578918457,POWI
2020-06-01,55.3674430847168,POWI
2020-07-01,57.19538116455078,POWI
2020-08-01,52.57020568847656,POWI
2020-09-01,52.03482437133789,POWI
2020-10-01,56.552650451660156,POWI
2020-11-01,67.15962982177734,POWI
2020-12-01,77.00918579101562,POWI
2021-01-01,75.77680206298828,POWI
2021-02-01,83.25008392333984,POWI
2021-03-01,76.7592544555664,POWI
2021-04-01,78.01220703125,POWI
2021-05-01,77.55085754394531,POWI
2021-06-01,77.42820739746094,POWI
2021-07-01,91.51549530029297,POWI
2021-08-01,102.63097381591797,POWI
2021-09-01,93.51470947265625,POWI
2021-10-01,97.50128173828125,POWI
2021-11-01,94.6358413696289,POWI
2021-12-01,87.880859375,POWI
2022-01-01,76.357666015625,POWI
2022-02-01,85.31690979003906,POWI
2022-03-01,87.85747528076172,POWI
2022-04-01,75.83724212646484,POWI
2022-05-01,80.16612243652344,POWI
2022-06-01,71.2640609741211,POWI
2022-07-01,80.76465606689453,POWI
2022-08-01,68.12324523925781,POWI
2022-09-01,61.25664138793945,POWI
2022-10-01,63.532814025878906,POWI
2022-11-01,76.82837677001953,POWI
2022-12-01,68.46585845947266,POWI
2023-01-01,82.18384552001953,POWI
2023-02-01,78.6993408203125,POWI
2023-03-01,80.98615264892578,POWI
2023-04-01,69.63815307617188,POWI
2023-05-01,82.84578704833984,POWI
2023-06-01,90.77559661865234,POWI
2023-07-01,93.14397430419922,POWI
2023-08-01,80.7466812133789,POWI
2023-09-01,73.3370590209961,POWI
2023-10-01,66.62899780273438,POWI
2023-11-01,73.62794494628906,POWI
2023-12-01,79.12039947509766,POWI
2024-01-01,72.2307357788086,POWI
2024-02-01,69.0542984008789,POWI
2024-03-01,69.1412582397461,POWI
2024-04-01,64.4738540649414,POWI
2024-05-01,73.6458740234375,POWI
2024-06-01,68.00688934326172,POWI
2024-07-01,70.76824188232422,POWI
2024-08-01,65.20938110351562,POWI
2024-09-01,62.313350677490234,POWI
2024-10-01,58.72731399536133,POWI
2024-11-01,63.87125778198242,POWI
2024-12-01,60.156578063964844,POWI
2025-01-01,60.76106262207031,POWI
2025-02-01,59.485225677490234,POWI
2025-03-01,49.407955169677734,POWI
2025-04-01,48.057796478271484,POWI
2025-05-01,48.857215881347656,POWI
2025-06-01,54.91893005371094,POWI
2025-07-01,47.668453216552734,POWI
2025-08-01,44.51018142700195,POWI
2025-09-01,39.68413162231445,POWI
2025-10-01,41.342159271240234,POWI
2025-11-01,33.36832809448242,POWI
2025-12-01,35.294952392578125,POWI
2026-01-01,45.62324142456055,POWI
2017-01-01,24.977968215942383,PRGS
2017-02-01,25.677061080932617,PRGS
2017-03-01,26.00832176208496,PRGS
2017-04-01,26.608173370361328,PRGS
2017-05-01,26.255008697509766,PRGS
2017-06-01,27.774560928344727,PRGS
2017-07-01,28.781604766845703,PRGS
2017-08-01,30.308006286621094,PRGS
2017-09-01,34.450748443603516,PRGS
2017-10-01,38.20540237426758,PRGS
2017-11-01,37.43879318237305,PRGS
2017-12-01,38.55270767211914,PRGS
2018-01-01,45.12758255004883,PRGS
2018-02-01,42.571563720703125,PRGS
2018-03-01,34.923763275146484,PRGS
2018-04-01,33.543155670166016,PRGS
2018-05-01,34.534420013427734,PRGS
2018-06-01,35.391380310058594,PRGS
2018-07-01,33.540679931640625,PRGS
2018-08-01,37.44367599487305,PRGS
2018-09-01,32.28407669067383,PRGS
2018-10-01,29.402385711669922,PRGS
2018-11-01,32.307777404785156,PRGS
2018-12-01,32.61100769042969,PRGS
2019-01-01,33.29098129272461,PRGS
2019-02-01,33.93783187866211,PRGS
2019-03-01,40.94132614135742,PRGS
2019-04-01,42.08551788330078,PRGS
2019-05-01,37.93321228027344,PRGS
2019-06-01,40.39665222167969,PRGS
2019-07-01,40.091033935546875,PRGS
2019-08-01,35.133888244628906,PRGS
2019-09-01,35.394283294677734,PRGS
2019-10-01,37.08681106567383,PRGS
2019-11-01,39.221519470214844,PRGS
2019-12-01,38.79205322265625,PRGS
2020-01-01,42.134429931640625,PRGS
2020-02-01,34.96863555908203,PRGS
2020-03-01,30.007951736450195,PRGS
2020-04-01,38.363285064697266,PRGS
2020-05-01,38.0414924621582,PRGS
2020-06-01,36.487815856933594,PRGS
2020-07-01,32.82490921020508,PRGS
2020-08-01,35.83250427246094,PRGS
2020-09-01,34.68820571899414,PRGS
2020-10-01,34.39504623413086,PRGS
2020-11-01,38.08481979370117,PRGS
2020-12-01,42.91903305053711,PRGS
2021-01-01,38.160797119140625,PRGS
2021-02-01,40.56360626220703,PRGS
2021-03-01,42.01298904418945,PRGS
2021-04-01,41.631568908691406,PRGS
2021-05-01,42.663421630859375,PRGS
2021-06-01,44.27155685424805,PRGS
2021-07-01,43.63978576660156,PRGS
2021-08-01,44.73600387573242,PRGS
2021-09-01,47.26296615600586,PRGS
2021-10-01,49.39601135253906,PRGS
2021-11-01,46.717063903808594,PRGS
2021-12-01,46.54349899291992,PRGS
2022-01-01,43.88222122192383,PRGS
2022-02-01,42.67228317260742,PRGS
2022-03-01,45.586151123046875,PRGS
2022-04-01,46.44772720336914,PRGS
2022-05-01,46.93707275390625,PRGS
2022-06-01,44.01261520385742,PRGS
2022-07-01,45.62544631958008,PRGS
2022-08-01,46.93223571777344,PRGS
2022-09-01,41.49109649658203,PRGS
2022-10-01,49.76007080078125,PRGS
2022-11-01,52.16633987426758,PRGS
2022-12-01,49.358436584472656,PRGS
2023-01-01,51.892398834228516,PRGS
2023-02-01,56.36863327026367,PRGS
2023-03-01,56.37844467163086,PRGS
2023-04-01,53.85638427734375,PRGS
2023-05-01,59.05312728881836,PRGS
2023-06-01,57.183109283447266,PRGS
2023-07-01,59.11217498779297,PRGS
2023-08-01,60.05223083496094,PRGS
2023-09-01,51.899192810058594,PRGS
2023-10-01,50.714725494384766,PRGS
2023-11-01,53.3348503112793,PRGS
2023-12-01,53.77055740356445,PRGS
2024-01-01,56.25608825683594,PRGS
2024-02-01,53.015907287597656,PRGS
2024-03-01,52.96623229980469,PRGS
2024-04-01,49.49873352050781,PRGS
2024-05-01,50.323387145996094,PRGS
2024-06-01,54.09701156616211,PRGS
2024-07-01,58.22458267211914,PRGS
2024-08-01,58.150001525878906,PRGS
2024-09-01,67.37000274658203,PRGS
2024-10-01,64.08999633789062,PRGS
2024-11-01,68.41000366210938,PRGS
2024-12-01,65.1500015258789,PRGS
2025-01-01,57.33000183105469,PRGS
2025-02-01,54.63999938964844,PRGS
2025-03-01,51.5099983215332,PRGS
2025-04-01,59.959999084472656,PRGS
2025-05-01,61.560001373291016,PRGS
2025-06-01,63.84000015258789,PRGS
2025-07-01,48.08000183105469,PRGS
2025-08-01,46.290000915527344,PRGS
2025-09-01,43.93000030517578,PRGS
2025-10-01,42.63999938964844,PRGS
2025-11-01,41.40999984741211,PRGS
2025-12-01,42.959999084472656,PRGS
2026-01-01,40.91999816894531,PRGS
2017-01-01,,PSN
2017-02-01,,PSN
2017-03-01,,PSN
2017-04-01,,PSN
2017-05-01,,PSN
2017-06-01,,PSN
2017-07-01,,PSN
2017-08-01,,PSN
2017-09-01,,PSN
2017-10-01,,PSN
2017-11-01,,PSN
2017-12-01,,PSN
2018-01-01,,PSN
2018-02-01,,PSN
2018-03-01,,PSN
2018-04-01,,PSN
2018-05-01,,PSN
2018-06-01,,PSN
2018-07-01,,PSN
2018-08-01,,PSN
2018-09-01,,PSN
2018-10-01,,PSN
2018-11-01,,PSN
2018-12-01,,PSN
2019-01-01,,PSN
2019-02-01,,PSN
2019-03-01,,PSN
2019-04-01,,PSN
2019-05-01,31.75,PSN
2019-06-01,36.86000061035156,PSN
2019-07-01,36.709999084472656,PSN
2019-08-01,34.02000045776367,PSN
2019-09-01,32.97999954223633,PSN
2019-10-01,35.599998474121094,PSN
2019-11-01,40.029998779296875,PSN
2019-12-01,41.279998779296875,PSN
2020-01-01,40.900001525878906,PSN
2020-02-01,39.09000015258789,PSN
2020-03-01,31.959999084472656,PSN
2020-04-01,37.400001525878906,PSN
2020-05-01,40.65999984741211,PSN
2020-06-01,36.2400016784668,PSN
2020-07-01,34.83000183105469,PSN
2020-08-01,33.2599983215332,PSN
2020-09-01,33.540000915527344,PSN
2020-10-01,31.520000457763672,PSN
2020-11-01,32.70000076293945,PSN
2020-12-01,36.40999984741211,PSN
2021-01-01,35.65999984741211,PSN
2021-02-01,35.7400016784668,PSN
2021-03-01,40.439998626708984,PSN
2021-04-01,44.33000183105469,PSN
2021-05-01,39.61000061035156,PSN
2021-06-01,39.36000061035156,PSN
2021-07-01,38.619998931884766,PSN
2021-08-01,35.43000030517578,PSN
2021-09-01,33.7599983215332,PSN
2021-10-01,34.63999938964844,PSN
2021-11-01,33.189998626708984,PSN
2021-12-01,33.650001525878906,PSN
2022-01-01,30.450000762939453,PSN
2022-02-01,34.65999984741211,PSN
2022-03-01,38.70000076293945,PSN
2022-04-01,36.93000030517578,PSN
2022-05-01,39.040000915527344,PSN
2022-06-01,40.41999816894531,PSN
2022-07-01,43.22999954223633,PSN
2022-08-01,41.380001068115234,PSN
2022-09-01,39.20000076293945,PSN
2022-10-01,46.880001068115234,PSN
2022-11-01,49.5,PSN
2022-12-01,46.25,PSN
2023-01-01,43.52000045776367,PSN
2023-02-01,45.029998779296875,PSN
2023-03-01,44.7400016784668,PSN
2023-04-01,43.5,PSN
2023-05-01,44.689998626708984,PSN
2023-06-01,48.13999938964844,PSN
2023-07-01,49.41999816894531,PSN
2023-08-01,57.02000045776367,PSN
2023-09-01,54.349998474121094,PSN
2023-10-01,56.54999923706055,PSN
2023-11-01,62.290000915527344,PSN
2023-12-01,62.709999084472656,PSN
2024-01-01,65.1500015258789,PSN
2024-02-01,80.61000061035156,PSN
2024-03-01,82.94999694824219,PSN
2024-04-01,78.51000213623047,PSN
2024-05-01,76.1500015258789,PSN
2024-06-01,81.80999755859375,PSN
2024-07-01,91.37000274658203,PSN
2024-08-01,95.45999908447266,PSN
2024-09-01,103.68000030517578,PSN
2024-10-01,108.16000366210938,PSN
2024-11-01,95.91000366210938,PSN
2024-12-01,92.25,PSN
2025-01-01,79.2699966430664,PSN
2025-02-01,58.220001220703125,PSN
2025-03-01,59.209999084472656,PSN
2025-04-01,66.86000061035156,PSN
2025-05-01,64.83999633789062,PSN
2025-06-01,71.7699966430664,PSN
2025-07-01,74.19999694824219,PSN
2025-08-01,80.0999984741211,PSN
2025-09-01,82.91999816894531,PSN
2025-10-01,83.13999938964844,PSN
2025-11-01,84.68000030517578,PSN
2025-12-01,61.79999923706055,PSN
2026-01-01,70.05999755859375,PSN
2017-01-01,,PSTG
2017-02-01,,PSTG
2017-03-01,,PSTG
2017-04-01,,PSTG
2017-05-01,,PSTG
2017-06-01,,PSTG
2017-07-01,,PSTG
2017-08-01,,PSTG
2017-09-01,,PSTG
2017-10-01,,PSTG
2017-11-01,,PSTG
2017-12-01,,PSTG
2018-01-01,,PSTG
2018-02-01,,PSTG
2018-03-01,,PSTG
2018-04-01,,PSTG
2018-05-01,,PSTG
2018-06-01,,PSTG
2018-07-01,,PSTG
2018-08-01,,PSTG
2018-09-01,,PSTG
2018-10-01,,PSTG
2018-11-01,,PSTG
2018-12-01,,PSTG
2019-01-01,,PSTG
2019-02-01,,PSTG
2019-03-01,,PSTG
2019-04-01,,PSTG
2019-05-01,,PSTG
2019-06-01,,PSTG
2019-07-01,,PSTG
2019-08-01,,PSTG
2019-09-01,,PSTG
2019-10-01,,PSTG
2019-11-01,,PSTG
2019-12-01,,PSTG
2020-01-01,,PSTG
2020-02-01,,PSTG
2020-03-01,,PSTG
2020-04-01,,PSTG
2020-05-01,,PSTG
2020-06-01,,PSTG
2020-07-01,,PSTG
2020-08-01,,PSTG
2020-09-01,,PSTG
2020-10-01,,PSTG
2020-11-01,,PSTG
2020-12-01,,PSTG
2021-01-01,,PSTG
2021-02-01,,PSTG
2021-03-01,,PSTG
2021-04-01,,PSTG
2021-05-01,,PSTG
2021-06-01,,PSTG
2021-07-01,,PSTG
2021-08-01,,PSTG
2021-09-01,,PSTG
2021-10-01,,PSTG
2021-11-01,,PSTG
2021-12-01,,PSTG
2022-01-01,,PSTG
2022-02-01,,PSTG
2022-03-01,,PSTG
2022-04-01,,PSTG
2022-05-01,,PSTG
2022-06-01,,PSTG
2022-07-01,,PSTG
2022-08-01,,PSTG
2022-09-01,,PSTG
2022-10-01,,PSTG
2022-11-01,,PSTG
2022-12-01,,PSTG
2023-01-01,,PSTG
2023-02-01,,PSTG
2023-03-01,,PSTG
2023-04-01,,PSTG
2023-05-01,,PSTG
2023-06-01,,PSTG
2023-07-01,,PSTG
2023-08-01,,PSTG
2023-09-01,,PSTG
2023-10-01,,PSTG
2023-11-01,,PSTG
2023-12-01,,PSTG
2024-01-01,,PSTG
2024-02-01,,PSTG
2024-03-01,,PSTG
2024-04-01,,PSTG
2024-05-01,,PSTG
2024-06-01,,PSTG
2024-07-01,,PSTG
2024-08-01,,PSTG
2024-09-01,,PSTG
2024-10-01,,PSTG
2024-11-01,,PSTG
2024-12-01,,PSTG
2025-01-01,,PSTG
2025-02-01,,PSTG
2025-03-01,,PSTG
2025-04-01,,PSTG
2025-05-01,,PSTG
2025-06-01,,PSTG
2025-07-01,,PSTG
2025-08-01,,PSTG
2025-09-01,,PSTG
2025-10-01,,PSTG
2025-11-01,,PSTG
2025-12-01,,PSTG
2026-01-01,,PSTG
2017-01-01,35.900001525878906,QLYS
2017-02-01,34.95000076293945,QLYS
2017-03-01,37.900001525878906,QLYS
2017-04-01,38.400001525878906,QLYS
2017-05-01,42.0,QLYS
2017-06-01,40.79999923706055,QLYS
2017-07-01,40.150001525878906,QLYS
2017-08-01,47.5,QLYS
2017-09-01,51.79999923706055,QLYS
2017-10-01,52.900001525878906,QLYS
2017-11-01,58.900001525878906,QLYS
2017-12-01,59.349998474121094,QLYS
2018-01-01,62.5,QLYS
2018-02-01,74.05000305175781,QLYS
2018-03-01,72.75,QLYS
2018-04-01,76.94999694824219,QLYS
2018-05-01,76.94999694824219,QLYS
2018-06-01,84.30000305175781,QLYS
2018-07-01,87.0999984741211,QLYS
2018-08-01,91.05000305175781,QLYS
2018-09-01,89.0999984741211,QLYS
2018-10-01,71.23999786376953,QLYS
2018-11-01,78.76000213623047,QLYS
2018-12-01,74.73999786376953,QLYS
2019-01-01,86.52999877929688,QLYS
2019-02-01,83.62999725341797,QLYS
2019-03-01,82.73999786376953,QLYS
2019-04-01,90.26000213623047,QLYS
2019-05-01,88.61000061035156,QLYS
2019-06-01,87.08000183105469,QLYS
2019-07-01,86.55999755859375,QLYS
2019-08-01,79.62000274658203,QLYS
2019-09-01,75.56999969482422,QLYS
2019-10-01,85.33000183105469,QLYS
2019-11-01,87.51000213623047,QLYS
2019-12-01,83.37000274658203,QLYS
2020-01-01,85.73999786376953,QLYS
2020-02-01,80.18000030517578,QLYS
2020-03-01,86.98999786376953,QLYS
2020-04-01,105.44000244140625,QLYS
2020-05-01,115.31999969482422,QLYS
2020-06-01,104.0199966430664,QLYS
2020-07-01,123.4800033569336,QLYS
2020-08-01,106.13999938964844,QLYS
2020-09-01,98.01000213623047,QLYS
2020-10-01,87.8499984741211,QLYS
2020-11-01,95.01000213623047,QLYS
2020-12-01,121.87000274658203,QLYS
2021-01-01,138.47000122070312,QLYS
2021-02-01,97.16000366210938,QLYS
2021-03-01,104.77999877929688,QLYS
2021-04-01,101.36000061035156,QLYS
2021-05-01,96.68000030517578,QLYS
2021-06-01,100.69000244140625,QLYS
2021-07-01,101.55999755859375,QLYS
2021-08-01,117.37999725341797,QLYS
2021-09-01,111.29000091552734,QLYS
2021-10-01,124.4800033569336,QLYS
2021-11-01,130.2899932861328,QLYS
2021-12-01,137.22000122070312,QLYS
2022-01-01,128.13999938964844,QLYS
2022-02-01,125.30999755859375,QLYS
2022-03-01,142.41000366210938,QLYS
2022-04-01,136.27999877929688,QLYS
2022-05-01,130.67999267578125,QLYS
2022-06-01,126.13999938964844,QLYS
2022-07-01,122.31999969482422,QLYS
2022-08-01,151.89999389648438,QLYS
2022-09-01,139.38999938964844,QLYS
2022-10-01,142.55999755859375,QLYS
2022-11-01,123.31999969482422,QLYS
2022-12-01,112.2300033569336,QLYS
2023-01-01,115.36000061035156,QLYS
2023-02-01,118.1500015258789,QLYS
2023-03-01,130.02000427246094,QLYS
2023-04-01,112.94000244140625,QLYS
2023-05-01,126.26000213623047,QLYS
2023-06-01,129.1699981689453,QLYS
2023-07-01,138.8000030517578,QLYS
2023-08-01,155.64999389648438,QLYS
2023-09-01,152.5500030517578,QLYS
2023-10-01,152.9499969482422,QLYS
2023-11-01,184.83999633789062,QLYS
2023-12-01,196.27999877929688,QLYS
2024-01-01,189.1699981689453,QLYS
2024-02-01,171.86000061035156,QLYS
2024-03-01,166.8699951171875,QLYS
2024-04-01,163.91000366210938,QLYS
2024-05-01,140.6199951171875,QLYS
2024-06-01,142.60000610351562,QLYS
2024-07-01,149.13999938964844,QLYS
2024-08-01,125.16999816894531,QLYS
2024-09-01,128.4600067138672,QLYS
2024-10-01,119.23999786376953,QLYS
2024-11-01,153.60000610351562,QLYS
2024-12-01,140.22000122070312,QLYS
2025-01-01,139.41000366210938,QLYS
2025-02-01,131.4600067138672,QLYS
2025-03-01,125.93000030517578,QLYS
2025-04-01,125.70999908447266,QLYS
2025-05-01,138.5500030517578,QLYS
2025-06-01,142.8699951171875,QLYS
2025-07-01,133.07000732421875,QLYS
2025-08-01,135.80999755859375,QLYS
2025-09-01,132.3300018310547,QLYS
2025-10-01,123.26000213623047,QLYS
2025-11-01,140.85000610351562,QLYS
2025-12-01,132.89999389648438,QLYS
2026-01-01,131.89999389648438,QLYS
2017-01-01,64.20999908447266,QRVO
2017-02-01,66.0999984741211,QRVO
2017-03-01,68.55999755859375,QRVO
2017-04-01,68.02999877929688,QRVO
2017-05-01,77.94999694824219,QRVO
2017-06-01,63.31999969482422,QRVO
2017-07-01,68.55999755859375,QRVO
2017-08-01,73.22000122070312,QRVO
2017-09-01,70.68000030517578,QRVO
2017-10-01,75.80999755859375,QRVO
2017-11-01,76.58000183105469,QRVO
2017-12-01,66.5999984741211,QRVO
2018-01-01,71.7699966430664,QRVO
2018-02-01,80.70999908447266,QRVO
2018-03-01,70.44999694824219,QRVO
2018-04-01,67.4000015258789,QRVO
2018-05-01,80.25,QRVO
2018-06-01,80.16999816894531,QRVO
2018-07-01,81.76000213623047,QRVO
2018-08-01,80.08999633789062,QRVO
2018-09-01,76.88999938964844,QRVO
2018-10-01,73.51000213623047,QRVO
2018-11-01,65.80999755859375,QRVO
2018-12-01,60.72999954223633,QRVO
2019-01-01,65.36000061035156,QRVO
2019-02-01,70.13999938964844,QRVO
2019-03-01,71.7300033569336,QRVO
2019-04-01,75.61000061035156,QRVO
2019-05-01,61.18000030517578,QRVO
2019-06-01,66.61000061035156,QRVO
2019-07-01,73.29000091552734,QRVO
2019-08-01,71.43000030517578,QRVO
2019-09-01,74.13999938964844,QRVO
2019-10-01,80.86000061035156,QRVO
2019-11-01,104.20999908447266,QRVO
2019-12-01,116.2300033569336,QRVO
2020-01-01,105.86000061035156,QRVO
2020-02-01,100.58000183105469,QRVO
2020-03-01,80.62999725341797,QRVO
2020-04-01,98.02999877929688,QRVO
2020-05-01,104.73999786376953,QRVO
2020-06-01,110.52999877929688,QRVO
2020-07-01,128.14999389648438,QRVO
2020-08-01,128.27000427246094,QRVO
2020-09-01,129.00999450683594,QRVO
2020-10-01,127.36000061035156,QRVO
2020-11-01,156.67999267578125,QRVO
2020-12-01,166.27000427246094,QRVO
2021-01-01,170.8800048828125,QRVO
2021-02-01,174.72999572753906,QRVO
2021-03-01,182.6999969482422,QRVO
2021-04-01,188.1699981689453,QRVO
2021-05-01,182.72000122070312,QRVO
2021-06-01,195.64999389648438,QRVO
2021-07-01,189.58999633789062,QRVO
2021-08-01,188.02999877929688,QRVO
2021-09-01,167.19000244140625,QRVO
2021-10-01,168.22999572753906,QRVO
2021-11-01,146.22999572753906,QRVO
2021-12-01,156.38999938964844,QRVO
2022-01-01,137.27999877929688,QRVO
2022-02-01,136.77999877929688,QRVO
2022-03-01,124.0999984741211,QRVO
2022-04-01,113.77999877929688,QRVO
2022-05-01,111.75,QRVO
2022-06-01,94.31999969482422,QRVO
2022-07-01,104.06999969482422,QRVO
2022-08-01,89.77999877929688,QRVO
2022-09-01,79.41000366210938,QRVO
2022-10-01,86.08000183105469,QRVO
2022-11-01,99.25,QRVO
2022-12-01,90.63999938964844,QRVO
2023-01-01,108.66000366210938,QRVO
2023-02-01,100.88999938964844,QRVO
2023-03-01,101.56999969482422,QRVO
2023-04-01,92.08000183105469,QRVO
2023-05-01,97.26000213623047,QRVO
2023-06-01,102.02999877929688,QRVO
2023-07-01,110.0199966430664,QRVO
2023-08-01,107.38999938964844,QRVO
2023-09-01,95.47000122070312,QRVO
2023-10-01,87.41999816894531,QRVO
2023-11-01,96.5,QRVO
2023-12-01,112.61000061035156,QRVO
2024-01-01,99.73999786376953,QRVO
2024-02-01,114.55000305175781,QRVO
2024-03-01,114.83000183105469,QRVO
2024-04-01,116.83999633789062,QRVO
2024-05-01,98.38999938964844,QRVO
2024-06-01,116.04000091552734,QRVO
2024-07-01,119.80000305175781,QRVO
2024-08-01,115.88999938964844,QRVO
2024-09-01,103.30000305175781,QRVO
2024-10-01,71.26000213623047,QRVO
2024-11-01,69.05000305175781,QRVO
2024-12-01,69.93000030517578,QRVO
2025-01-01,82.9800033569336,QRVO
2025-02-01,72.69000244140625,QRVO
2025-03-01,72.41000366210938,QRVO
2025-04-01,71.66999816894531,QRVO
2025-05-01,76.0199966430664,QRVO
2025-06-01,84.91000366210938,QRVO
2025-07-01,83.5999984741211,QRVO
2025-08-01,90.69999694824219,QRVO
2025-09-01,91.08000183105469,QRVO
2025-10-01,94.91999816894531,QRVO
2025-11-01,85.88999938964844,QRVO
2025-12-01,84.51000213623047,QRVO
2026-01-01,78.11000061035156,QRVO
2017-01-01,31.75,QTWO
2017-02-01,35.95000076293945,QTWO
2017-03-01,34.849998474121094,QTWO
2017-04-01,38.150001525878906,QTWO
2017-05-01,39.599998474121094,QTWO
2017-06-01,36.95000076293945,QTWO
2017-07-01,38.900001525878906,QTWO
2017-08-01,40.599998474121094,QTWO
2017-09-01,41.650001525878906,QTWO
2017-10-01,42.54999923706055,QTWO
2017-11-01,41.849998474121094,QTWO
2017-12-01,36.849998474121094,QTWO
2018-01-01,42.349998474121094,QTWO
2018-02-01,45.54999923706055,QTWO
2018-03-01,45.54999923706055,QTWO
2018-04-01,49.25,QTWO
2018-05-01,57.150001525878906,QTWO
2018-06-01,57.04999923706055,QTWO
2018-07-01,59.150001525878906,QTWO
2018-08-01,62.29999923706055,QTWO
2018-09-01,60.54999923706055,QTWO
2018-10-01,53.22999954223633,QTWO
2018-11-01,54.290000915527344,QTWO
2018-12-01,49.54999923706055,QTWO
2019-01-01,59.43000030517578,QTWO
2019-02-01,68.81999969482422,QTWO
2019-03-01,69.26000213623047,QTWO
2019-04-01,75.41999816894531,QTWO
2019-05-01,73.23999786376953,QTWO
2019-06-01,76.36000061035156,QTWO
2019-07-01,79.87000274658203,QTWO
2019-08-01,89.94999694824219,QTWO
2019-09-01,78.87000274658203,QTWO
2019-10-01,71.48999786376953,QTWO
2019-11-01,84.43000030517578,QTWO
2019-12-01,81.08000183105469,QTWO
2020-01-01,87.19000244140625,QTWO
2020-02-01,75.37000274658203,QTWO
2020-03-01,59.060001373291016,QTWO
2020-04-01,79.72000122070312,QTWO
2020-05-01,82.62000274658203,QTWO
2020-06-01,85.79000091552734,QTWO
2020-07-01,94.05000305175781,QTWO
2020-08-01,97.29000091552734,QTWO
2020-09-01,91.26000213623047,QTWO
2020-10-01,91.23999786376953,QTWO
2020-11-01,113.37000274658203,QTWO
2020-12-01,126.52999877929688,QTWO
2021-01-01,127.98999786376953,QTWO
2021-02-01,121.87999725341797,QTWO
2021-03-01,100.19999694824219,QTWO
2021-04-01,104.0199966430664,QTWO
2021-05-01,94.93000030517578,QTWO
2021-06-01,102.58000183105469,QTWO
2021-07-01,103.30999755859375,QTWO
2021-08-01,88.08999633789062,QTWO
2021-09-01,80.13999938964844,QTWO
2021-10-01,78.45999908447266,QTWO
2021-11-01,80.30000305175781,QTWO
2021-12-01,79.44000244140625,QTWO
2022-01-01,65.25,QTWO
2022-02-01,65.05000305175781,QTWO
2022-03-01,61.650001525878906,QTWO
2022-04-01,51.72999954223633,QTWO
2022-05-01,52.72999954223633,QTWO
2022-06-01,38.56999969482422,QTWO
2022-07-01,43.900001525878906,QTWO
2022-08-01,39.720001220703125,QTWO
2022-09-01,32.20000076293945,QTWO
2022-10-01,31.040000915527344,QTWO
2022-11-01,27.200000762939453,QTWO
2022-12-01,26.8700008392334,QTWO
2023-01-01,32.720001220703125,QTWO
2023-02-01,32.279998779296875,QTWO
2023-03-01,24.6200008392334,QTWO
2023-04-01,24.6200008392334,QTWO
2023-05-01,29.1200008392334,QTWO
2023-06-01,30.899999618530273,QTWO
2023-07-01,35.470001220703125,QTWO
2023-08-01,34.40999984741211,QTWO
2023-09-01,32.27000045776367,QTWO
2023-10-01,30.030000686645508,QTWO
2023-11-01,35.52000045776367,QTWO
2023-12-01,43.40999984741211,QTWO
2024-01-01,42.54999923706055,QTWO
2024-02-01,46.22999954223633,QTWO
2024-03-01,52.560001373291016,QTWO
2024-04-01,51.38999938964844,QTWO
2024-05-01,60.81999969482422,QTWO
2024-06-01,60.33000183105469,QTWO
2024-07-01,67.47000122070312,QTWO
2024-08-01,74.20999908447266,QTWO
2024-09-01,79.7699966430664,QTWO
2024-10-01,84.66000366210938,QTWO
2024-11-01,104.73999786376953,QTWO
2024-12-01,100.6500015258789,QTWO
2025-01-01,95.16999816894531,QTWO
2025-02-01,87.37000274658203,QTWO
2025-03-01,80.01000213623047,QTWO
2025-04-01,79.25,QTWO
2025-05-01,87.5199966430664,QTWO
2025-06-01,93.58999633789062,QTWO
2025-07-01,81.19999694824219,QTWO
2025-08-01,78.7300033569336,QTWO
2025-09-01,72.38999938964844,QTWO
2025-10-01,61.7599983215332,QTWO
2025-11-01,72.12999725341797,QTWO
2025-12-01,72.16000366210938,QTWO
2026-01-01,61.25,QTWO
2017-01-01,0.20000000298023224,QUBT
2017-02-01,0.4000000059604645,QUBT
2017-03-01,0.4000000059604645,QUBT
2017-04-01,0.6000000238418579,QUBT
2017-05-01,0.4000000059604645,QUBT
2017-06-01,0.20000000298023224,QUBT
2017-07-01,0.20000000298023224,QUBT
2017-08-01,0.20000000298023224,QUBT
2017-09-01,0.6000000238418579,QUBT
2017-10-01,0.6000000238418579,QUBT
2017-11-01,1.0,QUBT
2017-12-01,0.800000011920929,QUBT
2018-01-01,6.0,QUBT
2018-02-01,24.0,QUBT
2018-03-01,12.0,QUBT
2018-04-01,5.599999904632568,QUBT
2018-05-01,6.199999809265137,QUBT
2018-06-01,3.799999952316284,QUBT
2018-07-01,5.199999809265137,QUBT
2018-08-01,5.0,QUBT
2018-09-01,11.5,QUBT
2018-10-01,7.0,QUBT
2018-11-01,7.0,QUBT
2018-12-01,3.0,QUBT
2019-01-01,5.349999904632568,QUBT
2019-02-01,6.349999904632568,QUBT
2019-03-01,4.050000190734863,QUBT
2019-04-01,3.5,QUBT
2019-05-01,5.0,QUBT
2019-06-01,4.449999809265137,QUBT
2019-07-01,5.0,QUBT
2019-08-01,4.150000095367432,QUBT
2019-09-01,3.5,QUBT
2019-10-01,3.5,QUBT
2019-11-01,3.0,QUBT
2019-12-01,3.0,QUBT
2020-01-01,2.25,QUBT
2020-02-01,3.490000009536743,QUBT
2020-03-01,2.200000047683716,QUBT
2020-04-01,1.5,QUBT
2020-05-01,2.049999952316284,QUBT
2020-06-01,2.680000066757202,QUBT
2020-07-01,2.25,QUBT
2020-08-01,4.090000152587891,QUBT
2020-09-01,3.690000057220459,QUBT
2020-10-01,3.4149999618530273,QUBT
2020-11-01,5.320000171661377,QUBT
2020-12-01,14.109999656677246,QUBT
2021-01-01,11.1899995803833,QUBT
2021-02-01,8.850000381469727,QUBT
2021-03-01,7.0,QUBT
2021-04-01,6.110000133514404,QUBT
2021-05-01,5.974999904632568,QUBT
2021-06-01,5.199999809265137,QUBT
2021-07-01,9.34000015258789,QUBT
2021-08-01,7.559999942779541,QUBT
2021-09-01,6.224999904632568,QUBT
2021-10-01,6.25,QUBT
2021-11-01,5.300000190734863,QUBT
2021-12-01,3.4100000858306885,QUBT
2022-01-01,2.690000057220459,QUBT
2022-02-01,2.740000009536743,QUBT
2022-03-01,2.5999999046325684,QUBT
2022-04-01,1.5299999713897705,QUBT
2022-05-01,2.2699999809265137,QUBT
2022-06-01,2.380000114440918,QUBT
2022-07-01,3.069999933242798,QUBT
2022-08-01,2.9600000381469727,QUBT
2022-09-01,2.509999990463257,QUBT
2022-10-01,2.2300000190734863,QUBT
2022-11-01,2.2100000381469727,QUBT
2022-12-01,1.5099999904632568,QUBT
2023-01-01,1.7599999904632568,QUBT
2023-02-01,1.440000057220459,QUBT
2023-03-01,1.309999942779541,QUBT
2023-04-01,1.149999976158142,QUBT
2023-05-01,1.1699999570846558,QUBT
2023-06-01,1.1799999475479126,QUBT
2023-07-01,1.4199999570846558,QUBT
2023-08-01,1.1799999475479126,QUBT
2023-09-01,1.0800000429153442,QUBT
2023-10-01,0.7269999980926514,QUBT
2023-11-01,0.890999972820282,QUBT
2023-12-01,0.9129999876022339,QUBT
2024-01-01,0.8109999895095825,QUBT
2024-02-01,0.8309999704360962,QUBT
2024-03-01,0.9900000095367432,QUBT
2024-04-01,0.7680000066757202,QUBT
2024-05-01,0.7239999771118164,QUBT
2024-06-01,0.5019999742507935,QUBT
2024-07-01,0.6819999814033508,QUBT
2024-08-01,0.6470000147819519,QUBT
2024-09-01,0.652999997138977,QUBT
2024-10-01,1.1200000047683716,QUBT
2024-11-01,7.059999942779541,QUBT
2024-12-01,16.549999237060547,QUBT
2025-01-01,10.380000114440918,QUBT
2025-02-01,6.065000057220459,QUBT
2025-03-01,8.0,QUBT
2025-04-01,6.739999771118164,QUBT
2025-05-01,11.324999809265137,QUBT
2025-06-01,19.170000076293945,QUBT
2025-07-01,14.84000015258789,QUBT
2025-08-01,15.779999732971191,QUBT
2025-09-01,18.40999984741211,QUBT
2025-10-01,16.709999084472656,QUBT
2025-11-01,11.699999809265137,QUBT
2025-12-01,10.260000228881836,QUBT
2026-01-01,9.270000457763672,QUBT
2017-01-01,6.380000114440918,RBBN
2017-02-01,5.900000095367432,RBBN
2017-03-01,6.590000152587891,RBBN
2017-04-01,7.679999828338623,RBBN
2017-05-01,6.75,RBBN
2017-06-01,7.440000057220459,RBBN
2017-07-01,6.829999923706055,RBBN
2017-08-01,6.909999847412109,RBBN
2017-09-01,7.650000095367432,RBBN
2017-10-01,7.800000190734863,RBBN
2017-11-01,7.769999980926514,RBBN
2017-12-01,7.730000019073486,RBBN
2018-01-01,6.980000019073486,RBBN
2018-02-01,6.480000019073486,RBBN
2018-03-01,5.099999904632568,RBBN
2018-04-01,5.820000171661377,RBBN
2018-05-01,6.059999942779541,RBBN
2018-06-01,7.119999885559082,RBBN
2018-07-01,6.789999961853027,RBBN
2018-08-01,6.920000076293945,RBBN
2018-09-01,6.829999923706055,RBBN
2018-10-01,6.800000190734863,RBBN
2018-11-01,5.340000152587891,RBBN
2018-12-01,4.820000171661377,RBBN
2019-01-01,5.579999923706055,RBBN
2019-02-01,5.150000095367432,RBBN
2019-03-01,5.150000095367432,RBBN
2019-04-01,5.360000133514404,RBBN
2019-05-01,4.269999980926514,RBBN
2019-06-01,4.889999866485596,RBBN
2019-07-01,4.920000076293945,RBBN
2019-08-01,5.170000076293945,RBBN
2019-09-01,5.840000152587891,RBBN
2019-10-01,4.289999961853027,RBBN
2019-11-01,2.930000066757202,RBBN
2019-12-01,3.0999999046325684,RBBN
2020-01-01,2.819999933242798,RBBN
2020-02-01,3.2300000190734863,RBBN
2020-03-01,3.0299999713897705,RBBN
2020-04-01,3.6500000953674316,RBBN
2020-05-01,4.400000095367432,RBBN
2020-06-01,3.930000066757202,RBBN
2020-07-01,4.400000095367432,RBBN
2020-08-01,4.28000020980835,RBBN
2020-09-01,3.869999885559082,RBBN
2020-10-01,4.309999942779541,RBBN
2020-11-01,6.860000133514404,RBBN
2020-12-01,6.559999942779541,RBBN
2021-01-01,7.309999942779541,RBBN
2021-02-01,8.640000343322754,RBBN
2021-03-01,8.210000038146973,RBBN
2021-04-01,6.75,RBBN
2021-05-01,7.440000057220459,RBBN
2021-06-01,7.610000133514404,RBBN
2021-07-01,6.909999847412109,RBBN
2021-08-01,6.53000020980835,RBBN
2021-09-01,5.980000019073486,RBBN
2021-10-01,5.46999979019165,RBBN
2021-11-01,5.449999809265137,RBBN
2021-12-01,6.050000190734863,RBBN
2022-01-01,4.5,RBBN
2022-02-01,3.0399999618530273,RBBN
2022-03-01,3.0899999141693115,RBBN
2022-04-01,3.450000047683716,RBBN
2022-05-01,2.8299999237060547,RBBN
2022-06-01,3.0399999618530273,RBBN
2022-07-01,3.390000104904175,RBBN
2022-08-01,3.509999990463257,RBBN
2022-09-01,2.2200000286102295,RBBN
2022-10-01,2.6500000953674316,RBBN
2022-11-01,2.5299999713897705,RBBN
2022-12-01,2.7899999618530273,RBBN
2023-01-01,3.509999990463257,RBBN
2023-02-01,4.460000038146973,RBBN
2023-03-01,3.4200000762939453,RBBN
2023-04-01,2.559999942779541,RBBN
2023-05-01,2.7799999713897705,RBBN
2023-06-01,2.7899999618530273,RBBN
2023-07-01,3.180000066757202,RBBN
2023-08-01,2.9600000381469727,RBBN
2023-09-01,2.680000066757202,RBBN
2023-10-01,1.8799999952316284,RBBN
2023-11-01,2.130000114440918,RBBN
2023-12-01,2.9000000953674316,RBBN
2024-01-01,3.0399999618530273,RBBN
2024-02-01,2.990000009536743,RBBN
2024-03-01,3.200000047683716,RBBN
2024-04-01,3.1700000762939453,RBBN
2024-05-01,3.140000104904175,RBBN
2024-06-01,3.2899999618530273,RBBN
2024-07-01,3.390000104904175,RBBN
2024-08-01,3.4100000858306885,RBBN
2024-09-01,3.25,RBBN
2024-10-01,3.559999942779541,RBBN
2024-11-01,3.9100000858306885,RBBN
2024-12-01,4.159999847412109,RBBN
2025-01-01,4.099999904632568,RBBN
2025-02-01,4.71999979019165,RBBN
2025-03-01,3.9200000762939453,RBBN
2025-04-01,3.2100000381469727,RBBN
2025-05-01,3.380000114440918,RBBN
2025-06-01,4.010000228881836,RBBN
2025-07-01,3.759999990463257,RBBN
2025-08-01,4.079999923706055,RBBN
2025-09-01,3.799999952316284,RBBN
2025-10-01,3.359999895095825,RBBN
2025-11-01,2.859999895095825,RBBN
2025-12-01,2.880000114440918,RBBN
2026-01-01,2.619999885559082,RBBN
2017-01-01,624.0,RCAT
2017-02-01,582.0,RCAT
2017-03-01,290.3999938964844,RCAT
2017-04-01,244.8000030517578,RCAT
2017-05-01,84.0,RCAT
2017-06-01,68.4000015258789,RCAT
2017-07-01,33.599998474121094,RCAT
2017-08-01,24.0,RCAT
2017-09-01,48.0,RCAT
2017-10-01,36.0,RCAT
2017-11-01,36.0,RCAT
2017-12-01,34.79999923706055,RCAT
2018-01-01,42.0,RCAT
2018-02-01,36.0,RCAT
2018-03-01,9.600000381469727,RCAT
2018-04-01,8.399999618530273,RCAT
2018-05-01,6.0,RCAT
2018-06-01,7.199999809265137,RCAT
2018-07-01,6.0,RCAT
2018-08-01,3.5999999046325684,RCAT
2018-09-01,6.0,RCAT
2018-10-01,4.800000190734863,RCAT
2018-11-01,3.5999999046325684,RCAT
2018-12-01,2.4000000953674316,RCAT
2019-01-01,1.2000000476837158,RCAT
2019-02-01,1.2000000476837158,RCAT
2019-03-01,2.4000000953674316,RCAT
2019-04-01,4.800000190734863,RCAT
2019-05-01,3.5999999046325684,RCAT
2019-06-01,4.800000190734863,RCAT
2019-07-01,4.800000190734863,RCAT
2019-08-01,3.0,RCAT
2019-09-01,1.7999999523162842,RCAT
2019-10-01,1.5,RCAT
2019-11-01,1.3300000429153442,RCAT
2019-12-01,1.100000023841858,RCAT
2020-01-01,1.7400000095367432,RCAT
2020-02-01,1.7699999809265137,RCAT
2020-03-01,1.600000023841858,RCAT
2020-04-01,1.5,RCAT
2020-05-01,1.149999976158142,RCAT
2020-06-01,1.2000000476837158,RCAT
2020-07-01,0.9900000095367432,RCAT
2020-08-01,0.8500000238418579,RCAT
2020-09-01,0.5400000214576721,RCAT
2020-10-01,1.215000033378601,RCAT
2020-11-01,0.9900000095367432,RCAT
2020-12-01,3.0,RCAT
2021-01-01,5.0,RCAT
2021-02-01,5.099999904632568,RCAT
2021-03-01,4.659999847412109,RCAT
2021-04-01,4.039999961853027,RCAT
2021-05-01,2.5299999713897705,RCAT
2021-06-01,2.5999999046325684,RCAT
2021-07-01,3.1500000953674316,RCAT
2021-08-01,2.7899999618530273,RCAT
2021-09-01,3.4800000190734863,RCAT
2021-10-01,2.9600000381469727,RCAT
2021-11-01,2.1700000762939453,RCAT
2021-12-01,2.0799999237060547,RCAT
2022-01-01,1.7000000476837158,RCAT
2022-02-01,1.7400000095367432,RCAT
2022-03-01,2.0199999809265137,RCAT
2022-04-01,2.0299999713897705,RCAT
2022-05-01,2.069999933242798,RCAT
2022-06-01,2.0399999618530273,RCAT
2022-07-01,2.1700000762939453,RCAT
2022-08-01,2.384999990463257,RCAT
2022-09-01,1.6699999570846558,RCAT
2022-10-01,1.350000023841858,RCAT
2022-11-01,1.1799999475479126,RCAT
2022-12-01,0.9399999976158142,RCAT
2023-01-01,1.2100000381469727,RCAT
2023-02-01,1.309999942779541,RCAT
2023-03-01,1.0399999618530273,RCAT
2023-04-01,0.8849999904632568,RCAT
2023-05-01,0.9200000166893005,RCAT
2023-06-01,1.190000057220459,RCAT
2023-07-01,1.0199999809265137,RCAT
2023-08-01,0.9639999866485596,RCAT
2023-09-01,0.968999981880188,RCAT
2023-10-01,0.8700000047683716,RCAT
2023-11-01,0.8849999904632568,RCAT
2023-12-01,0.8799999952316284,RCAT
2024-01-01,0.6710000038146973,RCAT
2024-02-01,0.7310000061988831,RCAT
2024-03-01,0.7649999856948853,RCAT
2024-04-01,1.5299999713897705,RCAT
2024-05-01,1.0,RCAT
2024-06-01,1.149999976158142,RCAT
2024-07-01,2.009999990463257,RCAT
2024-08-01,3.109999895095825,RCAT
2024-09-01,2.5399999618530273,RCAT
2024-10-01,3.059999942779541,RCAT
2024-11-01,11.770000457763672,RCAT
2024-12-01,12.850000381469727,RCAT
2025-01-01,8.789999961853027,RCAT
2025-02-01,6.199999809265137,RCAT
2025-03-01,5.880000114440918,RCAT
2025-04-01,5.019999980926514,RCAT
2025-05-01,5.949999809265137,RCAT
2025-06-01,7.28000020980835,RCAT
2025-07-01,8.279999732971191,RCAT
2025-08-01,8.9399995803833,RCAT
2025-09-01,10.350000381469727,RCAT
2025-10-01,11.25,RCAT
2025-11-01,7.420000076293945,RCAT
2025-12-01,7.929999828338623,RCAT
2026-01-01,13.5,RCAT
2017-01-01,,RDVT
2017-02-01,,RDVT
2017-03-01,,RDVT
2017-04-01,,RDVT
2017-05-01,,RDVT
2017-06-01,,RDVT
2017-07-01,,RDVT
2017-08-01,,RDVT
2017-09-01,,RDVT
2017-10-01,,RDVT
2017-11-01,,RDVT
2017-12-01,,RDVT
2018-01-01,,RDVT
2018-02-01,,RDVT
2018-03-01,6.049683570861816,RDVT
2018-04-01,6.2480340003967285,RDVT
2018-05-01,7.190197944641113,RDVT
2018-06-01,8.529062271118164,RDVT
2018-07-01,7.1802802085876465,RDVT
2018-08-01,7.6860737800598145,RDVT
2018-09-01,6.456302165985107,RDVT
2018-10-01,5.841415882110596,RDVT
2018-11-01,6.942259788513184,RDVT
2018-12-01,6.684404373168945,RDVT
2019-01-01,7.497640609741211,RDVT
2019-02-01,7.428217887878418,RDVT
2019-03-01,6.66456937789917,RDVT
2019-04-01,7.883431911468506,RDVT
2019-05-01,11.682831764221191,RDVT
2019-06-01,12.297717094421387,RDVT
2019-07-01,15.699424743652344,RDVT
2019-08-01,13.438232421875,RDVT
2019-09-01,12.505985260009766,RDVT
2019-10-01,15.758930206298828,RDVT
2019-11-01,16.95895004272461,RDVT
2019-12-01,18.357318878173828,RDVT
2020-01-01,21.03504753112793,RDVT
2020-02-01,23.851621627807617,RDVT
2020-03-01,17.851526260375977,RDVT
2020-04-01,18.873029708862305,RDVT
2020-05-01,18.168886184692383,RDVT
2020-06-01,17.494495391845703,RDVT
2020-07-01,15.183714866638184,RDVT
2020-08-01,20.618513107299805,RDVT
2020-09-01,18.307729721069336,RDVT
2020-10-01,20.628429412841797,RDVT
2020-11-01,26.54918670654297,RDVT
2020-12-01,25.894630432128906,RDVT
2021-01-01,22.21523094177246,RDVT
2021-02-01,23.008634567260742,RDVT
2021-03-01,18.2680606842041,RDVT
2021-04-01,20.628429412841797,RDVT
2021-05-01,21.798696517944336,RDVT
2021-06-01,23.32599449157715,RDVT
2021-07-01,23.940879821777344,RDVT
2021-08-01,28.413677215576172,RDVT
2021-09-01,25.597103118896484,RDVT
2021-10-01,31.587284088134766,RDVT
2021-11-01,36.060081481933594,RDVT
2021-12-01,39.362613677978516,RDVT
2022-01-01,26.569021224975586,RDVT
2022-02-01,26.221908569335938,RDVT
2022-03-01,28.264915466308594,RDVT
2022-04-01,25.864877700805664,RDVT
2022-05-01,24.248323440551758,RDVT
2022-06-01,18.88294792175293,RDVT
2022-07-01,23.40533447265625,RDVT
2022-08-01,18.833358764648438,RDVT
2022-09-01,17.177133560180664,RDVT
2022-10-01,17.296146392822266,RDVT
2022-11-01,22.6119327545166,RDVT
2022-12-01,22.83011817932129,RDVT
2023-01-01,23.578889846801758,RDVT
2023-02-01,20.201976776123047,RDVT
2023-03-01,17.45482635498047,RDVT
2023-04-01,16.95895004272461,RDVT
2023-05-01,19.557336807250977,RDVT
2023-06-01,20.400325775146484,RDVT
2023-07-01,20.53917121887207,RDVT
2023-08-01,20.390409469604492,RDVT
2023-09-01,19.844945907592773,RDVT
2023-10-01,19.62676239013672,RDVT
2023-11-01,20.747440338134766,RDVT
2023-12-01,19.805274963378906,RDVT
2024-01-01,18.525917053222656,RDVT
2024-02-01,17.71268081665039,RDVT
2024-03-01,19.38874053955078,RDVT
2024-04-01,16.641590118408203,RDVT
2024-05-01,20.797027587890625,RDVT
2024-06-01,25.190486907958984,RDVT
2024-07-01,25.547517776489258,RDVT
2024-08-01,28.6616153717041,RDVT
2024-09-01,28.215328216552734,RDVT
2024-10-01,29.83188247680664,RDVT
2024-11-01,36.49645233154297,RDVT
2024-12-01,35.90140151977539,RDVT
2025-01-01,36.400001525878906,RDVT
2025-02-01,40.619998931884766,RDVT
2025-03-01,37.59000015258789,RDVT
2025-04-01,39.060001373291016,RDVT
2025-05-01,48.560001373291016,RDVT
2025-06-01,49.20000076293945,RDVT
2025-07-01,44.33000183105469,RDVT
2025-08-01,50.2400016784668,RDVT
2025-09-01,52.25,RDVT
2025-10-01,53.630001068115234,RDVT
2025-11-01,54.189998626708984,RDVT
2025-12-01,56.95000076293945,RDVT
2026-01-01,45.47999954223633,RDVT
2017-01-01,12.979999542236328,RMBS
2017-02-01,12.5600004196167,RMBS
2017-03-01,13.140000343322754,RMBS
2017-04-01,12.520000457763672,RMBS
2017-05-01,11.84000015258789,RMBS
2017-06-01,11.430000305175781,RMBS
2017-07-01,12.890000343322754,RMBS
2017-08-01,12.970000267028809,RMBS
2017-09-01,13.350000381469727,RMBS
2017-10-01,14.710000038146973,RMBS
2017-11-01,14.800000190734863,RMBS
2017-12-01,14.220000267028809,RMBS
2018-01-01,12.630000114440918,RMBS
2018-02-01,12.710000038146973,RMBS
2018-03-01,13.430000305175781,RMBS
2018-04-01,13.5,RMBS
2018-05-01,13.460000038146973,RMBS
2018-06-01,12.539999961853027,RMBS
2018-07-01,12.359999656677246,RMBS
2018-08-01,12.220000267028809,RMBS
2018-09-01,10.90999984741211,RMBS
2018-10-01,8.710000038146973,RMBS
2018-11-01,8.720000267028809,RMBS
2018-12-01,7.670000076293945,RMBS
2019-01-01,9.020000457763672,RMBS
2019-02-01,10.270000457763672,RMBS
2019-03-01,10.449999809265137,RMBS
2019-04-01,11.460000038146973,RMBS
2019-05-01,11.359999656677246,RMBS
2019-06-01,12.039999961853027,RMBS
2019-07-01,12.460000038146973,RMBS
2019-08-01,12.539999961853027,RMBS
2019-09-01,13.130000114440918,RMBS
2019-10-01,13.850000381469727,RMBS
2019-11-01,13.050000190734863,RMBS
2019-12-01,13.779999732971191,RMBS
2020-01-01,15.869999885559082,RMBS
2020-02-01,13.979999542236328,RMBS
2020-03-01,11.100000381469727,RMBS
2020-04-01,12.529999732971191,RMBS
2020-05-01,15.539999961853027,RMBS
2020-06-01,15.199999809265137,RMBS
2020-07-01,14.760000228881836,RMBS
2020-08-01,13.430000305175781,RMBS
2020-09-01,13.6899995803833,RMBS
2020-10-01,13.789999961853027,RMBS
2020-11-01,15.720000267028809,RMBS
2020-12-01,17.459999084472656,RMBS
2021-01-01,19.0,RMBS
2021-02-01,20.979999542236328,RMBS
2021-03-01,19.440000534057617,RMBS
2021-04-01,18.979999542236328,RMBS
2021-05-01,19.559999465942383,RMBS
2021-06-01,23.709999084472656,RMBS
2021-07-01,23.65999984741211,RMBS
2021-08-01,23.799999237060547,RMBS
2021-09-01,22.200000762939453,RMBS
2021-10-01,23.270000457763672,RMBS
2021-11-01,26.899999618530273,RMBS
2021-12-01,29.389999389648438,RMBS
2022-01-01,25.25,RMBS
2022-02-01,27.0,RMBS
2022-03-01,31.889999389648438,RMBS
2022-04-01,24.90999984741211,RMBS
2022-05-01,25.100000381469727,RMBS
2022-06-01,21.489999771118164,RMBS
2022-07-01,25.280000686645508,RMBS
2022-08-01,25.790000915527344,RMBS
2022-09-01,25.420000076293945,RMBS
2022-10-01,30.15999984741211,RMBS
2022-11-01,38.380001068115234,RMBS
2022-12-01,35.81999969482422,RMBS
2023-01-01,40.470001220703125,RMBS
2023-02-01,44.22999954223633,RMBS
2023-03-01,51.2599983215332,RMBS
2023-04-01,44.34000015258789,RMBS
2023-05-01,63.959999084472656,RMBS
2023-06-01,64.16999816894531,RMBS
2023-07-01,62.61000061035156,RMBS
2023-08-01,56.470001220703125,RMBS
2023-09-01,55.790000915527344,RMBS
2023-10-01,54.33000183105469,RMBS
2023-11-01,67.66999816894531,RMBS
2023-12-01,68.25,RMBS
2024-01-01,68.52999877929688,RMBS
2024-02-01,59.2400016784668,RMBS
2024-03-01,61.810001373291016,RMBS
2024-04-01,54.81999969482422,RMBS
2024-05-01,55.2599983215332,RMBS
2024-06-01,58.7599983215332,RMBS
2024-07-01,51.439998626708984,RMBS
2024-08-01,44.720001220703125,RMBS
2024-09-01,42.220001220703125,RMBS
2024-10-01,47.81999969482422,RMBS
2024-11-01,57.810001373291016,RMBS
2024-12-01,52.86000061035156,RMBS
2025-01-01,61.619998931884766,RMBS
2025-02-01,55.88999938964844,RMBS
2025-03-01,51.779998779296875,RMBS
2025-04-01,48.790000915527344,RMBS
2025-05-01,53.470001220703125,RMBS
2025-06-01,64.0199966430664,RMBS
2025-07-01,73.93000030517578,RMBS
2025-08-01,73.7699966430664,RMBS
2025-09-01,104.19999694824219,RMBS
2025-10-01,102.83999633789062,RMBS
2025-11-01,95.56999969482422,RMBS
2025-12-01,91.88999938964844,RMBS
2026-01-01,113.83000183105469,RMBS
2017-01-01,23.22540283203125,RNG
2017-02-01,26.557527542114258,RNG
2017-03-01,28.148988723754883,RNG
2017-04-01,31.779512405395508,RNG
2017-05-01,33.91804122924805,RNG
2017-06-01,36.35496520996094,RNG
2017-07-01,34.61429977416992,RNG
2017-08-01,42.12401580810547,RNG
2017-09-01,41.527217864990234,RNG
2017-10-01,41.925086975097656,RNG
2017-11-01,46.89840316772461,RNG
2017-12-01,48.14173889160156,RNG
2018-01-01,54.010250091552734,RNG
2018-02-01,62.31570053100586,RNG
2018-03-01,63.16115951538086,RNG
2018-04-01,66.69222259521484,RNG
2018-05-01,75.34579467773438,RNG
2018-06-01,69.97460174560547,RNG
2018-07-01,73.35646057128906,RNG
2018-08-01,92.65294647216797,RNG
2018-09-01,92.55348205566406,RNG
2018-10-01,77.31523132324219,RNG
2018-11-01,82.45764923095703,RNG
2018-12-01,82.0000991821289,RNG
2019-01-01,91.94673919677734,RNG
2019-02-01,104.7281723022461,RNG
2019-03-01,107.22476959228516,RNG
2019-04-01,115.7490463256836,RNG
2019-05-01,119.2104721069336,RNG
2019-06-01,114.30677795410156,RNG
2019-07-01,141.22238159179688,RNG
2019-08-01,140.37692260742188,RNG
2019-09-01,124.98947143554688,RNG
2019-10-01,160.6581268310547,RNG
2019-11-01,171.5496826171875,RNG
2019-12-01,167.76995849609375,RNG
2020-01-01,204.48300170898438,RNG
2020-02-01,234.4920196533203,RNG
2020-03-01,210.7792510986328,RNG
2020-04-01,227.310546875,RNG
2020-05-01,272.7865905761719,RNG
2020-06-01,283.4891662597656,RNG
2020-07-01,288.7210998535156,RNG
2020-08-01,289.2184143066406,RNG
2020-09-01,273.1446533203125,RNG
2020-10-01,256.9614562988281,RNG
2020-11-01,295.46490478515625,RNG
2020-12-01,376.9477844238281,RNG
2021-01-01,370.9300842285156,RNG
2021-02-01,376.14208984375,RNG
2021-03-01,296.2904968261719,RNG
2021-04-01,317.2480773925781,RNG
2021-05-01,261.0694580078125,RNG
2021-06-01,289.0294494628906,RNG
2021-07-01,265.84381103515625,RNG
2021-08-01,250.91390991210938,RNG
2021-09-01,216.3394012451172,RNG
2021-10-01,242.4791717529297,RNG
2021-11-01,214.82749938964844,RNG
2021-12-01,186.35028076171875,RNG
2022-01-01,175.54823303222656,RNG
2022-02-01,130.14183044433594,RNG
2022-03-01,116.58455657958984,RNG
2022-04-01,84.39723205566406,RNG
2022-05-01,62.803077697753906,RNG
2022-06-01,51.981136322021484,RNG
2022-07-01,49.22591781616211,RNG
2022-08-01,42.81033706665039,RNG
2022-09-01,39.746768951416016,RNG
2022-10-01,35.33046340942383,RNG
2022-11-01,36.862247467041016,RNG
2022-12-01,35.21110534667969,RNG
2023-01-01,38.82173156738281,RNG
2023-02-01,32.86369705200195,RNG
2023-03-01,30.506343841552734,RNG
2023-04-01,27.412939071655273,RNG
2023-05-01,34.51483917236328,RNG
2023-06-01,32.55534744262695,RNG
2023-07-01,41.13930130004883,RNG
2023-08-01,30.764955520629883,RNG
2023-09-01,29.471891403198242,RNG
2023-10-01,26.438167572021484,RNG
2023-11-01,28.308134078979492,RNG
2023-12-01,33.76884460449219,RNG
2024-01-01,33.709163665771484,RNG
2024-02-01,33.241668701171875,RNG
2024-03-01,34.554622650146484,RNG
2024-04-01,29.461946487426758,RNG
2024-05-01,34.01750946044922,RNG
2024-06-01,28.049524307250977,RNG
2024-07-01,34.86296844482422,RNG
2024-08-01,33.15215301513672,RNG
2024-09-01,31.461219787597656,RNG
2024-10-01,35.817848205566406,RNG
2024-11-01,37.429203033447266,RNG
2024-12-01,34.82318115234375,RNG
2025-01-01,34.63419723510742,RNG
2025-02-01,28.29819107055664,RNG
2025-03-01,24.627878189086914,RNG
2025-04-01,25.363927841186523,RNG
2025-05-01,25.791637420654297,RNG
2025-06-01,28.19872283935547,RNG
2025-07-01,25.35398292541504,RNG
2025-08-01,30.347196578979492,RNG
2025-09-01,28.18877601623535,RNG
2025-10-01,29.959280014038086,RNG
2025-11-01,28.089309692382812,RNG
2025-12-01,28.725894927978516,RNG
2026-01-01,25.741901397705078,RNG
2017-01-01,12.470000267028809,RPD
2017-02-01,15.149999618530273,RPD
2017-03-01,14.979999542236328,RPD
2017-04-01,16.950000762939453,RPD
2017-05-01,18.360000610351562,RPD
2017-06-01,16.829999923706055,RPD
2017-07-01,15.1899995803833,RPD
2017-08-01,16.860000610351562,RPD
2017-09-01,17.600000381469727,RPD
2017-10-01,18.079999923706055,RPD
2017-11-01,18.90999984741211,RPD
2017-12-01,18.65999984741211,RPD
2018-01-01,23.979999542236328,RPD
2018-02-01,26.40999984741211,RPD
2018-03-01,25.56999969482422,RPD
2018-04-01,28.239999771118164,RPD
2018-05-01,31.670000076293945,RPD
2018-06-01,28.219999313354492,RPD
2018-07-01,27.809999465942383,RPD
2018-08-01,38.150001525878906,RPD
2018-09-01,36.91999816894531,RPD
2018-10-01,36.2400016784668,RPD
2018-11-01,31.799999237060547,RPD
2018-12-01,31.15999984741211,RPD
2019-01-01,40.18000030517578,RPD
2019-02-01,46.029998779296875,RPD
2019-03-01,50.61000061035156,RPD
2019-04-01,54.34000015258789,RPD
2019-05-01,52.25,RPD
2019-06-01,57.84000015258789,RPD
2019-07-01,60.650001525878906,RPD
2019-08-01,53.689998626708984,RPD
2019-09-01,45.38999938964844,RPD
2019-10-01,50.09000015258789,RPD
2019-11-01,56.06999969482422,RPD
2019-12-01,56.02000045776367,RPD
2020-01-01,59.380001068115234,RPD
2020-02-01,46.29999923706055,RPD
2020-03-01,43.33000183105469,RPD
2020-04-01,45.54999923706055,RPD
2020-05-01,48.88999938964844,RPD
2020-06-01,51.02000045776367,RPD
2020-07-01,59.56999969482422,RPD
2020-08-01,64.56999969482422,RPD
2020-09-01,61.2400016784668,RPD
2020-10-01,61.93000030517578,RPD
2020-11-01,74.94000244140625,RPD
2020-12-01,90.16000366210938,RPD
2021-01-01,86.81999969482422,RPD
2021-02-01,76.23999786376953,RPD
2021-03-01,74.61000061035156,RPD
2021-04-01,81.25,RPD
2021-05-01,83.6500015258789,RPD
2021-06-01,94.62999725341797,RPD
2021-07-01,113.75,RPD
2021-08-01,121.5199966430664,RPD
2021-09-01,113.0199966430664,RPD
2021-10-01,128.75,RPD
2021-11-01,124.05999755859375,RPD
2021-12-01,117.69000244140625,RPD
2022-01-01,96.33000183105469,RPD
2022-02-01,103.45999908447266,RPD
2022-03-01,111.23999786376953,RPD
2022-04-01,95.5199966430664,RPD
2022-05-01,70.87000274658203,RPD
2022-06-01,66.80000305175781,RPD
2022-07-01,63.970001220703125,RPD
2022-08-01,57.5,RPD
2022-09-01,42.900001525878906,RPD
2022-10-01,45.27000045776367,RPD
2022-11-01,29.399999618530273,RPD
2022-12-01,33.97999954223633,RPD
2023-01-01,39.869998931884766,RPD
2023-02-01,47.29999923706055,RPD
2023-03-01,45.90999984741211,RPD
2023-04-01,48.61000061035156,RPD
2023-05-01,47.720001220703125,RPD
2023-06-01,45.279998779296875,RPD
2023-07-01,45.90999984741211,RPD
2023-08-01,50.38999938964844,RPD
2023-09-01,45.779998779296875,RPD
2023-10-01,46.4900016784668,RPD
2023-11-01,54.150001525878906,RPD
2023-12-01,57.099998474121094,RPD
2024-01-01,55.029998779296875,RPD
2024-02-01,58.58000183105469,RPD
2024-03-01,49.040000915527344,RPD
2024-04-01,44.79999923706055,RPD
2024-05-01,36.13999938964844,RPD
2024-06-01,43.22999954223633,RPD
2024-07-01,39.34000015258789,RPD
2024-08-01,37.810001373291016,RPD
2024-09-01,39.88999938964844,RPD
2024-10-01,40.41999816894531,RPD
2024-11-01,42.599998474121094,RPD
2024-12-01,40.22999954223633,RPD
2025-01-01,38.52000045776367,RPD
2025-02-01,29.09000015258789,RPD
2025-03-01,26.510000228881836,RPD
2025-04-01,23.6200008392334,RPD
2025-05-01,22.950000762939453,RPD
2025-06-01,23.1299991607666,RPD
2025-07-01,21.1200008392334,RPD
2025-08-01,20.709999084472656,RPD
2025-09-01,18.75,RPD
2025-10-01,18.510000228881836,RPD
2025-11-01,15.680000305175781,RPD
2025-12-01,15.199999809265137,RPD
2026-01-01,11.920000076293945,RPD
2017-01-01,70.20379638671875,SAIC
2017-02-01,74.9892349243164,SAIC
2017-03-01,64.15087127685547,SAIC
2017-04-01,63.20515823364258,SAIC
2017-05-01,65.8030014038086,SAIC
2017-06-01,60.11375427246094,SAIC
2017-07-01,61.23741149902344,SAIC
2017-08-01,64.25534057617188,SAIC
2017-09-01,58.14117431640625,SAIC
2017-10-01,64.06925964355469,SAIC
2017-11-01,64.82054901123047,SAIC
2017-12-01,66.89098358154297,SAIC
2018-01-01,67.22809600830078,SAIC
2018-02-01,63.491737365722656,SAIC
2018-03-01,69.11382293701172,SAIC
2018-04-01,75.5328140258789,SAIC
2018-05-01,77.87478637695312,SAIC
2018-06-01,71.25387573242188,SAIC
2018-07-01,74.5569076538086,SAIC
2018-08-01,79.72650146484375,SAIC
2018-09-01,71.22540283203125,SAIC
2018-10-01,61.689754486083984,SAIC
2018-11-01,61.698631286621094,SAIC
2018-12-01,56.533416748046875,SAIC
2019-01-01,59.87349319458008,SAIC
2019-02-01,66.61528778076172,SAIC
2019-03-01,68.62176513671875,SAIC
2019-04-01,67.16993713378906,SAIC
2019-05-01,68.77413940429688,SAIC
2019-06-01,77.57481384277344,SAIC
2019-07-01,76.83110809326172,SAIC
2019-08-01,79.20704650878906,SAIC
2019-09-01,78.61304473876953,SAIC
2019-10-01,74.68769836425781,SAIC
2019-11-01,77.15554809570312,SAIC
2019-12-01,78.66522216796875,SAIC
2020-01-01,79.6523666381836,SAIC
2020-02-01,72.7189712524414,SAIC
2020-03-01,67.72765350341797,SAIC
2020-04-01,74.49263000488281,SAIC
2020-05-01,80.31266021728516,SAIC
2020-06-01,70.86197662353516,SAIC
2020-07-01,73.33122253417969,SAIC
2020-08-01,76.52191925048828,SAIC
2020-09-01,71.90088653564453,SAIC
2020-10-01,70.34374237060547,SAIC
2020-11-01,85.23780059814453,SAIC
2020-12-01,87.17208862304688,SAIC
2021-01-01,88.79822540283203,SAIC
2021-02-01,79.64375305175781,SAIC
2021-03-01,77.29505920410156,SAIC
2021-04-01,83.04029083251953,SAIC
2021-05-01,83.44889831542969,SAIC
2021-06-01,81.47086334228516,SAIC
2021-07-01,81.41295623779297,SAIC
2021-08-01,78.54997253417969,SAIC
2021-09-01,79.79029083251953,SAIC
2021-10-01,84.07526397705078,SAIC
2021-11-01,78.55952453613281,SAIC
2021-12-01,78.27857208251953,SAIC
2022-01-01,77.15309143066406,SAIC
2022-02-01,82.47661590576172,SAIC
2022-03-01,86.69025421142578,SAIC
2022-04-01,78.60951232910156,SAIC
2022-05-01,81.75465393066406,SAIC
2022-06-01,87.93158721923828,SAIC
2022-07-01,91.86581420898438,SAIC
2022-08-01,86.36544036865234,SAIC
2022-09-01,83.86183166503906,SAIC
2022-10-01,103.16790008544922,SAIC
2022-11-01,104.85340881347656,SAIC
2022-12-01,105.6342544555664,SAIC
2023-01-01,99.16963958740234,SAIC
2023-02-01,101.902587890625,SAIC
2023-03-01,102.68614959716797,SAIC
2023-04-01,97.83042907714844,SAIC
2023-05-01,93.32386016845703,SAIC
2023-06-01,107.85029602050781,SAIC
2023-07-01,116.723388671875,SAIC
2023-08-01,113.18341064453125,SAIC
2023-09-01,101.52454376220703,SAIC
2023-10-01,105.42683410644531,SAIC
2023-11-01,113.3116683959961,SAIC
2023-12-01,119.9804458618164,SAIC
2024-01-01,123.56089782714844,SAIC
2024-02-01,135.4659423828125,SAIC
2024-03-01,126.20323181152344,SAIC
2024-04-01,124.9333724975586,SAIC
2024-05-01,130.709228515625,SAIC
2024-06-01,114.10970306396484,SAIC
2024-07-01,121.14433288574219,SAIC
2024-08-01,127.17232513427734,SAIC
2024-09-01,135.62518310546875,SAIC
2024-10-01,140.87896728515625,SAIC
2024-11-01,121.3127212524414,SAIC
2024-12-01,109.13751220703125,SAIC
2025-01-01,106.06522369384766,SAIC
2025-02-01,96.76934051513672,SAIC
2025-03-01,109.97361755371094,SAIC
2025-04-01,118.94403839111328,SAIC
2025-05-01,113.54866027832031,SAIC
2025-06-01,110.6691665649414,SAIC
2025-07-01,109.90821838378906,SAIC
2025-08-01,116.04051208496094,SAIC
2025-09-01,97.96894836425781,SAIC
2025-10-01,92.73693084716797,SAIC
2025-11-01,85.31481170654297,SAIC
2025-12-01,99.6147689819336,SAIC
2026-01-01,101.03492736816406,SAIC
2017-01-01,,SITM
2017-02-01,,SITM
2017-03-01,,SITM
2017-04-01,,SITM
2017-05-01,,SITM
2017-06-01,,SITM
2017-07-01,,SITM
2017-08-01,,SITM
2017-09-01,,SITM
2017-10-01,,SITM
2017-11-01,,SITM
2017-12-01,,SITM
2018-01-01,,SITM
2018-02-01,,SITM
2018-03-01,,SITM
2018-04-01,,SITM
2018-05-01,,SITM
2018-06-01,,SITM
2018-07-01,,SITM
2018-08-01,,SITM
2018-09-01,,SITM
2018-10-01,,SITM
2018-11-01,,SITM
2018-12-01,,SITM
2019-01-01,,SITM
2019-02-01,,SITM
2019-03-01,,SITM
2019-04-01,,SITM
2019-05-01,,SITM
2019-06-01,,SITM
2019-07-01,,SITM
2019-08-01,,SITM
2019-09-01,,SITM
2019-10-01,,SITM
2019-11-01,17.399999618530273,SITM
2019-12-01,25.5,SITM
2020-01-01,25.420000076293945,SITM
2020-02-01,22.65999984741211,SITM
2020-03-01,21.770000457763672,SITM
2020-04-01,21.65999984741211,SITM
2020-05-01,29.809999465942383,SITM
2020-06-01,47.40999984741211,SITM
2020-07-01,53.150001525878906,SITM
2020-08-01,65.87999725341797,SITM
2020-09-01,84.02999877929688,SITM
2020-10-01,83.48999786376953,SITM
2020-11-01,86.97000122070312,SITM
2020-12-01,111.93000030517578,SITM
2021-01-01,122.05000305175781,SITM
2021-02-01,97.43000030517578,SITM
2021-03-01,98.5999984741211,SITM
2021-04-01,92.55000305175781,SITM
2021-05-01,98.33000183105469,SITM
2021-06-01,126.58999633789062,SITM
2021-07-01,135.63999938964844,SITM
2021-08-01,212.83999633789062,SITM
2021-09-01,204.1699981689453,SITM
2021-10-01,264.8900146484375,SITM
2021-11-01,298.4800109863281,SITM
2021-12-01,292.5400085449219,SITM
2022-01-01,233.08999633789062,SITM
2022-02-01,202.13999938964844,SITM
2022-03-01,247.82000732421875,SITM
2022-04-01,168.57000732421875,SITM
2022-05-01,213.0,SITM
2022-06-01,163.02999877929688,SITM
2022-07-01,185.97999572753906,SITM
2022-08-01,106.41000366210938,SITM
2022-09-01,78.7300033569336,SITM
2022-10-01,89.80999755859375,SITM
2022-11-01,105.45999908447266,SITM
2022-12-01,101.62000274658203,SITM
2023-01-01,115.2300033569336,SITM
2023-02-01,124.1500015258789,SITM
2023-03-01,142.22999572753906,SITM
2023-04-01,108.47000122070312,SITM
2023-05-01,99.16999816894531,SITM
2023-06-01,117.97000122070312,SITM
2023-07-01,129.00999450683594,SITM
2023-08-01,132.69000244140625,SITM
2023-09-01,114.25,SITM
2023-10-01,99.80000305175781,SITM
2023-11-01,110.5999984741211,SITM
2023-12-01,122.08000183105469,SITM
2024-01-01,106.56999969482422,SITM
2024-02-01,92.5,SITM
2024-03-01,93.2300033569336,SITM
2024-04-01,89.12000274658203,SITM
2024-05-01,121.81999969482422,SITM
2024-06-01,124.37999725341797,SITM
2024-07-01,141.9499969482422,SITM
2024-08-01,144.66000366210938,SITM
2024-09-01,171.50999450683594,SITM
2024-10-01,169.00999450683594,SITM
2024-11-01,212.3800048828125,SITM
2024-12-01,214.52999877929688,SITM
2025-01-01,204.1999969482422,SITM
2025-02-01,155.14999389648438,SITM
2025-03-01,152.8699951171875,SITM
2025-04-01,146.86000061035156,SITM
2025-05-01,196.07000732421875,SITM
2025-06-01,213.0800018310547,SITM
2025-07-01,202.85000610351562,SITM
2025-08-01,241.6699981689453,SITM
2025-09-01,301.30999755859375,SITM
2025-10-01,289.6400146484375,SITM
2025-11-01,297.70001220703125,SITM
2025-12-01,353.19000244140625,SITM
2026-01-01,363.1099853515625,SITM
2017-01-01,65.19999694824219,SLAB
2017-02-01,67.5,SLAB
2017-03-01,73.55000305175781,SLAB
2017-04-01,71.1500015258789,SLAB
2017-05-01,74.80000305175781,SLAB
2017-06-01,68.3499984741211,SLAB
2017-07-01,75.0999984741211,SLAB
2017-08-01,75.9000015258789,SLAB
2017-09-01,79.9000015258789,SLAB
2017-10-01,94.9000015258789,SLAB
2017-11-01,91.0999984741211,SLAB
2017-12-01,88.30000305175781,SLAB
2018-01-01,96.19999694824219,SLAB
2018-02-01,93.5,SLAB
2018-03-01,89.9000015258789,SLAB
2018-04-01,92.9000015258789,SLAB
2018-05-01,105.5999984741211,SLAB
2018-06-01,99.5999984741211,SLAB
2018-07-01,95.25,SLAB
2018-08-01,98.0,SLAB
2018-09-01,91.80000305175781,SLAB
2018-10-01,81.52999877929688,SLAB
2018-11-01,88.37000274658203,SLAB
2018-12-01,78.80999755859375,SLAB
2019-01-01,76.5,SLAB
2019-02-01,81.0199966430664,SLAB
2019-03-01,80.86000061035156,SLAB
2019-04-01,107.66000366210938,SLAB
2019-05-01,93.56999969482422,SLAB
2019-06-01,103.4000015258789,SLAB
2019-07-01,112.20999908447266,SLAB
2019-08-01,109.0,SLAB
2019-09-01,111.3499984741211,SLAB
2019-10-01,106.23999786376953,SLAB
2019-11-01,105.93000030517578,SLAB
2019-12-01,115.9800033569336,SLAB
2020-01-01,98.30999755859375,SLAB
2020-02-01,88.68000030517578,SLAB
2020-03-01,85.41000366210938,SLAB
2020-04-01,97.22000122070312,SLAB
2020-05-01,93.66000366210938,SLAB
2020-06-01,100.2699966430664,SLAB
2020-07-01,100.51000213623047,SLAB
2020-08-01,102.41000366210938,SLAB
2020-09-01,97.8499984741211,SLAB
2020-10-01,102.45999908447266,SLAB
2020-11-01,117.20999908447266,SLAB
2020-12-01,127.33999633789062,SLAB
2021-01-01,131.1699981689453,SLAB
2021-02-01,155.74000549316406,SLAB
2021-03-01,141.07000732421875,SLAB
2021-04-01,140.9499969482422,SLAB
2021-05-01,136.55999755859375,SLAB
2021-06-01,153.25,SLAB
2021-07-01,148.99000549316406,SLAB
2021-08-01,157.6199951171875,SLAB
2021-09-01,140.16000366210938,SLAB
2021-10-01,188.75999450683594,SLAB
2021-11-01,196.27000427246094,SLAB
2021-12-01,206.4199981689453,SLAB
2022-01-01,165.19000244140625,SLAB
2022-02-01,153.7100067138672,SLAB
2022-03-01,150.1999969482422,SLAB
2022-04-01,134.91000366210938,SLAB
2022-05-01,149.16000366210938,SLAB
2022-06-01,140.22000122070312,SLAB
2022-07-01,147.47999572753906,SLAB
2022-08-01,125.33000183105469,SLAB
2022-09-01,123.44000244140625,SLAB
2022-10-01,114.91999816894531,SLAB
2022-11-01,145.44000244140625,SLAB
2022-12-01,135.6699981689453,SLAB
2023-01-01,156.91000366210938,SLAB
2023-02-01,178.52999877929688,SLAB
2023-03-01,175.08999633789062,SLAB
2023-04-01,139.3000030517578,SLAB
2023-05-01,140.6699981689453,SLAB
2023-06-01,157.74000549316406,SLAB
2023-07-01,149.13999938964844,SLAB
2023-08-01,134.86000061035156,SLAB
2023-09-01,115.88999938964844,SLAB
2023-10-01,92.18000030517578,SLAB
2023-11-01,105.37000274658203,SLAB
2023-12-01,132.27000427246094,SLAB
2024-01-01,123.36000061035156,SLAB
2024-02-01,137.5399932861328,SLAB
2024-03-01,143.72000122070312,SLAB
2024-04-01,121.48999786376953,SLAB
2024-05-01,126.16999816894531,SLAB
2024-06-01,110.62999725341797,SLAB
2024-07-01,120.12999725341797,SLAB
2024-08-01,118.37000274658203,SLAB
2024-09-01,115.56999969482422,SLAB
2024-10-01,103.86000061035156,SLAB
2024-11-01,110.6500015258789,SLAB
2024-12-01,124.22000122070312,SLAB
2025-01-01,135.58999633789062,SLAB
2025-02-01,140.3000030517578,SLAB
2025-03-01,112.56999969482422,SLAB
2025-04-01,101.76000213623047,SLAB
2025-05-01,120.52999877929688,SLAB
2025-06-01,147.36000061035156,SLAB
2025-07-01,131.77000427246094,SLAB
2025-08-01,134.35000610351562,SLAB
2025-09-01,131.1300048828125,SLAB
2025-10-01,131.0800018310547,SLAB
2025-11-01,127.58000183105469,SLAB
2025-12-01,130.6999969482422,SLAB
2026-01-01,142.4499969482422,SLAB
2017-01-01,9.431735038757324,SLP
2017-02-01,9.1016263961792,SLP
2017-03-01,11.08228874206543,SLP
2017-04-01,11.035133361816406,SLP
2017-05-01,11.552745819091797,SLP
2017-06-01,11.694788932800293,SLP
2017-07-01,14.059017181396484,SLP
2017-08-01,13.77403736114502,SLP
2017-09-01,14.723971366882324,SLP
2017-10-01,15.483917236328125,SLP
2017-11-01,14.825544357299805,SLP
2017-12-01,15.3499174118042,SLP
2018-01-01,15.455366134643555,SLP
2018-02-01,14.881174087524414,SLP
2018-03-01,14.115581512451172,SLP
2018-04-01,15.796163558959961,SLP
2018-05-01,18.436861038208008,SLP
2018-06-01,21.365629196166992,SLP
2018-07-01,17.09994888305664,SLP
2018-08-01,20.086421966552734,SLP
2018-09-01,19.460224151611328,SLP
2018-10-01,19.527572631835938,SLP
2018-11-01,19.150747299194336,SLP
2018-12-01,19.22804069519043,SLP
2019-01-01,18.668670654296875,SLP
2019-02-01,19.88028907775879,SLP
2019-03-01,20.461864471435547,SLP
2019-04-01,21.896814346313477,SLP
2019-05-01,24.365434646606445,SLP
2019-06-01,27.757352828979492,SLP
2019-07-01,37.792545318603516,SLP
2019-08-01,35.15427780151367,SLP
2019-09-01,33.78158950805664,SLP
2019-10-01,34.53501892089844,SLP
2019-11-01,32.59418869018555,SLP
2019-12-01,28.351686477661133,SLP
2020-01-01,31.831951141357422,SLP
2020-02-01,31.812402725219727,SLP
2020-03-01,34.118221282958984,SLP
2020-04-01,37.229366302490234,SLP
2020-05-01,49.57718276977539,SLP
2020-06-01,58.52983856201172,SLP
2020-07-01,68.9438247680664,SLP
2020-08-01,58.347633361816406,SLP
2020-09-01,73.80123138427734,SLP
2020-10-01,63.53367614746094,SLP
2020-11-01,54.85931396484375,SLP
2020-12-01,70.49279022216797,SLP
2021-01-01,77.63297271728516,SLP
2021-02-01,70.3542709350586,SLP
2021-03-01,62.035743713378906,SLP
2021-04-01,61.993892669677734,SLP
2021-05-01,51.821937561035156,SLP
2021-06-01,53.91328048706055,SLP
2021-07-01,46.39154815673828,SLP
2021-08-01,43.550453186035156,SLP
2021-09-01,38.831661224365234,SLP
2021-10-01,49.72428512573242,SLP
2021-11-01,46.24850082397461,SLP
2021-12-01,46.57343673706055,SLP
2022-01-01,41.931522369384766,SLP
2022-02-01,38.8448371887207,SLP
2022-03-01,50.27442932128906,SLP
2022-04-01,46.06966018676758,SLP
2022-05-01,46.8792839050293,SLP
2022-06-01,48.70587921142578,SLP
2022-07-01,63.400142669677734,SLP
2022-08-01,59.34806442260742,SLP
2022-09-01,47.97260665893555,SLP
2022-10-01,41.07571029663086,SLP
2022-11-01,40.175018310546875,SLP
2022-12-01,36.196109771728516,SLP
2023-01-01,40.78086471557617,SLP
2023-02-01,37.70793151855469,SLP
2023-03-01,43.55642318725586,SLP
2023-04-01,41.44353103637695,SLP
2023-05-01,43.86561965942383,SLP
2023-06-01,43.011932373046875,SLP
2023-07-01,49.494075775146484,SLP
2023-08-01,44.21669387817383,SLP
2023-09-01,41.44383239746094,SLP
2023-10-01,35.116493225097656,SLP
2023-11-01,39.029388427734375,SLP
2023-12-01,44.555233001708984,SLP
2024-01-01,37.7929801940918,SLP
2024-02-01,41.382816314697266,SLP
2024-03-01,41.03380584716797,SLP
2024-04-01,45.28145980834961,SLP
2024-05-01,48.16709518432617,SLP
2024-06-01,48.54651641845703,SLP
2024-07-01,40.84000015258789,SLP
2024-08-01,36.25,SLP
2024-09-01,32.02000045776367,SLP
2024-10-01,27.219999313354492,SLP
2024-11-01,31.770000457763672,SLP
2024-12-01,27.889999389648438,SLP
2025-01-01,34.31999969482422,SLP
2025-02-01,28.979999542236328,SLP
2025-03-01,24.520000457763672,SLP
2025-04-01,34.349998474121094,SLP
2025-05-01,31.850000381469727,SLP
2025-06-01,17.450000762939453,SLP
2025-07-01,13.020000457763672,SLP
2025-08-01,14.170000076293945,SLP
2025-09-01,15.069999694824219,SLP
2025-10-01,17.18000030517578,SLP
2025-11-01,17.0,SLP
2025-12-01,18.229999542236328,SLP
2026-01-01,16.889999389648438,SLP
2017-01-01,34.5,SPSC
2017-02-01,27.665000915527344,SPSC
2017-03-01,29.2450008392334,SPSC
2017-04-01,27.6299991607666,SPSC
2017-05-01,29.079999923706055,SPSC
2017-06-01,31.8799991607666,SPSC
2017-07-01,28.899999618530273,SPSC
2017-08-01,30.459999084472656,SPSC
2017-09-01,28.354999542236328,SPSC
2017-10-01,24.579999923706055,SPSC
2017-11-01,25.229999542236328,SPSC
2017-12-01,24.295000076293945,SPSC
2018-01-01,26.299999237060547,SPSC
2018-02-01,30.010000228881836,SPSC
2018-03-01,32.03499984741211,SPSC
2018-04-01,34.28499984741211,SPSC
2018-05-01,37.21500015258789,SPSC
2018-06-01,36.7400016784668,SPSC
2018-07-01,42.89500045776367,SPSC
2018-08-01,49.1349983215332,SPSC
2018-09-01,49.619998931884766,SPSC
2018-10-01,46.54499816894531,SPSC
2018-11-01,42.6150016784668,SPSC
2018-12-01,41.189998626708984,SPSC
2019-01-01,44.33000183105469,SPSC
2019-02-01,53.38999938964844,SPSC
2019-03-01,53.029998779296875,SPSC
2019-04-01,51.869998931884766,SPSC
2019-05-01,50.96500015258789,SPSC
2019-06-01,51.10499954223633,SPSC
2019-07-01,55.915000915527344,SPSC
2019-08-01,50.540000915527344,SPSC
2019-09-01,47.06999969482422,SPSC
2019-10-01,52.77000045776367,SPSC
2019-11-01,56.33000183105469,SPSC
2019-12-01,55.41999816894531,SPSC
2020-01-01,56.83000183105469,SPSC
2020-02-01,52.599998474121094,SPSC
2020-03-01,46.5099983215332,SPSC
2020-04-01,55.5099983215332,SPSC
2020-05-01,68.16000366210938,SPSC
2020-06-01,75.12000274658203,SPSC
2020-07-01,75.16999816894531,SPSC
2020-08-01,79.87999725341797,SPSC
2020-09-01,77.87000274658203,SPSC
2020-10-01,85.58999633789062,SPSC
2020-11-01,103.06999969482422,SPSC
2020-12-01,108.58999633789062,SPSC
2021-01-01,98.88999938964844,SPSC
2021-02-01,100.7300033569336,SPSC
2021-03-01,99.30999755859375,SPSC
2021-04-01,102.44000244140625,SPSC
2021-05-01,93.86000061035156,SPSC
2021-06-01,99.8499984741211,SPSC
2021-07-01,108.94999694824219,SPSC
2021-08-01,135.52999877929688,SPSC
2021-09-01,161.30999755859375,SPSC
2021-10-01,152.72999572753906,SPSC
2021-11-01,140.99000549316406,SPSC
2021-12-01,142.35000610351562,SPSC
2022-01-01,123.8499984741211,SPSC
2022-02-01,129.85000610351562,SPSC
2022-03-01,131.1999969482422,SPSC
2022-04-01,119.62999725341797,SPSC
2022-05-01,107.04000091552734,SPSC
2022-06-01,113.05000305175781,SPSC
2022-07-01,119.76000213623047,SPSC
2022-08-01,122.12000274658203,SPSC
2022-09-01,124.2300033569336,SPSC
2022-10-01,126.5199966430664,SPSC
2022-11-01,142.25999450683594,SPSC
2022-12-01,128.42999267578125,SPSC
2023-01-01,136.0800018310547,SPSC
2023-02-01,150.63999938964844,SPSC
2023-03-01,152.3000030517578,SPSC
2023-04-01,147.3000030517578,SPSC
2023-05-01,155.8000030517578,SPSC
2023-06-01,192.05999755859375,SPSC
2023-07-01,180.38999938964844,SPSC
2023-08-01,186.1300048828125,SPSC
2023-09-01,170.61000061035156,SPSC
2023-10-01,160.33999633789062,SPSC
2023-11-01,172.27999877929688,SPSC
2023-12-01,193.83999633789062,SPSC
2024-01-01,183.8000030517578,SPSC
2024-02-01,185.16000366210938,SPSC
2024-03-01,184.89999389648438,SPSC
2024-04-01,173.8699951171875,SPSC
2024-05-01,188.08999633789062,SPSC
2024-06-01,188.16000366210938,SPSC
2024-07-01,215.4199981689453,SPSC
2024-08-01,199.74000549316406,SPSC
2024-09-01,194.1699981689453,SPSC
2024-10-01,165.0,SPSC
2024-11-01,193.07000732421875,SPSC
2024-12-01,183.99000549316406,SPSC
2025-01-01,184.67999267578125,SPSC
2025-02-01,133.1999969482422,SPSC
2025-03-01,132.72999572753906,SPSC
2025-04-01,143.50999450683594,SPSC
2025-05-01,140.75999450683594,SPSC
2025-06-01,136.08999633789062,SPSC
2025-07-01,108.87000274658203,SPSC
2025-08-01,110.30000305175781,SPSC
2025-09-01,104.13999938964844,SPSC
2025-10-01,82.23999786376953,SPSC
2025-11-01,83.31999969482422,SPSC
2025-12-01,89.12999725341797,SPSC
2026-01-01,89.26000213623047,SPSC
2017-01-01,,SPT
2017-02-01,,SPT
2017-03-01,,SPT
2017-04-01,,SPT
2017-05-01,,SPT
2017-06-01,,SPT
2017-07-01,,SPT
2017-08-01,,SPT
2017-09-01,,SPT
2017-10-01,,SPT
2017-11-01,,SPT
2017-12-01,,SPT
2018-01-01,,SPT
2018-02-01,,SPT
2018-03-01,,SPT
2018-04-01,,SPT
2018-05-01,,SPT
2018-06-01,,SPT
2018-07-01,,SPT
2018-08-01,,SPT
2018-09-01,,SPT
2018-10-01,,SPT
2018-11-01,,SPT
2018-12-01,,SPT
2019-01-01,,SPT
2019-02-01,,SPT
2019-03-01,,SPT
2019-04-01,,SPT
2019-05-01,,SPT
2019-06-01,,SPT
2019-07-01,,SPT
2019-08-01,,SPT
2019-09-01,,SPT
2019-10-01,,SPT
2019-11-01,,SPT
2019-12-01,16.049999237060547,SPT
2020-01-01,20.530000686645508,SPT
2020-02-01,19.649999618530273,SPT
2020-03-01,15.960000038146973,SPT
2020-04-01,16.81999969482422,SPT
2020-05-01,27.549999237060547,SPT
2020-06-01,27.0,SPT
2020-07-01,28.889999389648438,SPT
2020-08-01,38.75,SPT
2020-09-01,38.5,SPT
2020-10-01,43.70000076293945,SPT
2020-11-01,51.380001068115234,SPT
2020-12-01,45.40999984741211,SPT
2021-01-01,66.0,SPT
2021-02-01,67.97000122070312,SPT
2021-03-01,57.7599983215332,SPT
2021-04-01,66.29000091552734,SPT
2021-05-01,69.41999816894531,SPT
2021-06-01,89.41999816894531,SPT
2021-07-01,88.83999633789062,SPT
2021-08-01,121.5999984741211,SPT
2021-09-01,121.94999694824219,SPT
2021-10-01,127.68000030517578,SPT
2021-11-01,111.68000030517578,SPT
2021-12-01,90.69000244140625,SPT
2022-01-01,68.8499984741211,SPT
2022-02-01,65.11000061035156,SPT
2022-03-01,80.12000274658203,SPT
2022-04-01,61.279998779296875,SPT
2022-05-01,50.93000030517578,SPT
2022-06-01,58.06999969482422,SPT
2022-07-01,52.099998474121094,SPT
2022-08-01,60.040000915527344,SPT
2022-09-01,60.68000030517578,SPT
2022-10-01,60.33000183105469,SPT
2022-11-01,59.29999923706055,SPT
2022-12-01,56.459999084472656,SPT
2023-01-01,63.970001220703125,SPT
2023-02-01,60.97999954223633,SPT
2023-03-01,60.880001068115234,SPT
2023-04-01,49.2599983215332,SPT
2023-05-01,43.310001373291016,SPT
2023-06-01,46.15999984741211,SPT
2023-07-01,57.13999938964844,SPT
2023-08-01,53.540000915527344,SPT
2023-09-01,49.880001068115234,SPT
2023-10-01,43.279998779296875,SPT
2023-11-01,56.900001525878906,SPT
2023-12-01,61.439998626708984,SPT
2024-01-01,61.33000183105469,SPT
2024-02-01,61.81999969482422,SPT
2024-03-01,59.709999084472656,SPT
2024-04-01,50.45000076293945,SPT
2024-05-01,32.650001525878906,SPT
2024-06-01,35.68000030517578,SPT
2024-07-01,39.06999969482422,SPT
2024-08-01,31.100000381469727,SPT
2024-09-01,29.06999969482422,SPT
2024-10-01,26.489999771118164,SPT
2024-11-01,32.02000045776367,SPT
2024-12-01,30.709999084472656,SPT
2025-01-01,32.66999816894531,SPT
2025-02-01,26.520000457763672,SPT
2025-03-01,21.989999771118164,SPT
2025-04-01,20.90999984741211,SPT
2025-05-01,21.829999923706055,SPT
2025-06-01,20.90999984741211,SPT
2025-07-01,17.149999618530273,SPT
2025-08-01,15.789999961853027,SPT
2025-09-01,12.920000076293945,SPT
2025-10-01,10.270000457763672,SPT
2025-11-01,9.970000267028809,SPT
2025-12-01,11.270000457763672,SPT
2026-01-01,9.050000190734863,SPT
2017-01-01,,SSTI
2017-02-01,,SSTI
2017-03-01,,SSTI
2017-04-01,,SSTI
2017-05-01,,SSTI
2017-06-01,12.789999961853027,SSTI
2017-07-01,11.96500015258789,SSTI
2017-08-01,11.5,SSTI
2017-09-01,13.449999809265137,SSTI
2017-10-01,17.170000076293945,SSTI
2017-11-01,13.010000228881836,SSTI
2017-12-01,14.050000190734863,SSTI
2018-01-01,16.93000030517578,SSTI
2018-02-01,18.420000076293945,SSTI
2018-03-01,26.5,SSTI
2018-04-01,27.739999771118164,SSTI
2018-05-01,29.020000457763672,SSTI
2018-06-01,37.93000030517578,SSTI
2018-07-01,42.66999816894531,SSTI
2018-08-01,57.040000915527344,SSTI
2018-09-01,61.290000915527344,SSTI
2018-10-01,38.68000030517578,SSTI
2018-11-01,38.09000015258789,SSTI
2018-12-01,31.18000030517578,SSTI
2019-01-01,48.15999984741211,SSTI
2019-02-01,49.939998626708984,SSTI
2019-03-01,38.599998474121094,SSTI
2019-04-01,52.70000076293945,SSTI
2019-05-01,46.0,SSTI
2019-06-01,44.20000076293945,SSTI
2019-07-01,37.59000015258789,SSTI
2019-08-01,27.229999542236328,SSTI
2019-09-01,23.030000686645508,SSTI
2019-10-01,20.200000762939453,SSTI
2019-11-01,24.520000457763672,SSTI
2019-12-01,25.5,SSTI
2020-01-01,27.450000762939453,SSTI
2020-02-01,35.599998474121094,SSTI
2020-03-01,27.479999542236328,SSTI
2020-04-01,34.369998931884766,SSTI
2020-05-01,23.25,SSTI
2020-06-01,25.200000762939453,SSTI
2020-07-01,23.040000915527344,SSTI
2020-08-01,29.959999084472656,SSTI
2020-09-01,31.040000915527344,SSTI
2020-10-01,29.309999465942383,SSTI
2020-11-01,33.16999816894531,SSTI
2020-12-01,37.70000076293945,SSTI
2021-01-01,45.9900016784668,SSTI
2021-02-01,41.97999954223633,SSTI
2021-03-01,35.06999969482422,SSTI
2021-04-01,34.939998626708984,SSTI
2021-05-01,40.709999084472656,SSTI
2021-06-01,48.77000045776367,SSTI
2021-07-01,45.70000076293945,SSTI
2021-08-01,39.83000183105469,SSTI
2021-09-01,36.369998931884766,SSTI
2021-10-01,38.90999984741211,SSTI
2021-11-01,35.119998931884766,SSTI
2021-12-01,29.520000457763672,SSTI
2022-01-01,26.3700008392334,SSTI
2022-02-01,25.68000030517578,SSTI
2022-03-01,27.719999313354492,SSTI
2022-04-01,27.450000762939453,SSTI
2022-05-01,30.15999984741211,SSTI
2022-06-01,26.90999984741211,SSTI
2022-07-01,33.59000015258789,SSTI
2022-08-01,32.630001068115234,SSTI
2022-09-01,28.760000228881836,SSTI
2022-10-01,38.0,SSTI
2022-11-01,33.529998779296875,SSTI
2022-12-01,33.83000183105469,SSTI
2023-01-01,38.54999923706055,SSTI
2023-02-01,34.099998474121094,SSTI
2023-03-01,39.31999969482422,SSTI
2023-04-01,29.75,SSTI
2023-05-01,25.489999771118164,SSTI
2023-06-01,21.860000610351562,SSTI
2023-07-01,22.719999313354492,SSTI
2023-08-01,21.459999084472656,SSTI
2023-09-01,17.899999618530273,SSTI
2023-10-01,15.09000015258789,SSTI
2023-11-01,22.260000228881836,SSTI
2023-12-01,25.540000915527344,SSTI
2024-01-01,20.639999389648438,SSTI
2024-02-01,17.389999389648438,SSTI
2024-03-01,15.880000114440918,SSTI
2024-04-01,13.359999656677246,SSTI
2024-05-01,16.06999969482422,SSTI
2024-06-01,12.180000305175781,SSTI
2024-07-01,15.460000038146973,SSTI
2024-08-01,14.100000381469727,SSTI
2024-09-01,11.59000015258789,SSTI
2024-10-01,10.59000015258789,SSTI
2024-11-01,12.979999542236328,SSTI
2024-12-01,13.0600004196167,SSTI
2025-01-01,13.350000381469727,SSTI
2025-02-01,16.43000030517578,SSTI
2025-03-01,16.950000762939453,SSTI
2025-04-01,15.520000457763672,SSTI
2025-05-01,15.510000228881836,SSTI
2025-06-01,13.055000305175781,SSTI
2025-07-01,11.40999984741211,SSTI
2025-08-01,12.729999542236328,SSTI
2025-09-01,12.0600004196167,SSTI
2025-10-01,9.350000381469727,SSTI
2025-11-01,6.21999979019165,SSTI
2025-12-01,8.029999732971191,SSTI
2026-01-01,6.980000019073486,SSTI
2017-01-01,41.211280822753906,SSTK
2017-02-01,33.40565872192383,SSTK
2017-03-01,31.674467086791992,SSTK
2017-04-01,33.11457443237305,SSTK
2017-05-01,35.665382385253906,SSTK
2017-06-01,33.76567459106445,SSTK
2017-07-01,32.27962112426758,SSTK
2017-08-01,25.72258186340332,SSTK
2017-09-01,25.500438690185547,SSTK
2017-10-01,29.866687774658203,SSTK
2017-11-01,32.547725677490234,SSTK
2017-12-01,32.96136474609375,SSTK
2018-01-01,33.903560638427734,SSTK
2018-02-01,38.491943359375,SSTK
2018-03-01,36.88333511352539,SSTK
2018-04-01,32.27962112426758,SSTK
2018-05-01,36.301170349121094,SSTK
2018-06-01,36.35478210449219,SSTK
2018-07-01,35.2900390625,SSTK
2018-08-01,44.701988220214844,SSTK
2018-09-01,44.32838821411133,SSTK
2018-10-01,33.20161437988281,SSTK
2018-11-01,31.033124923706055,SSTK
2018-12-01,29.246335983276367,SSTK
2019-01-01,32.495025634765625,SSTK
2019-02-01,37.627960205078125,SSTK
2019-03-01,37.871612548828125,SSTK
2019-04-01,32.85238265991211,SSTK
2019-05-01,30.911298751831055,SSTK
2019-06-01,31.829038619995117,SSTK
2019-07-01,31.16305923461914,SSTK
2019-08-01,28.515382766723633,SSTK
2019-09-01,29.335678100585938,SSTK
2019-10-01,32.95796585083008,SSTK
2019-11-01,33.7701416015625,SSTK
2019-12-01,34.825965881347656,SSTK
2020-01-01,35.191444396972656,SSTK
2020-02-01,31.301132202148438,SSTK
2020-03-01,26.237911224365234,SSTK
2020-04-01,31.00250816345215,SSTK
2020-05-01,30.937240600585938,SSTK
2020-06-01,28.662446975708008,SSTK
2020-07-01,44.538665771484375,SSTK
2020-08-01,41.2437629699707,SSTK
2020-09-01,42.79404830932617,SSTK
2020-10-01,53.821495056152344,SSTK
2020-11-01,56.54340744018555,SSTK
2020-12-01,59.10368728637695,SSTK
2021-01-01,53.572509765625,SSTK
2021-02-01,72.72969055175781,SSTK
2021-03-01,73.57673645019531,SSTK
2021-04-01,72.0397720336914,SSTK
2021-05-01,74.98975372314453,SSTK
2021-06-01,81.30433654785156,SSTK
2021-07-01,89.85134887695312,SSTK
2021-08-01,95.45823669433594,SSTK
2021-09-01,94.0228500366211,SSTK
2021-10-01,100.51949310302734,SSTK
2021-11-01,94.59535217285156,SSTK
2021-12-01,92.16810607910156,SSTK
2022-01-01,80.60556030273438,SSTK
2022-02-01,75.25234985351562,SSTK
2022-03-01,77.58184051513672,SSTK
2022-04-01,63.112327575683594,SSTK
2022-05-01,50.17647933959961,SSTK
2022-06-01,47.95887756347656,SSTK
2022-07-01,47.281036376953125,SSTK
2022-08-01,46.5695915222168,SSTK
2022-09-01,42.16560745239258,SSTK
2022-10-01,42.047943115234375,SSTK
2022-11-01,45.447513580322266,SSTK
2022-12-01,44.518638610839844,SSTK
2023-01-01,63.56064987182617,SSTK
2023-02-01,63.51842498779297,SSTK
2023-03-01,61.52685546875,SSTK
2023-04-01,56.78097915649414,SSTK
2023-05-01,42.421512603759766,SSTK
2023-06-01,41.48392105102539,SSTK
2023-07-01,43.85346603393555,SSTK
2023-08-01,36.12379455566406,SSTK
2023-09-01,32.640953063964844,SSTK
2023-10-01,34.89707946777344,SSTK
2023-11-01,37.895538330078125,SSTK
2023-12-01,41.66696548461914,SSTK
2024-01-01,40.536399841308594,SSTK
2024-02-01,42.349700927734375,SSTK
2024-03-01,39.787532806396484,SSTK
2024-04-01,37.09507751464844,SSTK
2024-05-01,35.5693359375,SSTK
2024-06-01,33.87972640991211,SSTK
2024-07-01,38.712188720703125,SSTK
2024-08-01,31.68747901916504,SSTK
2024-09-01,31.237070083618164,SSTK
2024-10-01,28.340333938598633,SSTK
2024-11-01,28.244953155517578,SSTK
2024-12-01,27.059165954589844,SSTK
2025-01-01,26.319162368774414,SSTK
2025-02-01,19.15985107421875,SSTK
2025-03-01,16.878517150878906,SSTK
2025-04-01,14.459535598754883,SSTK
2025-05-01,16.71544075012207,SSTK
2025-06-01,17.49258804321289,SSTK
2025-07-01,17.677112579345703,SSTK
2025-08-01,19.310123443603516,SSTK
2025-09-01,19.542980194091797,SSTK
2025-10-01,23.460948944091797,SSTK
2025-11-01,19.514860153198242,SSTK
2025-12-01,18.209266662597656,SSTK
2026-01-01,18.924291610717773,SSTK
2017-01-01,56.380001068115234,SYNA
2017-02-01,53.150001525878906,SYNA
2017-03-01,49.5099983215332,SYNA
2017-04-01,54.77000045776367,SYNA
2017-05-01,55.560001373291016,SYNA
2017-06-01,51.709999084472656,SYNA
2017-07-01,52.61000061035156,SYNA
2017-08-01,41.56999969482422,SYNA
2017-09-01,39.18000030517578,SYNA
2017-10-01,37.119998931884766,SYNA
2017-11-01,37.7400016784668,SYNA
2017-12-01,39.939998626708984,SYNA
2018-01-01,43.34000015258789,SYNA
2018-02-01,46.470001220703125,SYNA
2018-03-01,45.72999954223633,SYNA
2018-04-01,43.52000045776367,SYNA
2018-05-01,42.040000915527344,SYNA
2018-06-01,50.369998931884766,SYNA
2018-07-01,50.11000061035156,SYNA
2018-08-01,48.2599983215332,SYNA
2018-09-01,45.619998931884766,SYNA
2018-10-01,37.540000915527344,SYNA
2018-11-01,38.459999084472656,SYNA
2018-12-01,37.209999084472656,SYNA
2019-01-01,39.79999923706055,SYNA
2019-02-01,41.869998931884766,SYNA
2019-03-01,39.75,SYNA
2019-04-01,37.66999816894531,SYNA
2019-05-01,26.450000762939453,SYNA
2019-06-01,29.139999389648438,SYNA
2019-07-01,32.18000030517578,SYNA
2019-08-01,32.02000045776367,SYNA
2019-09-01,39.95000076293945,SYNA
2019-10-01,42.11000061035156,SYNA
2019-11-01,57.15999984741211,SYNA
2019-12-01,65.7699966430664,SYNA
2020-01-01,66.69000244140625,SYNA
2020-02-01,66.05000305175781,SYNA
2020-03-01,57.869998931884766,SYNA
2020-04-01,65.38999938964844,SYNA
2020-05-01,63.720001220703125,SYNA
2020-06-01,60.119998931884766,SYNA
2020-07-01,80.0199966430664,SYNA
2020-08-01,85.33000183105469,SYNA
2020-09-01,80.41999816894531,SYNA
2020-10-01,76.66999816894531,SYNA
2020-11-01,77.7699966430664,SYNA
2020-12-01,96.4000015258789,SYNA
2021-01-01,99.22000122070312,SYNA
2021-02-01,134.02999877929688,SYNA
2021-03-01,135.4199981689453,SYNA
2021-04-01,139.8699951171875,SYNA
2021-05-01,126.33000183105469,SYNA
2021-06-01,155.5800018310547,SYNA
2021-07-01,151.9199981689453,SYNA
2021-08-01,189.77999877929688,SYNA
2021-09-01,179.72999572753906,SYNA
2021-10-01,194.57000732421875,SYNA
2021-11-01,282.239990234375,SYNA
2021-12-01,289.510009765625,SYNA
2022-01-01,210.35000610351562,SYNA
2022-02-01,228.42999267578125,SYNA
2022-03-01,199.5,SYNA
2022-04-01,148.44000244140625,SYNA
2022-05-01,148.1199951171875,SYNA
2022-06-01,118.05000305175781,SYNA
2022-07-01,144.9499969482422,SYNA
2022-08-01,115.61000061035156,SYNA
2022-09-01,99.01000213623047,SYNA
2022-10-01,88.5999984741211,SYNA
2022-11-01,105.97000122070312,SYNA
2022-12-01,95.16000366210938,SYNA
2023-01-01,125.02999877929688,SYNA
2023-02-01,117.61000061035156,SYNA
2023-03-01,111.1500015258789,SYNA
2023-04-01,88.55999755859375,SYNA
2023-05-01,86.04000091552734,SYNA
2023-06-01,85.37999725341797,SYNA
2023-07-01,90.30999755859375,SYNA
2023-08-01,87.54000091552734,SYNA
2023-09-01,89.44000244140625,SYNA
2023-10-01,83.66000366210938,SYNA
2023-11-01,101.23999786376953,SYNA
2023-12-01,114.08000183105469,SYNA
2024-01-01,106.80999755859375,SYNA
2024-02-01,100.0999984741211,SYNA
2024-03-01,97.55999755859375,SYNA
2024-04-01,89.95999908447266,SYNA
2024-05-01,93.70999908447266,SYNA
2024-06-01,88.19999694824219,SYNA
2024-07-01,87.31999969482422,SYNA
2024-08-01,81.41999816894531,SYNA
2024-09-01,77.58000183105469,SYNA
2024-10-01,68.66999816894531,SYNA
2024-11-01,80.23999786376953,SYNA
2024-12-01,76.31999969482422,SYNA
2025-01-01,84.9000015258789,SYNA
2025-02-01,66.13999938964844,SYNA
2025-03-01,63.720001220703125,SYNA
2025-04-01,55.65999984741211,SYNA
2025-05-01,58.7599983215332,SYNA
2025-06-01,64.81999969482422,SYNA
2025-07-01,62.70000076293945,SYNA
2025-08-01,69.86000061035156,SYNA
2025-09-01,68.33999633789062,SYNA
2025-10-01,70.94000244140625,SYNA
2025-11-01,68.51000213623047,SYNA
2025-12-01,74.0199966430664,SYNA
2026-01-01,82.51000213623047,SYNA
2017-01-01,4.636000156402588,TBCH
2017-02-01,4.239999771118164,TBCH
2017-03-01,3.619999885559082,TBCH
2017-04-01,3.559999942779541,TBCH
2017-05-01,3.0759999752044678,TBCH
2017-06-01,2.799999952316284,TBCH
2017-07-01,2.880000114440918,TBCH
2017-08-01,2.799999952316284,TBCH
2017-09-01,3.319999933242798,TBCH
2017-10-01,2.759999990463257,TBCH
2017-11-01,2.0799999237060547,TBCH
2017-12-01,1.812000036239624,TBCH
2018-01-01,1.9759999513626099,TBCH
2018-02-01,1.7999999523162842,TBCH
2018-03-01,2.4000000953674316,TBCH
2018-04-01,5.5,TBCH
2018-05-01,17.399999618530273,TBCH
2018-06-01,20.31999969482422,TBCH
2018-07-01,27.190000534057617,TBCH
2018-08-01,22.90999984741211,TBCH
2018-09-01,19.940000534057617,TBCH
2018-10-01,17.75,TBCH
2018-11-01,16.190000534057617,TBCH
2018-12-01,14.270000457763672,TBCH
2019-01-01,14.890000343322754,TBCH
2019-02-01,15.390000343322754,TBCH
2019-03-01,11.359999656677246,TBCH
2019-04-01,10.239999771118164,TBCH
2019-05-01,8.319999694824219,TBCH
2019-06-01,11.5600004196167,TBCH
2019-07-01,10.390000343322754,TBCH
2019-08-01,9.029999732971191,TBCH
2019-09-01,11.670000076293945,TBCH
2019-10-01,10.880000114440918,TBCH
2019-11-01,8.34000015258789,TBCH
2019-12-01,9.449999809265137,TBCH
2020-01-01,8.0600004196167,TBCH
2020-02-01,6.610000133514404,TBCH
2020-03-01,6.239999771118164,TBCH
2020-04-01,9.829999923706055,TBCH
2020-05-01,10.579999923706055,TBCH
2020-06-01,14.720000267028809,TBCH
2020-07-01,18.34000015258789,TBCH
2020-08-01,19.56999969482422,TBCH
2020-09-01,18.200000762939453,TBCH
2020-10-01,18.020000457763672,TBCH
2020-11-01,18.690000534057617,TBCH
2020-12-01,21.549999237060547,TBCH
2021-01-01,29.899999618530273,TBCH
2021-02-01,29.899999618530273,TBCH
2021-03-01,26.670000076293945,TBCH
2021-04-01,27.790000915527344,TBCH
2021-05-01,33.099998474121094,TBCH
2021-06-01,31.920000076293945,TBCH
2021-07-01,30.899999618530273,TBCH
2021-08-01,28.40999984741211,TBCH
2021-09-01,27.81999969482422,TBCH
2021-10-01,28.760000228881836,TBCH
2021-11-01,26.799999237060547,TBCH
2021-12-01,22.260000228881836,TBCH
2022-01-01,20.31999969482422,TBCH
2022-02-01,23.770000457763672,TBCH
2022-03-01,21.290000915527344,TBCH
2022-04-01,16.639999389648438,TBCH
2022-05-01,17.479999542236328,TBCH
2022-06-01,12.229999542236328,TBCH
2022-07-01,13.0,TBCH
2022-08-01,9.390000343322754,TBCH
2022-09-01,6.820000171661377,TBCH
2022-10-01,7.800000190734863,TBCH
2022-11-01,9.550000190734863,TBCH
2022-12-01,7.170000076293945,TBCH
2023-01-01,9.5,TBCH
2023-02-01,8.09000015258789,TBCH
2023-03-01,10.020000457763672,TBCH
2023-04-01,10.869999885559082,TBCH
2023-05-01,11.380000114440918,TBCH
2023-06-01,11.649999618530273,TBCH
2023-07-01,11.25,TBCH
2023-08-01,10.869999885559082,TBCH
2023-09-01,9.074999809265137,TBCH
2023-10-01,8.25,TBCH
2023-11-01,11.3100004196167,TBCH
2023-12-01,10.949999809265137,TBCH
2024-01-01,11.369999885559082,TBCH
2024-02-01,10.680000305175781,TBCH
2024-03-01,17.239999771118164,TBCH
2024-04-01,14.100000381469727,TBCH
2024-05-01,16.579999923706055,TBCH
2024-06-01,14.34000015258789,TBCH
2024-07-01,14.470000267028809,TBCH
2024-08-01,15.619999885559082,TBCH
2024-09-01,15.34000015258789,TBCH
2024-10-01,15.970000267028809,TBCH
2024-11-01,17.309999465942383,TBCH
2024-12-01,17.309999465942383,TBCH
2025-01-01,17.75,TBCH
2025-02-01,17.139999389648438,TBCH
2025-03-01,14.270000457763672,TBCH
2025-04-01,11.550000190734863,TBCH
2025-05-01,11.479999542236328,TBCH
2025-06-01,13.829999923706055,TBCH
2025-07-01,14.539999961853027,TBCH
2025-08-01,15.819999694824219,TBCH
2025-09-01,15.899999618530273,TBCH
2025-10-01,16.899999618530273,TBCH
2025-11-01,13.880000114440918,TBCH
2025-12-01,14.029999732971191,TBCH
2026-01-01,11.960000038146973,TBCH
2017-01-01,,TBRG
2017-02-01,,TBRG
2017-03-01,,TBRG
2017-04-01,,TBRG
2017-05-01,,TBRG
2017-06-01,,TBRG
2017-07-01,,TBRG
2017-08-01,,TBRG
2017-09-01,,TBRG
2017-10-01,,TBRG
2017-11-01,,TBRG
2017-12-01,,TBRG
2018-01-01,,TBRG
2018-02-01,,TBRG
2018-03-01,,TBRG
2018-04-01,,TBRG
2018-05-01,,TBRG
2018-06-01,,TBRG
2018-07-01,,TBRG
2018-08-01,,TBRG
2018-09-01,,TBRG
2018-10-01,,TBRG
2018-11-01,,TBRG
2018-12-01,,TBRG
2019-01-01,,TBRG
2019-02-01,,TBRG
2019-03-01,,TBRG
2019-04-01,,TBRG
2019-05-01,,TBRG
2019-06-01,,TBRG
2019-07-01,,TBRG
2019-08-01,,TBRG
2019-09-01,,TBRG
2019-10-01,,TBRG
2019-11-01,,TBRG
2019-12-01,,TBRG
2020-01-01,,TBRG
2020-02-01,,TBRG
2020-03-01,,TBRG
2020-04-01,,TBRG
2020-05-01,,TBRG
2020-06-01,,TBRG
2020-07-01,,TBRG
2020-08-01,,TBRG
2020-09-01,,TBRG
2020-10-01,,TBRG
2020-11-01,,TBRG
2020-12-01,,TBRG
2021-01-01,,TBRG
2021-02-01,,TBRG
2021-03-01,,TBRG
2021-04-01,,TBRG
2021-05-01,,TBRG
2021-06-01,,TBRG
2021-07-01,,TBRG
2021-08-01,,TBRG
2021-09-01,,TBRG
2021-10-01,,TBRG
2021-11-01,,TBRG
2021-12-01,,TBRG
2022-01-01,,TBRG
2022-02-01,,TBRG
2022-03-01,,TBRG
2022-04-01,,TBRG
2022-05-01,,TBRG
2022-06-01,,TBRG
2022-07-01,,TBRG
2022-08-01,,TBRG
2022-09-01,,TBRG
2022-10-01,,TBRG
2022-11-01,,TBRG
2022-12-01,,TBRG
2023-01-01,,TBRG
2023-02-01,,TBRG
2023-03-01,,TBRG
2023-04-01,,TBRG
2023-05-01,,TBRG
2023-06-01,,TBRG
2023-07-01,,TBRG
2023-08-01,,TBRG
2023-09-01,,TBRG
2023-10-01,,TBRG
2023-11-01,,TBRG
2023-12-01,,TBRG
2024-01-01,,TBRG
2024-02-01,,TBRG
2024-03-01,,TBRG
2024-04-01,,TBRG
2024-05-01,,TBRG
2024-06-01,,TBRG
2024-07-01,,TBRG
2024-08-01,,TBRG
2024-09-01,,TBRG
2024-10-01,,TBRG
2024-11-01,,TBRG
2024-12-01,,TBRG
2025-01-01,,TBRG
2025-02-01,,TBRG
2025-03-01,,TBRG
2025-04-01,,TBRG
2025-05-01,,TBRG
2025-06-01,,TBRG
2025-07-01,,TBRG
2025-08-01,,TBRG
2025-09-01,,TBRG
2025-10-01,,TBRG
2025-11-01,,TBRG
2025-12-01,,TBRG
2026-01-01,,TBRG
2017-01-01,51.150001525878906,TCX
2017-02-01,45.54999923706055,TCX
2017-03-01,51.04999923706055,TCX
2017-04-01,58.650001525878906,TCX
2017-05-01,57.599998474121094,TCX
2017-06-01,53.5,TCX
2017-07-01,54.650001525878906,TCX
2017-08-01,52.849998474121094,TCX
2017-09-01,58.54999923706055,TCX
2017-10-01,58.45000076293945,TCX
2017-11-01,63.400001525878906,TCX
2017-12-01,70.05000305175781,TCX
2018-01-01,54.20000076293945,TCX
2018-02-01,57.79999923706055,TCX
2018-03-01,56.0,TCX
2018-04-01,63.25,TCX
2018-05-01,62.650001525878906,TCX
2018-06-01,60.650001525878906,TCX
2018-07-01,58.75,TCX
2018-08-01,58.54999923706055,TCX
2018-09-01,55.75,TCX
2018-10-01,50.18000030517578,TCX
2018-11-01,58.040000915527344,TCX
2018-12-01,60.060001373291016,TCX
2019-01-01,73.62000274658203,TCX
2019-02-01,77.52999877929688,TCX
2019-03-01,81.18000030517578,TCX
2019-04-01,88.19000244140625,TCX
2019-05-01,59.25,TCX
2019-06-01,61.02000045776367,TCX
2019-07-01,48.93000030517578,TCX
2019-08-01,50.459999084472656,TCX
2019-09-01,54.15999984741211,TCX
2019-10-01,55.540000915527344,TCX
2019-11-01,56.75,TCX
2019-12-01,61.779998779296875,TCX
2020-01-01,60.25,TCX
2020-02-01,51.09000015258789,TCX
2020-03-01,48.2599983215332,TCX
2020-04-01,52.90999984741211,TCX
2020-05-01,60.06999969482422,TCX
2020-06-01,57.31999969482422,TCX
2020-07-01,60.5099983215332,TCX
2020-08-01,63.220001220703125,TCX
2020-09-01,68.9000015258789,TCX
2020-10-01,73.79000091552734,TCX
2020-11-01,72.5,TCX
2020-12-01,73.88999938964844,TCX
2021-01-01,79.9000015258789,TCX
2021-02-01,79.0199966430664,TCX
2021-03-01,77.5,TCX
2021-04-01,78.61000061035156,TCX
2021-05-01,78.0999984741211,TCX
2021-06-01,80.31999969482422,TCX
2021-07-01,77.76000213623047,TCX
2021-08-01,74.11000061035156,TCX
2021-09-01,78.94999694824219,TCX
2021-10-01,82.30000305175781,TCX
2021-11-01,81.33000183105469,TCX
2021-12-01,83.81999969482422,TCX
2022-01-01,79.0,TCX
2022-02-01,67.18000030517578,TCX
2022-03-01,68.30000305175781,TCX
2022-04-01,57.619998931884766,TCX
2022-05-01,48.41999816894531,TCX
2022-06-01,44.5099983215332,TCX
2022-07-01,46.27000045776367,TCX
2022-08-01,46.9900016784668,TCX
2022-09-01,37.40999984741211,TCX
2022-10-01,44.95000076293945,TCX
2022-11-01,30.700000762939453,TCX
2022-12-01,33.91999816894531,TCX
2023-01-01,33.16999816894531,TCX
2023-02-01,23.1200008392334,TCX
2023-03-01,19.450000762939453,TCX
2023-04-01,22.389999389648438,TCX
2023-05-01,31.100000381469727,TCX
2023-06-01,27.739999771118164,TCX
2023-07-01,30.889999389648438,TCX
2023-08-01,23.649999618530273,TCX
2023-09-01,20.40999984741211,TCX
2023-10-01,16.889999389648438,TCX
2023-11-01,21.209999084472656,TCX
2023-12-01,27.0,TCX
2024-01-01,23.1200008392334,TCX
2024-02-01,18.899999618530273,TCX
2024-03-01,18.559999465942383,TCX
2024-04-01,17.670000076293945,TCX
2024-05-01,22.700000762939453,TCX
2024-06-01,19.31999969482422,TCX
2024-07-01,25.170000076293945,TCX
2024-08-01,21.40999984741211,TCX
2024-09-01,20.889999389648438,TCX
2024-10-01,18.520000457763672,TCX
2024-11-01,17.690000534057617,TCX
2024-12-01,17.139999389648438,TCX
2025-01-01,15.25,TCX
2025-02-01,19.8700008392334,TCX
2025-03-01,16.8799991607666,TCX
2025-04-01,16.260000228881836,TCX
2025-05-01,19.399999618530273,TCX
2025-06-01,19.709999084472656,TCX
2025-07-01,17.229999542236328,TCX
2025-08-01,18.280000686645508,TCX
2025-09-01,18.559999465942383,TCX
2025-10-01,19.15999984741211,TCX
2025-11-01,21.670000076293945,TCX
2025-12-01,22.420000076293945,TCX
2026-01-01,22.219999313354492,TCX
2017-01-01,29.360000610351562,TDC
2017-02-01,31.100000381469727,TDC
2017-03-01,31.1200008392334,TDC
2017-04-01,29.18000030517578,TDC
2017-05-01,27.260000228881836,TDC
2017-06-01,29.489999771118164,TDC
2017-07-01,31.81999969482422,TDC
2017-08-01,31.920000076293945,TDC
2017-09-01,33.790000915527344,TDC
2017-10-01,33.45000076293945,TDC
2017-11-01,38.0099983215332,TDC
2017-12-01,38.459999084472656,TDC
2018-01-01,40.5,TDC
2018-02-01,36.81999969482422,TDC
2018-03-01,39.66999816894531,TDC
2018-04-01,40.91999816894531,TDC
2018-05-01,39.869998931884766,TDC
2018-06-01,40.150001525878906,TDC
2018-07-01,38.290000915527344,TDC
2018-08-01,41.470001220703125,TDC
2018-09-01,37.709999084472656,TDC
2018-10-01,36.400001525878906,TDC
2018-11-01,37.630001068115234,TDC
2018-12-01,38.36000061035156,TDC
2019-01-01,44.380001068115234,TDC
2019-02-01,48.369998931884766,TDC
2019-03-01,43.650001525878906,TDC
2019-04-01,45.470001220703125,TDC
2019-05-01,34.34000015258789,TDC
2019-06-01,35.849998474121094,TDC
2019-07-01,36.619998931884766,TDC
2019-08-01,30.8700008392334,TDC
2019-09-01,31.0,TDC
2019-10-01,29.93000030517578,TDC
2019-11-01,26.559999465942383,TDC
2019-12-01,26.770000457763672,TDC
2020-01-01,24.34000015258789,TDC
2020-02-01,19.940000534057617,TDC
2020-03-01,20.489999771118164,TDC
2020-04-01,24.59000015258789,TDC
2020-05-01,21.40999984741211,TDC
2020-06-01,20.799999237060547,TDC
2020-07-01,21.0,TDC
2020-08-01,24.350000381469727,TDC
2020-09-01,22.700000762939453,TDC
2020-10-01,18.3700008392334,TDC
2020-11-01,21.93000030517578,TDC
2020-12-01,22.469999313354492,TDC
2021-01-01,26.899999618530273,TDC
2021-02-01,40.099998474121094,TDC
2021-03-01,38.540000915527344,TDC
2021-04-01,49.470001220703125,TDC
2021-05-01,47.869998931884766,TDC
2021-06-01,49.970001220703125,TDC
2021-07-01,49.65999984741211,TDC
2021-08-01,54.689998626708984,TDC
2021-09-01,57.349998474121094,TDC
2021-10-01,56.560001373291016,TDC
2021-11-01,43.41999816894531,TDC
2021-12-01,42.470001220703125,TDC
2022-01-01,40.34000015258789,TDC
2022-02-01,49.9900016784668,TDC
2022-03-01,49.290000915527344,TDC
2022-04-01,41.349998474121094,TDC
2022-05-01,38.43000030517578,TDC
2022-06-01,37.0099983215332,TDC
2022-07-01,38.290000915527344,TDC
2022-08-01,32.900001525878906,TDC
2022-09-01,31.059999465942383,TDC
2022-10-01,31.59000015258789,TDC
2022-11-01,34.150001525878906,TDC
2022-12-01,33.65999984741211,TDC
2023-01-01,34.880001068115234,TDC
2023-02-01,40.7599983215332,TDC
2023-03-01,40.279998779296875,TDC
2023-04-01,38.709999084472656,TDC
2023-05-01,46.86000061035156,TDC
2023-06-01,53.40999984741211,TDC
2023-07-01,56.849998474121094,TDC
2023-08-01,46.27000045776367,TDC
2023-09-01,45.02000045776367,TDC
2023-10-01,42.720001220703125,TDC
2023-11-01,47.25,TDC
2023-12-01,43.5099983215332,TDC
2024-01-01,46.18000030517578,TDC
2024-02-01,37.619998931884766,TDC
2024-03-01,38.66999816894531,TDC
2024-04-01,37.099998474121094,TDC
2024-05-01,32.61000061035156,TDC
2024-06-01,34.560001373291016,TDC
2024-07-01,32.41999816894531,TDC
2024-08-01,28.239999771118164,TDC
2024-09-01,30.34000015258789,TDC
2024-10-01,32.22999954223633,TDC
2024-11-01,30.899999618530273,TDC
2024-12-01,31.149999618530273,TDC
2025-01-01,31.90999984741211,TDC
2025-02-01,23.84000015258789,TDC
2025-03-01,22.479999542236328,TDC
2025-04-01,21.5,TDC
2025-05-01,21.959999084472656,TDC
2025-06-01,22.309999465942383,TDC
2025-07-01,20.93000030517578,TDC
2025-08-01,20.979999542236328,TDC
2025-09-01,21.510000228881836,TDC
2025-10-01,20.850000381469727,TDC
2025-11-01,28.639999389648438,TDC
2025-12-01,30.440000534057617,TDC
2026-01-01,28.520000457763672,TDC
2017-01-01,,TENB
2017-02-01,,TENB
2017-03-01,,TENB
2017-04-01,,TENB
2017-05-01,,TENB
2017-06-01,,TENB
2017-07-01,,TENB
2017-08-01,,TENB
2017-09-01,,TENB
2017-10-01,,TENB
2017-11-01,,TENB
2017-12-01,,TENB
2018-01-01,,TENB
2018-02-01,,TENB
2018-03-01,,TENB
2018-04-01,,TENB
2018-05-01,,TENB
2018-06-01,,TENB
2018-07-01,29.899999618530273,TENB
2018-08-01,33.15999984741211,TENB
2018-09-01,38.880001068115234,TENB
2018-10-01,28.479999542236328,TENB
2018-11-01,28.479999542236328,TENB
2018-12-01,22.190000534057617,TENB
2019-01-01,27.68000030517578,TENB
2019-02-01,31.18000030517578,TENB
2019-03-01,31.65999984741211,TENB
2019-04-01,35.900001525878906,TENB
2019-05-01,27.850000381469727,TENB
2019-06-01,28.540000915527344,TENB
2019-07-01,25.059999465942383,TENB
2019-08-01,22.799999237060547,TENB
2019-09-01,22.3799991607666,TENB
2019-10-01,25.200000762939453,TENB
2019-11-01,27.149999618530273,TENB
2019-12-01,23.959999084472656,TENB
2020-01-01,27.25,TENB
2020-02-01,24.520000457763672,TENB
2020-03-01,21.860000610351562,TENB
2020-04-01,26.059999465942383,TENB
2020-05-01,31.270000457763672,TENB
2020-06-01,29.809999465942383,TENB
2020-07-01,33.93000030517578,TENB
2020-08-01,37.63999938964844,TENB
2020-09-01,37.75,TENB
2020-10-01,34.11000061035156,TENB
2020-11-01,36.0099983215332,TENB
2020-12-01,52.2599983215332,TENB
2021-01-01,49.4900016784668,TENB
2021-02-01,40.90999984741211,TENB
2021-03-01,36.189998626708984,TENB
2021-04-01,37.4900016784668,TENB
2021-05-01,41.79999923706055,TENB
2021-06-01,41.349998474121094,TENB
2021-07-01,42.79999923706055,TENB
2021-08-01,44.369998931884766,TENB
2021-09-01,46.13999938964844,TENB
2021-10-01,53.25,TENB
2021-11-01,49.400001525878906,TENB
2021-12-01,55.06999969482422,TENB
2022-01-01,51.400001525878906,TENB
2022-02-01,55.36000061035156,TENB
2022-03-01,57.790000915527344,TENB
2022-04-01,55.22999954223633,TENB
2022-05-01,50.29999923706055,TENB
2022-06-01,45.40999984741211,TENB
2022-07-01,38.650001525878906,TENB
2022-08-01,39.61000061035156,TENB
2022-09-01,34.79999923706055,TENB
2022-10-01,40.63999938964844,TENB
2022-11-01,38.18000030517578,TENB
2022-12-01,38.150001525878906,TENB
2023-01-01,40.22999954223633,TENB
2023-02-01,44.22999954223633,TENB
2023-03-01,47.5099983215332,TENB
2023-04-01,36.9900016784668,TENB
2023-05-01,40.9900016784668,TENB
2023-06-01,43.54999923706055,TENB
2023-07-01,48.65999984741211,TENB
2023-08-01,45.369998931884766,TENB
2023-09-01,44.79999923706055,TENB
2023-10-01,42.11000061035156,TENB
2023-11-01,41.38999938964844,TENB
2023-12-01,46.060001373291016,TENB
2024-01-01,47.099998474121094,TENB
2024-02-01,48.15999984741211,TENB
2024-03-01,49.43000030517578,TENB
2024-04-01,44.970001220703125,TENB
2024-05-01,42.189998626708984,TENB
2024-06-01,43.58000183105469,TENB
2024-07-01,45.91999816894531,TENB
2024-08-01,41.279998779296875,TENB
2024-09-01,40.52000045776367,TENB
2024-10-01,39.61000061035156,TENB
2024-11-01,41.97999954223633,TENB
2024-12-01,39.380001068115234,TENB
2025-01-01,43.09000015258789,TENB
2025-02-01,38.13999938964844,TENB
2025-03-01,34.97999954223633,TENB
2025-04-01,30.56999969482422,TENB
2025-05-01,32.220001220703125,TENB
2025-06-01,33.779998779296875,TENB
2025-07-01,31.309999465942383,TENB
2025-08-01,30.920000076293945,TENB
2025-09-01,29.15999984741211,TENB
2025-10-01,29.020000457763672,TENB
2025-11-01,26.520000457763672,TENB
2025-12-01,23.530000686645508,TENB
2026-01-01,22.059999465942383,TENB
2017-01-01,,U
2017-02-01,,U
2017-03-01,,U
2017-04-01,,U
2017-05-01,,U
2017-06-01,,U
2017-07-01,,U
2017-08-01,,U
2017-09-01,,U
2017-10-01,,U
2017-11-01,,U
2017-12-01,,U
2018-01-01,,U
2018-02-01,,U
2018-03-01,,U
2018-04-01,,U
2018-05-01,,U
2018-06-01,,U
2018-07-01,,U
2018-08-01,,U
2018-09-01,,U
2018-10-01,,U
2018-11-01,,U
2018-12-01,,U
2019-01-01,,U
2019-02-01,,U
2019-03-01,,U
2019-04-01,,U
2019-05-01,,U
2019-06-01,,U
2019-07-01,,U
2019-08-01,,U
2019-09-01,,U
2019-10-01,,U
2019-11-01,,U
2019-12-01,,U
2020-01-01,,U
2020-02-01,,U
2020-03-01,,U
2020-04-01,,U
2020-05-01,,U
2020-06-01,,U
2020-07-01,,U
2020-08-01,,U
2020-09-01,87.27999877929688,U
2020-10-01,94.87999725341797,U
2020-11-01,151.97999572753906,U
2020-12-01,153.47000122070312,U
2021-01-01,149.82000732421875,U
2021-02-01,107.62999725341797,U
2021-03-01,100.30999755859375,U
2021-04-01,101.58000183105469,U
2021-05-01,94.45999908447266,U
2021-06-01,109.83000183105469,U
2021-07-01,107.12000274658203,U
2021-08-01,126.75,U
2021-09-01,126.25,U
2021-10-01,151.30999755859375,U
2021-11-01,172.38999938964844,U
2021-12-01,142.99000549316406,U
2022-01-01,105.1500015258789,U
2022-02-01,106.44999694824219,U
2022-03-01,99.20999908447266,U
2022-04-01,66.41000366210938,U
2022-05-01,39.970001220703125,U
2022-06-01,36.81999969482422,U
2022-07-01,37.38999938964844,U
2022-08-01,42.720001220703125,U
2022-09-01,31.860000610351562,U
2022-10-01,29.5,U
2022-11-01,39.5099983215332,U
2022-12-01,28.59000015258789,U
2023-01-01,35.52000045776367,U
2023-02-01,30.440000534057617,U
2023-03-01,32.439998626708984,U
2023-04-01,26.969999313354492,U
2023-05-01,29.719999313354492,U
2023-06-01,43.41999816894531,U
2023-07-01,45.84000015258789,U
2023-08-01,37.06999969482422,U
2023-09-01,31.389999389648438,U
2023-10-01,25.3700008392334,U
2023-11-01,29.510000228881836,U
2023-12-01,40.88999938964844,U
2024-01-01,32.400001525878906,U
2024-02-01,29.31999969482422,U
2024-03-01,26.700000762939453,U
2024-04-01,24.270000457763672,U
2024-05-01,18.270000457763672,U
2024-06-01,16.260000228881836,U
2024-07-01,16.360000610351562,U
2024-08-01,16.3700008392334,U
2024-09-01,22.6200008392334,U
2024-10-01,20.079999923706055,U
2024-11-01,24.110000610351562,U
2024-12-01,22.469999313354492,U
2025-01-01,22.200000762939453,U
2025-02-01,25.639999389648438,U
2025-03-01,19.59000015258789,U
2025-04-01,21.06999969482422,U
2025-05-01,26.079999923706055,U
2025-06-01,24.200000762939453,U
2025-07-01,33.36000061035156,U
2025-08-01,39.40999984741211,U
2025-09-01,40.040000915527344,U
2025-10-01,37.900001525878906,U
2025-11-01,42.52000045776367,U
2025-12-01,44.16999816894531,U
2026-01-01,29.100000381469727,U
2017-01-01,12.529999732971191,UCTT
2017-02-01,13.850000381469727,UCTT
2017-03-01,16.8700008392334,UCTT
2017-04-01,19.239999771118164,UCTT
2017-05-01,22.84000015258789,UCTT
2017-06-01,18.75,UCTT
2017-07-01,23.450000762939453,UCTT
2017-08-01,23.06999969482422,UCTT
2017-09-01,30.6200008392334,UCTT
2017-10-01,25.520000457763672,UCTT
2017-11-01,20.979999542236328,UCTT
2017-12-01,23.09000015258789,UCTT
2018-01-01,21.690000534057617,UCTT
2018-02-01,19.260000228881836,UCTT
2018-03-01,19.25,UCTT
2018-04-01,17.510000228881836,UCTT
2018-05-01,17.6200008392334,UCTT
2018-06-01,16.600000381469727,UCTT
2018-07-01,13.420000076293945,UCTT
2018-08-01,15.260000228881836,UCTT
2018-09-01,12.550000190734863,UCTT
2018-10-01,10.520000457763672,UCTT
2018-11-01,9.399999618530273,UCTT
2018-12-01,8.470000267028809,UCTT
2019-01-01,11.859999656677246,UCTT
2019-02-01,10.649999618530273,UCTT
2019-03-01,10.350000381469727,UCTT
2019-04-01,11.970000267028809,UCTT
2019-05-01,12.75,UCTT
2019-06-01,13.920000076293945,UCTT
2019-07-01,14.59000015258789,UCTT
2019-08-01,11.9399995803833,UCTT
2019-09-01,14.640000343322754,UCTT
2019-10-01,21.3700008392334,UCTT
2019-11-01,22.239999771118164,UCTT
2019-12-01,23.469999313354492,UCTT
2020-01-01,23.010000228881836,UCTT
2020-02-01,20.90999984741211,UCTT
2020-03-01,13.800000190734863,UCTT
2020-04-01,18.389999389648438,UCTT
2020-05-01,20.729999542236328,UCTT
2020-06-01,22.6299991607666,UCTT
2020-07-01,30.09000015258789,UCTT
2020-08-01,24.520000457763672,UCTT
2020-09-01,21.459999084472656,UCTT
2020-10-01,21.290000915527344,UCTT
2020-11-01,31.639999389648438,UCTT
2020-12-01,31.149999618530273,UCTT
2021-01-01,38.599998474121094,UCTT
2021-02-01,46.380001068115234,UCTT
2021-03-01,58.040000915527344,UCTT
2021-04-01,51.06999969482422,UCTT
2021-05-01,56.33000183105469,UCTT
2021-06-01,53.720001220703125,UCTT
2021-07-01,54.0099983215332,UCTT
2021-08-01,46.2400016784668,UCTT
2021-09-01,42.599998474121094,UCTT
2021-10-01,49.56999969482422,UCTT
2021-11-01,54.810001373291016,UCTT
2021-12-01,57.36000061035156,UCTT
2022-01-01,50.41999816894531,UCTT
2022-02-01,45.810001373291016,UCTT
2022-03-01,42.38999938964844,UCTT
2022-04-01,31.170000076293945,UCTT
2022-05-01,33.560001373291016,UCTT
2022-06-01,29.770000457763672,UCTT
2022-07-01,33.599998474121094,UCTT
2022-08-01,29.270000457763672,UCTT
2022-09-01,25.75,UCTT
2022-10-01,31.110000610351562,UCTT
2022-11-01,35.630001068115234,UCTT
2022-12-01,33.150001525878906,UCTT
2023-01-01,33.650001525878906,UCTT
2023-02-01,31.860000610351562,UCTT
2023-03-01,33.15999984741211,UCTT
2023-04-01,28.540000915527344,UCTT
2023-05-01,34.279998779296875,UCTT
2023-06-01,38.459999084472656,UCTT
2023-07-01,38.099998474121094,UCTT
2023-08-01,35.15999984741211,UCTT
2023-09-01,29.670000076293945,UCTT
2023-10-01,23.860000610351562,UCTT
2023-11-01,27.139999389648438,UCTT
2023-12-01,34.13999938964844,UCTT
2024-01-01,38.20000076293945,UCTT
2024-02-01,43.20000076293945,UCTT
2024-03-01,45.939998626708984,UCTT
2024-04-01,41.83000183105469,UCTT
2024-05-01,46.380001068115234,UCTT
2024-06-01,49.0,UCTT
2024-07-01,43.2599983215332,UCTT
2024-08-01,37.70000076293945,UCTT
2024-09-01,39.93000030517578,UCTT
2024-10-01,33.45000076293945,UCTT
2024-11-01,38.43000030517578,UCTT
2024-12-01,35.95000076293945,UCTT
2025-01-01,36.869998931884766,UCTT
2025-02-01,24.600000381469727,UCTT
2025-03-01,21.40999984741211,UCTT
2025-04-01,18.700000762939453,UCTT
2025-05-01,19.3700008392334,UCTT
2025-06-01,22.56999969482422,UCTT
2025-07-01,22.520000457763672,UCTT
2025-08-01,24.020000457763672,UCTT
2025-09-01,27.25,UCTT
2025-10-01,27.40999984741211,UCTT
2025-11-01,25.360000610351562,UCTT
2025-12-01,25.329999923706055,UCTT
2026-01-01,43.68000030517578,UCTT
2017-01-01,12.850000381469727,UIS
2017-02-01,13.899999618530273,UIS
2017-03-01,13.949999809265137,UIS
2017-04-01,11.300000190734863,UIS
2017-05-01,11.800000190734863,UIS
2017-06-01,12.800000190734863,UIS
2017-07-01,12.800000190734863,UIS
2017-08-01,7.75,UIS
2017-09-01,8.5,UIS
2017-10-01,8.75,UIS
2017-11-01,7.75,UIS
2017-12-01,8.149999618530273,UIS
2018-01-01,8.899999618530273,UIS
2018-02-01,11.199999809265137,UIS
2018-03-01,10.75,UIS
2018-04-01,11.199999809265137,UIS
2018-05-01,12.050000190734863,UIS
2018-06-01,12.899999618530273,UIS
2018-07-01,12.850000381469727,UIS
2018-08-01,18.600000381469727,UIS
2018-09-01,20.399999618530273,UIS
2018-10-01,18.40999984741211,UIS
2018-11-01,13.520000457763672,UIS
2018-12-01,11.630000114440918,UIS
2019-01-01,13.079999923706055,UIS
2019-02-01,13.510000228881836,UIS
2019-03-01,11.670000076293945,UIS
2019-04-01,11.210000038146973,UIS
2019-05-01,9.699999809265137,UIS
2019-06-01,9.720000267028809,UIS
2019-07-01,12.390000343322754,UIS
2019-08-01,6.539999961853027,UIS
2019-09-01,7.429999828338623,UIS
2019-10-01,10.260000228881836,UIS
2019-11-01,11.380000114440918,UIS
2019-12-01,11.859999656677246,UIS
2020-01-01,9.710000038146973,UIS
2020-02-01,15.529999732971191,UIS
2020-03-01,12.350000381469727,UIS
2020-04-01,12.59000015258789,UIS
2020-05-01,11.359999656677246,UIS
2020-06-01,10.90999984741211,UIS
2020-07-01,11.890000343322754,UIS
2020-08-01,11.65999984741211,UIS
2020-09-01,10.670000076293945,UIS
2020-10-01,13.140000343322754,UIS
2020-11-01,14.579999923706055,UIS
2020-12-01,19.68000030517578,UIS
2021-01-01,23.889999389648438,UIS
2021-02-01,24.549999237060547,UIS
2021-03-01,25.420000076293945,UIS
2021-04-01,24.0,UIS
2021-05-01,25.709999084472656,UIS
2021-06-01,25.309999465942383,UIS
2021-07-01,22.350000381469727,UIS
2021-08-01,24.209999084472656,UIS
2021-09-01,25.139999389648438,UIS
2021-10-01,25.56999969482422,UIS
2021-11-01,18.15999984741211,UIS
2021-12-01,20.56999969482422,UIS
2022-01-01,18.25,UIS
2022-02-01,21.3700008392334,UIS
2022-03-01,21.610000610351562,UIS
2022-04-01,14.210000038146973,UIS
2022-05-01,11.930000305175781,UIS
2022-06-01,12.029999732971191,UIS
2022-07-01,13.720000267028809,UIS
2022-08-01,9.3100004196167,UIS
2022-09-01,7.550000190734863,UIS
2022-10-01,8.5,UIS
2022-11-01,4.300000190734863,UIS
2022-12-01,5.110000133514404,UIS
2023-01-01,5.409999847412109,UIS
2023-02-01,4.980000019073486,UIS
2023-03-01,3.880000114440918,UIS
2023-04-01,3.2100000381469727,UIS
2023-05-01,3.930000066757202,UIS
2023-06-01,3.9800000190734863,UIS
2023-07-01,5.440000057220459,UIS
2023-08-01,4.03000020980835,UIS
2023-09-01,3.450000047683716,UIS
2023-10-01,2.7799999713897705,UIS
2023-11-01,4.789999961853027,UIS
2023-12-01,5.619999885559082,UIS
2024-01-01,6.739999771118164,UIS
2024-02-01,5.190000057220459,UIS
2024-03-01,4.909999847412109,UIS
2024-04-01,5.429999828338623,UIS
2024-05-01,4.289999961853027,UIS
2024-06-01,4.130000114440918,UIS
2024-07-01,4.760000228881836,UIS
2024-08-01,5.53000020980835,UIS
2024-09-01,5.679999828338623,UIS
2024-10-01,6.909999847412109,UIS
2024-11-01,7.980000019073486,UIS
2024-12-01,6.329999923706055,UIS
2025-01-01,6.659999847412109,UIS
2025-02-01,4.309999942779541,UIS
2025-03-01,4.590000152587891,UIS
2025-04-01,3.9700000286102295,UIS
2025-05-01,4.769999980926514,UIS
2025-06-01,4.53000020980835,UIS
2025-07-01,4.130000114440918,UIS
2025-08-01,3.9100000858306885,UIS
2025-09-01,3.9000000953674316,UIS
2025-10-01,3.569999933242798,UIS
2025-11-01,2.680000066757202,UIS
2025-12-01,2.759999990463257,UIS
2026-01-01,2.630000114440918,UIS
2017-01-01,,UPWK
2017-02-01,,UPWK
2017-03-01,,UPWK
2017-04-01,,UPWK
2017-05-01,,UPWK
2017-06-01,,UPWK
2017-07-01,,UPWK
2017-08-01,,UPWK
2017-09-01,,UPWK
2017-10-01,,UPWK
2017-11-01,,UPWK
2017-12-01,,UPWK
2018-01-01,,UPWK
2018-02-01,,UPWK
2018-03-01,,UPWK
2018-04-01,,UPWK
2018-05-01,,UPWK
2018-06-01,,UPWK
2018-07-01,,UPWK
2018-08-01,,UPWK
2018-09-01,,UPWK
2018-10-01,19.200000762939453,UPWK
2018-11-01,18.6299991607666,UPWK
2018-12-01,18.110000610351562,UPWK
2019-01-01,19.309999465942383,UPWK
2019-02-01,23.690000534057617,UPWK
2019-03-01,19.139999389648438,UPWK
2019-04-01,19.989999771118164,UPWK
2019-05-01,14.979999542236328,UPWK
2019-06-01,16.079999923706055,UPWK
2019-07-01,16.440000534057617,UPWK
2019-08-01,14.460000038146973,UPWK
2019-09-01,13.3100004196167,UPWK
2019-10-01,15.039999961853027,UPWK
2019-11-01,11.649999618530273,UPWK
2019-12-01,10.670000076293945,UPWK
2020-01-01,9.180000305175781,UPWK
2020-02-01,8.65999984741211,UPWK
2020-03-01,6.449999809265137,UPWK
2020-04-01,8.329999923706055,UPWK
2020-05-01,12.4399995803833,UPWK
2020-06-01,14.4399995803833,UPWK
2020-07-01,15.020000457763672,UPWK
2020-08-01,15.229999542236328,UPWK
2020-09-01,17.440000534057617,UPWK
2020-10-01,18.450000762939453,UPWK
2020-11-01,32.720001220703125,UPWK
2020-12-01,34.52000045776367,UPWK
2021-01-01,41.45000076293945,UPWK
2021-02-01,53.880001068115234,UPWK
2021-03-01,44.77000045776367,UPWK
2021-04-01,46.060001373291016,UPWK
2021-05-01,47.06999969482422,UPWK
2021-06-01,58.290000915527344,UPWK
2021-07-01,51.790000915527344,UPWK
2021-08-01,44.709999084472656,UPWK
2021-09-01,45.029998779296875,UPWK
2021-10-01,47.119998931884766,UPWK
2021-11-01,37.2599983215332,UPWK
2021-12-01,34.15999984741211,UPWK
2022-01-01,27.200000762939453,UPWK
2022-02-01,25.280000686645508,UPWK
2022-03-01,23.239999771118164,UPWK
2022-04-01,20.969999313354492,UPWK
2022-05-01,18.25,UPWK
2022-06-01,20.68000030517578,UPWK
2022-07-01,18.559999465942383,UPWK
2022-08-01,17.399999618530273,UPWK
2022-09-01,13.619999885559082,UPWK
2022-10-01,13.449999809265137,UPWK
2022-11-01,12.25,UPWK
2022-12-01,10.4399995803833,UPWK
2023-01-01,12.960000038146973,UPWK
2023-02-01,11.34000015258789,UPWK
2023-03-01,11.319999694824219,UPWK
2023-04-01,9.569999694824219,UPWK
2023-05-01,8.199999809265137,UPWK
2023-06-01,9.34000015258789,UPWK
2023-07-01,10.430000305175781,UPWK
2023-08-01,14.8100004196167,UPWK
2023-09-01,11.359999656677246,UPWK
2023-10-01,10.449999809265137,UPWK
2023-11-01,14.09000015258789,UPWK
2023-12-01,14.869999885559082,UPWK
2024-01-01,13.710000038146973,UPWK
2024-02-01,13.100000381469727,UPWK
2024-03-01,12.260000228881836,UPWK
2024-04-01,11.699999809265137,UPWK
2024-05-01,10.569999694824219,UPWK
2024-06-01,10.75,UPWK
2024-07-01,12.119999885559082,UPWK
2024-08-01,9.640000343322754,UPWK
2024-09-01,10.449999809265137,UPWK
2024-10-01,13.5600004196167,UPWK
2024-11-01,16.969999313354492,UPWK
2024-12-01,16.350000381469727,UPWK
2025-01-01,15.760000228881836,UPWK
2025-02-01,15.930000305175781,UPWK
2025-03-01,13.050000190734863,UPWK
2025-04-01,13.149999618530273,UPWK
2025-05-01,15.489999771118164,UPWK
2025-06-01,13.4399995803833,UPWK
2025-07-01,11.960000038146973,UPWK
2025-08-01,15.390000343322754,UPWK
2025-09-01,18.56999969482422,UPWK
2025-10-01,15.9399995803833,UPWK
2025-11-01,19.739999771118164,UPWK
2025-12-01,19.81999969482422,UPWK
2026-01-01,20.030000686645508,UPWK
2017-01-01,15.300000190734863,VICR
2017-02-01,16.25,VICR
2017-03-01,16.100000381469727,VICR
2017-04-01,18.0,VICR
2017-05-01,16.950000762939453,VICR
2017-06-01,17.899999618530273,VICR
2017-07-01,17.75,VICR
2017-08-01,19.450000762939453,VICR
2017-09-01,23.600000381469727,VICR
2017-10-01,21.549999237060547,VICR
2017-11-01,22.549999237060547,VICR
2017-12-01,20.899999618530273,VICR
2018-01-01,18.299999237060547,VICR
2018-02-01,25.75,VICR
2018-03-01,28.549999237060547,VICR
2018-04-01,35.849998474121094,VICR
2018-05-01,43.849998474121094,VICR
2018-06-01,43.54999923706055,VICR
2018-07-01,57.54999923706055,VICR
2018-08-01,62.45000076293945,VICR
2018-09-01,46.0,VICR
2018-10-01,40.099998474121094,VICR
2018-11-01,35.79999923706055,VICR
2018-12-01,37.790000915527344,VICR
2019-01-01,39.38999938964844,VICR
2019-02-01,31.780000686645508,VICR
2019-03-01,31.020000457763672,VICR
2019-04-01,37.5099983215332,VICR
2019-05-01,30.309999465942383,VICR
2019-06-01,31.049999237060547,VICR
2019-07-01,29.559999465942383,VICR
2019-08-01,30.489999771118164,VICR
2019-09-01,29.520000457763672,VICR
2019-10-01,36.349998474121094,VICR
2019-11-01,41.06999969482422,VICR
2019-12-01,46.720001220703125,VICR
2020-01-01,50.04999923706055,VICR
2020-02-01,43.2400016784668,VICR
2020-03-01,44.540000915527344,VICR
2020-04-01,53.16999816894531,VICR
2020-05-01,60.97999954223633,VICR
2020-06-01,71.94999694824219,VICR
2020-07-01,81.47000122070312,VICR
2020-08-01,87.02999877929688,VICR
2020-09-01,77.7300033569336,VICR
2020-10-01,78.0,VICR
2020-11-01,81.95999908447266,VICR
2020-12-01,92.22000122070312,VICR
2021-01-01,86.54000091552734,VICR
2021-02-01,98.48999786376953,VICR
2021-03-01,85.02999877929688,VICR
2021-04-01,92.2300033569336,VICR
2021-05-01,90.08000183105469,VICR
2021-06-01,105.73999786376953,VICR
2021-07-01,115.61000061035156,VICR
2021-08-01,123.37000274658203,VICR
2021-09-01,134.16000366210938,VICR
2021-10-01,151.58999633789062,VICR
2021-11-01,143.4600067138672,VICR
2021-12-01,126.9800033569336,VICR
2022-01-01,94.33000183105469,VICR
2022-02-01,74.7699966430664,VICR
2022-03-01,70.55000305175781,VICR
2022-04-01,60.52000045776367,VICR
2022-05-01,67.30000305175781,VICR
2022-06-01,54.72999954223633,VICR
2022-07-01,72.95999908447266,VICR
2022-08-01,71.13999938964844,VICR
2022-09-01,59.13999938964844,VICR
2022-10-01,47.77000045776367,VICR
2022-11-01,53.9900016784668,VICR
2022-12-01,53.75,VICR
2023-01-01,69.43000030517578,VICR
2023-02-01,47.0,VICR
2023-03-01,46.939998626708984,VICR
2023-04-01,42.970001220703125,VICR
2023-05-01,55.349998474121094,VICR
2023-06-01,54.0,VICR
2023-07-01,92.2699966430664,VICR
2023-08-01,67.7699966430664,VICR
2023-09-01,58.88999938964844,VICR
2023-10-01,38.7400016784668,VICR
2023-11-01,36.56999969482422,VICR
2023-12-01,44.939998626708984,VICR
2024-01-01,37.66999816894531,VICR
2024-02-01,37.2400016784668,VICR
2024-03-01,38.2400016784668,VICR
2024-04-01,32.380001068115234,VICR
2024-05-01,34.9900016784668,VICR
2024-06-01,33.15999984741211,VICR
2024-07-01,42.11000061035156,VICR
2024-08-01,38.5,VICR
2024-09-01,42.099998474121094,VICR
2024-10-01,45.709999084472656,VICR
2024-11-01,53.209999084472656,VICR
2024-12-01,48.31999969482422,VICR
2025-01-01,51.13999938964844,VICR
2025-02-01,63.33000183105469,VICR
2025-03-01,46.779998779296875,VICR
2025-04-01,39.90999984741211,VICR
2025-05-01,43.63999938964844,VICR
2025-06-01,45.36000061035156,VICR
2025-07-01,44.439998626708984,VICR
2025-08-01,51.11000061035156,VICR
2025-09-01,49.720001220703125,VICR
2025-10-01,90.7300033569336,VICR
2025-11-01,89.3499984741211,VICR
2025-12-01,109.5999984741211,VICR
2026-01-01,157.6699981689453,VICR
2017-01-01,18.45492172241211,VISN
2017-02-01,18.567153930664062,VISN
2017-03-01,20.353113174438477,VISN
2017-04-01,20.514142990112305,VISN
2017-05-01,18.049909591674805,VISN
2017-06-01,18.55739402770996,VISN
2017-07-01,17.94743537902832,VISN
2017-08-01,16.132198333740234,VISN
2017-09-01,16.205392837524414,VISN
2017-10-01,15.683267593383789,VISN
2017-11-01,17.56194305419922,VISN
2017-12-01,18.459802627563477,VISN
2018-01-01,18.850175857543945,VISN
2018-02-01,18.889211654663086,VISN
2018-03-01,19.504051208496094,VISN
2018-04-01,18.650108337402344,VISN
2018-05-01,14.307199478149414,VISN
2018-06-01,14.251083374023438,VISN
2018-07-01,15.668628692626953,VISN
2018-08-01,15.463682174682617,VISN
2018-09-01,15.009872436523438,VISN
2018-10-01,11.74049186706543,VISN
2018-11-01,8.832207679748535,VISN
2018-12-01,7.997783184051514,VISN
2019-01-01,10.203394889831543,VISN
2019-02-01,11.374516487121582,VISN
2019-03-01,10.603528022766113,VISN
2019-04-01,12.091829299926758,VISN
2019-05-01,7.88067102432251,VISN
2019-06-01,7.675724506378174,VISN
2019-07-01,6.968172073364258,VISN
2019-08-01,5.240767955780029,VISN
2019-09-01,5.738494873046875,VISN
2019-10-01,5.465233325958252,VISN
2019-11-01,6.636354923248291,VISN
2019-12-01,6.924254894256592,VISN
2020-01-01,5.945881366729736,VISN
2020-02-01,5.372519493103027,VISN
2020-03-01,4.4453816413879395,VISN
2020-04-01,5.372519493103027,VISN
2020-05-01,5.030942440032959,VISN
2020-06-01,4.064767360687256,VISN
2020-07-01,4.528336048126221,VISN
2020-08-01,5.026062965393066,VISN
2020-09-01,4.391705513000488,VISN
2020-10-01,4.3429083824157715,VISN
2020-11-01,5.782412052154541,VISN
2020-12-01,6.538761138916016,VISN
2021-01-01,7.168238639831543,VISN
2021-02-01,7.119442462921143,VISN
2021-03-01,7.495176792144775,VISN
2021-04-01,8.027061462402344,VISN
2021-05-01,9.910614967346191,VISN
2021-06-01,10.398581504821777,VISN
2021-07-01,10.325387001037598,VISN
2021-08-01,7.709882736206055,VISN
2021-09-01,6.63147497177124,VISN
2021-10-01,5.226129531860352,VISN
2021-11-01,4.860153675079346,VISN
2021-12-01,5.387158393859863,VISN
2022-01-01,4.58201265335083,VISN
2022-02-01,4.655207633972168,VISN
2022-03-01,3.845181941986084,VISN
2022-04-01,2.9424426555633545,VISN
2022-05-01,3.6646342277526855,VISN
2022-06-01,2.9863595962524414,VISN
2022-07-01,4.406343936920166,VISN
2022-08-01,5.5140299797058105,VISN
2022-09-01,4.494178295135498,VISN
2022-10-01,6.460686206817627,VISN
2022-11-01,4.333149433135986,VISN
2022-12-01,3.586559295654297,VISN
2023-01-01,4.09892463684082,VISN
2023-02-01,3.5328826904296875,VISN
2023-03-01,3.108351230621338,VISN
2023-04-01,2.4056785106658936,VISN
2023-05-01,2.0299437046051025,VISN
2023-06-01,2.747255802154541,VISN
2023-07-01,2.195852756500244,VISN
2023-08-01,1.6298105716705322,VISN
2023-09-01,1.639569878578186,VISN
2023-10-01,0.722191572189331,VISN
2023-11-01,0.8149052858352661,VISN
2023-12-01,1.3760676383972168,VISN
2024-01-01,1.1320840120315552,VISN
2024-02-01,0.5684818029403687,VISN
2024-03-01,0.6392370462417603,VISN
2024-04-01,0.4362427294254303,VISN
2024-05-01,0.7026728987693787,VISN
2024-06-01,0.6001997590065002,VISN
2024-07-01,1.2638351917266846,VISN
2024-08-01,1.8835535049438477,VISN
2024-09-01,2.9814798831939697,VISN
2024-10-01,3.284019708633423,VISN
2024-11-01,2.327603816986084,VISN
2024-12-01,2.542309522628784,VISN
2025-01-01,2.4642348289489746,VISN
2025-02-01,3.0985920429229736,VISN
2025-03-01,2.5911061763763428,VISN
2025-04-01,1.8249975442886353,VISN
2025-05-01,2.947322130203247,VISN
2025-06-01,4.040368556976318,VISN
2025-07-01,4.001331329345703,VISN
2025-08-01,7.826995372772217,VISN
2025-09-01,7.553732872009277,VISN
2025-10-01,8.44183349609375,VISN
2025-11-01,9.63247299194336,VISN
2025-12-01,8.846845626831055,VISN
2026-01-01,8.783411026000977,VISN
2017-01-01,16.649999618530273,VPG
2017-02-01,16.100000381469727,VPG
2017-03-01,15.800000190734863,VPG
2017-04-01,17.200000762939453,VPG
2017-05-01,17.299999237060547,VPG
2017-06-01,17.299999237060547,VPG
2017-07-01,17.5,VPG
2017-08-01,21.850000381469727,VPG
2017-09-01,24.399999618530273,VPG
2017-10-01,24.549999237060547,VPG
2017-11-01,27.700000762939453,VPG
2017-12-01,25.149999618530273,VPG
2018-01-01,27.399999618530273,VPG
2018-02-01,29.950000762939453,VPG
2018-03-01,31.149999618530273,VPG
2018-04-01,28.299999237060547,VPG
2018-05-01,37.54999923706055,VPG
2018-06-01,38.150001525878906,VPG
2018-07-01,39.900001525878906,VPG
2018-08-01,43.29999923706055,VPG
2018-09-01,37.400001525878906,VPG
2018-10-01,32.45000076293945,VPG
2018-11-01,33.93000030517578,VPG
2018-12-01,30.229999542236328,VPG
2019-01-01,33.43000030517578,VPG
2019-02-01,34.86000061035156,VPG
2019-03-01,34.209999084472656,VPG
2019-04-01,37.869998931884766,VPG
2019-05-01,35.81999969482422,VPG
2019-06-01,40.630001068115234,VPG
2019-07-01,40.7400016784668,VPG
2019-08-01,31.25,VPG
2019-09-01,32.7400016784668,VPG
2019-10-01,34.04999923706055,VPG
2019-11-01,34.40999984741211,VPG
2019-12-01,34.0,VPG
2020-01-01,34.540000915527344,VPG
2020-02-01,27.469999313354492,VPG
2020-03-01,20.079999923706055,VPG
2020-04-01,23.1200008392334,VPG
2020-05-01,23.6200008392334,VPG
2020-06-01,24.579999923706055,VPG
2020-07-01,25.450000762939453,VPG
2020-08-01,24.90999984741211,VPG
2020-09-01,25.31999969482422,VPG
2020-10-01,23.889999389648438,VPG
2020-11-01,29.25,VPG
2020-12-01,31.479999542236328,VPG
2021-01-01,31.989999771118164,VPG
2021-02-01,32.31999969482422,VPG
2021-03-01,30.809999465942383,VPG
2021-04-01,31.8799991607666,VPG
2021-05-01,32.599998474121094,VPG
2021-06-01,34.040000915527344,VPG
2021-07-01,36.33000183105469,VPG
2021-08-01,37.369998931884766,VPG
2021-09-01,34.77000045776367,VPG
2021-10-01,34.09000015258789,VPG
2021-11-01,34.33000183105469,VPG
2021-12-01,37.119998931884766,VPG
2022-01-01,32.029998779296875,VPG
2022-02-01,31.40999984741211,VPG
2022-03-01,32.150001525878906,VPG
2022-04-01,31.209999084472656,VPG
2022-05-01,30.399999618530273,VPG
2022-06-01,29.1299991607666,VPG
2022-07-01,31.18000030517578,VPG
2022-08-01,34.310001373291016,VPG
2022-09-01,29.59000015258789,VPG
2022-10-01,33.75,VPG
2022-11-01,40.56999969482422,VPG
2022-12-01,38.650001525878906,VPG
2023-01-01,43.18000030517578,VPG
2023-02-01,43.599998474121094,VPG
2023-03-01,41.7599983215332,VPG
2023-04-01,37.540000915527344,VPG
2023-05-01,34.91999816894531,VPG
2023-06-01,37.150001525878906,VPG
2023-07-01,37.40999984741211,VPG
2023-08-01,36.02000045776367,VPG
2023-09-01,33.58000183105469,VPG
2023-10-01,29.920000076293945,VPG
2023-11-01,30.489999771118164,VPG
2023-12-01,34.06999969482422,VPG
2024-01-01,31.8799991607666,VPG
2024-02-01,34.54999923706055,VPG
2024-03-01,35.33000183105469,VPG
2024-04-01,33.0,VPG
2024-05-01,33.77000045776367,VPG
2024-06-01,30.440000534057617,VPG
2024-07-01,34.290000915527344,VPG
2024-08-01,27.610000610351562,VPG
2024-09-01,25.899999618530273,VPG
2024-10-01,23.209999084472656,VPG
2024-11-01,22.969999313354492,VPG
2024-12-01,23.469999313354492,VPG
2025-01-01,23.299999237060547,VPG
2025-02-01,23.540000915527344,VPG
2025-03-01,24.09000015258789,VPG
2025-04-01,24.940000534057617,VPG
2025-05-01,25.719999313354492,VPG
2025-06-01,28.100000381469727,VPG
2025-07-01,26.520000457763672,VPG
2025-08-01,28.420000076293945,VPG
2025-09-01,32.04999923706055,VPG
2025-10-01,37.459999084472656,VPG
2025-11-01,34.13999938964844,VPG
2025-12-01,38.5,VPG
2026-01-01,50.08000183105469,VPG
2017-01-01,28.75,VREX
2017-02-01,34.81999969482422,VREX
2017-03-01,33.599998474121094,VREX
2017-04-01,33.560001373291016,VREX
2017-05-01,34.349998474121094,VREX
2017-06-01,33.79999923706055,VREX
2017-07-01,30.850000381469727,VREX
2017-08-01,30.530000686645508,VREX
2017-09-01,33.84000015258789,VREX
2017-10-01,34.369998931884766,VREX
2017-11-01,37.06999969482422,VREX
2017-12-01,40.16999816894531,VREX
2018-01-01,42.470001220703125,VREX
2018-02-01,34.88999938964844,VREX
2018-03-01,35.779998779296875,VREX
2018-04-01,35.9900016784668,VREX
2018-05-01,36.959999084472656,VREX
2018-06-01,37.09000015258789,VREX
2018-07-01,38.2400016784668,VREX
2018-08-01,31.399999618530273,VREX
2018-09-01,28.65999984741211,VREX
2018-10-01,25.959999084472656,VREX
2018-11-01,26.350000381469727,VREX
2018-12-01,23.68000030517578,VREX
2019-01-01,28.489999771118164,VREX
2019-02-01,31.440000534057617,VREX
2019-03-01,33.880001068115234,VREX
2019-04-01,32.84000015258789,VREX
2019-05-01,26.68000030517578,VREX
2019-06-01,30.649999618530273,VREX
2019-07-01,31.790000915527344,VREX
2019-08-01,26.350000381469727,VREX
2019-09-01,28.540000915527344,VREX
2019-10-01,30.010000228881836,VREX
2019-11-01,29.940000534057617,VREX
2019-12-01,29.809999465942383,VREX
2020-01-01,27.649999618530273,VREX
2020-02-01,23.219999313354492,VREX
2020-03-01,22.709999084472656,VREX
2020-04-01,26.1299991607666,VREX
2020-05-01,18.760000228881836,VREX
2020-06-01,15.149999618530273,VREX
2020-07-01,15.680000305175781,VREX
2020-08-01,11.09000015258789,VREX
2020-09-01,12.720000267028809,VREX
2020-10-01,13.399999618530273,VREX
2020-11-01,16.68000030517578,VREX
2020-12-01,16.68000030517578,VREX
2021-01-01,19.360000610351562,VREX
2021-02-01,22.93000030517578,VREX
2021-03-01,20.489999771118164,VREX
2021-04-01,23.739999771118164,VREX
2021-05-01,25.09000015258789,VREX
2021-06-01,26.81999969482422,VREX
2021-07-01,27.299999237060547,VREX
2021-08-01,29.170000076293945,VREX
2021-09-01,28.200000762939453,VREX
2021-10-01,26.850000381469727,VREX
2021-11-01,28.549999237060547,VREX
2021-12-01,31.549999237060547,VREX
2022-01-01,26.100000381469727,VREX
2022-02-01,23.639999389648438,VREX
2022-03-01,21.290000915527344,VREX
2022-04-01,19.850000381469727,VREX
2022-05-01,23.040000915527344,VREX
2022-06-01,21.389999389648438,VREX
2022-07-01,22.290000915527344,VREX
2022-08-01,21.09000015258789,VREX
2022-09-01,21.139999389648438,VREX
2022-10-01,22.110000610351562,VREX
2022-11-01,21.239999771118164,VREX
2022-12-01,20.299999237060547,VREX
2023-01-01,21.489999771118164,VREX
2023-02-01,17.690000534057617,VREX
2023-03-01,18.190000534057617,VREX
2023-04-01,17.739999771118164,VREX
2023-05-01,22.040000915527344,VREX
2023-06-01,23.56999969482422,VREX
2023-07-01,23.290000915527344,VREX
2023-08-01,19.670000076293945,VREX
2023-09-01,18.790000915527344,VREX
2023-10-01,18.049999237060547,VREX
2023-11-01,18.850000381469727,VREX
2023-12-01,20.5,VREX
2024-01-01,19.270000457763672,VREX
2024-02-01,17.200000762939453,VREX
2024-03-01,18.100000381469727,VREX
2024-04-01,16.25,VREX
2024-05-01,15.449999809265137,VREX
2024-06-01,14.729999542236328,VREX
2024-07-01,14.789999961853027,VREX
2024-08-01,12.479999542236328,VREX
2024-09-01,11.920000076293945,VREX
2024-10-01,13.130000114440918,VREX
2024-11-01,16.68000030517578,VREX
2024-12-01,14.59000015258789,VREX
2025-01-01,13.739999771118164,VREX
2025-02-01,12.859999656677246,VREX
2025-03-01,11.600000381469727,VREX
2025-04-01,8.319999694824219,VREX
2025-05-01,7.670000076293945,VREX
2025-06-01,8.670000076293945,VREX
2025-07-01,7.28000020980835,VREX
2025-08-01,11.550000190734863,VREX
2025-09-01,12.399999618530273,VREX
2025-10-01,11.6899995803833,VREX
2025-11-01,11.569999694824219,VREX
2025-12-01,11.649999618530273,VREX
2026-01-01,13.9399995803833,VREX
2017-01-01,9.966667175292969,VRNS
2017-02-01,9.133333206176758,VRNS
2017-03-01,10.600000381469727,VRNS
2017-04-01,10.466667175292969,VRNS
2017-05-01,12.116666793823242,VRNS
2017-06-01,12.399999618530273,VRNS
2017-07-01,12.416666984558105,VRNS
2017-08-01,12.933333396911621,VRNS
2017-09-01,13.966667175292969,VRNS
2017-10-01,14.533332824707031,VRNS
2017-11-01,16.766666412353516,VRNS
2017-12-01,16.183332443237305,VRNS
2018-01-01,18.100000381469727,VRNS
2018-02-01,18.71666717529297,VRNS
2018-03-01,20.166667938232422,VRNS
2018-04-01,21.78333282470703,VRNS
2018-05-01,25.883333206176758,VRNS
2018-06-01,24.833332061767578,VRNS
2018-07-01,19.924999237060547,VRNS
2018-08-01,24.633333206176758,VRNS
2018-09-01,24.416667938232422,VRNS
2018-10-01,20.356666564941406,VRNS
2018-11-01,19.303333282470703,VRNS
2018-12-01,17.633333206176758,VRNS
2019-01-01,19.69333267211914,VRNS
2019-02-01,18.98666763305664,VRNS
2019-03-01,19.876667022705078,VRNS
2019-04-01,23.71666717529297,VRNS
2019-05-01,20.84666633605957,VRNS
2019-06-01,20.64666748046875,VRNS
2019-07-01,23.969999313354492,VRNS
2019-08-01,22.773332595825195,VRNS
2019-09-01,19.926666259765625,VRNS
2019-10-01,23.850000381469727,VRNS
2019-11-01,26.036666870117188,VRNS
2019-12-01,25.90333366394043,VRNS
2020-01-01,27.886667251586914,VRNS
2020-02-01,26.739999771118164,VRNS
2020-03-01,21.22333335876465,VRNS
2020-04-01,22.350000381469727,VRNS
2020-05-01,28.1299991607666,VRNS
2020-06-01,29.49333381652832,VRNS
2020-07-01,36.116668701171875,VRNS
2020-08-01,41.176666259765625,VRNS
2020-09-01,38.473331451416016,VRNS
2020-10-01,38.52333450317383,VRNS
2020-11-01,40.21333312988281,VRNS
2020-12-01,54.53666687011719,VRNS
2021-01-01,58.92333221435547,VRNS
2021-02-01,61.18000030517578,VRNS
2021-03-01,51.34000015258789,VRNS
2021-04-01,52.95000076293945,VRNS
2021-05-01,48.29999923706055,VRNS
2021-06-01,57.619998931884766,VRNS
2021-07-01,61.20000076293945,VRNS
2021-08-01,69.01000213623047,VRNS
2021-09-01,60.849998474121094,VRNS
2021-10-01,64.73999786376953,VRNS
2021-11-01,51.810001373291016,VRNS
2021-12-01,48.779998779296875,VRNS
2022-01-01,37.2599983215332,VRNS
2022-02-01,43.599998474121094,VRNS
2022-03-01,47.540000915527344,VRNS
2022-04-01,43.20000076293945,VRNS
2022-05-01,33.06999969482422,VRNS
2022-06-01,29.31999969482422,VRNS
2022-07-01,25.43000030517578,VRNS
2022-08-01,27.350000381469727,VRNS
2022-09-01,26.520000457763672,VRNS
2022-10-01,26.770000457763672,VRNS
2022-11-01,21.239999771118164,VRNS
2022-12-01,23.940000534057617,VRNS
2023-01-01,25.84000015258789,VRNS
2023-02-01,27.079999923706055,VRNS
2023-03-01,26.010000228881836,VRNS
2023-04-01,23.15999984741211,VRNS
2023-05-01,26.280000686645508,VRNS
2023-06-01,26.649999618530273,VRNS
2023-07-01,28.700000762939453,VRNS
2023-08-01,31.93000030517578,VRNS
2023-09-01,30.540000915527344,VRNS
2023-10-01,33.63999938964844,VRNS
2023-11-01,41.88999938964844,VRNS
2023-12-01,45.279998779296875,VRNS
2024-01-01,44.880001068115234,VRNS
2024-02-01,50.79999923706055,VRNS
2024-03-01,47.16999816894531,VRNS
2024-04-01,43.75,VRNS
2024-05-01,42.959999084472656,VRNS
2024-06-01,47.970001220703125,VRNS
2024-07-01,55.130001068115234,VRNS
2024-08-01,56.599998474121094,VRNS
2024-09-01,56.5,VRNS
2024-10-01,50.369998931884766,VRNS
2024-11-01,49.959999084472656,VRNS
2024-12-01,44.43000030517578,VRNS
2025-01-01,45.36000061035156,VRNS
2025-02-01,42.970001220703125,VRNS
2025-03-01,40.45000076293945,VRNS
2025-04-01,42.84000015258789,VRNS
2025-05-01,47.68000030517578,VRNS
2025-06-01,50.75,VRNS
2025-07-01,55.83000183105469,VRNS
2025-08-01,59.02000045776367,VRNS
2025-09-01,57.470001220703125,VRNS
2025-10-01,35.22999954223633,VRNS
2025-11-01,33.06999969482422,VRNS
2025-12-01,32.79999923706055,VRNS
2026-01-01,29.84000015258789,VRNS
2017-01-01,13.870081901550293,VSH
2017-02-01,13.243422508239746,VSH
2017-03-01,13.799256324768066,VSH
2017-04-01,13.71536922454834,VSH
2017-05-01,13.71536922454834,VSH
2017-06-01,13.977035522460938,VSH
2017-07-01,15.029526710510254,VSH
2017-08-01,14.90322494506836,VSH
2017-09-01,15.884855270385742,VSH
2017-10-01,18.799898147583008,VSH
2017-11-01,18.504165649414062,VSH
2017-12-01,17.5883731842041,VSH
2018-01-01,18.605533599853516,VSH
2018-02-01,15.59643840789795,VSH
2018-03-01,15.819355010986328,VSH
2018-04-01,15.011370658874512,VSH
2018-05-01,18.030658721923828,VSH
2018-06-01,19.800928115844727,VSH
2018-07-01,21.337203979492188,VSH
2018-08-01,20.313018798828125,VSH
2018-09-01,17.43791389465332,VSH
2018-10-01,15.681266784667969,VSH
2018-11-01,17.866369247436523,VSH
2018-12-01,15.498011589050293,VSH
2019-01-01,16.78019142150879,VSH
2019-02-01,18.86265754699707,VSH
2019-03-01,15.960156440734863,VSH
2019-04-01,17.118064880371094,VSH
2019-05-01,13.169072151184082,VSH
2019-06-01,14.361215591430664,VSH
2019-07-01,14.77849292755127,VSH
2019-08-01,13.76137924194336,VSH
2019-09-01,14.799663543701172,VSH
2019-10-01,17.614484786987305,VSH
2019-11-01,17.3872013092041,VSH
2019-12-01,18.699462890625,VSH
2020-01-01,17.82114028930664,VSH
2020-02-01,16.424612045288086,VSH
2020-03-01,12.730175018310547,VSH
2020-04-01,14.656041145324707,VSH
2020-05-01,14.364511489868164,VSH
2020-06-01,13.56733226776123,VSH
2020-07-01,13.940497398376465,VSH
2020-08-01,14.207048416137695,VSH
2020-09-01,13.917881965637207,VSH
2020-10-01,14.49891185760498,VSH
2020-11-01,17.30573272705078,VSH
2020-12-01,18.602140426635742,VSH
2021-01-01,19.356643676757812,VSH
2021-02-01,21.44051742553711,VSH
2021-03-01,21.712352752685547,VSH
2021-04-01,22.154172897338867,VSH
2021-05-01,21.70333480834961,VSH
2021-06-01,20.417037963867188,VSH
2021-07-01,20.036767959594727,VSH
2021-08-01,19.891904830932617,VSH
2021-09-01,18.272987365722656,VSH
2021-10-01,17.481674194335938,VSH
2021-11-01,18.527666091918945,VSH
2021-12-01,19.98903465270996,VSH
2022-01-01,18.928800582885742,VSH
2022-02-01,17.53952980041504,VSH
2022-03-01,18.010169982910156,VSH
2022-04-01,17.118846893310547,VSH
2022-05-01,18.782032012939453,VSH
2022-06-01,16.461833953857422,VSH
2022-07-01,19.085384368896484,VSH
2022-08-01,18.170841217041016,VSH
2022-09-01,16.520984649658203,VSH
2022-10-01,19.41842269897461,VSH
2022-11-01,21.494230270385742,VSH
2022-12-01,20.12285041809082,VSH
2023-01-01,21.354293823242188,VSH
2023-02-01,19.8056640625,VSH
2023-03-01,21.202136993408203,VSH
2023-04-01,19.955503463745117,VSH
2023-05-01,24.164060592651367,VSH
2023-06-01,27.65656280517578,VSH
2023-07-01,26.480690002441406,VSH
2023-08-01,25.81279182434082,VSH
2023-09-01,23.34264373779297,VSH
2023-10-01,21.000825881958008,VSH
2023-11-01,20.99138069152832,VSH
2023-12-01,22.731369018554688,VSH
2024-01-01,20.607120513916016,VSH
2024-02-01,20.626089096069336,VSH
2024-03-01,21.600975036621094,VSH
2024-04-01,22.039091110229492,VSH
2024-05-01,22.505775451660156,VSH
2024-06-01,21.330602645874023,VSH
2024-07-01,23.253225326538086,VSH
2024-08-01,19.274063110351562,VSH
2024-09-01,18.189699172973633,VSH
2024-10-01,16.313976287841797,VSH
2024-11-01,18.372461318969727,VSH
2024-12-01,16.37912368774414,VSH
2025-01-01,16.369455337524414,VSH
2025-02-01,16.572500228881836,VSH
2025-03-01,15.466561317443848,VSH
2025-04-01,12.63588809967041,VSH
2025-05-01,13.686447143554688,VSH
2025-06-01,15.548532485961914,VSH
2025-07-01,16.04788589477539,VSH
2025-08-01,15.137299537658691,VSH
2025-09-01,15.07926082611084,VSH
2025-10-01,16.735021591186523,VSH
2025-11-01,13.472777366638184,VSH
2025-12-01,14.383318901062012,VSH
2026-01-01,20.00164794921875,VSH
2017-01-01,6.150000095367432,VUZI
2017-02-01,6.449999809265137,VUZI
2017-03-01,6.199999809265137,VUZI
2017-04-01,5.900000095367432,VUZI
2017-05-01,5.75,VUZI
2017-06-01,6.550000190734863,VUZI
2017-07-01,6.150000095367432,VUZI
2017-08-01,5.800000190734863,VUZI
2017-09-01,5.449999809265137,VUZI
2017-10-01,4.900000095367432,VUZI
2017-11-01,6.150000095367432,VUZI
2017-12-01,6.25,VUZI
2018-01-01,9.100000381469727,VUZI
2018-02-01,8.430000305175781,VUZI
2018-03-01,5.5,VUZI
2018-04-01,6.25,VUZI
2018-05-01,6.349999904632568,VUZI
2018-06-01,7.449999809265137,VUZI
2018-07-01,6.199999809265137,VUZI
2018-08-01,6.5,VUZI
2018-09-01,6.550000190734863,VUZI
2018-10-01,6.079999923706055,VUZI
2018-11-01,5.539999961853027,VUZI
2018-12-01,4.809999942779541,VUZI
2019-01-01,4.230000019073486,VUZI
2019-02-01,3.2799999713897705,VUZI
2019-03-01,3.059999942779541,VUZI
2019-04-01,2.369999885559082,VUZI
2019-05-01,2.0799999237060547,VUZI
2019-06-01,4.090000152587891,VUZI
2019-07-01,1.9700000286102295,VUZI
2019-08-01,1.8300000429153442,VUZI
2019-09-01,2.2799999713897705,VUZI
2019-10-01,2.4000000953674316,VUZI
2019-11-01,2.440000057220459,VUZI
2019-12-01,2.009999990463257,VUZI
2020-01-01,1.8300000429153442,VUZI
2020-02-01,1.590000033378601,VUZI
2020-03-01,1.2300000190734863,VUZI
2020-04-01,1.5499999523162842,VUZI
2020-05-01,2.490000009536743,VUZI
2020-06-01,2.390000104904175,VUZI
2020-07-01,4.119999885559082,VUZI
2020-08-01,3.7200000286102295,VUZI
2020-09-01,4.559999942779541,VUZI
2020-10-01,3.940000057220459,VUZI
2020-11-01,4.349999904632568,VUZI
2020-12-01,9.079999923706055,VUZI
2021-01-01,11.050000190734863,VUZI
2021-02-01,18.81999969482422,VUZI
2021-03-01,25.440000534057617,VUZI
2021-04-01,23.06999969482422,VUZI
2021-05-01,17.459999084472656,VUZI
2021-06-01,18.350000381469727,VUZI
2021-07-01,14.800000190734863,VUZI
2021-08-01,13.229999542236328,VUZI
2021-09-01,10.460000038146973,VUZI
2021-10-01,10.6899995803833,VUZI
2021-11-01,10.770000457763672,VUZI
2021-12-01,8.670000076293945,VUZI
2022-01-01,6.53000020980835,VUZI
2022-02-01,5.659999847412109,VUZI
2022-03-01,6.599999904632568,VUZI
2022-04-01,5.170000076293945,VUZI
2022-05-01,6.5,VUZI
2022-06-01,7.099999904632568,VUZI
2022-07-01,8.170000076293945,VUZI
2022-08-01,7.510000228881836,VUZI
2022-09-01,5.789999961853027,VUZI
2022-10-01,5.0,VUZI
2022-11-01,4.170000076293945,VUZI
2022-12-01,3.640000104904175,VUZI
2023-01-01,5.210000038146973,VUZI
2023-02-01,4.150000095367432,VUZI
2023-03-01,4.139999866485596,VUZI
2023-04-01,4.019999980926514,VUZI
2023-05-01,5.019999980926514,VUZI
2023-06-01,5.099999904632568,VUZI
2023-07-01,5.28000020980835,VUZI
2023-08-01,4.0,VUZI
2023-09-01,3.630000114440918,VUZI
2023-10-01,3.25,VUZI
2023-11-01,2.0999999046325684,VUZI
2023-12-01,2.0899999141693115,VUZI
2024-01-01,1.6699999570846558,VUZI
2024-02-01,1.690000057220459,VUZI
2024-03-01,1.2100000381469727,VUZI
2024-04-01,1.3300000429153442,VUZI
2024-05-01,1.340000033378601,VUZI
2024-06-01,1.350000023841858,VUZI
2024-07-01,1.2200000286102295,VUZI
2024-08-01,0.8600000143051147,VUZI
2024-09-01,1.1699999570846558,VUZI
2024-10-01,1.1699999570846558,VUZI
2024-11-01,2.309999942779541,VUZI
2024-12-01,3.940000057220459,VUZI
2025-01-01,4.139999866485596,VUZI
2025-02-01,2.9600000381469727,VUZI
2025-03-01,2.0399999618530273,VUZI
2025-04-01,2.130000114440918,VUZI
2025-05-01,2.9200000762939453,VUZI
2025-06-01,2.9200000762939453,VUZI
2025-07-01,2.009999990463257,VUZI
2025-08-01,2.119999885559082,VUZI
2025-09-01,3.130000114440918,VUZI
2025-10-01,3.3499999046325684,VUZI
2025-11-01,2.690000057220459,VUZI
2025-12-01,3.7799999713897705,VUZI
2026-01-01,2.630000114440918,VUZI
2017-01-01,12.600000381469727,WK
2017-02-01,14.949999809265137,WK
2017-03-01,15.649999618530273,WK
2017-04-01,16.799999237060547,WK
2017-05-01,18.200000762939453,WK
2017-06-01,19.049999237060547,WK
2017-07-01,19.600000381469727,WK
2017-08-01,20.200000762939453,WK
2017-09-01,20.850000381469727,WK
2017-10-01,22.350000381469727,WK
2017-11-01,21.75,WK
2017-12-01,21.399999618530273,WK
2018-01-01,22.299999237060547,WK
2018-02-01,22.75,WK
2018-03-01,23.700000762939453,WK
2018-04-01,22.5,WK
2018-05-01,26.0,WK
2018-06-01,24.399999618530273,WK
2018-07-01,25.25,WK
2018-08-01,36.849998474121094,WK
2018-09-01,39.5,WK
2018-10-01,34.09000015258789,WK
2018-11-01,37.40999984741211,WK
2018-12-01,35.88999938964844,WK
2019-01-01,41.900001525878906,WK
2019-02-01,49.45000076293945,WK
2019-03-01,50.70000076293945,WK
2019-04-01,53.13999938964844,WK
2019-05-01,55.63999938964844,WK
2019-06-01,58.09000015258789,WK
2019-07-01,57.4900016784668,WK
2019-08-01,48.11000061035156,WK
2019-09-01,43.83000183105469,WK
2019-10-01,41.66999816894531,WK
2019-11-01,43.369998931884766,WK
2019-12-01,42.04999923706055,WK
2020-01-01,45.4900016784668,WK
2020-02-01,42.7400016784668,WK
2020-03-01,32.33000183105469,WK
2020-04-01,38.349998474121094,WK
2020-05-01,44.540000915527344,WK
2020-06-01,53.4900016784668,WK
2020-07-01,55.900001525878906,WK
2020-08-01,59.0,WK
2020-09-01,55.7599983215332,WK
2020-10-01,55.310001373291016,WK
2020-11-01,74.98999786376953,WK
2020-12-01,91.62000274658203,WK
2021-01-01,97.47000122070312,WK
2021-02-01,101.1500015258789,WK
2021-03-01,88.26000213623047,WK
2021-04-01,94.0,WK
2021-05-01,94.9000015258789,WK
2021-06-01,111.33000183105469,WK
2021-07-01,129.77000427246094,WK
2021-08-01,140.27000427246094,WK
2021-09-01,140.9600067138672,WK
2021-10-01,149.5500030517578,WK
2021-11-01,139.47000122070312,WK
2021-12-01,130.49000549316406,WK
2022-01-01,118.27999877929688,WK
2022-02-01,105.30000305175781,WK
2022-03-01,118.0,WK
2022-04-01,96.51000213623047,WK
2022-05-01,73.01000213623047,WK
2022-06-01,65.98999786376953,WK
2022-07-01,65.5,WK
2022-08-01,67.88999938964844,WK
2022-09-01,77.80000305175781,WK
2022-10-01,77.80999755859375,WK
2022-11-01,80.55999755859375,WK
2022-12-01,83.97000122070312,WK
2023-01-01,86.52999877929688,WK
2023-02-01,89.19999694824219,WK
2023-03-01,102.41000366210938,WK
2023-04-01,93.41999816894531,WK
2023-05-01,96.86000061035156,WK
2023-06-01,101.66000366210938,WK
2023-07-01,105.29000091552734,WK
2023-08-01,111.8499984741211,WK
2023-09-01,101.33999633789062,WK
2023-10-01,87.08999633789062,WK
2023-11-01,96.16999816894531,WK
2023-12-01,101.52999877929688,WK
2024-01-01,92.94000244140625,WK
2024-02-01,86.12000274658203,WK
2024-03-01,84.80000305175781,WK
2024-04-01,78.80000305175781,WK
2024-05-01,76.97000122070312,WK
2024-06-01,72.98999786376953,WK
2024-07-01,73.7699966430664,WK
2024-08-01,78.16999816894531,WK
2024-09-01,79.12000274658203,WK
2024-10-01,79.76000213623047,WK
2024-11-01,97.25,WK
2024-12-01,109.5,WK
2025-01-01,98.22000122070312,WK
2025-02-01,87.5199966430664,WK
2025-03-01,75.91000366210938,WK
2025-04-01,75.2699966430664,WK
2025-05-01,67.29000091552734,WK
2025-06-01,68.44999694824219,WK
2025-07-01,63.83000183105469,WK
2025-08-01,82.23999786376953,WK
2025-09-01,86.08000183105469,WK
2025-10-01,85.01000213623047,WK
2025-11-01,92.55999755859375,WK
2025-12-01,86.25,WK
2026-01-01,77.0199966430664,WK
2017-01-01,,YEXT
2017-02-01,,YEXT
2017-03-01,,YEXT
2017-04-01,14.84000015258789,YEXT
2017-05-01,14.739999771118164,YEXT
2017-06-01,13.329999923706055,YEXT
2017-07-01,13.0,YEXT
2017-08-01,13.010000228881836,YEXT
2017-09-01,13.279999732971191,YEXT
2017-10-01,11.479999542236328,YEXT
2017-11-01,14.3100004196167,YEXT
2017-12-01,12.029999732971191,YEXT
2018-01-01,12.050000190734863,YEXT
2018-02-01,12.699999809265137,YEXT
2018-03-01,12.649999618530273,YEXT
2018-04-01,13.34000015258789,YEXT
2018-05-01,15.390000343322754,YEXT
2018-06-01,19.34000015258789,YEXT
2018-07-01,21.139999389648438,YEXT
2018-08-01,24.860000610351562,YEXT
2018-09-01,23.700000762939453,YEXT
2018-10-01,19.219999313354492,YEXT
2018-11-01,14.520000457763672,YEXT
2018-12-01,14.850000381469727,YEXT
2019-01-01,15.59000015258789,YEXT
2019-02-01,18.579999923706055,YEXT
2019-03-01,21.860000610351562,YEXT
2019-04-01,21.90999984741211,YEXT
2019-05-01,18.360000610351562,YEXT
2019-06-01,20.09000015258789,YEXT
2019-07-01,20.809999465942383,YEXT
2019-08-01,15.770000457763672,YEXT
2019-09-01,15.890000343322754,YEXT
2019-10-01,16.459999084472656,YEXT
2019-11-01,17.260000228881836,YEXT
2019-12-01,14.420000076293945,YEXT
2020-01-01,14.9399995803833,YEXT
2020-02-01,15.15999984741211,YEXT
2020-03-01,10.1899995803833,YEXT
2020-04-01,12.800000190734863,YEXT
2020-05-01,15.789999961853027,YEXT
2020-06-01,16.610000610351562,YEXT
2020-07-01,16.81999969482422,YEXT
2020-08-01,19.860000610351562,YEXT
2020-09-01,15.180000305175781,YEXT
2020-10-01,16.579999923706055,YEXT
2020-11-01,19.010000228881836,YEXT
2020-12-01,15.720000267028809,YEXT
2021-01-01,16.8700008392334,YEXT
2021-02-01,16.920000076293945,YEXT
2021-03-01,14.479999542236328,YEXT
2021-04-01,13.949999809265137,YEXT
2021-05-01,14.470000267028809,YEXT
2021-06-01,14.289999961853027,YEXT
2021-07-01,13.029999732971191,YEXT
2021-08-01,13.520000457763672,YEXT
2021-09-01,12.029999732971191,YEXT
2021-10-01,12.59000015258789,YEXT
2021-11-01,9.65999984741211,YEXT
2021-12-01,9.920000076293945,YEXT
2022-01-01,8.100000381469727,YEXT
2022-02-01,7.420000076293945,YEXT
2022-03-01,6.889999866485596,YEXT
2022-04-01,5.789999961853027,YEXT
2022-05-01,5.079999923706055,YEXT
2022-06-01,4.78000020980835,YEXT
2022-07-01,4.380000114440918,YEXT
2022-08-01,4.449999809265137,YEXT
2022-09-01,4.460000038146973,YEXT
2022-10-01,5.320000171661377,YEXT
2022-11-01,5.329999923706055,YEXT
2022-12-01,6.53000020980835,YEXT
2023-01-01,6.949999809265137,YEXT
2023-02-01,7.340000152587891,YEXT
2023-03-01,9.609999656677246,YEXT
2023-04-01,8.779999732971191,YEXT
2023-05-01,9.1899995803833,YEXT
2023-06-01,11.3100004196167,YEXT
2023-07-01,9.720000267028809,YEXT
2023-08-01,8.760000228881836,YEXT
2023-09-01,6.329999923706055,YEXT
2023-10-01,6.03000020980835,YEXT
2023-11-01,6.630000114440918,YEXT
2023-12-01,5.889999866485596,YEXT
2024-01-01,5.929999828338623,YEXT
2024-02-01,5.920000076293945,YEXT
2024-03-01,6.03000020980835,YEXT
2024-04-01,5.489999771118164,YEXT
2024-05-01,5.050000190734863,YEXT
2024-06-01,5.349999904632568,YEXT
2024-07-01,5.760000228881836,YEXT
2024-08-01,5.090000152587891,YEXT
2024-09-01,6.920000076293945,YEXT
2024-10-01,7.239999771118164,YEXT
2024-11-01,8.260000228881836,YEXT
2024-12-01,6.360000133514404,YEXT
2025-01-01,6.579999923706055,YEXT
2025-02-01,6.800000190734863,YEXT
2025-03-01,6.159999847412109,YEXT
2025-04-01,6.800000190734863,YEXT
2025-05-01,6.710000038146973,YEXT
2025-06-01,8.5,YEXT
2025-07-01,8.119999885559082,YEXT
2025-08-01,9.09000015258789,YEXT
2025-09-01,8.520000457763672,YEXT
2025-10-01,8.470000267028809,YEXT
2025-11-01,8.420000076293945,YEXT
2025-12-01,8.0600004196167,YEXT
2026-01-01,7.159999847412109,YEXT
2017-01-01,,AI
2017-02-01,,AI
2017-03-01,,AI
2017-04-01,,AI
2017-05-01,,AI
2017-06-01,,AI
2017-07-01,,AI
2017-08-01,,AI
2017-09-01,,AI
2017-10-01,,AI
2017-11-01,,AI
2017-12-01,,AI
2018-01-01,,AI
2018-02-01,,AI
2018-03-01,,AI
2018-04-01,,AI
2018-05-01,,AI
2018-06-01,,AI
2018-07-01,,AI
2018-08-01,,AI
2018-09-01,,AI
2018-10-01,,AI
2018-11-01,,AI
2018-12-01,,AI
2019-01-01,,AI
2019-02-01,,AI
2019-03-01,,AI
2019-04-01,,AI
2019-05-01,,AI
2019-06-01,,AI
2019-07-01,,AI
2019-08-01,,AI
2019-09-01,,AI
2019-10-01,,AI
2019-11-01,,AI
2019-12-01,,AI
2020-01-01,,AI
2020-02-01,,AI
2020-03-01,,AI
2020-04-01,,AI
2020-05-01,,AI
2020-06-01,,AI
2020-07-01,,AI
2020-08-01,,AI
2020-09-01,,AI
2020-10-01,,AI
2020-11-01,,AI
2020-12-01,138.75,AI
2021-01-01,139.60000610351562,AI
2021-02-01,112.45999908447266,AI
2021-03-01,65.91000366210938,AI
2021-04-01,66.26000213623047,AI
2021-05-01,61.709999084472656,AI
2021-06-01,62.529998779296875,AI
2021-07-01,50.349998474121094,AI
2021-08-01,51.540000915527344,AI
2021-09-01,46.34000015258789,AI
2021-10-01,45.119998931884766,AI
2021-11-01,36.959999084472656,AI
2021-12-01,31.25,AI
2022-01-01,26.34000015258789,AI
2022-02-01,22.420000076293945,AI
2022-03-01,22.700000762939453,AI
2022-04-01,16.989999771118164,AI
2022-05-01,18.920000076293945,AI
2022-06-01,18.260000228881836,AI
2022-07-01,18.40999984741211,AI
2022-08-01,18.0,AI
2022-09-01,12.5,AI
2022-10-01,13.109999656677246,AI
2022-11-01,13.010000228881836,AI
2022-12-01,11.1899995803833,AI
2023-01-01,19.850000381469727,AI
2023-02-01,22.579999923706055,AI
2023-03-01,33.56999969482422,AI
2023-04-01,17.81999969482422,AI
2023-05-01,40.0099983215332,AI
2023-06-01,36.43000030517578,AI
2023-07-01,42.0,AI
2023-08-01,31.020000457763672,AI
2023-09-01,25.520000457763672,AI
2023-10-01,24.399999618530273,AI
2023-11-01,29.1200008392334,AI
2023-12-01,28.709999084472656,AI
2024-01-01,24.780000686645508,AI
2024-02-01,36.970001220703125,AI
2024-03-01,27.06999969482422,AI
2024-04-01,22.530000686645508,AI
2024-05-01,29.56999969482422,AI
2024-06-01,28.959999084472656,AI
2024-07-01,26.75,AI
2024-08-01,23.34000015258789,AI
2024-09-01,24.229999542236328,AI
2024-10-01,24.6299991607666,AI
2024-11-01,37.18000030517578,AI
2024-12-01,34.43000030517578,AI
2025-01-01,31.350000381469727,AI
2025-02-01,23.450000762939453,AI
2025-03-01,21.049999237060547,AI
2025-04-01,22.010000228881836,AI
2025-05-01,26.59000015258789,AI
2025-06-01,24.56999969482422,AI
2025-07-01,23.559999465942383,AI
2025-08-01,16.90999984741211,AI
2025-09-01,17.34000015258789,AI
2025-10-01,17.579999923706055,AI
2025-11-01,14.449999809265137,AI
2025-12-01,13.479999542236328,AI
2026-01-01,11.010000228881836,AI
2017-01-01,,ALKT
2017-02-01,,ALKT
2017-03-01,,ALKT
2017-04-01,,ALKT
2017-05-01,,ALKT
2017-06-01,,ALKT
2017-07-01,,ALKT
2017-08-01,,ALKT
2017-09-01,,ALKT
2017-10-01,,ALKT
2017-11-01,,ALKT
2017-12-01,,ALKT
2018-01-01,,ALKT
2018-02-01,,ALKT
2018-03-01,,ALKT
2018-04-01,,ALKT
2018-05-01,,ALKT
2018-06-01,,ALKT
2018-07-01,,ALKT
2018-08-01,,ALKT
2018-09-01,,ALKT
2018-10-01,,ALKT
2018-11-01,,ALKT
2018-12-01,,ALKT
2019-01-01,,ALKT
2019-02-01,,ALKT
2019-03-01,,ALKT
2019-04-01,,ALKT
2019-05-01,,ALKT
2019-06-01,,ALKT
2019-07-01,,ALKT
2019-08-01,,ALKT
2019-09-01,,ALKT
2019-10-01,,ALKT
2019-11-01,,ALKT
2019-12-01,,ALKT
2020-01-01,,ALKT
2020-02-01,,ALKT
2020-03-01,,ALKT
2020-04-01,,ALKT
2020-05-01,,ALKT
2020-06-01,,ALKT
2020-07-01,,ALKT
2020-08-01,,ALKT
2020-09-01,,ALKT
2020-10-01,,ALKT
2020-11-01,,ALKT
2020-12-01,,ALKT
2021-01-01,,ALKT
2021-02-01,,ALKT
2021-03-01,,ALKT
2021-04-01,47.689998626708984,ALKT
2021-05-01,33.27000045776367,ALKT
2021-06-01,35.66999816894531,ALKT
2021-07-01,31.290000915527344,ALKT
2021-08-01,28.559999465942383,ALKT
2021-09-01,24.68000030517578,ALKT
2021-10-01,30.0,ALKT
2021-11-01,28.690000534057617,ALKT
2021-12-01,20.059999465942383,ALKT
2022-01-01,15.34000015258789,ALKT
2022-02-01,15.760000228881836,ALKT
2022-03-01,14.3100004196167,ALKT
2022-04-01,13.100000381469727,ALKT
2022-05-01,14.050000190734863,ALKT
2022-06-01,13.890000343322754,ALKT
2022-07-01,13.920000076293945,ALKT
2022-08-01,14.5,ALKT
2022-09-01,15.050000190734863,ALKT
2022-10-01,15.850000381469727,ALKT
2022-11-01,12.569999694824219,ALKT
2022-12-01,14.59000015258789,ALKT
2023-01-01,16.3700008392334,ALKT
2023-02-01,15.359999656677246,ALKT
2023-03-01,12.65999984741211,ALKT
2023-04-01,11.989999771118164,ALKT
2023-05-01,15.0,ALKT
2023-06-01,16.389999389648438,ALKT
2023-07-01,16.8799991607666,ALKT
2023-08-01,17.420000076293945,ALKT
2023-09-01,18.219999313354492,ALKT
2023-10-01,17.950000762939453,ALKT
2023-11-01,22.770000457763672,ALKT
2023-12-01,24.25,ALKT
2024-01-01,24.6200008392334,ALKT
2024-02-01,24.950000762939453,ALKT
2024-03-01,24.56999969482422,ALKT
2024-04-01,24.06999969482422,ALKT
2024-05-01,27.43000030517578,ALKT
2024-06-01,28.479999542236328,ALKT
2024-07-01,32.72999954223633,ALKT
2024-08-01,33.34000015258789,ALKT
2024-09-01,31.540000915527344,ALKT
2024-10-01,36.61000061035156,ALKT
2024-11-01,39.470001220703125,ALKT
2024-12-01,36.68000030517578,ALKT
2025-01-01,34.790000915527344,ALKT
2025-02-01,30.84000015258789,ALKT
2025-03-01,26.25,ALKT
2025-04-01,26.690000534057617,ALKT
2025-05-01,28.639999389648438,ALKT
2025-06-01,30.139999389648438,ALKT
2025-07-01,22.290000915527344,ALKT
2025-08-01,25.600000381469727,ALKT
2025-09-01,24.84000015258789,ALKT
2025-10-01,20.290000915527344,ALKT
2025-11-01,21.31999969482422,ALKT
2025-12-01,23.06999969482422,ALKT
2026-01-01,21.190000534057617,ALKT
2017-01-01,,AMPL
2017-02-01,,AMPL
2017-03-01,,AMPL
2017-04-01,,AMPL
2017-05-01,,AMPL
2017-06-01,,AMPL
2017-07-01,,AMPL
2017-08-01,,AMPL
2017-09-01,,AMPL
2017-10-01,,AMPL
2017-11-01,,AMPL
2017-12-01,,AMPL
2018-01-01,,AMPL
2018-02-01,,AMPL
2018-03-01,,AMPL
2018-04-01,,AMPL
2018-05-01,,AMPL
2018-06-01,,AMPL
2018-07-01,,AMPL
2018-08-01,,AMPL
2018-09-01,,AMPL
2018-10-01,,AMPL
2018-11-01,,AMPL
2018-12-01,,AMPL
2019-01-01,,AMPL
2019-02-01,,AMPL
2019-03-01,,AMPL
2019-04-01,,AMPL
2019-05-01,,AMPL
2019-06-01,,AMPL
2019-07-01,,AMPL
2019-08-01,,AMPL
2019-09-01,,AMPL
2019-10-01,,AMPL
2019-11-01,,AMPL
2019-12-01,,AMPL
2020-01-01,,AMPL
2020-02-01,,AMPL
2020-03-01,,AMPL
2020-04-01,,AMPL
2020-05-01,,AMPL
2020-06-01,,AMPL
2020-07-01,,AMPL
2020-08-01,,AMPL
2020-09-01,,AMPL
2020-10-01,,AMPL
2020-11-01,,AMPL
2020-12-01,,AMPL
2021-01-01,,AMPL
2021-02-01,,AMPL
2021-03-01,,AMPL
2021-04-01,,AMPL
2021-05-01,,AMPL
2021-06-01,,AMPL
2021-07-01,,AMPL
2021-08-01,,AMPL
2021-09-01,54.34000015258789,AMPL
2021-10-01,74.29000091552734,AMPL
2021-11-01,65.0,AMPL
2021-12-01,52.939998626708984,AMPL
2022-01-01,39.310001373291016,AMPL
2022-02-01,21.440000534057617,AMPL
2022-03-01,18.43000030517578,AMPL
2022-04-01,17.459999084472656,AMPL
2022-05-01,18.84000015258789,AMPL
2022-06-01,14.289999961853027,AMPL
2022-07-01,14.779999732971191,AMPL
2022-08-01,15.149999618530273,AMPL
2022-09-01,15.470000267028809,AMPL
2022-10-01,16.799999237060547,AMPL
2022-11-01,14.319999694824219,AMPL
2022-12-01,12.079999923706055,AMPL
2023-01-01,14.380000114440918,AMPL
2023-02-01,13.199999809265137,AMPL
2023-03-01,12.4399995803833,AMPL
2023-04-01,11.350000381469727,AMPL
2023-05-01,9.739999771118164,AMPL
2023-06-01,11.0,AMPL
2023-07-01,11.579999923706055,AMPL
2023-08-01,11.680000305175781,AMPL
2023-09-01,11.569999694824219,AMPL
2023-10-01,9.960000038146973,AMPL
2023-11-01,10.649999618530273,AMPL
2023-12-01,12.720000267028809,AMPL
2024-01-01,12.960000038146973,AMPL
2024-02-01,11.859999656677246,AMPL
2024-03-01,10.880000114440918,AMPL
2024-04-01,9.789999961853027,AMPL
2024-05-01,8.920000076293945,AMPL
2024-06-01,8.899999618530273,AMPL
2024-07-01,8.5600004196167,AMPL
2024-08-01,8.8100004196167,AMPL
2024-09-01,8.970000267028809,AMPL
2024-10-01,8.989999771118164,AMPL
2024-11-01,10.34000015258789,AMPL
2024-12-01,10.550000190734863,AMPL
2025-01-01,12.180000305175781,AMPL
2025-02-01,12.59000015258789,AMPL
2025-03-01,10.1899995803833,AMPL
2025-04-01,9.1899995803833,AMPL
2025-05-01,12.390000343322754,AMPL
2025-06-01,12.399999618530273,AMPL
2025-07-01,12.229999542236328,AMPL
2025-08-01,11.430000305175781,AMPL
2025-09-01,10.720000267028809,AMPL
2025-10-01,10.050000190734863,AMPL
2025-11-01,10.279999732971191,AMPL
2025-12-01,11.579999923706055,AMPL
2026-01-01,9.170000076293945,AMPL
2017-01-01,,ASAN
2017-02-01,,ASAN
2017-03-01,,ASAN
2017-04-01,,ASAN
2017-05-01,,ASAN
2017-06-01,,ASAN
2017-07-01,,ASAN
2017-08-01,,ASAN
2017-09-01,,ASAN
2017-10-01,,ASAN
2017-11-01,,ASAN
2017-12-01,,ASAN
2018-01-01,,ASAN
2018-02-01,,ASAN
2018-03-01,,ASAN
2018-04-01,,ASAN
2018-05-01,,ASAN
2018-06-01,,ASAN
2018-07-01,,ASAN
2018-08-01,,ASAN
2018-09-01,,ASAN
2018-10-01,,ASAN
2018-11-01,,ASAN
2018-12-01,,ASAN
2019-01-01,,ASAN
2019-02-01,,ASAN
2019-03-01,,ASAN
2019-04-01,,ASAN
2019-05-01,,ASAN
2019-06-01,,ASAN
2019-07-01,,ASAN
2019-08-01,,ASAN
2019-09-01,,ASAN
2019-10-01,,ASAN
2019-11-01,,ASAN
2019-12-01,,ASAN
2020-01-01,,ASAN
2020-02-01,,ASAN
2020-03-01,,ASAN
2020-04-01,,ASAN
2020-05-01,,ASAN
2020-06-01,,ASAN
2020-07-01,,ASAN
2020-08-01,,ASAN
2020-09-01,28.799999237060547,ASAN
2020-10-01,22.110000610351562,ASAN
2020-11-01,27.950000762939453,ASAN
2020-12-01,29.549999237060547,ASAN
2021-01-01,35.369998931884766,ASAN
2021-02-01,34.630001068115234,ASAN
2021-03-01,28.579999923706055,ASAN
2021-04-01,33.31999969482422,ASAN
2021-05-01,36.779998779296875,ASAN
2021-06-01,62.029998779296875,ASAN
2021-07-01,71.05999755859375,ASAN
2021-08-01,75.55000305175781,ASAN
2021-09-01,103.83999633789062,ASAN
2021-10-01,135.8000030517578,ASAN
2021-11-01,103.94999694824219,ASAN
2021-12-01,74.55000305175781,ASAN
2022-01-01,52.47999954223633,ASAN
2022-02-01,54.790000915527344,ASAN
2022-03-01,39.970001220703125,ASAN
2022-04-01,26.799999237060547,ASAN
2022-05-01,21.739999771118164,ASAN
2022-06-01,17.579999923706055,ASAN
2022-07-01,19.31999969482422,ASAN
2022-08-01,19.149999618530273,ASAN
2022-09-01,22.229999542236328,ASAN
2022-10-01,20.600000381469727,ASAN
2022-11-01,18.15999984741211,ASAN
2022-12-01,13.770000457763672,ASAN
2023-01-01,15.5,ASAN
2023-02-01,14.789999961853027,ASAN
2023-03-01,21.1299991607666,ASAN
2023-04-01,16.18000030517578,ASAN
2023-05-01,23.8799991607666,ASAN
2023-06-01,22.040000915527344,ASAN
2023-07-01,24.280000686645508,ASAN
2023-08-01,21.489999771118164,ASAN
2023-09-01,18.309999465942383,ASAN
2023-10-01,18.469999313354492,ASAN
2023-11-01,21.010000228881836,ASAN
2023-12-01,19.010000228881836,ASAN
2024-01-01,17.420000076293945,ASAN
2024-02-01,19.700000762939453,ASAN
2024-03-01,15.489999771118164,ASAN
2024-04-01,14.869999885559082,ASAN
2024-05-01,13.050000190734863,ASAN
2024-06-01,13.989999771118164,ASAN
2024-07-01,14.550000190734863,ASAN
2024-08-01,14.0600004196167,ASAN
2024-09-01,11.59000015258789,ASAN
2024-10-01,11.9399995803833,ASAN
2024-11-01,15.3100004196167,ASAN
2024-12-01,20.270000457763672,ASAN
2025-01-01,21.34000015258789,ASAN
2025-02-01,19.25,ASAN
2025-03-01,14.569999694824219,ASAN
2025-04-01,16.139999389648438,ASAN
2025-05-01,17.90999984741211,ASAN
2025-06-01,13.5,ASAN
2025-07-01,14.680000305175781,ASAN
2025-08-01,14.600000381469727,ASAN
2025-09-01,13.359999656677246,ASAN
2025-10-01,14.050000190734863,ASAN
2025-11-01,12.880000114440918,ASAN
2025-12-01,13.710000038146973,ASAN
2026-01-01,10.25,ASAN
2017-01-01,,AVPT
2017-02-01,,AVPT
2017-03-01,,AVPT
2017-04-01,,AVPT
2017-05-01,,AVPT
2017-06-01,,AVPT
2017-07-01,,AVPT
2017-08-01,,AVPT
2017-09-01,,AVPT
2017-10-01,,AVPT
2017-11-01,,AVPT
2017-12-01,,AVPT
2018-01-01,,AVPT
2018-02-01,,AVPT
2018-03-01,,AVPT
2018-04-01,,AVPT
2018-05-01,,AVPT
2018-06-01,,AVPT
2018-07-01,,AVPT
2018-08-01,,AVPT
2018-09-01,,AVPT
2018-10-01,,AVPT
2018-11-01,,AVPT
2018-12-01,,AVPT
2019-01-01,,AVPT
2019-02-01,,AVPT
2019-03-01,,AVPT
2019-04-01,,AVPT
2019-05-01,,AVPT
2019-06-01,,AVPT
2019-07-01,,AVPT
2019-08-01,,AVPT
2019-09-01,,AVPT
2019-10-01,,AVPT
2019-11-01,10.25,AVPT
2019-12-01,9.869999885559082,AVPT
2020-01-01,10.020000457763672,AVPT
2020-02-01,10.039999961853027,AVPT
2020-03-01,9.75,AVPT
2020-04-01,9.890000343322754,AVPT
2020-05-01,9.789999961853027,AVPT
2020-06-01,10.239999771118164,AVPT
2020-07-01,10.319999694824219,AVPT
2020-08-01,10.1899995803833,AVPT
2020-09-01,10.600000381469727,AVPT
2020-10-01,10.0600004196167,AVPT
2020-11-01,15.3100004196167,AVPT
2020-12-01,15.010000228881836,AVPT
2021-01-01,14.859999656677246,AVPT
2021-02-01,12.869999885559082,AVPT
2021-03-01,11.079999923706055,AVPT
2021-04-01,10.710000038146973,AVPT
2021-05-01,10.3100004196167,AVPT
2021-06-01,12.25,AVPT
2021-07-01,10.550000190734863,AVPT
2021-08-01,9.260000228881836,AVPT
2021-09-01,8.489999771118164,AVPT
2021-10-01,9.319999694824219,AVPT
2021-11-01,6.909999847412109,AVPT
2021-12-01,6.289999961853027,AVPT
2022-01-01,5.889999866485596,AVPT
2022-02-01,5.639999866485596,AVPT
2022-03-01,5.260000228881836,AVPT
2022-04-01,4.900000095367432,AVPT
2022-05-01,5.849999904632568,AVPT
2022-06-01,4.340000152587891,AVPT
2022-07-01,5.03000020980835,AVPT
2022-08-01,4.679999828338623,AVPT
2022-09-01,4.010000228881836,AVPT
2022-10-01,4.369999885559082,AVPT
2022-11-01,4.71999979019165,AVPT
2022-12-01,4.110000133514404,AVPT
2023-01-01,4.46999979019165,AVPT
2023-02-01,5.0,AVPT
2023-03-01,4.119999885559082,AVPT
2023-04-01,4.340000152587891,AVPT
2023-05-01,6.610000133514404,AVPT
2023-06-01,5.760000228881836,AVPT
2023-07-01,6.199999809265137,AVPT
2023-08-01,6.940000057220459,AVPT
2023-09-01,6.71999979019165,AVPT
2023-10-01,7.489999771118164,AVPT
2023-11-01,8.1899995803833,AVPT
2023-12-01,8.210000038146973,AVPT
2024-01-01,7.699999809265137,AVPT
2024-02-01,8.0,AVPT
2024-03-01,7.920000076293945,AVPT
2024-04-01,7.769999980926514,AVPT
2024-05-01,9.020000457763672,AVPT
2024-06-01,10.420000076293945,AVPT
2024-07-01,10.899999618530273,AVPT
2024-08-01,11.550000190734863,AVPT
2024-09-01,11.770000457763672,AVPT
2024-10-01,12.140000343322754,AVPT
2024-11-01,17.649999618530273,AVPT
2024-12-01,16.510000228881836,AVPT
2025-01-01,18.780000686645508,AVPT
2025-02-01,14.9399995803833,AVPT
2025-03-01,14.4399995803833,AVPT
2025-04-01,16.350000381469727,AVPT
2025-05-01,18.649999618530273,AVPT
2025-06-01,19.309999465942383,AVPT
2025-07-01,19.079999923706055,AVPT
2025-08-01,16.360000610351562,AVPT
2025-09-01,15.010000228881836,AVPT
2025-10-01,14.069999694824219,AVPT
2025-11-01,13.0,AVPT
2025-12-01,13.890000343322754,AVPT
2026-01-01,11.630000114440918,AVPT
2017-01-01,,BAND
2017-02-01,,BAND
2017-03-01,,BAND
2017-04-01,,BAND
2017-05-01,,BAND
2017-06-01,,BAND
2017-07-01,,BAND
2017-08-01,,BAND
2017-09-01,,BAND
2017-10-01,,BAND
2017-11-01,21.84000015258789,BAND
2017-12-01,23.1200008392334,BAND
2018-01-01,23.34000015258789,BAND
2018-02-01,27.450000762939453,BAND
2018-03-01,32.65999984741211,BAND
2018-04-01,32.45000076293945,BAND
2018-05-01,37.310001373291016,BAND
2018-06-01,37.97999954223633,BAND
2018-07-01,35.040000915527344,BAND
2018-08-01,45.560001373291016,BAND
2018-09-01,53.56999969482422,BAND
2018-10-01,53.36000061035156,BAND
2018-11-01,46.65999984741211,BAND
2018-12-01,40.75,BAND
2019-01-01,46.099998474121094,BAND
2019-02-01,55.720001220703125,BAND
2019-03-01,66.95999908447266,BAND
2019-04-01,75.41999816894531,BAND
2019-05-01,72.56999969482422,BAND
2019-06-01,75.0199966430664,BAND
2019-07-01,74.5,BAND
2019-08-01,87.19000244140625,BAND
2019-09-01,65.11000061035156,BAND
2019-10-01,56.150001525878906,BAND
2019-11-01,55.93000030517578,BAND
2019-12-01,64.05000305175781,BAND
2020-01-01,70.95999908447266,BAND
2020-02-01,62.88999938964844,BAND
2020-03-01,67.29000091552734,BAND
2020-04-01,81.55999755859375,BAND
2020-05-01,110.8499984741211,BAND
2020-06-01,127.0,BAND
2020-07-01,144.77999877929688,BAND
2020-08-01,157.47999572753906,BAND
2020-09-01,174.57000732421875,BAND
2020-10-01,160.35499572753906,BAND
2020-11-01,151.77999877929688,BAND
2020-12-01,153.6699981689453,BAND
2021-01-01,178.13999938964844,BAND
2021-02-01,158.36000061035156,BAND
2021-03-01,126.73999786376953,BAND
2021-04-01,132.1999969482422,BAND
2021-05-01,118.29000091552734,BAND
2021-06-01,137.9199981689453,BAND
2021-07-01,129.66000366210938,BAND
2021-08-01,102.9000015258789,BAND
2021-09-01,90.27999877929688,BAND
2021-10-01,85.27999877929688,BAND
2021-11-01,71.66000366210938,BAND
2021-12-01,71.76000213623047,BAND
2022-01-01,62.61000061035156,BAND
2022-02-01,30.549999237060547,BAND
2022-03-01,32.38999938964844,BAND
2022-04-01,22.1200008392334,BAND
2022-05-01,21.040000915527344,BAND
2022-06-01,18.81999969482422,BAND
2022-07-01,16.6299991607666,BAND
2022-08-01,15.5,BAND
2022-09-01,11.899999618530273,BAND
2022-10-01,11.869999885559082,BAND
2022-11-01,22.860000610351562,BAND
2022-12-01,22.950000762939453,BAND
2023-01-01,24.8799991607666,BAND
2023-02-01,15.899999618530273,BAND
2023-03-01,15.199999809265137,BAND
2023-04-01,12.170000076293945,BAND
2023-05-01,11.899999618530273,BAND
2023-06-01,13.680000305175781,BAND
2023-07-01,15.149999618530273,BAND
2023-08-01,14.369999885559082,BAND
2023-09-01,11.270000457763672,BAND
2023-10-01,10.609999656677246,BAND
2023-11-01,10.979999542236328,BAND
2023-12-01,14.470000267028809,BAND
2024-01-01,13.84000015258789,BAND
2024-02-01,20.540000915527344,BAND
2024-03-01,18.260000228881836,BAND
2024-04-01,18.200000762939453,BAND
2024-05-01,20.1299991607666,BAND
2024-06-01,16.8799991607666,BAND
2024-07-01,22.81999969482422,BAND
2024-08-01,17.15999984741211,BAND
2024-09-01,17.510000228881836,BAND
2024-10-01,19.5,BAND
2024-11-01,21.030000686645508,BAND
2024-12-01,17.020000457763672,BAND
2025-01-01,17.770000457763672,BAND
2025-02-01,15.970000267028809,BAND
2025-03-01,13.100000381469727,BAND
2025-04-01,12.420000076293945,BAND
2025-05-01,14.020000457763672,BAND
2025-06-01,15.899999618530273,BAND
2025-07-01,13.90999984741211,BAND
2025-08-01,15.0,BAND
2025-09-01,16.670000076293945,BAND
2025-10-01,16.149999618530273,BAND
2025-11-01,14.239999771118164,BAND
2025-12-01,15.449999809265137,BAND
2026-01-01,13.970000267028809,BAND
2017-01-01,27.18000030517578,BL
2017-02-01,28.530000686645508,BL
2017-03-01,29.760000228881836,BL
2017-04-01,32.869998931884766,BL
2017-05-01,33.7599983215332,BL
2017-06-01,35.7400016784668,BL
2017-07-01,38.77000045776367,BL
2017-08-01,30.8700008392334,BL
2017-09-01,34.119998931884766,BL
2017-10-01,35.52000045776367,BL
2017-11-01,36.66999816894531,BL
2017-12-01,32.79999923706055,BL
2018-01-01,33.22999954223633,BL
2018-02-01,44.0,BL
2018-03-01,39.209999084472656,BL
2018-04-01,41.400001525878906,BL
2018-05-01,41.619998931884766,BL
2018-06-01,43.43000030517578,BL
2018-07-01,42.70000076293945,BL
2018-08-01,52.7599983215332,BL
2018-09-01,56.470001220703125,BL
2018-10-01,46.380001068115234,BL
2018-11-01,42.869998931884766,BL
2018-12-01,40.95000076293945,BL
2019-01-01,47.58000183105469,BL
2019-02-01,52.34000015258789,BL
2019-03-01,46.31999969482422,BL
2019-04-01,51.08000183105469,BL
2019-05-01,51.40999984741211,BL
2019-06-01,53.5099983215332,BL
2019-07-01,44.599998474121094,BL
2019-08-01,50.93000030517578,BL
2019-09-01,47.810001373291016,BL
2019-10-01,46.7400016784668,BL
2019-11-01,53.81999969482422,BL
2019-12-01,51.560001373291016,BL
2020-01-01,61.16999816894531,BL
2020-02-01,62.56999969482422,BL
2020-03-01,52.61000061035156,BL
2020-04-01,60.7400016784668,BL
2020-05-01,74.30000305175781,BL
2020-06-01,82.91000366210938,BL
2020-07-01,88.91000366210938,BL
2020-08-01,87.37000274658203,BL
2020-09-01,89.62999725341797,BL
2020-10-01,97.68000030517578,BL
2020-11-01,122.9000015258789,BL
2020-12-01,133.3800048828125,BL
2021-01-01,129.6199951171875,BL
2021-02-01,124.0199966430664,BL
2021-03-01,108.4000015258789,BL
2021-04-01,116.05999755859375,BL
2021-05-01,103.97000122070312,BL
2021-06-01,111.2699966430664,BL
2021-07-01,114.38999938964844,BL
2021-08-01,109.0999984741211,BL
2021-09-01,118.05999755859375,BL
2021-10-01,126.87000274658203,BL
2021-11-01,110.05000305175781,BL
2021-12-01,103.54000091552734,BL
2022-01-01,91.87000274658203,BL
2022-02-01,75.30999755859375,BL
2022-03-01,73.22000122070312,BL
2022-04-01,67.05000305175781,BL
2022-05-01,73.22000122070312,BL
2022-06-01,66.5999984741211,BL
2022-07-01,63.220001220703125,BL
2022-08-01,67.94000244140625,BL
2022-09-01,59.900001525878906,BL
2022-10-01,56.0,BL
2022-11-01,67.69000244140625,BL
2022-12-01,67.2699966430664,BL
2023-01-01,71.80000305175781,BL
2023-02-01,68.36000061035156,BL
2023-03-01,67.1500015258789,BL
2023-04-01,55.709999084472656,BL
2023-05-01,52.06999969482422,BL
2023-06-01,53.81999969482422,BL
2023-07-01,58.08000183105469,BL
2023-08-01,60.060001373291016,BL
2023-09-01,55.470001220703125,BL
2023-10-01,49.099998474121094,BL
2023-11-01,57.849998474121094,BL
2023-12-01,62.439998626708984,BL
2024-01-01,58.68000030517578,BL
2024-02-01,56.72999954223633,BL
2024-03-01,64.58000183105469,BL
2024-04-01,58.04999923706055,BL
2024-05-01,47.720001220703125,BL
2024-06-01,48.45000076293945,BL
2024-07-01,47.52000045776367,BL
2024-08-01,49.54999923706055,BL
2024-09-01,55.13999938964844,BL
2024-10-01,55.369998931884766,BL
2024-11-01,62.0099983215332,BL
2024-12-01,60.7599983215332,BL
2025-01-01,63.849998474121094,BL
2025-02-01,48.29999923706055,BL
2025-03-01,48.41999816894531,BL
2025-04-01,47.22999954223633,BL
2025-05-01,55.93000030517578,BL
2025-06-01,56.619998931884766,BL
2025-07-01,53.779998779296875,BL
2025-08-01,54.369998931884766,BL
2025-09-01,53.099998474121094,BL
2025-10-01,57.25,BL
2025-11-01,56.9900016784668,BL
2025-12-01,55.290000915527344,BL
2026-01-01,46.470001220703125,BL
2017-01-01,,BLND
2017-02-01,,BLND
2017-03-01,,BLND
2017-04-01,,BLND
2017-05-01,,BLND
2017-06-01,,BLND
2017-07-01,,BLND
2017-08-01,,BLND
2017-09-01,,BLND
2017-10-01,,BLND
2017-11-01,,BLND
2017-12-01,,BLND
2018-01-01,,BLND
2018-02-01,,BLND
2018-03-01,,BLND
2018-04-01,,BLND
2018-05-01,,BLND
2018-06-01,,BLND
2018-07-01,,BLND
2018-08-01,,BLND
2018-09-01,,BLND
2018-10-01,,BLND
2018-11-01,,BLND
2018-12-01,,BLND
2019-01-01,,BLND
2019-02-01,,BLND
2019-03-01,,BLND
2019-04-01,,BLND
2019-05-01,,BLND
2019-06-01,,BLND
2019-07-01,,BLND
2019-08-01,,BLND
2019-09-01,,BLND
2019-10-01,,BLND
2019-11-01,,BLND
2019-12-01,,BLND
2020-01-01,,BLND
2020-02-01,,BLND
2020-03-01,,BLND
2020-04-01,,BLND
2020-05-01,,BLND
2020-06-01,,BLND
2020-07-01,,BLND
2020-08-01,,BLND
2020-09-01,,BLND
2020-10-01,,BLND
2020-11-01,,BLND
2020-12-01,,BLND
2021-01-01,,BLND
2021-02-01,,BLND
2021-03-01,,BLND
2021-04-01,,BLND
2021-05-01,,BLND
2021-06-01,,BLND
2021-07-01,18.059999465942383,BLND
2021-08-01,16.190000534057617,BLND
2021-09-01,13.479999542236328,BLND
2021-10-01,14.5,BLND
2021-11-01,11.4399995803833,BLND
2021-12-01,7.340000152587891,BLND
2022-01-01,7.960000038146973,BLND
2022-02-01,8.84000015258789,BLND
2022-03-01,5.699999809265137,BLND
2022-04-01,4.309999942779541,BLND
2022-05-01,3.380000114440918,BLND
2022-06-01,2.359999895095825,BLND
2022-07-01,2.640000104904175,BLND
2022-08-01,3.1500000953674316,BLND
2022-09-01,2.2100000381469727,BLND
2022-10-01,2.509999990463257,BLND
2022-11-01,1.3200000524520874,BLND
2022-12-01,1.440000057220459,BLND
2023-01-01,1.659999966621399,BLND
2023-02-01,1.5800000429153442,BLND
2023-03-01,0.9959999918937683,BLND
2023-04-01,0.5920000076293945,BLND
2023-05-01,0.9890000224113464,BLND
2023-06-01,0.9470000267028809,BLND
2023-07-01,1.3200000524520874,BLND
2023-08-01,1.159999966621399,BLND
2023-09-01,1.3700000047683716,BLND
2023-10-01,1.2100000381469727,BLND
2023-11-01,1.2699999809265137,BLND
2023-12-01,2.549999952316284,BLND
2024-01-01,2.7300000190734863,BLND
2024-02-01,2.4600000381469727,BLND
2024-03-01,3.25,BLND
2024-04-01,2.450000047683716,BLND
2024-05-01,2.75,BLND
2024-06-01,2.359999895095825,BLND
2024-07-01,2.7699999809265137,BLND
2024-08-01,3.6700000762939453,BLND
2024-09-01,3.75,BLND
2024-10-01,3.630000114440918,BLND
2024-11-01,5.110000133514404,BLND
2024-12-01,4.210000038146973,BLND
2025-01-01,3.8499999046325684,BLND
2025-02-01,3.130000114440918,BLND
2025-03-01,3.3499999046325684,BLND
2025-04-01,3.3499999046325684,BLND
2025-05-01,3.6600000858306885,BLND
2025-06-01,3.299999952316284,BLND
2025-07-01,3.309999942779541,BLND
2025-08-01,3.619999885559082,BLND
2025-09-01,3.6500000953674316,BLND
2025-10-01,3.309999942779541,BLND
2025-11-01,3.1600000858306885,BLND
2025-12-01,3.0399999618530273,BLND
2026-01-01,2.380000114440918,BLND
2017-01-01,,BSY
2017-02-01,,BSY
2017-03-01,,BSY
2017-04-01,,BSY
2017-05-01,,BSY
2017-06-01,,BSY
2017-07-01,,BSY
2017-08-01,,BSY
2017-09-01,,BSY
2017-10-01,,BSY
2017-11-01,,BSY
2017-12-01,,BSY
2018-01-01,,BSY
2018-02-01,,BSY
2018-03-01,,BSY
2018-04-01,,BSY
2018-05-01,,BSY
2018-06-01,,BSY
2018-07-01,,BSY
2018-08-01,,BSY
2018-09-01,,BSY
2018-10-01,,BSY
2018-11-01,,BSY
2018-12-01,,BSY
2019-01-01,,BSY
2019-02-01,,BSY
2019-03-01,,BSY
2019-04-01,,BSY
2019-05-01,,BSY
2019-06-01,,BSY
2019-07-01,,BSY
2019-08-01,,BSY
2019-09-01,,BSY
2019-10-01,,BSY
2019-11-01,,BSY
2019-12-01,,BSY
2020-01-01,,BSY
2020-02-01,,BSY
2020-03-01,,BSY
2020-04-01,,BSY
2020-05-01,,BSY
2020-06-01,,BSY
2020-07-01,,BSY
2020-08-01,,BSY
2020-09-01,30.613975524902344,BSY
2020-10-01,34.18235778808594,BSY
2020-11-01,34.3870964050293,BSY
2020-12-01,39.53147506713867,BSY
2021-01-01,38.340946197509766,BSY
2021-02-01,43.288482666015625,BSY
2021-03-01,45.82841491699219,BSY
2021-04-01,49.998199462890625,BSY
2021-05-01,56.01358413696289,BSY
2021-06-01,63.29019546508789,BSY
2021-07-01,59.411495208740234,BSY
2021-08-01,63.03609848022461,BSY
2021-09-01,59.27290725708008,BSY
2021-10-01,57.816497802734375,BSY
2021-11-01,46.90808868408203,BSY
2021-12-01,47.268951416015625,BSY
2022-01-01,39.2880973815918,BSY
2022-02-01,37.547176361083984,BSY
2022-03-01,43.24416732788086,BSY
2022-04-01,41.4920768737793,BSY
2022-05-01,33.651756286621094,BSY
2022-06-01,32.621978759765625,BSY
2022-07-01,38.79371643066406,BSY
2022-08-01,36.02132797241211,BSY
2022-09-01,29.992897033691406,BSY
2022-10-01,34.591346740722656,BSY
2022-11-01,38.86745834350586,BSY
2022-12-01,36.267147064208984,BSY
2023-01-01,38.31795120239258,BSY
2023-02-01,39.75001525878906,BSY
2023-03-01,42.235626220703125,BSY
2023-04-01,41.81317901611328,BSY
2023-05-01,47.92401885986328,BSY
2023-06-01,53.331485748291016,BSY
2023-07-01,52.98728942871094,BSY
2023-08-01,49.13560485839844,BSY
2023-09-01,49.3817253112793,BSY
2023-10-01,47.885311126708984,BSY
2023-11-01,51.252254486083984,BSY
2023-12-01,51.419769287109375,BSY
2024-01-01,49.665706634521484,BSY
2024-02-01,50.6215705871582,BSY
2024-03-01,51.52244567871094,BSY
2024-04-01,51.82830047607422,BSY
2024-05-01,49.56889724731445,BSY
2024-06-01,48.759521484375,BSY
2024-07-01,48.14706802368164,BSY
2024-08-01,50.84385299682617,BSY
2024-09-01,50.25297546386719,BSY
2024-10-01,47.73092269897461,BSY
2024-11-01,48.95732879638672,BSY
2024-12-01,46.243560791015625,BSY
2025-01-01,46.09501647949219,BSY
2025-02-01,43.47092056274414,BSY
2025-03-01,39.0206184387207,BSY
2025-04-01,42.640987396240234,BSY
2025-05-01,47.34250259399414,BSY
2025-06-01,53.61062240600586,BSY
2025-07-01,57.59391784667969,BSY
2025-08-01,55.27943420410156,BSY
2025-09-01,51.204078674316406,BSY
2025-10-01,50.55756759643555,BSY
2025-11-01,41.735107421875,BSY
2025-12-01,38.02289962768555,BSY
2026-01-01,34.98923110961914,BSY
2017-01-01,,COUR
2017-02-01,,COUR
2017-03-01,,COUR
2017-04-01,,COUR
2017-05-01,,COUR
2017-06-01,,COUR
2017-07-01,,COUR
2017-08-01,,COUR
2017-09-01,,COUR
2017-10-01,,COUR
2017-11-01,,COUR
2017-12-01,,COUR
2018-01-01,,COUR
2018-02-01,,COUR
2018-03-01,,COUR
2018-04-01,,COUR
2018-05-01,,COUR
2018-06-01,,COUR
2018-07-01,,COUR
2018-08-01,,COUR
2018-09-01,,COUR
2018-10-01,,COUR
2018-11-01,,COUR
2018-12-01,,COUR
2019-01-01,,COUR
2019-02-01,,COUR
2019-03-01,,COUR
2019-04-01,,COUR
2019-05-01,,COUR
2019-06-01,,COUR
2019-07-01,,COUR
2019-08-01,,COUR
2019-09-01,,COUR
2019-10-01,,COUR
2019-11-01,,COUR
2019-12-01,,COUR
2020-01-01,,COUR
2020-02-01,,COUR
2020-03-01,,COUR
2020-04-01,,COUR
2020-05-01,,COUR
2020-06-01,,COUR
2020-07-01,,COUR
2020-08-01,,COUR
2020-09-01,,COUR
2020-10-01,,COUR
2020-11-01,,COUR
2020-12-01,,COUR
2021-01-01,,COUR
2021-02-01,,COUR
2021-03-01,45.0,COUR
2021-04-01,44.70000076293945,COUR
2021-05-01,38.0,COUR
2021-06-01,39.560001373291016,COUR
2021-07-01,35.59000015258789,COUR
2021-08-01,38.470001220703125,COUR
2021-09-01,31.649999618530273,COUR
2021-10-01,34.90999984741211,COUR
2021-11-01,29.989999771118164,COUR
2021-12-01,24.440000534057617,COUR
2022-01-01,20.309999465942383,COUR
2022-02-01,20.329999923706055,COUR
2022-03-01,23.040000915527344,COUR
2022-04-01,18.809999465942383,COUR
2022-05-01,16.90999984741211,COUR
2022-06-01,14.180000305175781,COUR
2022-07-01,13.890000343322754,COUR
2022-08-01,11.5,COUR
2022-09-01,10.779999732971191,COUR
2022-10-01,12.890000343322754,COUR
2022-11-01,13.9399995803833,COUR
2022-12-01,11.829999923706055,COUR
2023-01-01,15.949999809265137,COUR
2023-02-01,11.270000457763672,COUR
2023-03-01,11.520000457763672,COUR
2023-04-01,12.4399995803833,COUR
2023-05-01,12.65999984741211,COUR
2023-06-01,13.020000457763672,COUR
2023-07-01,15.6899995803833,COUR
2023-08-01,17.389999389648438,COUR
2023-09-01,18.690000534057617,COUR
2023-10-01,17.34000015258789,COUR
2023-11-01,19.75,COUR
2023-12-01,19.3700008392334,COUR
2024-01-01,19.139999389648438,COUR
2024-02-01,16.06999969482422,COUR
2024-03-01,14.020000457763672,COUR
2024-04-01,10.220000267028809,COUR
2024-05-01,7.599999904632568,COUR
2024-06-01,7.159999847412109,COUR
2024-07-01,9.300000190734863,COUR
2024-08-01,8.100000381469727,COUR
2024-09-01,7.940000057220459,COUR
2024-10-01,6.949999809265137,COUR
2024-11-01,7.949999809265137,COUR
2024-12-01,8.5,COUR
2025-01-01,7.710000038146973,COUR
2025-02-01,7.920000076293945,COUR
2025-03-01,6.659999847412109,COUR
2025-04-01,8.420000076293945,COUR
2025-05-01,8.850000381469727,COUR
2025-06-01,8.760000228881836,COUR
2025-07-01,12.640000343322754,COUR
2025-08-01,11.5,COUR
2025-09-01,11.710000038146973,COUR
2025-10-01,8.420000076293945,COUR
2025-11-01,7.949999809265137,COUR
2025-12-01,7.360000133514404,COUR
2026-01-01,6.059999942779541,COUR
2017-01-01,,CRNC
2017-02-01,,CRNC
2017-03-01,,CRNC
2017-04-01,,CRNC
2017-05-01,,CRNC
2017-06-01,,CRNC
2017-07-01,,CRNC
2017-08-01,,CRNC
2017-09-01,,CRNC
2017-10-01,,CRNC
2017-11-01,,CRNC
2017-12-01,,CRNC
2018-01-01,,CRNC
2018-02-01,,CRNC
2018-03-01,,CRNC
2018-04-01,,CRNC
2018-05-01,,CRNC
2018-06-01,,CRNC
2018-07-01,,CRNC
2018-08-01,,CRNC
2018-09-01,,CRNC
2018-10-01,,CRNC
2018-11-01,,CRNC
2018-12-01,,CRNC
2019-01-01,,CRNC
2019-02-01,,CRNC
2019-03-01,,CRNC
2019-04-01,,CRNC
2019-05-01,,CRNC
2019-06-01,,CRNC
2019-07-01,,CRNC
2019-08-01,,CRNC
2019-09-01,17.25,CRNC
2019-10-01,15.5,CRNC
2019-11-01,15.5600004196167,CRNC
2019-12-01,22.6299991607666,CRNC
2020-01-01,21.350000381469727,CRNC
2020-02-01,21.709999084472656,CRNC
2020-03-01,15.399999618530273,CRNC
2020-04-01,21.15999984741211,CRNC
2020-05-01,29.90999984741211,CRNC
2020-06-01,40.84000015258789,CRNC
2020-07-01,39.65999984741211,CRNC
2020-08-01,53.20000076293945,CRNC
2020-09-01,48.869998931884766,CRNC
2020-10-01,54.58000183105469,CRNC
2020-11-01,90.75,CRNC
2020-12-01,100.4800033569336,CRNC
2021-01-01,111.91000366210938,CRNC
2021-02-01,111.22000122070312,CRNC
2021-03-01,89.58000183105469,CRNC
2021-04-01,96.41000366210938,CRNC
2021-05-01,95.12999725341797,CRNC
2021-06-01,106.70999908447266,CRNC
2021-07-01,107.51000213623047,CRNC
2021-08-01,108.44000244140625,CRNC
2021-09-01,96.11000061035156,CRNC
2021-10-01,105.12999725341797,CRNC
2021-11-01,75.18000030517578,CRNC
2021-12-01,76.63999938964844,CRNC
2022-01-01,63.4900016784668,CRNC
2022-02-01,36.11000061035156,CRNC
2022-03-01,36.099998474121094,CRNC
2022-04-01,29.5,CRNC
2022-05-01,31.760000228881836,CRNC
2022-06-01,25.229999542236328,CRNC
2022-07-01,28.170000076293945,CRNC
2022-08-01,20.010000228881836,CRNC
2022-09-01,15.75,CRNC
2022-10-01,17.200000762939453,CRNC
2022-11-01,20.510000228881836,CRNC
2022-12-01,18.530000686645508,CRNC
2023-01-01,24.520000457763672,CRNC
2023-02-01,27.3799991607666,CRNC
2023-03-01,28.09000015258789,CRNC
2023-04-01,25.549999237060547,CRNC
2023-05-01,28.520000457763672,CRNC
2023-06-01,29.229999542236328,CRNC
2023-07-01,27.809999465942383,CRNC
2023-08-01,26.100000381469727,CRNC
2023-09-01,20.3700008392334,CRNC
2023-10-01,15.3100004196167,CRNC
2023-11-01,17.290000915527344,CRNC
2023-12-01,19.65999984741211,CRNC
2024-01-01,20.020000457763672,CRNC
2024-02-01,14.899999618530273,CRNC
2024-03-01,15.75,CRNC
2024-04-01,9.109999656677246,CRNC
2024-05-01,3.440000057220459,CRNC
2024-06-01,2.8299999237060547,CRNC
2024-07-01,3.180000066757202,CRNC
2024-08-01,3.299999952316284,CRNC
2024-09-01,3.1500000953674316,CRNC
2024-10-01,3.0450000762939453,CRNC
2024-11-01,7.364999771118164,CRNC
2024-12-01,7.849999904632568,CRNC
2025-01-01,12.460000038146973,CRNC
2025-02-01,11.40999984741211,CRNC
2025-03-01,7.900000095367432,CRNC
2025-04-01,9.0600004196167,CRNC
2025-05-01,8.510000228881836,CRNC
2025-06-01,10.210000038146973,CRNC
2025-07-01,8.600000381469727,CRNC
2025-08-01,10.529999732971191,CRNC
2025-09-01,12.460000038146973,CRNC
2025-10-01,10.729999542236328,CRNC
2025-11-01,11.079999923706055,CRNC
2025-12-01,10.6899995803833,CRNC
2026-01-01,11.329999923706055,CRNC
2017-01-01,,CWAN
2017-02-01,,CWAN
2017-03-01,,CWAN
2017-04-01,,CWAN
2017-05-01,,CWAN
2017-06-01,,CWAN
2017-07-01,,CWAN
2017-08-01,,CWAN
2017-09-01,,CWAN
2017-10-01,,CWAN
2017-11-01,,CWAN
2017-12-01,,CWAN
2018-01-01,,CWAN
2018-02-01,,CWAN
2018-03-01,,CWAN
2018-04-01,,CWAN
2018-05-01,,CWAN
2018-06-01,,CWAN
2018-07-01,,CWAN
2018-08-01,,CWAN
2018-09-01,,CWAN
2018-10-01,,CWAN
2018-11-01,,CWAN
2018-12-01,,CWAN
2019-01-01,,CWAN
2019-02-01,,CWAN
2019-03-01,,CWAN
2019-04-01,,CWAN
2019-05-01,,CWAN
2019-06-01,,CWAN
2019-07-01,,CWAN
2019-08-01,,CWAN
2019-09-01,,CWAN
2019-10-01,,CWAN
2019-11-01,,CWAN
2019-12-01,,CWAN
2020-01-01,,CWAN
2020-02-01,,CWAN
2020-03-01,,CWAN
2020-04-01,,CWAN
2020-05-01,,CWAN
2020-06-01,,CWAN
2020-07-01,,CWAN
2020-08-01,,CWAN
2020-09-01,,CWAN
2020-10-01,,CWAN
2020-11-01,,CWAN
2020-12-01,,CWAN
2021-01-01,,CWAN
2021-02-01,,CWAN
2021-03-01,,CWAN
2021-04-01,,CWAN
2021-05-01,,CWAN
2021-06-01,,CWAN
2021-07-01,,CWAN
2021-08-01,,CWAN
2021-09-01,,CWAN
2021-10-01,,CWAN
2021-11-01,,CWAN
2021-12-01,,CWAN
2022-01-01,,CWAN
2022-02-01,,CWAN
2022-03-01,,CWAN
2022-04-01,,CWAN
2022-05-01,,CWAN
2022-06-01,,CWAN
2022-07-01,,CWAN
2022-08-01,,CWAN
2022-09-01,,CWAN
2022-10-01,,CWAN
2022-11-01,,CWAN
2022-12-01,,CWAN
2023-01-01,,CWAN
2023-02-01,,CWAN
2023-03-01,,CWAN
2023-04-01,,CWAN
2023-05-01,,CWAN
2023-06-01,,CWAN
2023-07-01,,CWAN
2023-08-01,,CWAN
2023-09-01,,CWAN
2023-10-01,,CWAN
2023-11-01,,CWAN
2023-12-01,,CWAN
2024-01-01,,CWAN
2024-02-01,,CWAN
2024-03-01,,CWAN
2024-04-01,,CWAN
2024-05-01,,CWAN
2024-06-01,,CWAN
2024-07-01,,CWAN
2024-08-01,,CWAN
2024-09-01,,CWAN
2024-10-01,,CWAN
2024-11-01,,CWAN
2024-12-01,,CWAN
2025-01-01,,CWAN
2025-02-01,,CWAN
2025-03-01,,CWAN
2025-04-01,,CWAN
2025-05-01,,CWAN
2025-06-01,,CWAN
2025-07-01,,CWAN
2025-08-01,,CWAN
2025-09-01,,CWAN
2025-10-01,,CWAN
2025-11-01,,CWAN
2025-12-01,,CWAN
2026-01-01,,CWAN
2017-01-01,,DH
2017-02-01,,DH
2017-03-01,,DH
2017-04-01,,DH
2017-05-01,,DH
2017-06-01,,DH
2017-07-01,,DH
2017-08-01,,DH
2017-09-01,,DH
2017-10-01,,DH
2017-11-01,,DH
2017-12-01,,DH
2018-01-01,,DH
2018-02-01,,DH
2018-03-01,,DH
2018-04-01,,DH
2018-05-01,,DH
2018-06-01,,DH
2018-07-01,,DH
2018-08-01,,DH
2018-09-01,,DH
2018-10-01,,DH
2018-11-01,,DH
2018-12-01,,DH
2019-01-01,,DH
2019-02-01,,DH
2019-03-01,,DH
2019-04-01,,DH
2019-05-01,,DH
2019-06-01,,DH
2019-07-01,,DH
2019-08-01,,DH
2019-09-01,,DH
2019-10-01,,DH
2019-11-01,,DH
2019-12-01,,DH
2020-01-01,,DH
2020-02-01,,DH
2020-03-01,,DH
2020-04-01,,DH
2020-05-01,,DH
2020-06-01,,DH
2020-07-01,,DH
2020-08-01,,DH
2020-09-01,,DH
2020-10-01,,DH
2020-11-01,,DH
2020-12-01,,DH
2021-01-01,,DH
2021-02-01,,DH
2021-03-01,,DH
2021-04-01,,DH
2021-05-01,,DH
2021-06-01,,DH
2021-07-01,,DH
2021-08-01,,DH
2021-09-01,42.83000183105469,DH
2021-10-01,40.13999938964844,DH
2021-11-01,29.309999465942383,DH
2021-12-01,27.329999923706055,DH
2022-01-01,21.8799991607666,DH
2022-02-01,23.1200008392334,DH
2022-03-01,24.649999618530273,DH
2022-04-01,23.649999618530273,DH
2022-05-01,19.549999237060547,DH
2022-06-01,22.93000030517578,DH
2022-07-01,25.979999542236328,DH
2022-08-01,20.079999923706055,DH
2022-09-01,15.539999961853027,DH
2022-10-01,15.779999732971191,DH
2022-11-01,11.369999885559082,DH
2022-12-01,10.989999771118164,DH
2023-01-01,12.380000114440918,DH
2023-02-01,11.420000076293945,DH
2023-03-01,10.329999923706055,DH
2023-04-01,10.699999809265137,DH
2023-05-01,9.739999771118164,DH
2023-06-01,11.0,DH
2023-07-01,11.829999923706055,DH
2023-08-01,9.399999618530273,DH
2023-09-01,7.989999771118164,DH
2023-10-01,5.760000228881836,DH
2023-11-01,8.25,DH
2023-12-01,9.9399995803833,DH
2024-01-01,8.5,DH
2024-02-01,9.520000457763672,DH
2024-03-01,8.069999694824219,DH
2024-04-01,6.940000057220459,DH
2024-05-01,5.320000171661377,DH
2024-06-01,5.460000038146973,DH
2024-07-01,3.9000000953674316,DH
2024-08-01,4.690000057220459,DH
2024-09-01,4.46999979019165,DH
2024-10-01,4.150000095367432,DH
2024-11-01,4.730000019073486,DH
2024-12-01,4.110000133514404,DH
2025-01-01,4.860000133514404,DH
2025-02-01,3.2300000190734863,DH
2025-03-01,2.890000104904175,DH
2025-04-01,2.7200000286102295,DH
2025-05-01,3.309999942779541,DH
2025-06-01,3.9000000953674316,DH
2025-07-01,3.9000000953674316,DH
2025-08-01,4.03000020980835,DH
2025-09-01,4.059999942779541,DH
2025-10-01,2.7699999809265137,DH
2025-11-01,2.8399999141693115,DH
2025-12-01,2.869999885559082,DH
2026-01-01,2.319999933242798,DH
2017-01-01,,EVCM
2017-02-01,,EVCM
2017-03-01,,EVCM
2017-04-01,,EVCM
2017-05-01,,EVCM
2017-06-01,,EVCM
2017-07-01,,EVCM
2017-08-01,,EVCM
2017-09-01,,EVCM
2017-10-01,,EVCM
2017-11-01,,EVCM
2017-12-01,,EVCM
2018-01-01,,EVCM
2018-02-01,,EVCM
2018-03-01,,EVCM
2018-04-01,,EVCM
2018-05-01,,EVCM
2018-06-01,,EVCM
2018-07-01,,EVCM
2018-08-01,,EVCM
2018-09-01,,EVCM
2018-10-01,,EVCM
2018-11-01,,EVCM
2018-12-01,,EVCM
2019-01-01,,EVCM
2019-02-01,,EVCM
2019-03-01,,EVCM
2019-04-01,,EVCM
2019-05-01,,EVCM
2019-06-01,,EVCM
2019-07-01,,EVCM
2019-08-01,,EVCM
2019-09-01,,EVCM
2019-10-01,,EVCM
2019-11-01,,EVCM
2019-12-01,,EVCM
2020-01-01,,EVCM
2020-02-01,,EVCM
2020-03-01,,EVCM
2020-04-01,,EVCM
2020-05-01,,EVCM
2020-06-01,,EVCM
2020-07-01,,EVCM
2020-08-01,,EVCM
2020-09-01,,EVCM
2020-10-01,,EVCM
2020-11-01,,EVCM
2020-12-01,,EVCM
2021-01-01,,EVCM
2021-02-01,,EVCM
2021-03-01,,EVCM
2021-04-01,,EVCM
2021-05-01,,EVCM
2021-06-01,,EVCM
2021-07-01,17.56999969482422,EVCM
2021-08-01,21.600000381469727,EVCM
2021-09-01,16.489999771118164,EVCM
2021-10-01,20.68000030517578,EVCM
2021-11-01,16.280000686645508,EVCM
2021-12-01,15.75,EVCM
2022-01-01,12.020000457763672,EVCM
2022-02-01,11.979999542236328,EVCM
2022-03-01,13.199999809265137,EVCM
2022-04-01,12.380000114440918,EVCM
2022-05-01,9.510000228881836,EVCM
2022-06-01,9.039999961853027,EVCM
2022-07-01,11.479999542236328,EVCM
2022-08-01,11.640000343322754,EVCM
2022-09-01,10.930000305175781,EVCM
2022-10-01,8.710000038146973,EVCM
2022-11-01,6.670000076293945,EVCM
2022-12-01,7.440000057220459,EVCM
2023-01-01,10.329999923706055,EVCM
2023-02-01,10.0,EVCM
2023-03-01,10.579999923706055,EVCM
2023-04-01,12.069999694824219,EVCM
2023-05-01,11.880000114440918,EVCM
2023-06-01,11.84000015258789,EVCM
2023-07-01,11.680000305175781,EVCM
2023-08-01,10.569999694824219,EVCM
2023-09-01,10.029999732971191,EVCM
2023-10-01,9.579999923706055,EVCM
2023-11-01,9.319999694824219,EVCM
2023-12-01,11.029999732971191,EVCM
2024-01-01,9.739999771118164,EVCM
2024-02-01,9.789999961853027,EVCM
2024-03-01,9.420000076293945,EVCM
2024-04-01,9.0,EVCM
2024-05-01,9.59000015258789,EVCM
2024-06-01,10.979999542236328,EVCM
2024-07-01,12.0600004196167,EVCM
2024-08-01,10.710000038146973,EVCM
2024-09-01,10.359999656677246,EVCM
2024-10-01,10.520000457763672,EVCM
2024-11-01,12.149999618530273,EVCM
2024-12-01,11.010000228881836,EVCM
2025-01-01,10.140000343322754,EVCM
2025-02-01,9.920000076293945,EVCM
2025-03-01,10.079999923706055,EVCM
2025-04-01,9.760000228881836,EVCM
2025-05-01,10.010000228881836,EVCM
2025-06-01,10.5,EVCM
2025-07-01,10.729999542236328,EVCM
2025-08-01,11.550000190734863,EVCM
2025-09-01,11.130000114440918,EVCM
2025-10-01,11.59000015258789,EVCM
2025-11-01,8.680000305175781,EVCM
2025-12-01,12.109999656677246,EVCM
2026-01-01,12.050000190734863,EVCM
2017-01-01,15.460000038146973,FIVN
2017-02-01,15.90999984741211,FIVN
2017-03-01,16.459999084472656,FIVN
2017-04-01,18.2450008392334,FIVN
2017-05-01,22.469999313354492,FIVN
2017-06-01,21.520000457763672,FIVN
2017-07-01,22.059999465942383,FIVN
2017-08-01,21.5,FIVN
2017-09-01,23.899999618530273,FIVN
2017-10-01,25.229999542236328,FIVN
2017-11-01,24.510000228881836,FIVN
2017-12-01,24.8799991607666,FIVN
2018-01-01,26.010000228881836,FIVN
2018-02-01,30.360000610351562,FIVN
2018-03-01,29.790000915527344,FIVN
2018-04-01,29.3700008392334,FIVN
2018-05-01,34.88999938964844,FIVN
2018-06-01,34.56999969482422,FIVN
2018-07-01,31.899999618530273,FIVN
2018-08-01,48.04999923706055,FIVN
2018-09-01,43.689998626708984,FIVN
2018-10-01,39.36000061035156,FIVN
2018-11-01,42.880001068115234,FIVN
2018-12-01,43.720001220703125,FIVN
2019-01-01,51.130001068115234,FIVN
2019-02-01,53.040000915527344,FIVN
2019-03-01,52.83000183105469,FIVN
2019-04-01,53.06999969482422,FIVN
2019-05-01,51.349998474121094,FIVN
2019-06-01,51.290000915527344,FIVN
2019-07-01,49.369998931884766,FIVN
2019-08-01,63.209999084472656,FIVN
2019-09-01,53.7400016784668,FIVN
2019-10-01,55.5099983215332,FIVN
2019-11-01,68.16999816894531,FIVN
2019-12-01,65.58000183105469,FIVN
2020-01-01,71.7300033569336,FIVN
2020-02-01,73.02999877929688,FIVN
2020-03-01,76.45999908447266,FIVN
2020-04-01,92.66999816894531,FIVN
2020-05-01,104.19999694824219,FIVN
2020-06-01,110.66999816894531,FIVN
2020-07-01,120.81999969482422,FIVN
2020-08-01,127.44000244140625,FIVN
2020-09-01,129.67999267578125,FIVN
2020-10-01,151.72000122070312,FIVN
2020-11-01,155.1999969482422,FIVN
2020-12-01,174.39999389648438,FIVN
2021-01-01,166.25,FIVN
2021-02-01,185.24000549316406,FIVN
2021-03-01,156.3300018310547,FIVN
2021-04-01,187.97000122070312,FIVN
2021-05-01,177.10000610351562,FIVN
2021-06-01,183.38999938964844,FIVN
2021-07-01,201.2899932861328,FIVN
2021-08-01,158.22999572753906,FIVN
2021-09-01,159.74000549316406,FIVN
2021-10-01,158.00999450683594,FIVN
2021-11-01,142.3300018310547,FIVN
2021-12-01,137.32000732421875,FIVN
2022-01-01,125.69999694824219,FIVN
2022-02-01,110.0,FIVN
2022-03-01,110.4000015258789,FIVN
2022-04-01,110.0999984741211,FIVN
2022-05-01,96.70999908447266,FIVN
2022-06-01,91.13999938964844,FIVN
2022-07-01,108.12000274658203,FIVN
2022-08-01,98.11000061035156,FIVN
2022-09-01,74.9800033569336,FIVN
2022-10-01,60.2599983215332,FIVN
2022-11-01,64.11000061035156,FIVN
2022-12-01,67.86000061035156,FIVN
2023-01-01,78.77999877929688,FIVN
2023-02-01,66.0,FIVN
2023-03-01,72.29000091552734,FIVN
2023-04-01,64.83999633789062,FIVN
2023-05-01,66.11000061035156,FIVN
2023-06-01,82.44999694824219,FIVN
2023-07-01,87.75,FIVN
2023-08-01,72.37000274658203,FIVN
2023-09-01,64.30000305175781,FIVN
2023-10-01,57.869998931884766,FIVN
2023-11-01,76.22000122070312,FIVN
2023-12-01,78.69000244140625,FIVN
2024-01-01,75.86000061035156,FIVN
2024-02-01,61.0,FIVN
2024-03-01,62.11000061035156,FIVN
2024-04-01,57.56999969482422,FIVN
2024-05-01,46.7599983215332,FIVN
2024-06-01,44.099998474121094,FIVN
2024-07-01,44.54999923706055,FIVN
2024-08-01,32.25,FIVN
2024-09-01,28.729999542236328,FIVN
2024-10-01,29.530000686645508,FIVN
2024-11-01,41.279998779296875,FIVN
2024-12-01,40.63999938964844,FIVN
2025-01-01,40.9900016784668,FIVN
2025-02-01,36.20000076293945,FIVN
2025-03-01,27.149999618530273,FIVN
2025-04-01,25.139999389648438,FIVN
2025-05-01,26.510000228881836,FIVN
2025-06-01,26.479999542236328,FIVN
2025-07-01,25.829999923706055,FIVN
2025-08-01,26.920000076293945,FIVN
2025-09-01,24.200000762939453,FIVN
2025-10-01,24.280000686645508,FIVN
2025-11-01,19.59000015258789,FIVN
2025-12-01,20.049999237060547,FIVN
2026-01-01,17.65999984741211,FIVN
2017-01-01,,FRSH
2017-02-01,,FRSH
2017-03-01,,FRSH
2017-04-01,,FRSH
2017-05-01,,FRSH
2017-06-01,,FRSH
2017-07-01,,FRSH
2017-08-01,,FRSH
2017-09-01,,FRSH
2017-10-01,,FRSH
2017-11-01,,FRSH
2017-12-01,,FRSH
2018-01-01,,FRSH
2018-02-01,,FRSH
2018-03-01,,FRSH
2018-04-01,,FRSH
2018-05-01,,FRSH
2018-06-01,,FRSH
2018-07-01,,FRSH
2018-08-01,,FRSH
2018-09-01,,FRSH
2018-10-01,,FRSH
2018-11-01,,FRSH
2018-12-01,,FRSH
2019-01-01,,FRSH
2019-02-01,,FRSH
2019-03-01,,FRSH
2019-04-01,,FRSH
2019-05-01,,FRSH
2019-06-01,,FRSH
2019-07-01,,FRSH
2019-08-01,,FRSH
2019-09-01,,FRSH
2019-10-01,,FRSH
2019-11-01,,FRSH
2019-12-01,,FRSH
2020-01-01,,FRSH
2020-02-01,,FRSH
2020-03-01,,FRSH
2020-04-01,,FRSH
2020-05-01,,FRSH
2020-06-01,,FRSH
2020-07-01,,FRSH
2020-08-01,,FRSH
2020-09-01,,FRSH
2020-10-01,,FRSH
2020-11-01,,FRSH
2020-12-01,,FRSH
2021-01-01,,FRSH
2021-02-01,,FRSH
2021-03-01,,FRSH
2021-04-01,,FRSH
2021-05-01,,FRSH
2021-06-01,,FRSH
2021-07-01,,FRSH
2021-08-01,,FRSH
2021-09-01,42.689998626708984,FRSH
2021-10-01,50.25,FRSH
2021-11-01,35.220001220703125,FRSH
2021-12-01,26.260000228881836,FRSH
2022-01-01,21.75,FRSH
2022-02-01,18.31999969482422,FRSH
2022-03-01,17.920000076293945,FRSH
2022-04-01,18.170000076293945,FRSH
2022-05-01,15.760000228881836,FRSH
2022-06-01,13.149999618530273,FRSH
2022-07-01,13.109999656677246,FRSH
2022-08-01,13.609999656677246,FRSH
2022-09-01,12.970000267028809,FRSH
2022-10-01,13.59000015258789,FRSH
2022-11-01,14.779999732971191,FRSH
2022-12-01,14.710000038146973,FRSH
2023-01-01,16.18000030517578,FRSH
2023-02-01,14.9399995803833,FRSH
2023-03-01,15.359999656677246,FRSH
2023-04-01,13.359999656677246,FRSH
2023-05-01,15.760000228881836,FRSH
2023-06-01,17.579999923706055,FRSH
2023-07-01,18.65999984741211,FRSH
2023-08-01,21.8700008392334,FRSH
2023-09-01,19.920000076293945,FRSH
2023-10-01,17.940000534057617,FRSH
2023-11-01,20.020000457763672,FRSH
2023-12-01,23.489999771118164,FRSH
2024-01-01,22.200000762939453,FRSH
2024-02-01,20.440000534057617,FRSH
2024-03-01,18.209999084472656,FRSH
2024-04-01,17.850000381469727,FRSH
2024-05-01,12.880000114440918,FRSH
2024-06-01,12.6899995803833,FRSH
2024-07-01,12.5,FRSH
2024-08-01,11.680000305175781,FRSH
2024-09-01,11.479999542236328,FRSH
2024-10-01,11.699999809265137,FRSH
2024-11-01,15.989999771118164,FRSH
2024-12-01,16.170000076293945,FRSH
2025-01-01,18.600000381469727,FRSH
2025-02-01,17.059999465942383,FRSH
2025-03-01,14.109999656677246,FRSH
2025-04-01,14.770000457763672,FRSH
2025-05-01,15.270000457763672,FRSH
2025-06-01,14.90999984741211,FRSH
2025-07-01,12.989999771118164,FRSH
2025-08-01,13.470000267028809,FRSH
2025-09-01,11.770000457763672,FRSH
2025-10-01,11.100000381469727,FRSH
2025-11-01,12.140000343322754,FRSH
2025-12-01,12.25,FRSH
2026-01-01,10.779999732971191,FRSH
2017-01-01,,GDYN
2017-02-01,,GDYN
2017-03-01,,GDYN
2017-04-01,,GDYN
2017-05-01,,GDYN
2017-06-01,,GDYN
2017-07-01,,GDYN
2017-08-01,,GDYN
2017-09-01,,GDYN
2017-10-01,,GDYN
2017-11-01,,GDYN
2017-12-01,,GDYN
2018-01-01,,GDYN
2018-02-01,,GDYN
2018-03-01,,GDYN
2018-04-01,,GDYN
2018-05-01,,GDYN
2018-06-01,,GDYN
2018-07-01,,GDYN
2018-08-01,,GDYN
2018-09-01,,GDYN
2018-10-01,9.550000190734863,GDYN
2018-11-01,9.630000114440918,GDYN
2018-12-01,9.680000305175781,GDYN
2019-01-01,9.710000038146973,GDYN
2019-02-01,9.789999961853027,GDYN
2019-03-01,9.869999885559082,GDYN
2019-04-01,9.930000305175781,GDYN
2019-05-01,10.0,GDYN
2019-06-01,10.039999961853027,GDYN
2019-07-01,10.0600004196167,GDYN
2019-08-01,10.079999923706055,GDYN
2019-09-01,10.109999656677246,GDYN
2019-10-01,10.130000114440918,GDYN
2019-11-01,10.949999809265137,GDYN
2019-12-01,10.850000381469727,GDYN
2020-01-01,11.109999656677246,GDYN
2020-02-01,11.449999809265137,GDYN
2020-03-01,8.0,GDYN
2020-04-01,7.989999771118164,GDYN
2020-05-01,7.96999979019165,GDYN
2020-06-01,6.900000095367432,GDYN
2020-07-01,6.679999828338623,GDYN
2020-08-01,7.420000076293945,GDYN
2020-09-01,7.730000019073486,GDYN
2020-10-01,7.800000190734863,GDYN
2020-11-01,10.789999961853027,GDYN
2020-12-01,12.600000381469727,GDYN
2021-01-01,13.0,GDYN
2021-02-01,14.90999984741211,GDYN
2021-03-01,15.930000305175781,GDYN
2021-04-01,14.40999984741211,GDYN
2021-05-01,15.369999885559082,GDYN
2021-06-01,15.029999732971191,GDYN
2021-07-01,21.049999237060547,GDYN
2021-08-01,26.770000457763672,GDYN
2021-09-01,29.219999313354492,GDYN
2021-10-01,28.75,GDYN
2021-11-01,39.22999954223633,GDYN
2021-12-01,37.970001220703125,GDYN
2022-01-01,26.649999618530273,GDYN
2022-02-01,12.149999618530273,GDYN
2022-03-01,14.079999923706055,GDYN
2022-04-01,13.920000076293945,GDYN
2022-05-01,18.010000228881836,GDYN
2022-06-01,16.81999969482422,GDYN
2022-07-01,18.8700008392334,GDYN
2022-08-01,20.209999084472656,GDYN
2022-09-01,18.729999542236328,GDYN
2022-10-01,13.609999656677246,GDYN
2022-11-01,12.739999771118164,GDYN
2022-12-01,11.220000267028809,GDYN
2023-01-01,12.520000457763672,GDYN
2023-02-01,11.649999618530273,GDYN
2023-03-01,11.460000038146973,GDYN
2023-04-01,10.869999885559082,GDYN
2023-05-01,9.600000381469727,GDYN
2023-06-01,9.25,GDYN
2023-07-01,10.420000076293945,GDYN
2023-08-01,11.630000114440918,GDYN
2023-09-01,12.180000305175781,GDYN
2023-10-01,10.140000343322754,GDYN
2023-11-01,12.680000305175781,GDYN
2023-12-01,13.329999923706055,GDYN
2024-01-01,13.050000190734863,GDYN
2024-02-01,13.489999771118164,GDYN
2024-03-01,12.289999961853027,GDYN
2024-04-01,9.770000457763672,GDYN
2024-05-01,9.5,GDYN
2024-06-01,10.510000228881836,GDYN
2024-07-01,12.899999618530273,GDYN
2024-08-01,13.920000076293945,GDYN
2024-09-01,14.0,GDYN
2024-10-01,15.920000076293945,GDYN
2024-11-01,18.299999237060547,GDYN
2024-12-01,22.239999771118164,GDYN
2025-01-01,22.59000015258789,GDYN
2025-02-01,18.81999969482422,GDYN
2025-03-01,15.649999618530273,GDYN
2025-04-01,14.15999984741211,GDYN
2025-05-01,12.529999732971191,GDYN
2025-06-01,11.550000190734863,GDYN
2025-07-01,9.489999771118164,GDYN
2025-08-01,8.289999961853027,GDYN
2025-09-01,7.710000038146973,GDYN
2025-10-01,9.34000015258789,GDYN
2025-11-01,8.760000228881836,GDYN
2025-12-01,9.029999732971191,GDYN
2026-01-01,8.270000457763672,GDYN
2017-01-01,,GTM
2017-02-01,,GTM
2017-03-01,,GTM
2017-04-01,,GTM
2017-05-01,,GTM
2017-06-01,,GTM
2017-07-01,,GTM
2017-08-01,,GTM
2017-09-01,,GTM
2017-10-01,,GTM
2017-11-01,,GTM
2017-12-01,,GTM
2018-01-01,,GTM
2018-02-01,,GTM
2018-03-01,,GTM
2018-04-01,,GTM
2018-05-01,,GTM
2018-06-01,,GTM
2018-07-01,,GTM
2018-08-01,,GTM
2018-09-01,,GTM
2018-10-01,,GTM
2018-11-01,,GTM
2018-12-01,,GTM
2019-01-01,,GTM
2019-02-01,,GTM
2019-03-01,,GTM
2019-04-01,,GTM
2019-05-01,,GTM
2019-06-01,,GTM
2019-07-01,,GTM
2019-08-01,,GTM
2019-09-01,,GTM
2019-10-01,,GTM
2019-11-01,,GTM
2019-12-01,,GTM
2020-01-01,,GTM
2020-02-01,,GTM
2020-03-01,,GTM
2020-04-01,,GTM
2020-05-01,,GTM
2020-06-01,51.029998779296875,GTM
2020-07-01,40.869998931884766,GTM
2020-08-01,38.81999969482422,GTM
2020-09-01,42.9900016784668,GTM
2020-10-01,37.9900016784668,GTM
2020-11-01,51.25,GTM
2020-12-01,48.22999954223633,GTM
2021-01-01,48.0099983215332,GTM
2021-02-01,52.41999816894531,GTM
2021-03-01,48.900001525878906,GTM
2021-04-01,51.86000061035156,GTM
2021-05-01,43.83000183105469,GTM
2021-06-01,52.16999816894531,GTM
2021-07-01,53.75,GTM
2021-08-01,65.19000244140625,GTM
2021-09-01,61.189998626708984,GTM
2021-10-01,67.22000122070312,GTM
2021-11-01,61.70000076293945,GTM
2021-12-01,64.19999694824219,GTM
2022-01-01,52.86000061035156,GTM
2022-02-01,54.689998626708984,GTM
2022-03-01,59.7400016784668,GTM
2022-04-01,47.400001525878906,GTM
2022-05-01,40.38999938964844,GTM
2022-06-01,33.2400016784668,GTM
2022-07-01,37.88999938964844,GTM
2022-08-01,45.41999816894531,GTM
2022-09-01,41.65999984741211,GTM
2022-10-01,44.529998779296875,GTM
2022-11-01,28.600000381469727,GTM
2022-12-01,30.110000610351562,GTM
2023-01-01,28.229999542236328,GTM
2023-02-01,24.170000076293945,GTM
2023-03-01,24.709999084472656,GTM
2023-04-01,21.90999984741211,GTM
2023-05-01,24.729999542236328,GTM
2023-06-01,25.389999389648438,GTM
2023-07-01,25.56999969482422,GTM
2023-08-01,18.020000457763672,GTM
2023-09-01,16.399999618530273,GTM
2023-10-01,12.960000038146973,GTM
2023-11-01,14.369999885559082,GTM
2023-12-01,18.489999771118164,GTM
2024-01-01,16.040000915527344,GTM
2024-02-01,16.760000228881836,GTM
2024-03-01,16.030000686645508,GTM
2024-04-01,15.859999656677246,GTM
2024-05-01,12.279999732971191,GTM
2024-06-01,12.770000457763672,GTM
2024-07-01,11.359999656677246,GTM
2024-08-01,9.890000343322754,GTM
2024-09-01,10.319999694824219,GTM
2024-10-01,11.050000190734863,GTM
2024-11-01,10.9399995803833,GTM
2024-12-01,10.510000228881836,GTM
2025-01-01,10.289999961853027,GTM
2025-02-01,11.65999984741211,GTM
2025-03-01,10.0,GTM
2025-04-01,8.5600004196167,GTM
2025-05-01,9.550000190734863,GTM
2025-06-01,10.119999885559082,GTM
2025-07-01,10.829999923706055,GTM
2025-08-01,10.899999618530273,GTM
2025-09-01,10.90999984741211,GTM
2025-10-01,11.220000267028809,GTM
2025-11-01,9.920000076293945,GTM
2025-12-01,10.170000076293945,GTM
2026-01-01,8.050000190734863,GTM
2017-01-01,5.300000190734863,HLIT
2017-02-01,5.400000095367432,HLIT
2017-03-01,5.949999809265137,HLIT
2017-04-01,5.800000190734863,HLIT
2017-05-01,5.050000190734863,HLIT
2017-06-01,5.25,HLIT
2017-07-01,4.099999904632568,HLIT
2017-08-01,3.25,HLIT
2017-09-01,3.049999952316284,HLIT
2017-10-01,3.700000047683716,HLIT
2017-11-01,4.199999809265137,HLIT
2017-12-01,4.199999809265137,HLIT
2018-01-01,3.6500000953674316,HLIT
2018-02-01,3.0299999713897705,HLIT
2018-03-01,3.799999952316284,HLIT
2018-04-01,3.6500000953674316,HLIT
2018-05-01,3.8499999046325684,HLIT
2018-06-01,4.25,HLIT
2018-07-01,4.599999904632568,HLIT
2018-08-01,5.449999809265137,HLIT
2018-09-01,5.5,HLIT
2018-10-01,5.510000228881836,HLIT
2018-11-01,5.619999885559082,HLIT
2018-12-01,4.71999979019165,HLIT
2019-01-01,5.289999961853027,HLIT
2019-02-01,5.519999980926514,HLIT
2019-03-01,5.420000076293945,HLIT
2019-04-01,5.659999847412109,HLIT
2019-05-01,5.21999979019165,HLIT
2019-06-01,5.550000190734863,HLIT
2019-07-01,7.46999979019165,HLIT
2019-08-01,6.590000152587891,HLIT
2019-09-01,6.579999923706055,HLIT
2019-10-01,7.78000020980835,HLIT
2019-11-01,8.260000228881836,HLIT
2019-12-01,7.800000190734863,HLIT
2020-01-01,7.039999961853027,HLIT
2020-02-01,6.139999866485596,HLIT
2020-03-01,5.760000228881836,HLIT
2020-04-01,5.800000190734863,HLIT
2020-05-01,5.389999866485596,HLIT
2020-06-01,4.75,HLIT
2020-07-01,5.579999923706055,HLIT
2020-08-01,5.900000095367432,HLIT
2020-09-01,5.579999923706055,HLIT
2020-10-01,5.940000057220459,HLIT
2020-11-01,6.53000020980835,HLIT
2020-12-01,7.389999866485596,HLIT
2021-01-01,7.760000228881836,HLIT
2021-02-01,7.75,HLIT
2021-03-01,7.840000152587891,HLIT
2021-04-01,7.820000171661377,HLIT
2021-05-01,6.96999979019165,HLIT
2021-06-01,8.520000457763672,HLIT
2021-07-01,8.850000381469727,HLIT
2021-08-01,9.239999771118164,HLIT
2021-09-01,8.75,HLIT
2021-10-01,9.069999694824219,HLIT
2021-11-01,10.75,HLIT
2021-12-01,11.760000228881836,HLIT
2022-01-01,10.760000228881836,HLIT
2022-02-01,9.3100004196167,HLIT
2022-03-01,9.289999961853027,HLIT
2022-04-01,8.300000190734863,HLIT
2022-05-01,9.630000114440918,HLIT
2022-06-01,8.670000076293945,HLIT
2022-07-01,10.920000076293945,HLIT
2022-08-01,11.260000228881836,HLIT
2022-09-01,13.069999694824219,HLIT
2022-10-01,15.449999809265137,HLIT
2022-11-01,15.34000015258789,HLIT
2022-12-01,13.100000381469727,HLIT
2023-01-01,13.170000076293945,HLIT
2023-02-01,13.1899995803833,HLIT
2023-03-01,14.59000015258789,HLIT
2023-04-01,14.09000015258789,HLIT
2023-05-01,17.610000610351562,HLIT
2023-06-01,16.170000076293945,HLIT
2023-07-01,14.920000076293945,HLIT
2023-08-01,10.680000305175781,HLIT
2023-09-01,9.630000114440918,HLIT
2023-10-01,10.789999961853027,HLIT
2023-11-01,11.0600004196167,HLIT
2023-12-01,13.039999961853027,HLIT
2024-01-01,11.699999809265137,HLIT
2024-02-01,13.130000114440918,HLIT
2024-03-01,13.4399995803833,HLIT
2024-04-01,10.739999771118164,HLIT
2024-05-01,12.229999542236328,HLIT
2024-06-01,11.770000457763672,HLIT
2024-07-01,14.65999984741211,HLIT
2024-08-01,14.449999809265137,HLIT
2024-09-01,14.569999694824219,HLIT
2024-10-01,11.09000015258789,HLIT
2024-11-01,12.819999694824219,HLIT
2024-12-01,13.229999542236328,HLIT
2025-01-01,11.279999732971191,HLIT
2025-02-01,10.3100004196167,HLIT
2025-03-01,9.59000015258789,HLIT
2025-04-01,8.979999542236328,HLIT
2025-05-01,9.020000457763672,HLIT
2025-06-01,9.470000267028809,HLIT
2025-07-01,8.510000228881836,HLIT
2025-08-01,9.619999885559082,HLIT
2025-09-01,10.180000305175781,HLIT
2025-10-01,10.699999809265137,HLIT
2025-11-01,9.5600004196167,HLIT
2025-12-01,9.890000343322754,HLIT
2026-01-01,9.720000267028809,HLIT
2017-01-01,,IAC
2017-02-01,,IAC
2017-03-01,,IAC
2017-04-01,,IAC
2017-05-01,,IAC
2017-06-01,,IAC
2017-07-01,,IAC
2017-08-01,,IAC
2017-09-01,,IAC
2017-10-01,,IAC
2017-11-01,,IAC
2017-12-01,,IAC
2018-01-01,,IAC
2018-02-01,,IAC
2018-03-01,,IAC
2018-04-01,,IAC
2018-05-01,,IAC
2018-06-01,,IAC
2018-07-01,,IAC
2018-08-01,,IAC
2018-09-01,,IAC
2018-10-01,,IAC
2018-11-01,,IAC
2018-12-01,,IAC
2019-01-01,,IAC
2019-02-01,,IAC
2019-03-01,,IAC
2019-04-01,,IAC
2019-05-01,,IAC
2019-06-01,,IAC
2019-07-01,,IAC
2019-08-01,,IAC
2019-09-01,,IAC
2019-10-01,,IAC
2019-11-01,,IAC
2019-12-01,,IAC
2020-01-01,,IAC
2020-02-01,,IAC
2020-03-01,,IAC
2020-04-01,,IAC
2020-05-01,,IAC
2020-06-01,,IAC
2020-07-01,,IAC
2020-08-01,,IAC
2020-09-01,,IAC
2020-10-01,,IAC
2020-11-01,,IAC
2020-12-01,,IAC
2021-01-01,,IAC
2021-02-01,,IAC
2021-03-01,,IAC
2021-04-01,,IAC
2021-05-01,,IAC
2021-06-01,,IAC
2021-07-01,,IAC
2021-08-01,,IAC
2021-09-01,,IAC
2021-10-01,,IAC
2021-11-01,,IAC
2021-12-01,,IAC
2022-01-01,,IAC
2022-02-01,,IAC
2022-03-01,,IAC
2022-04-01,,IAC
2022-05-01,,IAC
2022-06-01,,IAC
2022-07-01,,IAC
2022-08-01,,IAC
2022-09-01,,IAC
2022-10-01,,IAC
2022-11-01,,IAC
2022-12-01,,IAC
2023-01-01,,IAC
2023-02-01,,IAC
2023-03-01,,IAC
2023-04-01,,IAC
2023-05-01,,IAC
2023-06-01,,IAC
2023-07-01,,IAC
2023-08-01,,IAC
2023-09-01,,IAC
2023-10-01,,IAC
2023-11-01,,IAC
2023-12-01,,IAC
2024-01-01,,IAC
2024-02-01,,IAC
2024-03-01,,IAC
2024-04-01,,IAC
2024-05-01,,IAC
2024-06-01,,IAC
2024-07-01,,IAC
2024-08-01,,IAC
2024-09-01,,IAC
2024-10-01,,IAC
2024-11-01,,IAC
2024-12-01,,IAC
2025-01-01,,IAC
2025-02-01,,IAC
2025-03-01,,IAC
2025-04-01,,IAC
2025-05-01,,IAC
2025-06-01,,IAC
2025-07-01,,IAC
2025-08-01,,IAC
2025-09-01,,IAC
2025-10-01,,IAC
2025-11-01,,IAC
2025-12-01,,IAC
2026-01-01,,IAC
2017-01-01,,IIIV
2017-02-01,,IIIV
2017-03-01,,IIIV
2017-04-01,,IIIV
2017-05-01,,IIIV
2017-06-01,,IIIV
2017-07-01,,IIIV
2017-08-01,,IIIV
2017-09-01,,IIIV
2017-10-01,,IIIV
2017-11-01,,IIIV
2017-12-01,,IIIV
2018-01-01,,IIIV
2018-02-01,,IIIV
2018-03-01,,IIIV
2018-04-01,,IIIV
2018-05-01,,IIIV
2018-06-01,15.220000267028809,IIIV
2018-07-01,15.3100004196167,IIIV
2018-08-01,18.6200008392334,IIIV
2018-09-01,22.979999542236328,IIIV
2018-10-01,21.489999771118164,IIIV
2018-11-01,22.530000686645508,IIIV
2018-12-01,24.100000381469727,IIIV
2019-01-01,24.729999542236328,IIIV
2019-02-01,21.040000915527344,IIIV
2019-03-01,24.020000457763672,IIIV
2019-04-01,24.139999389648438,IIIV
2019-05-01,25.56999969482422,IIIV
2019-06-01,29.450000762939453,IIIV
2019-07-01,28.56999969482422,IIIV
2019-08-01,22.6200008392334,IIIV
2019-09-01,20.1200008392334,IIIV
2019-10-01,20.450000762939453,IIIV
2019-11-01,27.31999969482422,IIIV
2019-12-01,28.25,IIIV
2020-01-01,32.290000915527344,IIIV
2020-02-01,28.979999542236328,IIIV
2020-03-01,19.09000015258789,IIIV
2020-04-01,23.239999771118164,IIIV
2020-05-01,28.860000610351562,IIIV
2020-06-01,30.25,IIIV
2020-07-01,24.18000030517578,IIIV
2020-08-01,27.889999389648438,IIIV
2020-09-01,25.25,IIIV
2020-10-01,20.6299991607666,IIIV
2020-11-01,27.899999618530273,IIIV
2020-12-01,33.20000076293945,IIIV
2021-01-01,29.020000457763672,IIIV
2021-02-01,33.20000076293945,IIIV
2021-03-01,31.1299991607666,IIIV
2021-04-01,33.220001220703125,IIIV
2021-05-01,31.06999969482422,IIIV
2021-06-01,30.219999313354492,IIIV
2021-07-01,31.920000076293945,IIIV
2021-08-01,28.90999984741211,IIIV
2021-09-01,24.209999084472656,IIIV
2021-10-01,22.389999389648438,IIIV
2021-11-01,18.649999618530273,IIIV
2021-12-01,22.790000915527344,IIIV
2022-01-01,23.139999389648438,IIIV
2022-02-01,26.399999618530273,IIIV
2022-03-01,27.860000610351562,IIIV
2022-04-01,27.450000762939453,IIIV
2022-05-01,23.31999969482422,IIIV
2022-06-01,25.020000457763672,IIIV
2022-07-01,27.1299991607666,IIIV
2022-08-01,23.360000610351562,IIIV
2022-09-01,20.030000686645508,IIIV
2022-10-01,21.760000228881836,IIIV
2022-11-01,26.290000915527344,IIIV
2022-12-01,24.34000015258789,IIIV
2023-01-01,28.920000076293945,IIIV
2023-02-01,24.610000610351562,IIIV
2023-03-01,24.530000686645508,IIIV
2023-04-01,23.25,IIIV
2023-05-01,22.850000381469727,IIIV
2023-06-01,22.860000610351562,IIIV
2023-07-01,25.010000228881836,IIIV
2023-08-01,23.649999618530273,IIIV
2023-09-01,21.139999389648438,IIIV
2023-10-01,18.75,IIIV
2023-11-01,20.1299991607666,IIIV
2023-12-01,21.170000076293945,IIIV
2024-01-01,18.739999771118164,IIIV
2024-02-01,21.309999465942383,IIIV
2024-03-01,22.889999389648438,IIIV
2024-04-01,22.709999084472656,IIIV
2024-05-01,19.479999542236328,IIIV
2024-06-01,22.079999923706055,IIIV
2024-07-01,24.510000228881836,IIIV
2024-08-01,22.65999984741211,IIIV
2024-09-01,21.309999465942383,IIIV
2024-10-01,22.989999771118164,IIIV
2024-11-01,24.799999237060547,IIIV
2024-12-01,23.040000915527344,IIIV
2025-01-01,24.889999389648438,IIIV
2025-02-01,25.93000030517578,IIIV
2025-03-01,24.670000076293945,IIIV
2025-04-01,25.1200008392334,IIIV
2025-05-01,24.709999084472656,IIIV
2025-06-01,27.479999542236328,IIIV
2025-07-01,27.979999542236328,IIIV
2025-08-01,31.450000762939453,IIIV
2025-09-01,32.459999084472656,IIIV
2025-10-01,30.75,IIIV
2025-11-01,23.670000076293945,IIIV
2025-12-01,25.190000534057617,IIIV
2026-01-01,22.209999084472656,IIIV
2017-01-01,15.260833740234375,KLIC
2017-02-01,17.769582748413086,KLIC
2017-03-01,17.639373779296875,KLIC
2017-04-01,19.375532150268555,KLIC
2017-05-01,19.22796058654785,KLIC
2017-06-01,16.5108699798584,KLIC
2017-07-01,18.69843292236328,KLIC
2017-08-01,16.519550323486328,KLIC
2017-09-01,18.724472045898438,KLIC
2017-10-01,19.662006378173828,KLIC
2017-11-01,21.554414749145508,KLIC
2017-12-01,21.129053115844727,KLIC
2018-01-01,19.974515914916992,KLIC
2018-02-01,20.226253509521484,KLIC
2018-03-01,21.710668563842773,KLIC
2018-04-01,19.87034034729004,KLIC
2018-05-01,20.903352737426758,KLIC
2018-06-01,20.7804012298584,KLIC
2018-07-01,22.996278762817383,KLIC
2018-08-01,22.49901580810547,KLIC
2018-09-01,20.899837493896484,KLIC
2018-10-01,17.822725296020508,KLIC
2018-11-01,18.936094284057617,KLIC
2018-12-01,17.8887882232666,KLIC
2019-01-01,19.8832950592041,KLIC
2019-02-01,20.580488204956055,KLIC
2019-03-01,19.619455337524414,KLIC
2019-04-01,20.648792266845703,KLIC
2019-05-01,17.20584487915039,KLIC
2019-06-01,20.11825180053711,KLIC
2019-07-01,20.18962287902832,KLIC
2019-08-01,18.583728790283203,KLIC
2019-09-01,21.053224563598633,KLIC
2019-10-01,21.295326232910156,KLIC
2019-11-01,22.49683380126953,KLIC
2019-12-01,24.496545791625977,KLIC
2020-01-01,23.316747665405273,KLIC
2020-02-01,20.560882568359375,KLIC
2020-03-01,18.904598236083984,KLIC
2020-04-01,21.71265983581543,KLIC
2020-05-01,20.25428009033203,KLIC
2020-06-01,18.972368240356445,KLIC
2020-07-01,21.586421966552734,KLIC
2020-08-01,21.841447830200195,KLIC
2020-09-01,20.513696670532227,KLIC
2020-10-01,23.938749313354492,KLIC
2020-11-01,27.88580322265625,KLIC
2020-12-01,29.255962371826172,KLIC
2021-01-01,32.8060417175293,KLIC
2021-02-01,45.856712341308594,KLIC
2021-03-01,45.30269241333008,KLIC
2021-04-01,52.44263458251953,KLIC
2021-05-01,47.87639617919922,KLIC
2021-06-01,56.5985107421875,KLIC
2021-07-01,50.272789001464844,KLIC
2021-08-01,64.9125747680664,KLIC
2021-09-01,54.01383590698242,KLIC
2021-10-01,52.82753372192383,KLIC
2021-11-01,53.43922424316406,KLIC
2021-12-01,56.276336669921875,KLIC
2022-01-01,50.83832931518555,KLIC
2022-02-01,48.560890197753906,KLIC
2022-03-01,52.223323822021484,KLIC
2022-04-01,43.26462936401367,KLIC
2022-05-01,50.498695373535156,KLIC
2022-06-01,40.060874938964844,KLIC
2022-07-01,45.02987289428711,KLIC
2022-08-01,39.34030532836914,KLIC
2022-09-01,36.20803451538086,KLIC
2022-10-01,39.41253662109375,KLIC
2022-11-01,45.060359954833984,KLIC
2022-12-01,41.76889419555664,KLIC
2023-01-01,48.223907470703125,KLIC
2023-02-01,50.30009078979492,KLIC
2023-03-01,49.90478515625,KLIC
2023-04-01,45.14067840576172,KLIC
2023-05-01,50.08475112915039,KLIC
2023-06-01,56.498435974121094,KLIC
2023-07-01,56.907081604003906,KLIC
2023-08-01,49.16170883178711,KLIC
2023-09-01,46.39878463745117,KLIC
2023-10-01,39.700870513916016,KLIC
2023-11-01,49.156185150146484,KLIC
2023-12-01,52.39995193481445,KLIC
2024-01-01,48.18650436401367,KLIC
2024-02-01,45.600975036621094,KLIC
2024-03-01,48.37284851074219,KLIC
2024-04-01,44.498008728027344,KLIC
2024-05-01,43.911502838134766,KLIC
2024-06-01,47.495487213134766,KLIC
2024-07-01,45.54507064819336,KLIC
2024-08-01,42.30082702636719,KLIC
2024-09-01,43.78942108154297,KLIC
2024-10-01,43.527442932128906,KLIC
2024-11-01,46.98169708251953,KLIC
2024-12-01,45.465240478515625,KLIC
2025-01-01,43.214393615722656,KLIC
2025-02-01,37.29007339477539,KLIC
2025-03-01,32.317081451416016,KLIC
2025-04-01,31.58216094970703,KLIC
2025-05-01,31.50377082824707,KLIC
2025-06-01,34.10700988769531,KLIC
2025-07-01,32.2932243347168,KLIC
2025-08-01,36.96569061279297,KLIC
2025-09-01,40.26079177856445,KLIC
2025-10-01,39.55741882324219,KLIC
2025-11-01,44.689083099365234,KLIC
2025-12-01,45.33799362182617,KLIC
2026-01-01,57.05064392089844,KLIC
2017-01-01,,MAPS
2017-02-01,,MAPS
2017-03-01,,MAPS
2017-04-01,,MAPS
2017-05-01,,MAPS
2017-06-01,,MAPS
2017-07-01,,MAPS
2017-08-01,,MAPS
2017-09-01,,MAPS
2017-10-01,,MAPS
2017-11-01,,MAPS
2017-12-01,,MAPS
2018-01-01,,MAPS
2018-02-01,,MAPS
2018-03-01,,MAPS
2018-04-01,,MAPS
2018-05-01,,MAPS
2018-06-01,,MAPS
2018-07-01,,MAPS
2018-08-01,,MAPS
2018-09-01,,MAPS
2018-10-01,,MAPS
2018-11-01,,MAPS
2018-12-01,,MAPS
2019-01-01,,MAPS
2019-02-01,,MAPS
2019-03-01,,MAPS
2019-04-01,,MAPS
2019-05-01,,MAPS
2019-06-01,,MAPS
2019-07-01,,MAPS
2019-08-01,,MAPS
2019-09-01,,MAPS
2019-10-01,9.850000381469727,MAPS
2019-11-01,9.899999618530273,MAPS
2019-12-01,9.90999984741211,MAPS
2020-01-01,10.050000190734863,MAPS
2020-02-01,10.045999526977539,MAPS
2020-03-01,9.829999923706055,MAPS
2020-04-01,9.934000015258789,MAPS
2020-05-01,9.930000305175781,MAPS
2020-06-01,10.130999565124512,MAPS
2020-07-01,10.095000267028809,MAPS
2020-08-01,10.069999694824219,MAPS
2020-09-01,10.130000114440918,MAPS
2020-10-01,10.069999694824219,MAPS
2020-11-01,10.279999732971191,MAPS
2020-12-01,12.770000457763672,MAPS
2021-01-01,19.040000915527344,MAPS
2021-02-01,23.760000228881836,MAPS
2021-03-01,18.360000610351562,MAPS
2021-04-01,17.5,MAPS
2021-05-01,16.299999237060547,MAPS
2021-06-01,17.860000610351562,MAPS
2021-07-01,13.649999618530273,MAPS
2021-08-01,13.90999984741211,MAPS
2021-09-01,14.5,MAPS
2021-10-01,12.239999771118164,MAPS
2021-11-01,7.170000076293945,MAPS
2021-12-01,5.980000019073486,MAPS
2022-01-01,5.070000171661377,MAPS
2022-02-01,5.849999904632568,MAPS
2022-03-01,7.820000171661377,MAPS
2022-04-01,5.800000190734863,MAPS
2022-05-01,5.650000095367432,MAPS
2022-06-01,3.2899999618530273,MAPS
2022-07-01,3.4000000953674316,MAPS
2022-08-01,2.619999885559082,MAPS
2022-09-01,1.6100000143051147,MAPS
2022-10-01,2.049999952316284,MAPS
2022-11-01,1.1699999570846558,MAPS
2022-12-01,1.0099999904632568,MAPS
2023-01-01,1.2599999904632568,MAPS
2023-02-01,1.1050000190734863,MAPS
2023-03-01,0.8489999771118164,MAPS
2023-04-01,0.7250000238418579,MAPS
2023-05-01,1.0199999809265137,MAPS
2023-06-01,0.8379999995231628,MAPS
2023-07-01,1.1100000143051147,MAPS
2023-08-01,1.5199999809265137,MAPS
2023-09-01,1.3200000524520874,MAPS
2023-10-01,1.090000033378601,MAPS
2023-11-01,0.8320000171661377,MAPS
2023-12-01,0.7200000286102295,MAPS
2024-01-01,0.8109999895095825,MAPS
2024-02-01,0.8999999761581421,MAPS
2024-03-01,1.3300000429153442,MAPS
2024-04-01,1.2649999856948853,MAPS
2024-05-01,0.9890000224113464,MAPS
2024-06-01,1.0399999618530273,MAPS
2024-07-01,1.0800000429153442,MAPS
2024-08-01,0.9890000224113464,MAPS
2024-09-01,0.8700000047683716,MAPS
2024-10-01,0.7749999761581421,MAPS
2024-11-01,1.190000057220459,MAPS
2024-12-01,1.3799999952316284,MAPS
2025-01-01,1.3799999952316284,MAPS
2025-02-01,1.309999942779541,MAPS
2025-03-01,1.1299999952316284,MAPS
2025-04-01,1.2899999618530273,MAPS
2025-05-01,1.0399999618530273,MAPS
2025-06-01,0.8960000276565552,MAPS
2025-07-01,0.8930000066757202,MAPS
2025-08-01,1.2400000095367432,MAPS
2025-09-01,1.159999966621399,MAPS
2025-10-01,1.0499999523162842,MAPS
2025-11-01,0.847000002861023,MAPS
2025-12-01,0.824999988079071,MAPS
2026-01-01,0.7730000019073486,MAPS
2017-01-01,,MQ
2017-02-01,,MQ
2017-03-01,,MQ
2017-04-01,,MQ
2017-05-01,,MQ
2017-06-01,,MQ
2017-07-01,,MQ
2017-08-01,,MQ
2017-09-01,,MQ
2017-10-01,,MQ
2017-11-01,,MQ
2017-12-01,,MQ
2018-01-01,,MQ
2018-02-01,,MQ
2018-03-01,,MQ
2018-04-01,,MQ
2018-05-01,,MQ
2018-06-01,,MQ
2018-07-01,,MQ
2018-08-01,,MQ
2018-09-01,,MQ
2018-10-01,,MQ
2018-11-01,,MQ
2018-12-01,,MQ
2019-01-01,,MQ
2019-02-01,,MQ
2019-03-01,,MQ
2019-04-01,,MQ
2019-05-01,,MQ
2019-06-01,,MQ
2019-07-01,,MQ
2019-08-01,,MQ
2019-09-01,,MQ
2019-10-01,,MQ
2019-11-01,,MQ
2019-12-01,,MQ
2020-01-01,,MQ
2020-02-01,,MQ
2020-03-01,,MQ
2020-04-01,,MQ
2020-05-01,,MQ
2020-06-01,,MQ
2020-07-01,,MQ
2020-08-01,,MQ
2020-09-01,,MQ
2020-10-01,,MQ
2020-11-01,,MQ
2020-12-01,,MQ
2021-01-01,,MQ
2021-02-01,,MQ
2021-03-01,,MQ
2021-04-01,,MQ
2021-05-01,,MQ
2021-06-01,112.27999877929688,MQ
2021-07-01,107.31999969482422,MQ
2021-08-01,116.16000366210938,MQ
2021-09-01,88.4800033569336,MQ
2021-10-01,122.4000015258789,MQ
2021-11-01,78.63999938964844,MQ
2021-12-01,68.68000030517578,MQ
2022-01-01,47.20000076293945,MQ
2022-02-01,46.91999816894531,MQ
2022-03-01,44.15999984741211,MQ
2022-04-01,37.20000076293945,MQ
2022-05-01,41.880001068115234,MQ
2022-06-01,32.439998626708984,MQ
2022-07-01,38.36000061035156,MQ
2022-08-01,31.15999984741211,MQ
2022-09-01,28.479999542236328,MQ
2022-10-01,31.520000457763672,MQ
2022-11-01,26.760000228881836,MQ
2022-12-01,24.440000534057617,MQ
2023-01-01,26.520000457763672,MQ
2023-02-01,23.200000762939453,MQ
2023-03-01,18.280000686645508,MQ
2023-04-01,16.200000762939453,MQ
2023-05-01,19.15999984741211,MQ
2023-06-01,19.479999542236328,MQ
2023-07-01,22.31999969482422,MQ
2023-08-01,24.600000381469727,MQ
2023-09-01,23.920000076293945,MQ
2023-10-01,20.68000030517578,MQ
2023-11-01,25.399999618530273,MQ
2023-12-01,27.920000076293945,MQ
2024-01-01,24.040000915527344,MQ
2024-02-01,26.1200008392334,MQ
2024-03-01,23.84000015258789,MQ
2024-04-01,22.200000762939453,MQ
2024-05-01,21.280000686645508,MQ
2024-06-01,21.920000076293945,MQ
2024-07-01,21.559999465942383,MQ
2024-08-01,21.31999969482422,MQ
2024-09-01,19.68000030517578,MQ
2024-10-01,22.639999389648438,MQ
2024-11-01,15.520000457763672,MQ
2024-12-01,15.15999984741211,MQ
2025-01-01,15.399999618530273,MQ
2025-02-01,16.719999313354492,MQ
2025-03-01,16.479999542236328,MQ
2025-04-01,16.719999313354492,MQ
2025-05-01,21.520000457763672,MQ
2025-06-01,23.31999969482422,MQ
2025-07-01,22.799999237060547,MQ
2025-08-01,25.459999084472656,MQ
2025-09-01,21.1200008392334,MQ
2025-10-01,18.1200008392334,MQ
2025-11-01,19.15999984741211,MQ
2025-12-01,19.0,MQ
2026-01-01,16.520000457763672,MQ
2017-01-01,33.720001220703125,MRCY
2017-02-01,37.36000061035156,MRCY
2017-03-01,39.04999923706055,MRCY
2017-04-01,37.380001068115234,MRCY
2017-05-01,39.77000045776367,MRCY
2017-06-01,42.09000015258789,MRCY
2017-07-01,43.90999984741211,MRCY
2017-08-01,48.25,MRCY
2017-09-01,51.880001068115234,MRCY
2017-10-01,50.470001220703125,MRCY
2017-11-01,52.189998626708984,MRCY
2017-12-01,51.349998474121094,MRCY
2018-01-01,48.02000045776367,MRCY
2018-02-01,45.970001220703125,MRCY
2018-03-01,48.31999969482422,MRCY
2018-04-01,32.08000183105469,MRCY
2018-05-01,36.93000030517578,MRCY
2018-06-01,38.060001373291016,MRCY
2018-07-01,41.72999954223633,MRCY
2018-08-01,54.5099983215332,MRCY
2018-09-01,55.31999969482422,MRCY
2018-10-01,46.86000061035156,MRCY
2018-11-01,51.810001373291016,MRCY
2018-12-01,47.290000915527344,MRCY
2019-01-01,58.630001068115234,MRCY
2019-02-01,63.52000045776367,MRCY
2019-03-01,64.08000183105469,MRCY
2019-04-01,73.0199966430664,MRCY
2019-05-01,68.76000213623047,MRCY
2019-06-01,70.3499984741211,MRCY
2019-07-01,81.5199966430664,MRCY
2019-08-01,85.62999725341797,MRCY
2019-09-01,81.16999816894531,MRCY
2019-10-01,73.66000366210938,MRCY
2019-11-01,73.25,MRCY
2019-12-01,69.11000061035156,MRCY
2020-01-01,76.75,MRCY
2020-02-01,73.45999908447266,MRCY
2020-03-01,71.33999633789062,MRCY
2020-04-01,89.16000366210938,MRCY
2020-05-01,89.3499984741211,MRCY
2020-06-01,78.66000366210938,MRCY
2020-07-01,77.43000030517578,MRCY
2020-08-01,75.73999786376953,MRCY
2020-09-01,77.45999908447266,MRCY
2020-10-01,68.87999725341797,MRCY
2020-11-01,71.22000122070312,MRCY
2020-12-01,88.05999755859375,MRCY
2021-01-01,71.05999755859375,MRCY
2021-02-01,65.36000061035156,MRCY
2021-03-01,70.6500015258789,MRCY
2021-04-01,75.23999786376953,MRCY
2021-05-01,65.44999694824219,MRCY
2021-06-01,66.27999877929688,MRCY
2021-07-01,66.0,MRCY
2021-08-01,50.380001068115234,MRCY
2021-09-01,47.41999816894531,MRCY
2021-10-01,51.540000915527344,MRCY
2021-11-01,48.95000076293945,MRCY
2021-12-01,55.060001373291016,MRCY
2022-01-01,56.91999816894531,MRCY
2022-02-01,60.220001220703125,MRCY
2022-03-01,64.44999694824219,MRCY
2022-04-01,55.790000915527344,MRCY
2022-05-01,59.810001373291016,MRCY
2022-06-01,64.33000183105469,MRCY
2022-07-01,59.0099983215332,MRCY
2022-08-01,48.130001068115234,MRCY
2022-09-01,40.599998474121094,MRCY
2022-10-01,48.400001525878906,MRCY
2022-11-01,50.81999969482422,MRCY
2022-12-01,44.7400016784668,MRCY
2023-01-01,49.9900016784668,MRCY
2023-02-01,52.34000015258789,MRCY
2023-03-01,51.119998931884766,MRCY
2023-04-01,47.66999816894531,MRCY
2023-05-01,40.59000015258789,MRCY
2023-06-01,34.59000015258789,MRCY
2023-07-01,37.97999954223633,MRCY
2023-08-01,39.25,MRCY
2023-09-01,37.09000015258789,MRCY
2023-10-01,35.97999954223633,MRCY
2023-11-01,34.290000915527344,MRCY
2023-12-01,36.56999969482422,MRCY
2024-01-01,29.65999984741211,MRCY
2024-02-01,29.8700008392334,MRCY
2024-03-01,29.5,MRCY
2024-04-01,28.200000762939453,MRCY
2024-05-01,30.950000762939453,MRCY
2024-06-01,26.989999771118164,MRCY
2024-07-01,35.54999923706055,MRCY
2024-08-01,37.900001525878906,MRCY
2024-09-01,37.0,MRCY
2024-10-01,32.349998474121094,MRCY
2024-11-01,41.130001068115234,MRCY
2024-12-01,42.0,MRCY
2025-01-01,41.689998626708984,MRCY
2025-02-01,44.40999984741211,MRCY
2025-03-01,43.09000015258789,MRCY
2025-04-01,50.0,MRCY
2025-05-01,49.25,MRCY
2025-06-01,53.86000061035156,MRCY
2025-07-01,52.59000015258789,MRCY
2025-08-01,67.55000305175781,MRCY
2025-09-01,77.4000015258789,MRCY
2025-10-01,77.41000366210938,MRCY
2025-11-01,69.88999938964844,MRCY
2025-12-01,73.01000213623047,MRCY
2026-01-01,93.87999725341797,MRCY
2017-01-01,4.59902286529541,NSSC
2017-02-01,4.143911361694336,NSSC
2017-03-01,4.886462211608887,NSSC
2017-04-01,5.078088283538818,NSSC
2017-05-01,4.575070381164551,NSSC
2017-06-01,4.503210067749023,NSSC
2017-07-01,4.383443832397461,NSSC
2017-08-01,3.76065993309021,NSSC
2017-09-01,4.646929740905762,NSSC
2017-10-01,4.862509727478027,NSSC
2017-11-01,4.790649890899658,NSSC
2017-12-01,4.1918182373046875,NSSC
2018-01-01,4.383443832397461,NSSC
2018-02-01,4.838556289672852,NSSC
2018-03-01,5.605060577392578,NSSC
2018-04-01,5.12599515914917,NSSC
2018-05-01,5.676920413970947,NSSC
2018-06-01,7.018301486968994,NSSC
2018-07-01,7.5692267417907715,NSSC
2018-08-01,7.233880996704102,NSSC
2018-09-01,7.162021160125732,NSSC
2018-10-01,6.740444183349609,NSSC
2018-11-01,7.923733234405518,NSSC
2018-12-01,7.545274257659912,NSSC
2019-01-01,7.5261101722717285,NSSC
2019-02-01,10.29510498046875,NSSC
2019-03-01,9.935806274414062,NSSC
2019-04-01,11.871230125427246,NSSC
2019-05-01,12.800615310668945,NSSC
2019-06-01,14.218648910522461,NSSC
2019-07-01,13.868931770324707,NSSC
2019-08-01,16.518159866333008,NSSC
2019-09-01,12.225738525390625,NSSC
2019-10-01,14.544411659240723,NSSC
2019-11-01,14.970779418945312,NSSC
2019-12-01,14.079719543457031,NSSC
2020-01-01,14.08450984954834,NSSC
2020-02-01,9.744181632995605,NSSC
2020-03-01,7.267416000366211,NSSC
2020-04-01,9.60046100616455,NSSC
2020-05-01,10.884356498718262,NSSC
2020-06-01,11.205330848693848,NSSC
2020-07-01,12.637734413146973,NSSC
2020-08-01,11.93350601196289,NSSC
2020-09-01,11.258027076721191,NSSC
2020-10-01,11.555047035217285,NSSC
2020-11-01,14.611481666564941,NSSC
2020-12-01,12.56108283996582,NSSC
2021-01-01,12.417362213134766,NSSC
2021-02-01,14.913291931152344,NSSC
2021-03-01,16.685836791992188,NSSC
2021-04-01,15.957653999328613,NSSC
2021-05-01,15.588774681091309,NSSC
2021-06-01,17.42359161376953,NSSC
2021-07-01,16.93494415283203,NSSC
2021-08-01,18.745811462402344,NSSC
2021-09-01,20.638120651245117,NSSC
2021-10-01,22.975954055786133,NSSC
2021-11-01,22.262147903442383,NSSC
2021-12-01,23.943662643432617,NSSC
2022-01-01,19.919519424438477,NSSC
2022-02-01,19.536266326904297,NSSC
2022-03-01,19.660825729370117,NSSC
2022-04-01,16.76727294921875,NSSC
2022-05-01,18.788928985595703,NSSC
2022-06-01,19.727893829345703,NSSC
2022-07-01,24.585613250732422,NSSC
2022-08-01,28.418132781982422,NSSC
2022-09-01,27.862417221069336,NSSC
2022-10-01,27.23005485534668,NSSC
2022-11-01,25.275468826293945,NSSC
2022-12-01,26.329402923583984,NSSC
2023-01-01,27.757020950317383,NSSC
2023-02-01,30.276906967163086,NSSC
2023-03-01,36.00652313232422,NSSC
2023-04-01,29.702030181884766,NSSC
2023-05-01,35.697044372558594,NSSC
2023-06-01,33.259010314941406,NSSC
2023-07-01,35.97541046142578,NSSC
2023-08-01,23.862211227416992,NSSC
2023-09-01,21.425914764404297,NSSC
2023-10-01,17.68962287902832,NSSC
2023-11-01,29.544578552246094,NSSC
2023-12-01,33.068687438964844,NSSC
2024-01-01,33.55143737792969,NSSC
2024-02-01,43.574928283691406,NSSC
2024-03-01,38.862300872802734,NSSC
2024-04-01,39.38484573364258,NSSC
2024-05-01,48.04564666748047,NSSC
2024-06-01,50.372779846191406,NSSC
2024-07-01,54.1155891418457,NSSC
2024-08-01,44.97188949584961,NSSC
2024-09-01,39.36613845825195,NSSC
2024-10-01,37.439674377441406,NSSC
2024-11-01,38.16939926147461,NSSC
2024-12-01,34.71173095703125,NSSC
2025-01-01,35.82453155517578,NSSC
2025-02-01,23.97412872314453,NSSC
2025-03-01,22.582704544067383,NSSC
2025-04-01,22.41593360900879,NSSC
2025-05-01,27.3700008392334,NSSC
2025-06-01,29.268674850463867,NSSC
2025-07-01,30.09675407409668,NSSC
2025-08-01,37.510040283203125,NSSC
2025-09-01,42.483856201171875,NSSC
2025-10-01,43.670833587646484,NSSC
2025-11-01,39.96153259277344,NSSC
2025-12-01,41.38190460205078,NSSC
2026-01-01,36.60859298706055,NSSC
2017-01-01,30.270000457763672,NTNX
2017-02-01,29.989999771118164,NTNX
2017-03-01,18.770000457763672,NTNX
2017-04-01,15.1899995803833,NTNX
2017-05-01,18.649999618530273,NTNX
2017-06-01,20.149999618530273,NTNX
2017-07-01,21.2450008392334,NTNX
2017-08-01,22.0,NTNX
2017-09-01,22.389999389648438,NTNX
2017-10-01,28.5,NTNX
2017-11-01,32.79999923706055,NTNX
2017-12-01,35.279998779296875,NTNX
2018-01-01,32.099998474121094,NTNX
2018-02-01,36.45000076293945,NTNX
2018-03-01,49.11000061035156,NTNX
2018-04-01,50.59000015258789,NTNX
2018-05-01,53.45000076293945,NTNX
2018-06-01,51.56999969482422,NTNX
2018-07-01,48.88999938964844,NTNX
2018-08-01,56.31999969482422,NTNX
2018-09-01,42.720001220703125,NTNX
2018-10-01,41.5099983215332,NTNX
2018-11-01,44.709999084472656,NTNX
2018-12-01,41.59000015258789,NTNX
2019-01-01,51.22999954223633,NTNX
2019-02-01,50.09000015258789,NTNX
2019-03-01,37.7400016784668,NTNX
2019-04-01,43.189998626708984,NTNX
2019-05-01,28.06999969482422,NTNX
2019-06-01,25.940000534057617,NTNX
2019-07-01,22.700000762939453,NTNX
2019-08-01,24.229999542236328,NTNX
2019-09-01,26.25,NTNX
2019-10-01,29.219999313354492,NTNX
2019-11-01,37.349998474121094,NTNX
2019-12-01,31.260000228881836,NTNX
2020-01-01,32.470001220703125,NTNX
2020-02-01,23.84000015258789,NTNX
2020-03-01,15.800000190734863,NTNX
2020-04-01,20.489999771118164,NTNX
2020-05-01,24.059999465942383,NTNX
2020-06-01,23.704999923706055,NTNX
2020-07-01,22.190000534057617,NTNX
2020-08-01,28.709999084472656,NTNX
2020-09-01,22.18000030517578,NTNX
2020-10-01,24.34000015258789,NTNX
2020-11-01,27.389999389648438,NTNX
2020-12-01,31.8700008392334,NTNX
2021-01-01,30.520000457763672,NTNX
2021-02-01,30.28499984741211,NTNX
2021-03-01,26.559999465942383,NTNX
2021-04-01,27.040000915527344,NTNX
2021-05-01,31.510000228881836,NTNX
2021-06-01,38.220001220703125,NTNX
2021-07-01,36.02000045776367,NTNX
2021-08-01,36.90999984741211,NTNX
2021-09-01,37.70000076293945,NTNX
2021-10-01,34.310001373291016,NTNX
2021-11-01,33.220001220703125,NTNX
2021-12-01,31.860000610351562,NTNX
2022-01-01,27.34000015258789,NTNX
2022-02-01,26.700000762939453,NTNX
2022-03-01,26.81999969482422,NTNX
2022-04-01,25.030000686645508,NTNX
2022-05-01,16.200000762939453,NTNX
2022-06-01,14.630000114440918,NTNX
2022-07-01,15.130000114440918,NTNX
2022-08-01,17.299999237060547,NTNX
2022-09-01,20.829999923706055,NTNX
2022-10-01,27.399999618530273,NTNX
2022-11-01,28.260000228881836,NTNX
2022-12-01,26.049999237060547,NTNX
2023-01-01,27.8700008392334,NTNX
2023-02-01,28.25,NTNX
2023-03-01,25.989999771118164,NTNX
2023-04-01,23.979999542236328,NTNX
2023-05-01,29.6200008392334,NTNX
2023-06-01,28.049999237060547,NTNX
2023-07-01,30.200000762939453,NTNX
2023-08-01,31.100000381469727,NTNX
2023-09-01,34.880001068115234,NTNX
2023-10-01,36.189998626708984,NTNX
2023-11-01,43.09000015258789,NTNX
2023-12-01,47.689998626708984,NTNX
2024-01-01,56.20000076293945,NTNX
2024-02-01,63.15999984741211,NTNX
2024-03-01,61.720001220703125,NTNX
2024-04-01,60.70000076293945,NTNX
2024-05-01,55.314998626708984,NTNX
2024-06-01,56.849998474121094,NTNX
2024-07-01,50.5099983215332,NTNX
2024-08-01,63.189998626708984,NTNX
2024-09-01,59.25,NTNX
2024-10-01,62.099998474121094,NTNX
2024-11-01,65.27999877929688,NTNX
2024-12-01,61.18000030517578,NTNX
2025-01-01,68.76499938964844,NTNX
2025-02-01,76.88999938964844,NTNX
2025-03-01,69.80999755859375,NTNX
2025-04-01,68.69999694824219,NTNX
2025-05-01,76.69000244140625,NTNX
2025-06-01,76.44000244140625,NTNX
2025-07-01,75.16999816894531,NTNX
2025-08-01,67.20999908447266,NTNX
2025-09-01,74.38999938964844,NTNX
2025-10-01,71.23999786376953,NTNX
2025-11-01,47.79999923706055,NTNX
2025-12-01,51.689998626708984,NTNX
2026-01-01,39.33000183105469,NTNX
2017-01-01,35.900001525878906,OMCL
2017-02-01,38.029998779296875,OMCL
2017-03-01,40.650001525878906,OMCL
2017-04-01,41.400001525878906,OMCL
2017-05-01,39.900001525878906,OMCL
2017-06-01,43.099998474121094,OMCL
2017-07-01,49.599998474121094,OMCL
2017-08-01,51.29999923706055,OMCL
2017-09-01,51.04999923706055,OMCL
2017-10-01,49.79999923706055,OMCL
2017-11-01,52.400001525878906,OMCL
2017-12-01,48.5,OMCL
2018-01-01,49.04999923706055,OMCL
2018-02-01,43.650001525878906,OMCL
2018-03-01,43.400001525878906,OMCL
2018-04-01,43.099998474121094,OMCL
2018-05-01,46.54999923706055,OMCL
2018-06-01,52.45000076293945,OMCL
2018-07-01,59.5,OMCL
2018-08-01,68.75,OMCL
2018-09-01,71.9000015258789,OMCL
2018-10-01,70.69999694824219,OMCL
2018-11-01,77.2300033569336,OMCL
2018-12-01,61.2400016784668,OMCL
2019-01-01,65.12999725341797,OMCL
2019-02-01,84.94999694824219,OMCL
2019-03-01,80.83999633789062,OMCL
2019-04-01,80.36000061035156,OMCL
2019-05-01,79.44999694824219,OMCL
2019-06-01,86.02999877929688,OMCL
2019-07-01,75.20999908447266,OMCL
2019-08-01,71.80000305175781,OMCL
2019-09-01,72.2699966430664,OMCL
2019-10-01,70.38999938964844,OMCL
2019-11-01,79.98999786376953,OMCL
2019-12-01,81.72000122070312,OMCL
2020-01-01,81.27999877929688,OMCL
2020-02-01,81.47000122070312,OMCL
2020-03-01,65.58000183105469,OMCL
2020-04-01,72.9000015258789,OMCL
2020-05-01,66.91000366210938,OMCL
2020-06-01,70.62000274658203,OMCL
2020-07-01,70.29000091552734,OMCL
2020-08-01,66.68000030517578,OMCL
2020-09-01,74.66000366210938,OMCL
2020-10-01,86.55000305175781,OMCL
2020-11-01,104.8499984741211,OMCL
2020-12-01,120.0199966430664,OMCL
2021-01-01,117.80000305175781,OMCL
2021-02-01,126.9000015258789,OMCL
2021-03-01,129.8699951171875,OMCL
2021-04-01,145.02000427246094,OMCL
2021-05-01,139.0,OMCL
2021-06-01,151.4499969482422,OMCL
2021-07-01,146.5,OMCL
2021-08-01,155.27000427246094,OMCL
2021-09-01,148.42999267578125,OMCL
2021-10-01,178.14999389648438,OMCL
2021-11-01,177.0,OMCL
2021-12-01,180.44000244140625,OMCL
2022-01-01,150.13999938964844,OMCL
2022-02-01,129.27999877929688,OMCL
2022-03-01,129.49000549316406,OMCL
2022-04-01,109.16999816894531,OMCL
2022-05-01,111.16000366210938,OMCL
2022-06-01,113.75,OMCL
2022-07-01,110.12000274658203,OMCL
2022-08-01,102.29000091552734,OMCL
2022-09-01,87.02999877929688,OMCL
2022-10-01,77.31999969482422,OMCL
2022-11-01,51.61000061035156,OMCL
2022-12-01,50.41999816894531,OMCL
2023-01-01,55.470001220703125,OMCL
2023-02-01,54.439998626708984,OMCL
2023-03-01,58.66999816894531,OMCL
2023-04-01,60.77000045776367,OMCL
2023-05-01,73.41999816894531,OMCL
2023-06-01,73.66999816894531,OMCL
2023-07-01,63.150001525878906,OMCL
2023-08-01,56.86000061035156,OMCL
2023-09-01,45.040000915527344,OMCL
2023-10-01,35.540000915527344,OMCL
2023-11-01,33.36000061035156,OMCL
2023-12-01,37.630001068115234,OMCL
2024-01-01,32.16999816894531,OMCL
2024-02-01,26.239999771118164,OMCL
2024-03-01,29.229999542236328,OMCL
2024-04-01,26.809999465942383,OMCL
2024-05-01,32.59000015258789,OMCL
2024-06-01,27.06999969482422,OMCL
2024-07-01,29.209999084472656,OMCL
2024-08-01,44.47999954223633,OMCL
2024-09-01,43.599998474121094,OMCL
2024-10-01,48.63999938964844,OMCL
2024-11-01,46.59000015258789,OMCL
2024-12-01,44.52000045776367,OMCL
2025-01-01,44.9900016784668,OMCL
2025-02-01,38.060001373291016,OMCL
2025-03-01,34.959999084472656,OMCL
2025-04-01,31.260000228881836,OMCL
2025-05-01,30.3700008392334,OMCL
2025-06-01,29.399999618530273,OMCL
2025-07-01,31.010000228881836,OMCL
2025-08-01,32.59000015258789,OMCL
2025-09-01,30.450000762939453,OMCL
2025-10-01,33.56999969482422,OMCL
2025-11-01,36.5099983215332,OMCL
2025-12-01,45.29999923706055,OMCL
2026-01-01,48.5,OMCL
2017-01-01,,ONTF
2017-02-01,,ONTF
2017-03-01,,ONTF
2017-04-01,,ONTF
2017-05-01,,ONTF
2017-06-01,,ONTF
2017-07-01,,ONTF
2017-08-01,,ONTF
2017-09-01,,ONTF
2017-10-01,,ONTF
2017-11-01,,ONTF
2017-12-01,,ONTF
2018-01-01,,ONTF
2018-02-01,,ONTF
2018-03-01,,ONTF
2018-04-01,,ONTF
2018-05-01,,ONTF
2018-06-01,,ONTF
2018-07-01,,ONTF
2018-08-01,,ONTF
2018-09-01,,ONTF
2018-10-01,,ONTF
2018-11-01,,ONTF
2018-12-01,,ONTF
2019-01-01,,ONTF
2019-02-01,,ONTF
2019-03-01,,ONTF
2019-04-01,,ONTF
2019-05-01,,ONTF
2019-06-01,,ONTF
2019-07-01,,ONTF
2019-08-01,,ONTF
2019-09-01,,ONTF
2019-10-01,,ONTF
2019-11-01,,ONTF
2019-12-01,,ONTF
2020-01-01,,ONTF
2020-02-01,,ONTF
2020-03-01,,ONTF
2020-04-01,,ONTF
2020-05-01,,ONTF
2020-06-01,,ONTF
2020-07-01,,ONTF
2020-08-01,,ONTF
2020-09-01,,ONTF
2020-10-01,,ONTF
2020-11-01,,ONTF
2020-12-01,,ONTF
2021-01-01,,ONTF
2021-02-01,,ONTF
2021-03-01,,ONTF
2021-04-01,,ONTF
2021-05-01,,ONTF
2021-06-01,,ONTF
2021-07-01,,ONTF
2021-08-01,,ONTF
2021-09-01,,ONTF
2021-10-01,,ONTF
2021-11-01,,ONTF
2021-12-01,,ONTF
2022-01-01,,ONTF
2022-02-01,,ONTF
2022-03-01,,ONTF
2022-04-01,,ONTF
2022-05-01,,ONTF
2022-06-01,,ONTF
2022-07-01,,ONTF
2022-08-01,,ONTF
2022-09-01,,ONTF
2022-10-01,,ONTF
2022-11-01,,ONTF
2022-12-01,,ONTF
2023-01-01,,ONTF
2023-02-01,,ONTF
2023-03-01,,ONTF
2023-04-01,,ONTF
2023-05-01,,ONTF
2023-06-01,,ONTF
2023-07-01,,ONTF
2023-08-01,,ONTF
2023-09-01,,ONTF
2023-10-01,,ONTF
2023-11-01,,ONTF
2023-12-01,,ONTF
2024-01-01,,ONTF
2024-02-01,,ONTF
2024-03-01,,ONTF
2024-04-01,,ONTF
2024-05-01,,ONTF
2024-06-01,,ONTF
2024-07-01,,ONTF
2024-08-01,,ONTF
2024-09-01,,ONTF
2024-10-01,,ONTF
2024-11-01,,ONTF
2024-12-01,,ONTF
2025-01-01,,ONTF
2025-02-01,,ONTF
2025-03-01,,ONTF
2025-04-01,,ONTF
2025-05-01,,ONTF
2025-06-01,,ONTF
2025-07-01,,ONTF
2025-08-01,,ONTF
2025-09-01,,ONTF
2025-10-01,,ONTF
2025-11-01,,ONTF
2025-12-01,,ONTF
2026-01-01,,ONTF
2017-01-01,,PCOR
2017-02-01,,PCOR
2017-03-01,,PCOR
2017-04-01,,PCOR
2017-05-01,,PCOR
2017-06-01,,PCOR
2017-07-01,,PCOR
2017-08-01,,PCOR
2017-09-01,,PCOR
2017-10-01,,PCOR
2017-11-01,,PCOR
2017-12-01,,PCOR
2018-01-01,,PCOR
2018-02-01,,PCOR
2018-03-01,,PCOR
2018-04-01,,PCOR
2018-05-01,,PCOR
2018-06-01,,PCOR
2018-07-01,,PCOR
2018-08-01,,PCOR
2018-09-01,,PCOR
2018-10-01,,PCOR
2018-11-01,,PCOR
2018-12-01,,PCOR
2019-01-01,,PCOR
2019-02-01,,PCOR
2019-03-01,,PCOR
2019-04-01,,PCOR
2019-05-01,,PCOR
2019-06-01,,PCOR
2019-07-01,,PCOR
2019-08-01,,PCOR
2019-09-01,,PCOR
2019-10-01,,PCOR
2019-11-01,,PCOR
2019-12-01,,PCOR
2020-01-01,,PCOR
2020-02-01,,PCOR
2020-03-01,,PCOR
2020-04-01,,PCOR
2020-05-01,,PCOR
2020-06-01,,PCOR
2020-07-01,,PCOR
2020-08-01,,PCOR
2020-09-01,,PCOR
2020-10-01,,PCOR
2020-11-01,,PCOR
2020-12-01,,PCOR
2021-01-01,,PCOR
2021-02-01,,PCOR
2021-03-01,,PCOR
2021-04-01,,PCOR
2021-05-01,86.41999816894531,PCOR
2021-06-01,94.94999694824219,PCOR
2021-07-01,103.27999877929688,PCOR
2021-08-01,90.69999694824219,PCOR
2021-09-01,89.33999633789062,PCOR
2021-10-01,91.44999694824219,PCOR
2021-11-01,84.76000213623047,PCOR
2021-12-01,79.97000122070312,PCOR
2022-01-01,62.560001373291016,PCOR
2022-02-01,65.19000244140625,PCOR
2022-03-01,57.959999084472656,PCOR
2022-04-01,55.470001220703125,PCOR
2022-05-01,45.5,PCOR
2022-06-01,45.38999938964844,PCOR
2022-07-01,51.70000076293945,PCOR
2022-08-01,54.599998474121094,PCOR
2022-09-01,49.47999954223633,PCOR
2022-10-01,54.65999984741211,PCOR
2022-11-01,48.970001220703125,PCOR
2022-12-01,47.18000030517578,PCOR
2023-01-01,55.95000076293945,PCOR
2023-02-01,66.98999786376953,PCOR
2023-03-01,62.630001068115234,PCOR
2023-04-01,53.40999984741211,PCOR
2023-05-01,60.470001220703125,PCOR
2023-06-01,65.06999969482422,PCOR
2023-07-01,75.8499984741211,PCOR
2023-08-01,67.55000305175781,PCOR
2023-09-01,65.31999969482422,PCOR
2023-10-01,61.09000015258789,PCOR
2023-11-01,59.09000015258789,PCOR
2023-12-01,69.22000122070312,PCOR
2024-01-01,71.38999938964844,PCOR
2024-02-01,78.02999877929688,PCOR
2024-03-01,82.16999816894531,PCOR
2024-04-01,68.41999816894531,PCOR
2024-05-01,67.12999725341797,PCOR
2024-06-01,66.30999755859375,PCOR
2024-07-01,71.02999877929688,PCOR
2024-08-01,59.27000045776367,PCOR
2024-09-01,61.720001220703125,PCOR
2024-10-01,65.6500015258789,PCOR
2024-11-01,81.19999694824219,PCOR
2024-12-01,74.93000030517578,PCOR
2025-01-01,79.55999755859375,PCOR
2025-02-01,76.47000122070312,PCOR
2025-03-01,66.0199966430664,PCOR
2025-04-01,64.08999633789062,PCOR
2025-05-01,67.16999816894531,PCOR
2025-06-01,68.41999816894531,PCOR
2025-07-01,71.62999725341797,PCOR
2025-08-01,69.51000213623047,PCOR
2025-09-01,72.91999816894531,PCOR
2025-10-01,73.81999969482422,PCOR
2025-11-01,74.05999755859375,PCOR
2025-12-01,72.73999786376953,PCOR
2026-01-01,56.4900016784668,PCOR
2017-01-01,,PRCH
2017-02-01,,PRCH
2017-03-01,,PRCH
2017-04-01,,PRCH
2017-05-01,,PRCH
2017-06-01,,PRCH
2017-07-01,,PRCH
2017-08-01,,PRCH
2017-09-01,,PRCH
2017-10-01,,PRCH
2017-11-01,,PRCH
2017-12-01,,PRCH
2018-01-01,,PRCH
2018-02-01,,PRCH
2018-03-01,,PRCH
2018-04-01,,PRCH
2018-05-01,,PRCH
2018-06-01,,PRCH
2018-07-01,,PRCH
2018-08-01,,PRCH
2018-09-01,,PRCH
2018-10-01,,PRCH
2018-11-01,,PRCH
2018-12-01,,PRCH
2019-01-01,,PRCH
2019-02-01,,PRCH
2019-03-01,,PRCH
2019-04-01,,PRCH
2019-05-01,,PRCH
2019-06-01,,PRCH
2019-07-01,,PRCH
2019-08-01,,PRCH
2019-09-01,,PRCH
2019-10-01,,PRCH
2019-11-01,,PRCH
2019-12-01,,PRCH
2020-01-01,9.920000076293945,PRCH
2020-02-01,10.071000099182129,PRCH
2020-03-01,9.65999984741211,PRCH
2020-04-01,9.760000228881836,PRCH
2020-05-01,9.800000190734863,PRCH
2020-06-01,10.149999618530273,PRCH
2020-07-01,10.260000228881836,PRCH
2020-08-01,10.4399995803833,PRCH
2020-09-01,11.130000114440918,PRCH
2020-10-01,10.0600004196167,PRCH
2020-11-01,10.699999809265137,PRCH
2020-12-01,14.270000457763672,PRCH
2021-01-01,14.819999694824219,PRCH
2021-02-01,17.959999084472656,PRCH
2021-03-01,17.700000762939453,PRCH
2021-04-01,13.3100004196167,PRCH
2021-05-01,17.1200008392334,PRCH
2021-06-01,19.34000015258789,PRCH
2021-07-01,18.530000686645508,PRCH
2021-08-01,20.0,PRCH
2021-09-01,17.68000030517578,PRCH
2021-10-01,21.030000686645508,PRCH
2021-11-01,21.040000915527344,PRCH
2021-12-01,15.59000015258789,PRCH
2022-01-01,10.550000190734863,PRCH
2022-02-01,8.100000381469727,PRCH
2022-03-01,6.945000171661377,PRCH
2022-04-01,3.700000047683716,PRCH
2022-05-01,4.119999885559082,PRCH
2022-06-01,2.559999942779541,PRCH
2022-07-01,1.9299999475479126,PRCH
2022-08-01,2.1500000953674316,PRCH
2022-09-01,2.25,PRCH
2022-10-01,1.3600000143051147,PRCH
2022-11-01,2.0399999618530273,PRCH
2022-12-01,1.8799999952316284,PRCH
2023-01-01,2.950000047683716,PRCH
2023-02-01,2.5,PRCH
2023-03-01,1.4299999475479126,PRCH
2023-04-01,0.9100000262260437,PRCH
2023-05-01,1.409999966621399,PRCH
2023-06-01,1.3799999952316284,PRCH
2023-07-01,1.3600000143051147,PRCH
2023-08-01,0.8450000286102295,PRCH
2023-09-01,0.8029999732971191,PRCH
2023-10-01,0.5630000233650208,PRCH
2023-11-01,1.5199999809265137,PRCH
2023-12-01,3.0799999237060547,PRCH
2024-01-01,2.3499999046325684,PRCH
2024-02-01,3.3399999141693115,PRCH
2024-03-01,4.309999942779541,PRCH
2024-04-01,3.190000057220459,PRCH
2024-05-01,2.0999999046325684,PRCH
2024-06-01,1.5099999904632568,PRCH
2024-07-01,2.049999952316284,PRCH
2024-08-01,1.440000057220459,PRCH
2024-09-01,1.534999966621399,PRCH
2024-10-01,2.1700000762939453,PRCH
2024-11-01,3.6600000858306885,PRCH
2024-12-01,4.920000076293945,PRCH
2025-01-01,4.449999809265137,PRCH
2025-02-01,6.989999771118164,PRCH
2025-03-01,7.289999961853027,PRCH
2025-04-01,5.800000190734863,PRCH
2025-05-01,9.119999885559082,PRCH
2025-06-01,11.789999961853027,PRCH
2025-07-01,12.619999885559082,PRCH
2025-08-01,16.969999313354492,PRCH
2025-09-01,16.780000686645508,PRCH
2025-10-01,15.050000190734863,PRCH
2025-11-01,9.6899995803833,PRCH
2025-12-01,9.130000114440918,PRCH
2026-01-01,7.889999866485596,PRCH
2017-01-01,26.100000381469727,RAMP
2017-02-01,28.520000457763672,RAMP
2017-03-01,28.469999313354492,RAMP
2017-04-01,28.899999618530273,RAMP
2017-05-01,26.200000762939453,RAMP
2017-06-01,25.979999542236328,RAMP
2017-07-01,26.969999313354492,RAMP
2017-08-01,23.290000915527344,RAMP
2017-09-01,24.639999389648438,RAMP
2017-10-01,25.15999984741211,RAMP
2017-11-01,27.25,RAMP
2017-12-01,27.559999465942383,RAMP
2018-01-01,27.06999969482422,RAMP
2018-02-01,27.3700008392334,RAMP
2018-03-01,22.709999084472656,RAMP
2018-04-01,25.979999542236328,RAMP
2018-05-01,29.290000915527344,RAMP
2018-06-01,29.950000762939453,RAMP
2018-07-01,40.540000915527344,RAMP
2018-08-01,45.689998626708984,RAMP
2018-09-01,49.40999984741211,RAMP
2018-10-01,45.68000030517578,RAMP
2018-11-01,47.29999923706055,RAMP
2018-12-01,38.630001068115234,RAMP
2019-01-01,43.439998626708984,RAMP
2019-02-01,53.75,RAMP
2019-03-01,54.56999969482422,RAMP
2019-04-01,58.33000183105469,RAMP
2019-05-01,51.380001068115234,RAMP
2019-06-01,48.47999954223633,RAMP
2019-07-01,52.689998626708984,RAMP
2019-08-01,42.36000061035156,RAMP
2019-09-01,42.959999084472656,RAMP
2019-10-01,39.09000015258789,RAMP
2019-11-01,50.09000015258789,RAMP
2019-12-01,48.06999969482422,RAMP
2020-01-01,40.2400016784668,RAMP
2020-02-01,35.439998626708984,RAMP
2020-03-01,32.91999816894531,RAMP
2020-04-01,37.86000061035156,RAMP
2020-05-01,50.43000030517578,RAMP
2020-06-01,42.470001220703125,RAMP
2020-07-01,45.56999969482422,RAMP
2020-08-01,55.84000015258789,RAMP
2020-09-01,51.77000045776367,RAMP
2020-10-01,66.08999633789062,RAMP
2020-11-01,58.5099983215332,RAMP
2020-12-01,73.19000244140625,RAMP
2021-01-01,75.70999908447266,RAMP
2021-02-01,63.15999984741211,RAMP
2021-03-01,51.880001068115234,RAMP
2021-04-01,48.97999954223633,RAMP
2021-05-01,50.2400016784668,RAMP
2021-06-01,46.849998474121094,RAMP
2021-07-01,40.0099983215332,RAMP
2021-08-01,49.0,RAMP
2021-09-01,47.22999954223633,RAMP
2021-10-01,53.5099983215332,RAMP
2021-11-01,46.93000030517578,RAMP
2021-12-01,47.95000076293945,RAMP
2022-01-01,44.650001525878906,RAMP
2022-02-01,43.15999984741211,RAMP
2022-03-01,37.38999938964844,RAMP
2022-04-01,31.31999969482422,RAMP
2022-05-01,25.600000381469727,RAMP
2022-06-01,25.809999465942383,RAMP
2022-07-01,26.610000610351562,RAMP
2022-08-01,19.850000381469727,RAMP
2022-09-01,18.15999984741211,RAMP
2022-10-01,18.360000610351562,RAMP
2022-11-01,21.959999084472656,RAMP
2022-12-01,23.440000534057617,RAMP
2023-01-01,26.760000228881836,RAMP
2023-02-01,23.6299991607666,RAMP
2023-03-01,21.93000030517578,RAMP
2023-04-01,24.09000015258789,RAMP
2023-05-01,24.34000015258789,RAMP
2023-06-01,28.559999465942383,RAMP
2023-07-01,28.540000915527344,RAMP
2023-08-01,32.34000015258789,RAMP
2023-09-01,28.84000015258789,RAMP
2023-10-01,27.65999984741211,RAMP
2023-11-01,33.15999984741211,RAMP
2023-12-01,37.880001068115234,RAMP
2024-01-01,39.47999954223633,RAMP
2024-02-01,34.97999954223633,RAMP
2024-03-01,34.5,RAMP
2024-04-01,32.11000061035156,RAMP
2024-05-01,31.290000915527344,RAMP
2024-06-01,30.940000534057617,RAMP
2024-07-01,30.280000686645508,RAMP
2024-08-01,25.920000076293945,RAMP
2024-09-01,24.780000686645508,RAMP
2024-10-01,25.030000686645508,RAMP
2024-11-01,30.360000610351562,RAMP
2024-12-01,30.3700008392334,RAMP
2025-01-01,34.0,RAMP
2025-02-01,29.8799991607666,RAMP
2025-03-01,26.139999389648438,RAMP
2025-04-01,26.15999984741211,RAMP
2025-05-01,32.58000183105469,RAMP
2025-06-01,33.040000915527344,RAMP
2025-07-01,32.81999969482422,RAMP
2025-08-01,27.920000076293945,RAMP
2025-09-01,27.139999389648438,RAMP
2025-10-01,27.34000015258789,RAMP
2025-11-01,28.850000381469727,RAMP
2025-12-01,29.3700008392334,RAMP
2026-01-01,24.350000381469727,RAMP
2017-01-01,,RXT
2017-02-01,,RXT
2017-03-01,,RXT
2017-04-01,,RXT
2017-05-01,,RXT
2017-06-01,,RXT
2017-07-01,,RXT
2017-08-01,,RXT
2017-09-01,,RXT
2017-10-01,,RXT
2017-11-01,,RXT
2017-12-01,,RXT
2018-01-01,,RXT
2018-02-01,,RXT
2018-03-01,,RXT
2018-04-01,,RXT
2018-05-01,,RXT
2018-06-01,,RXT
2018-07-01,,RXT
2018-08-01,,RXT
2018-09-01,,RXT
2018-10-01,,RXT
2018-11-01,,RXT
2018-12-01,,RXT
2019-01-01,,RXT
2019-02-01,,RXT
2019-03-01,,RXT
2019-04-01,,RXT
2019-05-01,,RXT
2019-06-01,,RXT
2019-07-01,,RXT
2019-08-01,,RXT
2019-09-01,,RXT
2019-10-01,,RXT
2019-11-01,,RXT
2019-12-01,,RXT
2020-01-01,,RXT
2020-02-01,,RXT
2020-03-01,,RXT
2020-04-01,,RXT
2020-05-01,,RXT
2020-06-01,,RXT
2020-07-01,,RXT
2020-08-01,21.350000381469727,RXT
2020-09-01,19.290000915527344,RXT
2020-10-01,15.75,RXT
2020-11-01,17.959999084472656,RXT
2020-12-01,19.059999465942383,RXT
2021-01-01,23.110000610351562,RXT
2021-02-01,21.020000457763672,RXT
2021-03-01,23.780000686645508,RXT
2021-04-01,24.8700008392334,RXT
2021-05-01,20.18000030517578,RXT
2021-06-01,19.610000610351562,RXT
2021-07-01,17.75,RXT
2021-08-01,13.970000267028809,RXT
2021-09-01,14.220000267028809,RXT
2021-10-01,13.289999961853027,RXT
2021-11-01,14.260000228881836,RXT
2021-12-01,13.470000267028809,RXT
2022-01-01,12.510000228881836,RXT
2022-02-01,11.130000114440918,RXT
2022-03-01,11.15999984741211,RXT
2022-04-01,9.890000343322754,RXT
2022-05-01,9.229999542236328,RXT
2022-06-01,7.170000076293945,RXT
2022-07-01,6.739999771118164,RXT
2022-08-01,4.460000038146973,RXT
2022-09-01,4.079999923706055,RXT
2022-10-01,5.150000095367432,RXT
2022-11-01,4.880000114440918,RXT
2022-12-01,2.950000047683716,RXT
2023-01-01,3.0,RXT
2023-02-01,2.3499999046325684,RXT
2023-03-01,1.8799999952316284,RXT
2023-04-01,1.4600000381469727,RXT
2023-05-01,1.559999942779541,RXT
2023-06-01,2.7200000286102295,RXT
2023-07-01,2.319999933242798,RXT
2023-08-01,2.5,RXT
2023-09-01,2.3499999046325684,RXT
2023-10-01,1.2200000286102295,RXT
2023-11-01,1.2599999904632568,RXT
2023-12-01,2.0,RXT
2024-01-01,1.6799999475479126,RXT
2024-02-01,2.109999895095825,RXT
2024-03-01,1.5800000429153442,RXT
2024-04-01,1.7200000286102295,RXT
2024-05-01,1.9600000381469727,RXT
2024-06-01,2.9800000190734863,RXT
2024-07-01,2.3399999141693115,RXT
2024-08-01,2.299999952316284,RXT
2024-09-01,2.450000047683716,RXT
2024-10-01,2.384999990463257,RXT
2024-11-01,2.680000066757202,RXT
2024-12-01,2.2100000381469727,RXT
2025-01-01,2.630000114440918,RXT
2025-02-01,2.369999885559082,RXT
2025-03-01,1.690000057220459,RXT
2025-04-01,1.3600000143051147,RXT
2025-05-01,1.1399999856948853,RXT
2025-06-01,1.2799999713897705,RXT
2025-07-01,1.2100000381469727,RXT
2025-08-01,1.2599999904632568,RXT
2025-09-01,1.409999966621399,RXT
2025-10-01,1.600000023841858,RXT
2025-11-01,1.059999942779541,RXT
2025-12-01,0.9710000157356262,RXT
2026-01-01,0.6119999885559082,RXT
2017-01-01,,SKIL
2017-02-01,,SKIL
2017-03-01,,SKIL
2017-04-01,,SKIL
2017-05-01,,SKIL
2017-06-01,,SKIL
2017-07-01,,SKIL
2017-08-01,,SKIL
2017-09-01,,SKIL
2017-10-01,,SKIL
2017-11-01,,SKIL
2017-12-01,,SKIL
2018-01-01,,SKIL
2018-02-01,,SKIL
2018-03-01,,SKIL
2018-04-01,,SKIL
2018-05-01,,SKIL
2018-06-01,,SKIL
2018-07-01,,SKIL
2018-08-01,,SKIL
2018-09-01,,SKIL
2018-10-01,,SKIL
2018-11-01,,SKIL
2018-12-01,,SKIL
2019-01-01,,SKIL
2019-02-01,,SKIL
2019-03-01,,SKIL
2019-04-01,,SKIL
2019-05-01,,SKIL
2019-06-01,,SKIL
2019-07-01,198.60000610351562,SKIL
2019-08-01,199.0,SKIL
2019-09-01,200.39999389648438,SKIL
2019-10-01,204.22000122070312,SKIL
2019-11-01,204.89999389648438,SKIL
2019-12-01,206.52000427246094,SKIL
2020-01-01,217.0,SKIL
2020-02-01,213.1999969482422,SKIL
2020-03-01,199.0,SKIL
2020-04-01,201.39999389648438,SKIL
2020-05-01,209.0,SKIL
2020-06-01,226.0,SKIL
2020-07-01,212.8000030517578,SKIL
2020-08-01,209.8000030517578,SKIL
2020-09-01,211.0,SKIL
2020-10-01,199.39999389648438,SKIL
2020-11-01,200.8000030517578,SKIL
2020-12-01,207.0,SKIL
2021-01-01,202.1999969482422,SKIL
2021-02-01,200.8000030517578,SKIL
2021-03-01,200.0,SKIL
2021-04-01,199.39999389648438,SKIL
2021-05-01,201.60000610351562,SKIL
2021-06-01,197.0,SKIL
2021-07-01,174.0,SKIL
2021-08-01,193.60000610351562,SKIL
2021-09-01,233.8000030517578,SKIL
2021-10-01,242.60000610351562,SKIL
2021-11-01,234.8000030517578,SKIL
2021-12-01,183.0,SKIL
2022-01-01,148.39999389648438,SKIL
2022-02-01,129.60000610351562,SKIL
2022-03-01,120.80000305175781,SKIL
2022-04-01,107.0,SKIL
2022-05-01,117.19999694824219,SKIL
2022-06-01,70.4000015258789,SKIL
2022-07-01,76.80000305175781,SKIL
2022-08-01,64.4000015258789,SKIL
2022-09-01,36.599998474121094,SKIL
2022-10-01,35.79999923706055,SKIL
2022-11-01,38.400001525878906,SKIL
2022-12-01,26.0,SKIL
2023-01-01,38.400001525878906,SKIL
2023-02-01,31.200000762939453,SKIL
2023-03-01,40.0,SKIL
2023-04-01,24.600000381469727,SKIL
2023-05-01,31.0,SKIL
2023-06-01,24.799999237060547,SKIL
2023-07-01,26.399999618530273,SKIL
2023-08-01,26.200000762939453,SKIL
2023-09-01,17.719999313354492,SKIL
2023-10-01,18.799999237060547,SKIL
2023-11-01,19.139999389648438,SKIL
2023-12-01,17.579999923706055,SKIL
2024-01-01,14.020000457763672,SKIL
2024-02-01,12.199999809265137,SKIL
2024-03-01,9.0,SKIL
2024-04-01,7.190000057220459,SKIL
2024-05-01,9.65999984741211,SKIL
2024-06-01,13.829999923706055,SKIL
2024-07-01,17.200000762939453,SKIL
2024-08-01,15.100000381469727,SKIL
2024-09-01,15.5,SKIL
2024-10-01,15.270000457763672,SKIL
2024-11-01,15.3100004196167,SKIL
2024-12-01,23.959999084472656,SKIL
2025-01-01,30.0,SKIL
2025-02-01,25.8799991607666,SKIL
2025-03-01,19.239999771118164,SKIL
2025-04-01,19.1299991607666,SKIL
2025-05-01,20.0,SKIL
2025-06-01,15.970000267028809,SKIL
2025-07-01,14.260000228881836,SKIL
2025-08-01,15.369999885559082,SKIL
2025-09-01,13.020000457763672,SKIL
2025-10-01,13.130000114440918,SKIL
2025-11-01,9.989999771118164,SKIL
2025-12-01,9.300000190734863,SKIL
2026-01-01,9.050000190734863,SKIL
2017-01-01,32.95000076293945,SMTC
2017-02-01,33.45000076293945,SMTC
2017-03-01,33.79999923706055,SMTC
2017-04-01,34.150001525878906,SMTC
2017-05-01,38.20000076293945,SMTC
2017-06-01,35.75,SMTC
2017-07-01,39.599998474121094,SMTC
2017-08-01,37.599998474121094,SMTC
2017-09-01,37.54999923706055,SMTC
2017-10-01,41.04999923706055,SMTC
2017-11-01,34.04999923706055,SMTC
2017-12-01,34.20000076293945,SMTC
2018-01-01,35.79999923706055,SMTC
2018-02-01,33.650001525878906,SMTC
2018-03-01,39.04999923706055,SMTC
2018-04-01,39.29999923706055,SMTC
2018-05-01,48.400001525878906,SMTC
2018-06-01,47.04999923706055,SMTC
2018-07-01,47.45000076293945,SMTC
2018-08-01,59.75,SMTC
2018-09-01,55.599998474121094,SMTC
2018-10-01,44.939998626708984,SMTC
2018-11-01,53.34000015258789,SMTC
2018-12-01,45.869998931884766,SMTC
2019-01-01,48.560001373291016,SMTC
2019-02-01,55.040000915527344,SMTC
2019-03-01,50.90999984741211,SMTC
2019-04-01,53.869998931884766,SMTC
2019-05-01,39.83000183105469,SMTC
2019-06-01,48.04999923706055,SMTC
2019-07-01,52.869998931884766,SMTC
2019-08-01,41.970001220703125,SMTC
2019-09-01,48.61000061035156,SMTC
2019-10-01,50.459999084472656,SMTC
2019-11-01,48.459999084472656,SMTC
2019-12-01,52.900001525878906,SMTC
2020-01-01,48.189998626708984,SMTC
2020-02-01,39.4900016784668,SMTC
2020-03-01,37.5,SMTC
2020-04-01,45.2400016784668,SMTC
2020-05-01,53.18000030517578,SMTC
2020-06-01,52.220001220703125,SMTC
2020-07-01,55.72999954223633,SMTC
2020-08-01,58.650001525878906,SMTC
2020-09-01,52.959999084472656,SMTC
2020-10-01,54.88999938964844,SMTC
2020-11-01,67.47000122070312,SMTC
2020-12-01,72.08999633789062,SMTC
2021-01-01,70.94999694824219,SMTC
2021-02-01,73.30999755859375,SMTC
2021-03-01,69.0,SMTC
2021-04-01,67.73999786376953,SMTC
2021-05-01,63.0,SMTC
2021-06-01,68.80000305175781,SMTC
2021-07-01,61.90999984741211,SMTC
2021-08-01,69.91999816894531,SMTC
2021-09-01,77.97000122070312,SMTC
2021-10-01,85.02999877929688,SMTC
2021-11-01,85.66999816894531,SMTC
2021-12-01,88.93000030517578,SMTC
2022-01-01,71.0999984741211,SMTC
2022-02-01,69.37999725341797,SMTC
2022-03-01,69.33999633789062,SMTC
2022-04-01,59.599998474121094,SMTC
2022-05-01,64.08999633789062,SMTC
2022-06-01,54.970001220703125,SMTC
2022-07-01,62.33000183105469,SMTC
2022-08-01,46.189998626708984,SMTC
2022-09-01,29.40999984741211,SMTC
2022-10-01,27.690000534057617,SMTC
2022-11-01,30.739999771118164,SMTC
2022-12-01,28.690000534057617,SMTC
2023-01-01,33.029998779296875,SMTC
2023-02-01,30.809999465942383,SMTC
2023-03-01,24.139999389648438,SMTC
2023-04-01,19.489999771118164,SMTC
2023-05-01,21.739999771118164,SMTC
2023-06-01,25.459999084472656,SMTC
2023-07-01,29.200000762939453,SMTC
2023-08-01,26.149999618530273,SMTC
2023-09-01,25.75,SMTC
2023-10-01,13.960000038146973,SMTC
2023-11-01,16.3700008392334,SMTC
2023-12-01,21.90999984741211,SMTC
2024-01-01,19.84000015258789,SMTC
2024-02-01,21.200000762939453,SMTC
2024-03-01,27.489999771118164,SMTC
2024-04-01,37.619998931884766,SMTC
2024-05-01,38.88999938964844,SMTC
2024-06-01,29.8799991607666,SMTC
2024-07-01,31.719999313354492,SMTC
2024-08-01,43.81999969482422,SMTC
2024-09-01,45.65999984741211,SMTC
2024-10-01,44.189998626708984,SMTC
2024-11-01,64.04000091552734,SMTC
2024-12-01,61.849998474121094,SMTC
2025-01-01,66.95999908447266,SMTC
2025-02-01,38.189998626708984,SMTC
2025-03-01,34.400001525878906,SMTC
2025-04-01,31.25,SMTC
2025-05-01,37.33000183105469,SMTC
2025-06-01,45.13999938964844,SMTC
2025-07-01,51.099998474121094,SMTC
2025-08-01,58.09000015258789,SMTC
2025-09-01,71.44999694824219,SMTC
2025-10-01,67.86000061035156,SMTC
2025-11-01,74.16000366210938,SMTC
2025-12-01,73.69000244140625,SMTC
2026-01-01,79.75,SMTC
2017-01-01,74.3930892944336,SWKS
2017-02-01,76.8825912475586,SWKS
2017-03-01,79.45320892333984,SWKS
2017-04-01,80.88038635253906,SWKS
2017-05-01,86.54156494140625,SWKS
2017-06-01,78.01994323730469,SWKS
2017-07-01,85.27306365966797,SWKS
2017-08-01,85.94165802001953,SWKS
2017-09-01,83.11936950683594,SWKS
2017-10-01,92.87506103515625,SWKS
2017-11-01,85.6851806640625,SWKS
2017-12-01,77.6762466430664,SWKS
2018-01-01,79.52508544921875,SWKS
2018-02-01,89.64431762695312,SWKS
2018-03-01,82.26763153076172,SWKS
2018-04-01,71.19029235839844,SWKS
2018-05-01,81.17750549316406,SWKS
2018-06-01,79.56396484375,SWKS
2018-07-01,77.85991668701172,SWKS
2018-08-01,75.45967864990234,SWKS
2018-09-01,74.9720687866211,SWKS
2018-10-01,71.70736694335938,SWKS
2018-11-01,60.47006607055664,SWKS
2018-12-01,55.69194412231445,SWKS
2019-01-01,60.694435119628906,SWKS
2019-02-01,68.17173767089844,SWKS
2019-03-01,68.8563232421875,SWKS
2019-04-01,73.61477661132812,SWKS
2019-05-01,55.92616271972656,SWKS
2019-06-01,64.85688781738281,SWKS
2019-07-01,71.58011627197266,SWKS
2019-08-01,63.55841827392578,SWKS
2019-09-01,66.91915893554688,SWKS
2019-10-01,76.89156341552734,SWKS
2019-11-01,83.00507354736328,SWKS
2019-12-01,102.53068542480469,SWKS
2020-01-01,95.97407531738281,SWKS
2020-02-01,85.30232238769531,SWKS
2020-03-01,76.10623931884766,SWKS
2020-04-01,88.45280456542969,SWKS
2020-05-01,101.33181762695312,SWKS
2020-06-01,109.29886627197266,SWKS
2020-07-01,124.44645690917969,SWKS
2020-08-01,124.25276184082031,SWKS
2020-09-01,124.81037139892578,SWKS
2020-10-01,121.19898986816406,SWKS
2020-11-01,121.5277099609375,SWKS
2020-12-01,131.60836791992188,SWKS
2021-01-01,145.70068359375,SWKS
2021-02-01,153.48480224609375,SWKS
2021-03-01,158.3701934814453,SWKS
2021-04-01,156.51443481445312,SWKS
2021-05-01,147.17974853515625,SWKS
2021-06-01,166.01016235351562,SWKS
2021-07-01,159.74200439453125,SWKS
2021-08-01,159.31944274902344,SWKS
2021-09-01,143.0974578857422,SWKS
2021-10-01,145.13821411132812,SWKS
2021-11-01,132.16436767578125,SWKS
2021-12-01,135.19708251953125,SWKS
2022-01-01,127.68512725830078,SWKS
2022-02-01,120.90479278564453,SWKS
2022-03-01,116.6258316040039,SWKS
2022-04-01,99.14246368408203,SWKS
2022-05-01,95.78679656982422,SWKS
2022-06-01,81.50719451904297,SWKS
2022-07-01,95.79558563232422,SWKS
2022-08-01,87.22459411621094,SWKS
2022-09-01,75.47073364257812,SWKS
2022-10-01,76.12568664550781,SWKS
2022-11-01,85.19125366210938,SWKS
2022-12-01,81.19093322753906,SWKS
2023-01-01,97.70889282226562,SWKS
2023-02-01,99.95437622070312,SWKS
2023-03-01,105.69702911376953,SWKS
2023-04-01,94.87470245361328,SWKS
2023-05-01,93.31217193603516,SWKS
2023-06-01,99.78480529785156,SWKS
2023-07-01,103.10223388671875,SWKS
2023-08-01,98.66349792480469,SWKS
2023-09-01,89.45405578613281,SWKS
2023-10-01,78.70214080810547,SWKS
2023-11-01,88.58737182617188,SWKS
2023-12-01,102.74417114257812,SWKS
2024-01-01,95.46928405761719,SWKS
2024-02-01,96.51132202148438,SWKS
2024-03-01,99.63885498046875,SWKS
2024-04-01,98.04747772216797,SWKS
2024-05-01,85.8575210571289,SWKS
2024-06-01,98.75560760498047,SWKS
2024-07-01,105.27876281738281,SWKS
2024-08-01,102.2067642211914,SWKS
2024-09-01,92.11572265625,SWKS
2024-10-01,81.67961120605469,SWKS
2024-11-01,81.6889419555664,SWKS
2024-12-01,83.36497497558594,SWKS
2025-01-01,83.44017791748047,SWKS
2025-02-01,63.32426452636719,SWKS
2025-03-01,61.395843505859375,SWKS
2025-04-01,61.06336212158203,SWKS
2025-05-01,66.24393463134766,SWKS
2025-06-01,71.51234436035156,SWKS
2025-07-01,65.77371215820312,SWKS
2025-08-01,72.58680725097656,SWKS
2025-09-01,74.56275177001953,SWKS
2025-10-01,75.27950286865234,SWKS
2025-11-01,64.60533905029297,SWKS
2025-12-01,62.11713409423828,SWKS
2026-01-01,54.62310791015625,SWKS
2017-01-01,,TLS
2017-02-01,,TLS
2017-03-01,,TLS
2017-04-01,,TLS
2017-05-01,,TLS
2017-06-01,,TLS
2017-07-01,,TLS
2017-08-01,,TLS
2017-09-01,,TLS
2017-10-01,,TLS
2017-11-01,,TLS
2017-12-01,,TLS
2018-01-01,,TLS
2018-02-01,,TLS
2018-03-01,,TLS
2018-04-01,,TLS
2018-05-01,,TLS
2018-06-01,,TLS
2018-07-01,,TLS
2018-08-01,,TLS
2018-09-01,,TLS
2018-10-01,,TLS
2018-11-01,,TLS
2018-12-01,,TLS
2019-01-01,,TLS
2019-02-01,,TLS
2019-03-01,,TLS
2019-04-01,,TLS
2019-05-01,,TLS
2019-06-01,,TLS
2019-07-01,,TLS
2019-08-01,,TLS
2019-09-01,,TLS
2019-10-01,,TLS
2019-11-01,,TLS
2019-12-01,,TLS
2020-01-01,,TLS
2020-02-01,,TLS
2020-03-01,,TLS
2020-04-01,,TLS
2020-05-01,,TLS
2020-06-01,,TLS
2020-07-01,,TLS
2020-08-01,,TLS
2020-09-01,,TLS
2020-10-01,,TLS
2020-11-01,20.06999969482422,TLS
2020-12-01,32.97999954223633,TLS
2021-01-01,35.29999923706055,TLS
2021-02-01,33.31999969482422,TLS
2021-03-01,37.91999816894531,TLS
2021-04-01,33.18000030517578,TLS
2021-05-01,32.880001068115234,TLS
2021-06-01,34.0099983215332,TLS
2021-07-01,28.020000457763672,TLS
2021-08-01,33.0,TLS
2021-09-01,28.420000076293945,TLS
2021-10-01,25.90999984741211,TLS
2021-11-01,15.75,TLS
2021-12-01,15.420000076293945,TLS
2022-01-01,11.6899995803833,TLS
2022-02-01,11.420000076293945,TLS
2022-03-01,9.970000267028809,TLS
2022-04-01,7.789999961853027,TLS
2022-05-01,9.630000114440918,TLS
2022-06-01,8.079999923706055,TLS
2022-07-01,7.940000057220459,TLS
2022-08-01,9.899999618530273,TLS
2022-09-01,8.890000343322754,TLS
2022-10-01,10.600000381469727,TLS
2022-11-01,4.099999904632568,TLS
2022-12-01,5.090000152587891,TLS
2023-01-01,4.849999904632568,TLS
2023-02-01,3.869999885559082,TLS
2023-03-01,2.5299999713897705,TLS
2023-04-01,1.7000000476837158,TLS
2023-05-01,3.2100000381469727,TLS
2023-06-01,2.559999942779541,TLS
2023-07-01,2.509999990463257,TLS
2023-08-01,2.609999895095825,TLS
2023-09-01,2.390000104904175,TLS
2023-10-01,2.319999933242798,TLS
2023-11-01,4.110000133514404,TLS
2023-12-01,3.6500000953674316,TLS
2024-01-01,4.039999961853027,TLS
2024-02-01,3.6700000762939453,TLS
2024-03-01,4.159999847412109,TLS
2024-04-01,3.440000057220459,TLS
2024-05-01,4.53000020980835,TLS
2024-06-01,4.019999980926514,TLS
2024-07-01,4.300000190734863,TLS
2024-08-01,3.6500000953674316,TLS
2024-09-01,3.5899999141693115,TLS
2024-10-01,3.509999990463257,TLS
2024-11-01,3.4000000953674316,TLS
2024-12-01,3.4200000762939453,TLS
2025-01-01,3.109999895095825,TLS
2025-02-01,2.990000009536743,TLS
2025-03-01,2.380000114440918,TLS
2025-04-01,2.7300000190734863,TLS
2025-05-01,2.5199999809265137,TLS
2025-06-01,3.1700000762939453,TLS
2025-07-01,2.569999933242798,TLS
2025-08-01,6.179999828338623,TLS
2025-09-01,6.840000152587891,TLS
2025-10-01,6.860000133514404,TLS
2025-11-01,5.78000020980835,TLS
2025-12-01,5.099999904632568,TLS
2026-01-01,5.460000038146973,TLS
2017-01-01,47.04267883300781,TRIP
2017-02-01,36.878257751464844,TRIP
2017-03-01,38.381134033203125,TRIP
2017-04-01,40.02629089355469,TRIP
2017-05-01,34.24599838256836,TRIP
2017-06-01,33.9703254699707,TRIP
2017-07-01,34.69953155517578,TRIP
2017-08-01,37.99874496459961,TRIP
2017-09-01,36.042335510253906,TRIP
2017-10-01,33.34783172607422,TRIP
2017-11-01,30.786718368530273,TRIP
2017-12-01,30.644433975219727,TRIP
2018-01-01,30.8311824798584,TRIP
2018-02-01,35.64216613769531,TRIP
2018-03-01,36.36247634887695,TRIP
2018-04-01,33.27668762207031,TRIP
2018-05-01,46.366825103759766,TRIP
2018-06-01,49.54153823852539,TRIP
2018-07-01,51.569091796875,TRIP
2018-08-01,48.29655456542969,TRIP
2018-09-01,45.41530227661133,TRIP
2018-10-01,46.366825103759766,TRIP
2018-11-01,56.96699142456055,TRIP
2018-12-01,47.96752166748047,TRIP
2019-01-01,51.02663040161133,TRIP
2019-02-01,47.282779693603516,TRIP
2019-03-01,45.75322723388672,TRIP
2019-04-01,47.33613586425781,TRIP
2019-05-01,37.58967971801758,TRIP
2019-06-01,41.16456604003906,TRIP
2019-07-01,39.26151657104492,TRIP
2019-08-01,33.7835807800293,TRIP
2019-09-01,34.397178649902344,TRIP
2019-10-01,35.926734924316406,TRIP
2019-11-01,28.399999618530273,TRIP
2019-12-01,30.3799991607666,TRIP
2020-01-01,27.31999969482422,TRIP
2020-02-01,23.450000762939453,TRIP
2020-03-01,17.389999389648438,TRIP
2020-04-01,19.969999313354492,TRIP
2020-05-01,19.280000686645508,TRIP
2020-06-01,19.010000228881836,TRIP
2020-07-01,20.229999542236328,TRIP
2020-08-01,23.3700008392334,TRIP
2020-09-01,19.59000015258789,TRIP
2020-10-01,19.110000610351562,TRIP
2020-11-01,26.100000381469727,TRIP
2020-12-01,28.780000686645508,TRIP
2021-01-01,30.969999313354492,TRIP
2021-02-01,49.619998931884766,TRIP
2021-03-01,53.790000915527344,TRIP
2021-04-01,47.130001068115234,TRIP
2021-05-01,43.45000076293945,TRIP
2021-06-01,40.29999923706055,TRIP
2021-07-01,37.95000076293945,TRIP
2021-08-01,35.0,TRIP
2021-09-01,33.849998474121094,TRIP
2021-10-01,32.970001220703125,TRIP
2021-11-01,25.860000610351562,TRIP
2021-12-01,27.260000228881836,TRIP
2022-01-01,27.149999618530273,TRIP
2022-02-01,25.440000534057617,TRIP
2022-03-01,27.1200008392334,TRIP
2022-04-01,25.670000076293945,TRIP
2022-05-01,24.84000015258789,TRIP
2022-06-01,17.799999237060547,TRIP
2022-07-01,19.010000228881836,TRIP
2022-08-01,23.799999237060547,TRIP
2022-09-01,22.079999923706055,TRIP
2022-10-01,23.6200008392334,TRIP
2022-11-01,20.389999389648438,TRIP
2022-12-01,17.979999542236328,TRIP
2023-01-01,23.299999237060547,TRIP
2023-02-01,21.56999969482422,TRIP
2023-03-01,19.860000610351562,TRIP
2023-04-01,17.729999542236328,TRIP
2023-05-01,15.5600004196167,TRIP
2023-06-01,16.489999771118164,TRIP
2023-07-01,18.649999618530273,TRIP
2023-08-01,15.109999656677246,TRIP
2023-09-01,16.579999923706055,TRIP
2023-10-01,14.760000228881836,TRIP
2023-11-01,17.829999923706055,TRIP
2023-12-01,21.530000686645508,TRIP
2024-01-01,21.600000381469727,TRIP
2024-02-01,26.81999969482422,TRIP
2024-03-01,27.790000915527344,TRIP
2024-04-01,26.329999923706055,TRIP
2024-05-01,18.350000381469727,TRIP
2024-06-01,17.809999465942383,TRIP
2024-07-01,17.6299991607666,TRIP
2024-08-01,14.510000228881836,TRIP
2024-09-01,14.489999771118164,TRIP
2024-10-01,16.040000915527344,TRIP
2024-11-01,14.329999923706055,TRIP
2024-12-01,14.770000457763672,TRIP
2025-01-01,17.559999465942383,TRIP
2025-02-01,14.800000190734863,TRIP
2025-03-01,14.170000076293945,TRIP
2025-04-01,12.449999809265137,TRIP
2025-05-01,14.239999771118164,TRIP
2025-06-01,13.050000190734863,TRIP
2025-07-01,17.489999771118164,TRIP
2025-08-01,17.420000076293945,TRIP
2025-09-01,16.260000228881836,TRIP
2025-10-01,16.059999465942383,TRIP
2025-11-01,14.869999885559082,TRIP
2025-12-01,14.5600004196167,TRIP
2026-01-01,13.289999961853027,TRIP
2017-01-01,,VERX
2017-02-01,,VERX
2017-03-01,,VERX
2017-04-01,,VERX
2017-05-01,,VERX
2017-06-01,,VERX
2017-07-01,,VERX
2017-08-01,,VERX
2017-09-01,,VERX
2017-10-01,,VERX
2017-11-01,,VERX
2017-12-01,,VERX
2018-01-01,,VERX
2018-02-01,,VERX
2018-03-01,,VERX
2018-04-01,,VERX
2018-05-01,,VERX
2018-06-01,,VERX
2018-07-01,,VERX
2018-08-01,,VERX
2018-09-01,,VERX
2018-10-01,,VERX
2018-11-01,,VERX
2018-12-01,,VERX
2019-01-01,,VERX
2019-02-01,,VERX
2019-03-01,,VERX
2019-04-01,,VERX
2019-05-01,,VERX
2019-06-01,,VERX
2019-07-01,,VERX
2019-08-01,,VERX
2019-09-01,,VERX
2019-10-01,,VERX
2019-11-01,,VERX
2019-12-01,,VERX
2020-01-01,,VERX
2020-02-01,,VERX
2020-03-01,,VERX
2020-04-01,,VERX
2020-05-01,,VERX
2020-06-01,,VERX
2020-07-01,23.559999465942383,VERX
2020-08-01,25.610000610351562,VERX
2020-09-01,23.0,VERX
2020-10-01,24.239999771118164,VERX
2020-11-01,25.239999771118164,VERX
2020-12-01,34.849998474121094,VERX
2021-01-01,32.849998474121094,VERX
2021-02-01,30.75,VERX
2021-03-01,21.979999542236328,VERX
2021-04-01,20.43000030517578,VERX
2021-05-01,19.209999084472656,VERX
2021-06-01,21.940000534057617,VERX
2021-07-01,18.899999618530273,VERX
2021-08-01,20.700000762939453,VERX
2021-09-01,19.219999313354492,VERX
2021-10-01,20.81999969482422,VERX
2021-11-01,18.280000686645508,VERX
2021-12-01,15.869999885559082,VERX
2022-01-01,14.510000228881836,VERX
2022-02-01,13.930000305175781,VERX
2022-03-01,15.34000015258789,VERX
2022-04-01,14.229999542236328,VERX
2022-05-01,11.0600004196167,VERX
2022-06-01,11.329999923706055,VERX
2022-07-01,11.25,VERX
2022-08-01,13.680000305175781,VERX
2022-09-01,13.670000076293945,VERX
2022-10-01,18.020000457763672,VERX
2022-11-01,17.18000030517578,VERX
2022-12-01,14.510000228881836,VERX
2023-01-01,13.5,VERX
2023-02-01,15.579999923706055,VERX
2023-03-01,20.690000534057617,VERX
2023-04-01,20.649999618530273,VERX
2023-05-01,21.979999542236328,VERX
2023-06-01,19.5,VERX
2023-07-01,20.760000228881836,VERX
2023-08-01,22.389999389648438,VERX
2023-09-01,23.100000381469727,VERX
2023-10-01,24.209999084472656,VERX
2023-11-01,28.059999465942383,VERX
2023-12-01,26.940000534057617,VERX
2024-01-01,24.260000228881836,VERX
2024-02-01,33.58000183105469,VERX
2024-03-01,31.760000228881836,VERX
2024-04-01,29.1299991607666,VERX
2024-05-01,33.04999923706055,VERX
2024-06-01,36.04999923706055,VERX
2024-07-01,39.650001525878906,VERX
2024-08-01,38.689998626708984,VERX
2024-09-01,38.5099983215332,VERX
2024-10-01,41.5099983215332,VERX
2024-11-01,54.25,VERX
2024-12-01,53.349998474121094,VERX
2025-01-01,57.75,VERX
2025-02-01,32.290000915527344,VERX
2025-03-01,35.0099983215332,VERX
2025-04-01,40.029998779296875,VERX
2025-05-01,39.56999969482422,VERX
2025-06-01,35.334999084472656,VERX
2025-07-01,33.16999816894531,VERX
2025-08-01,25.81999969482422,VERX
2025-09-01,24.790000915527344,VERX
2025-10-01,22.899999618530273,VERX
2025-11-01,19.670000076293945,VERX
2025-12-01,19.969999313354492,VERX
2026-01-01,18.549999237060547,VERX
2017-01-01,8.949999809265137,VIAV
2017-02-01,10.020000457763672,VIAV
2017-03-01,10.720000267028809,VIAV
2017-04-01,10.0,VIAV
2017-05-01,11.229999542236328,VIAV
2017-06-01,10.529999732971191,VIAV
2017-07-01,10.970000267028809,VIAV
2017-08-01,10.039999961853027,VIAV
2017-09-01,9.460000038146973,VIAV
2017-10-01,9.279999732971191,VIAV
2017-11-01,9.369999885559082,VIAV
2017-12-01,8.739999771118164,VIAV
2018-01-01,8.579999923706055,VIAV
2018-02-01,9.619999885559082,VIAV
2018-03-01,9.720000267028809,VIAV
2018-04-01,9.449999809265137,VIAV
2018-05-01,9.510000228881836,VIAV
2018-06-01,10.239999771118164,VIAV
2018-07-01,10.119999885559082,VIAV
2018-08-01,11.199999809265137,VIAV
2018-09-01,11.34000015258789,VIAV
2018-10-01,11.529999732971191,VIAV
2018-11-01,10.140000343322754,VIAV
2018-12-01,10.050000190734863,VIAV
2019-01-01,11.119999885559082,VIAV
2019-02-01,13.130000114440918,VIAV
2019-03-01,12.380000114440918,VIAV
2019-04-01,13.300000190734863,VIAV
2019-05-01,12.050000190734863,VIAV
2019-06-01,13.289999961853027,VIAV
2019-07-01,14.670000076293945,VIAV
2019-08-01,13.890000343322754,VIAV
2019-09-01,14.010000228881836,VIAV
2019-10-01,15.960000038146973,VIAV
2019-11-01,15.020000457763672,VIAV
2019-12-01,15.0,VIAV
2020-01-01,14.100000381469727,VIAV
2020-02-01,13.1899995803833,VIAV
2020-03-01,11.210000038146973,VIAV
2020-04-01,12.079999923706055,VIAV
2020-05-01,11.59000015258789,VIAV
2020-06-01,12.739999771118164,VIAV
2020-07-01,13.829999923706055,VIAV
2020-08-01,13.34000015258789,VIAV
2020-09-01,11.729999542236328,VIAV
2020-10-01,12.350000381469727,VIAV
2020-11-01,13.550000190734863,VIAV
2020-12-01,14.979999542236328,VIAV
2021-01-01,15.449999809265137,VIAV
2021-02-01,16.18000030517578,VIAV
2021-03-01,15.699999809265137,VIAV
2021-04-01,16.360000610351562,VIAV
2021-05-01,17.530000686645508,VIAV
2021-06-01,17.65999984741211,VIAV
2021-07-01,16.690000534057617,VIAV
2021-08-01,16.290000915527344,VIAV
2021-09-01,15.739999771118164,VIAV
2021-10-01,15.399999618530273,VIAV
2021-11-01,14.8100004196167,VIAV
2021-12-01,17.6200008392334,VIAV
2022-01-01,16.459999084472656,VIAV
2022-02-01,16.399999618530273,VIAV
2022-03-01,16.079999923706055,VIAV
2022-04-01,14.34000015258789,VIAV
2022-05-01,14.470000267028809,VIAV
2022-06-01,13.229999542236328,VIAV
2022-07-01,14.800000190734863,VIAV
2022-08-01,14.079999923706055,VIAV
2022-09-01,13.050000190734863,VIAV
2022-10-01,15.100000381469727,VIAV
2022-11-01,11.329999923706055,VIAV
2022-12-01,10.510000228881836,VIAV
2023-01-01,11.300000190734863,VIAV
2023-02-01,10.9399995803833,VIAV
2023-03-01,10.829999923706055,VIAV
2023-04-01,8.960000038146973,VIAV
2023-05-01,9.84000015258789,VIAV
2023-06-01,11.329999923706055,VIAV
2023-07-01,10.869999885559082,VIAV
2023-08-01,10.449999809265137,VIAV
2023-09-01,9.140000343322754,VIAV
2023-10-01,7.78000020980835,VIAV
2023-11-01,8.079999923706055,VIAV
2023-12-01,10.069999694824219,VIAV
2024-01-01,9.829999923706055,VIAV
2024-02-01,9.550000190734863,VIAV
2024-03-01,9.09000015258789,VIAV
2024-04-01,7.900000095367432,VIAV
2024-05-01,7.519999980926514,VIAV
2024-06-01,6.869999885559082,VIAV
2024-07-01,8.039999961853027,VIAV
2024-08-01,8.609999656677246,VIAV
2024-09-01,9.020000457763672,VIAV
2024-10-01,9.220000267028809,VIAV
2024-11-01,9.9399995803833,VIAV
2024-12-01,10.100000381469727,VIAV
2025-01-01,12.039999961853027,VIAV
2025-02-01,11.180000305175781,VIAV
2025-03-01,11.1899995803833,VIAV
2025-04-01,10.579999923706055,VIAV
2025-05-01,9.109999656677246,VIAV
2025-06-01,10.069999694824219,VIAV
2025-07-01,10.050000190734863,VIAV
2025-08-01,11.279999732971191,VIAV
2025-09-01,12.6899995803833,VIAV
2025-10-01,17.700000762939453,VIAV
2025-11-01,17.940000534057617,VIAV
2025-12-01,17.81999969482422,VIAV
2026-01-01,24.459999084472656,VIAV
2017-01-01,,WEAV
2017-02-01,,WEAV
2017-03-01,,WEAV
2017-04-01,,WEAV
2017-05-01,,WEAV
2017-06-01,,WEAV
2017-07-01,,WEAV
2017-08-01,,WEAV
2017-09-01,,WEAV
2017-10-01,,WEAV
2017-11-01,,WEAV
2017-12-01,,WEAV
2018-01-01,,WEAV
2018-02-01,,WEAV
2018-03-01,,WEAV
2018-04-01,,WEAV
2018-05-01,,WEAV
2018-06-01,,WEAV
2018-07-01,,WEAV
2018-08-01,,WEAV
2018-09-01,,WEAV
2018-10-01,,WEAV
2018-11-01,,WEAV
2018-12-01,,WEAV
2019-01-01,,WEAV
2019-02-01,,WEAV
2019-03-01,,WEAV
2019-04-01,,WEAV
2019-05-01,,WEAV
2019-06-01,,WEAV
2019-07-01,,WEAV
2019-08-01,,WEAV
2019-09-01,,WEAV
2019-10-01,,WEAV
2019-11-01,,WEAV
2019-12-01,,WEAV
2020-01-01,,WEAV
2020-02-01,,WEAV
2020-03-01,,WEAV
2020-04-01,,WEAV
2020-05-01,,WEAV
2020-06-01,,WEAV
2020-07-01,,WEAV
2020-08-01,,WEAV
2020-09-01,,WEAV
2020-10-01,,WEAV
2020-11-01,,WEAV
2020-12-01,,WEAV
2021-01-01,,WEAV
2021-02-01,,WEAV
2021-03-01,,WEAV
2021-04-01,,WEAV
2021-05-01,,WEAV
2021-06-01,,WEAV
2021-07-01,,WEAV
2021-08-01,,WEAV
2021-09-01,,WEAV
2021-10-01,,WEAV
2021-11-01,17.770000457763672,WEAV
2021-12-01,15.180000305175781,WEAV
2022-01-01,10.0,WEAV
2022-02-01,10.050000190734863,WEAV
2022-03-01,5.960000038146973,WEAV
2022-04-01,4.739999771118164,WEAV
2022-05-01,4.989999771118164,WEAV
2022-06-01,3.0399999618530273,WEAV
2022-07-01,5.010000228881836,WEAV
2022-08-01,5.769999980926514,WEAV
2022-09-01,5.050000190734863,WEAV
2022-10-01,5.5,WEAV
2022-11-01,3.940000057220459,WEAV
2022-12-01,4.579999923706055,WEAV
2023-01-01,5.199999809265137,WEAV
2023-02-01,5.170000076293945,WEAV
2023-03-01,4.96999979019165,WEAV
2023-04-01,4.429999828338623,WEAV
2023-05-01,7.820000171661377,WEAV
2023-06-01,11.109999656677246,WEAV
2023-07-01,12.0,WEAV
2023-08-01,10.210000038146973,WEAV
2023-09-01,8.149999618530273,WEAV
2023-10-01,7.159999847412109,WEAV
2023-11-01,9.4399995803833,WEAV
2023-12-01,11.470000267028809,WEAV
2024-01-01,12.539999961853027,WEAV
2024-02-01,12.529999732971191,WEAV
2024-03-01,11.479999542236328,WEAV
2024-04-01,10.6899995803833,WEAV
2024-05-01,8.649999618530273,WEAV
2024-06-01,9.020000457763672,WEAV
2024-07-01,10.0,WEAV
2024-08-01,11.279999732971191,WEAV
2024-09-01,12.800000190734863,WEAV
2024-10-01,14.020000457763672,WEAV
2024-11-01,13.670000076293945,WEAV
2024-12-01,15.920000076293945,WEAV
2025-01-01,16.31999969482422,WEAV
2025-02-01,12.600000381469727,WEAV
2025-03-01,11.09000015258789,WEAV
2025-04-01,10.600000381469727,WEAV
2025-05-01,9.649999618530273,WEAV
2025-06-01,8.319999694824219,WEAV
2025-07-01,7.300000190734863,WEAV
2025-08-01,7.78000020980835,WEAV
2025-09-01,6.679999828338623,WEAV
2025-10-01,7.409999847412109,WEAV
2025-11-01,6.380000114440918,WEAV
2025-12-01,7.590000152587891,WEAV
2026-01-01,6.5,WEAV
2017-01-01,16.989458084106445,XRX
2017-02-01,18.239763259887695,XRX
2017-03-01,18.150390625,XRX
2017-04-01,17.779468536376953,XRX
2017-05-01,17.482730865478516,XRX
2017-06-01,17.91547966003418,XRX
2017-07-01,19.125225067138672,XRX
2017-08-01,20.12295150756836,XRX
2017-09-01,20.913002014160156,XRX
2017-10-01,19.040950775146484,XRX
2017-11-01,18.632614135742188,XRX
2017-12-01,18.46885108947754,XRX
2018-01-01,21.624074935913086,XRX
2018-02-01,19.21013832092285,XRX
2018-03-01,18.392980575561523,XRX
2018-04-01,20.09935188293457,XRX
2018-05-01,17.370439529418945,XRX
2018-06-01,15.496194839477539,XRX
2018-07-01,16.76817512512207,XRX
2018-08-01,17.98850440979004,XRX
2018-09-01,17.5825138092041,XRX
2018-10-01,18.162511825561523,XRX
2018-11-01,17.543407440185547,XRX
2018-12-01,13.04301929473877,XRX
2019-01-01,18.62062644958496,XRX
2019-02-01,20.396217346191406,XRX
2019-03-01,21.276573181152344,XRX
2019-04-01,22.194700241088867,XRX
2019-05-01,20.36510467529297,XRX
2019-06-01,23.726621627807617,XRX
2019-07-01,21.508743286132812,XRX
2019-08-01,19.42487144470215,XRX
2019-09-01,20.207555770874023,XRX
2019-10-01,22.92351531982422,XRX
2019-11-01,26.30158042907715,XRX
2019-12-01,25.07785415649414,XRX
2020-01-01,24.193639755249023,XRX
2020-02-01,21.901464462280273,XRX
2020-03-01,13.048256874084473,XRX
2020-04-01,12.60045051574707,XRX
2020-05-01,10.940139770507812,XRX
2020-06-01,10.711487770080566,XRX
2020-07-01,11.664241790771484,XRX
2020-08-01,13.212471961975098,XRX
2020-09-01,13.328763961791992,XRX
2020-10-01,12.34170913696289,XRX
2020-11-01,15.544304847717285,XRX
2020-12-01,16.649126052856445,XRX
2021-01-01,15.098365783691406,XRX
2021-02-01,18.29322052001953,XRX
2021-03-01,17.606014251708984,XRX
2021-04-01,17.51170539855957,XRX
2021-05-01,17.011165618896484,XRX
2021-06-01,17.220848083496094,XRX
2021-07-01,17.690040588378906,XRX
2021-08-01,16.502389907836914,XRX
2021-09-01,14.964207649230957,XRX
2021-10-01,13.205896377563477,XRX
2021-11-01,13.665875434875488,XRX
2021-12-01,16.978496551513672,XRX
2022-01-01,15.831096649169922,XRX
2022-02-01,14.781189918518066,XRX
2022-03-01,15.309996604919434,XRX
2022-04-01,13.207435607910156,XRX
2022-05-01,14.285280227661133,XRX
2022-06-01,11.452849388122559,XRX
2022-07-01,13.21126651763916,XRX
2022-08-01,12.817936897277832,XRX
2022-09-01,10.264739036560059,XRX
2022-10-01,11.48112678527832,XRX
2022-11-01,12.79953384399414,XRX
2022-12-01,11.660446166992188,XRX
2023-01-01,13.082060813903809,XRX
2023-02-01,13.169916152954102,XRX
2023-03-01,12.509403228759766,XRX
2023-04-01,12.728724479675293,XRX
2023-05-01,11.429046630859375,XRX
2023-06-01,12.310808181762695,XRX
2023-07-01,13.212002754211426,XRX
2023-08-01,13.137592315673828,XRX
2023-09-01,13.180255889892578,XRX
2023-10-01,10.786137580871582,XRX
2023-11-01,11.752184867858887,XRX
2023-12-01,15.603935241699219,XRX
2024-01-01,15.714597702026367,XRX
2024-02-01,15.876341819763184,XRX
2024-03-01,15.456565856933594,XRX
2024-04-01,11.47585391998291,XRX
2024-05-01,12.140746116638184,XRX
2024-06-01,10.241987228393555,XRX
2024-07-01,9.492788314819336,XRX
2024-08-01,9.986376762390137,XRX
2024-09-01,9.370457649230957,XRX
2024-10-01,7.3753981590271,XRX
2024-11-01,8.251058578491211,XRX
2024-12-01,7.829802989959717,XRX
2025-01-01,7.931970596313477,XRX
2025-02-01,6.157958507537842,XRX
2025-03-01,4.5981550216674805,XRX
2025-04-01,4.198315620422363,XRX
2025-05-01,4.655274868011475,XRX
2025-06-01,5.040903091430664,XRX
2025-07-01,3.873938798904419,XRX
2025-08-01,3.8069818019866943,XRX
2025-09-01,3.620619058609009,XRX
2025-10-01,3.196929454803467,XRX
2025-11-01,2.6769468784332275,XRX
2025-12-01,2.305385112762451,XRX
2026-01-01,2.1302926540374756,XRX
2017-01-01,,ZIP
2017-02-01,,ZIP
2017-03-01,,ZIP
2017-04-01,,ZIP
2017-05-01,,ZIP
2017-06-01,,ZIP
2017-07-01,,ZIP
2017-08-01,,ZIP
2017-09-01,,ZIP
2017-10-01,,ZIP
2017-11-01,,ZIP
2017-12-01,,ZIP
2018-01-01,,ZIP
2018-02-01,,ZIP
2018-03-01,,ZIP
2018-04-01,,ZIP
2018-05-01,,ZIP
2018-06-01,,ZIP
2018-07-01,,ZIP
2018-08-01,,ZIP
2018-09-01,,ZIP
2018-10-01,,ZIP
2018-11-01,,ZIP
2018-12-01,,ZIP
2019-01-01,,ZIP
2019-02-01,,ZIP
2019-03-01,,ZIP
2019-04-01,,ZIP
2019-05-01,,ZIP
2019-06-01,,ZIP
2019-07-01,,ZIP
2019-08-01,,ZIP
2019-09-01,,ZIP
2019-10-01,,ZIP
2019-11-01,,ZIP
2019-12-01,,ZIP
2020-01-01,,ZIP
2020-02-01,,ZIP
2020-03-01,,ZIP
2020-04-01,,ZIP
2020-05-01,,ZIP
2020-06-01,,ZIP
2020-07-01,,ZIP
2020-08-01,,ZIP
2020-09-01,,ZIP
2020-10-01,,ZIP
2020-11-01,,ZIP
2020-12-01,,ZIP
2021-01-01,,ZIP
2021-02-01,,ZIP
2021-03-01,,ZIP
2021-04-01,,ZIP
2021-05-01,21.010000228881836,ZIP
2021-06-01,24.979999542236328,ZIP
2021-07-01,26.079999923706055,ZIP
2021-08-01,25.190000534057617,ZIP
2021-09-01,27.600000381469727,ZIP
2021-10-01,27.780000686645508,ZIP
2021-11-01,27.649999618530273,ZIP
2021-12-01,24.940000534057617,ZIP
2022-01-01,21.690000534057617,ZIP
2022-02-01,19.979999542236328,ZIP
2022-03-01,22.979999542236328,ZIP
2022-04-01,22.510000228881836,ZIP
2022-05-01,17.959999084472656,ZIP
2022-06-01,14.819999694824219,ZIP
2022-07-01,17.530000686645508,ZIP
2022-08-01,16.68000030517578,ZIP
2022-09-01,16.5,ZIP
2022-10-01,16.770000457763672,ZIP
2022-11-01,16.559999465942383,ZIP
2022-12-01,16.420000076293945,ZIP
2023-01-01,19.639999389648438,ZIP
2023-02-01,17.059999465942383,ZIP
2023-03-01,15.9399995803833,ZIP
2023-04-01,16.940000534057617,ZIP
2023-05-01,15.470000267028809,ZIP
2023-06-01,17.760000228881836,ZIP
2023-07-01,18.520000457763672,ZIP
2023-08-01,15.1899995803833,ZIP
2023-09-01,11.989999771118164,ZIP
2023-10-01,10.649999618530273,ZIP
2023-11-01,13.40999984741211,ZIP
2023-12-01,13.899999618530273,ZIP
2024-01-01,13.920000076293945,ZIP
2024-02-01,12.720000267028809,ZIP
2024-03-01,11.489999771118164,ZIP
2024-04-01,10.279999732971191,ZIP
2024-05-01,10.109999656677246,ZIP
2024-06-01,9.09000015258789,ZIP
2024-07-01,9.15999984741211,ZIP
2024-08-01,9.550000190734863,ZIP
2024-09-01,9.5,ZIP
2024-10-01,9.270000457763672,ZIP
2024-11-01,8.859999656677246,ZIP
2024-12-01,7.239999771118164,ZIP
2025-01-01,6.880000114440918,ZIP
2025-02-01,5.599999904632568,ZIP
2025-03-01,5.889999866485596,ZIP
2025-04-01,5.159999847412109,ZIP
2025-05-01,5.96999979019165,ZIP
2025-06-01,5.010000228881836,ZIP
2025-07-01,4.199999809265137,ZIP
2025-08-01,5.0,ZIP
2025-09-01,4.21999979019165,ZIP
2025-10-01,4.650000095367432,ZIP
2025-11-01,4.75,ZIP
2025-12-01,3.9000000953674316,ZIP
2026-01-01,2.4600000381469727,ZIP
2017-01-01,,AIP
2017-02-01,,AIP
2017-03-01,,AIP
2017-04-01,,AIP
2017-05-01,,AIP
2017-06-01,,AIP
2017-07-01,,AIP
2017-08-01,,AIP
2017-09-01,,AIP
2017-10-01,,AIP
2017-11-01,,AIP
2017-12-01,,AIP
2018-01-01,,AIP
2018-02-01,,AIP
2018-03-01,,AIP
2018-04-01,,AIP
2018-05-01,,AIP
2018-06-01,,AIP
2018-07-01,,AIP
2018-08-01,,AIP
2018-09-01,,AIP
2018-10-01,,AIP
2018-11-01,,AIP
2018-12-01,,AIP
2019-01-01,,AIP
2019-02-01,,AIP
2019-03-01,,AIP
2019-04-01,,AIP
2019-05-01,,AIP
2019-06-01,,AIP
2019-07-01,,AIP
2019-08-01,,AIP
2019-09-01,,AIP
2019-10-01,,AIP
2019-11-01,,AIP
2019-12-01,,AIP
2020-01-01,,AIP
2020-02-01,,AIP
2020-03-01,,AIP
2020-04-01,,AIP
2020-05-01,,AIP
2020-06-01,,AIP
2020-07-01,,AIP
2020-08-01,,AIP
2020-09-01,,AIP
2020-10-01,,AIP
2020-11-01,,AIP
2020-12-01,,AIP
2021-01-01,,AIP
2021-02-01,,AIP
2021-03-01,,AIP
2021-04-01,,AIP
2021-05-01,,AIP
2021-06-01,,AIP
2021-07-01,,AIP
2021-08-01,,AIP
2021-09-01,,AIP
2021-10-01,22.350000381469727,AIP
2021-11-01,27.15999984741211,AIP
2021-12-01,21.110000610351562,AIP
2022-01-01,14.789999961853027,AIP
2022-02-01,14.930000305175781,AIP
2022-03-01,13.0,AIP
2022-04-01,11.789999961853027,AIP
2022-05-01,9.279999732971191,AIP
2022-06-01,6.96999979019165,AIP
2022-07-01,8.0600004196167,AIP
2022-08-01,7.119999885559082,AIP
2022-09-01,6.659999847412109,AIP
2022-10-01,5.539999961853027,AIP
2022-11-01,4.949999809265137,AIP
2022-12-01,4.300000190734863,AIP
2023-01-01,6.28000020980835,AIP
2023-02-01,6.570000171661377,AIP
2023-03-01,4.230000019073486,AIP
2023-04-01,3.7200000286102295,AIP
2023-05-01,6.960000038146973,AIP
2023-06-01,6.820000171661377,AIP
2023-07-01,7.590000152587891,AIP
2023-08-01,6.769999980926514,AIP
2023-09-01,6.510000228881836,AIP
2023-10-01,5.449999809265137,AIP
2023-11-01,5.510000228881836,AIP
2023-12-01,5.889999866485596,AIP
2024-01-01,6.190000057220459,AIP
2024-02-01,7.03000020980835,AIP
2024-03-01,7.320000171661377,AIP
2024-04-01,6.630000114440918,AIP
2024-05-01,8.170000076293945,AIP
2024-06-01,7.510000228881836,AIP
2024-07-01,8.1899995803833,AIP
2024-08-01,8.579999923706055,AIP
2024-09-01,7.71999979019165,AIP
2024-10-01,6.809999942779541,AIP
2024-11-01,8.6899995803833,AIP
2024-12-01,10.1899995803833,AIP
2025-01-01,10.619999885559082,AIP
2025-02-01,9.100000381469727,AIP
2025-03-01,6.909999847412109,AIP
2025-04-01,6.659999847412109,AIP
2025-05-01,7.769999980926514,AIP
2025-06-01,9.529999732971191,AIP
2025-07-01,9.859999656677246,AIP
2025-08-01,9.420000076293945,AIP
2025-09-01,10.100000381469727,AIP
2025-10-01,13.609999656677246,AIP
2025-11-01,14.34000015258789,AIP
2025-12-01,15.5,AIP
2026-01-01,15.010000228881836,AIP
2017-01-01,,ALGM
2017-02-01,,ALGM
2017-03-01,,ALGM
2017-04-01,,ALGM
2017-05-01,,ALGM
2017-06-01,,ALGM
2017-07-01,,ALGM
2017-08-01,,ALGM
2017-09-01,,ALGM
2017-10-01,,ALGM
2017-11-01,,ALGM
2017-12-01,,ALGM
2018-01-01,,ALGM
2018-02-01,,ALGM
2018-03-01,,ALGM
2018-04-01,,ALGM
2018-05-01,,ALGM
2018-06-01,,ALGM
2018-07-01,,ALGM
2018-08-01,,ALGM
2018-09-01,,ALGM
2018-10-01,,ALGM
2018-11-01,,ALGM
2018-12-01,,ALGM
2019-01-01,,ALGM
2019-02-01,,ALGM
2019-03-01,,ALGM
2019-04-01,,ALGM
2019-05-01,,ALGM
2019-06-01,,ALGM
2019-07-01,,ALGM
2019-08-01,,ALGM
2019-09-01,,ALGM
2019-10-01,,ALGM
2019-11-01,,ALGM
2019-12-01,,ALGM
2020-01-01,,ALGM
2020-02-01,,ALGM
2020-03-01,,ALGM
2020-04-01,,ALGM
2020-05-01,,ALGM
2020-06-01,,ALGM
2020-07-01,,ALGM
2020-08-01,,ALGM
2020-09-01,,ALGM
2020-10-01,18.299999237060547,ALGM
2020-11-01,23.950000762939453,ALGM
2020-12-01,26.65999984741211,ALGM
2021-01-01,27.920000076293945,ALGM
2021-02-01,26.139999389648438,ALGM
2021-03-01,25.350000381469727,ALGM
2021-04-01,24.68000030517578,ALGM
2021-05-01,26.209999084472656,ALGM
2021-06-01,27.700000762939453,ALGM
2021-07-01,27.40999984741211,ALGM
2021-08-01,30.049999237060547,ALGM
2021-09-01,31.959999084472656,ALGM
2021-10-01,33.36000061035156,ALGM
2021-11-01,31.229999542236328,ALGM
2021-12-01,36.18000030517578,ALGM
2022-01-01,28.3799991607666,ALGM
2022-02-01,28.670000076293945,ALGM
2022-03-01,28.399999618530273,ALGM
2022-04-01,24.309999465942383,ALGM
2022-05-01,25.75,ALGM
2022-06-01,20.690000534057617,ALGM
2022-07-01,24.829999923706055,ALGM
2022-08-01,23.31999969482422,ALGM
2022-09-01,21.850000381469727,ALGM
2022-10-01,25.40999984741211,ALGM
2022-11-01,31.139999389648438,ALGM
2022-12-01,30.020000457763672,ALGM
2023-01-01,38.16999816894531,ALGM
2023-02-01,43.68000030517578,ALGM
2023-03-01,47.9900016784668,ALGM
2023-04-01,35.77000045776367,ALGM
2023-05-01,39.33000183105469,ALGM
2023-06-01,45.13999938964844,ALGM
2023-07-01,51.61000061035156,ALGM
2023-08-01,38.25,ALGM
2023-09-01,31.940000534057617,ALGM
2023-10-01,25.959999084472656,ALGM
2023-11-01,27.219999313354492,ALGM
2023-12-01,30.270000457763672,ALGM
2024-01-01,25.940000534057617,ALGM
2024-02-01,31.489999771118164,ALGM
2024-03-01,26.959999084472656,ALGM
2024-04-01,29.690000534057617,ALGM
2024-05-01,30.139999389648438,ALGM
2024-06-01,28.239999771118164,ALGM
2024-07-01,24.040000915527344,ALGM
2024-08-01,24.530000686645508,ALGM
2024-09-01,23.299999237060547,ALGM
2024-10-01,20.84000015258789,ALGM
2024-11-01,21.729999542236328,ALGM
2024-12-01,21.860000610351562,ALGM
2025-01-01,24.09000015258789,ALGM
2025-02-01,22.299999237060547,ALGM
2025-03-01,25.1299991607666,ALGM
2025-04-01,19.06999969482422,ALGM
2025-05-01,25.350000381469727,ALGM
2025-06-01,34.189998626708984,ALGM
2025-07-01,31.40999984741211,ALGM
2025-08-01,30.850000381469727,ALGM
2025-09-01,29.200000762939453,ALGM
2025-10-01,29.920000076293945,ALGM
2025-11-01,26.690000534057617,ALGM
2025-12-01,26.3799991607666,ALGM
2026-01-01,36.90999984741211,ALGM
2017-01-01,,ALMU
2017-02-01,,ALMU
2017-03-01,,ALMU
2017-04-01,,ALMU
2017-05-01,,ALMU
2017-06-01,,ALMU
2017-07-01,,ALMU
2017-08-01,,ALMU
2017-09-01,,ALMU
2017-10-01,,ALMU
2017-11-01,,ALMU
2017-12-01,,ALMU
2018-01-01,,ALMU
2018-02-01,,ALMU
2018-03-01,,ALMU
2018-04-01,,ALMU
2018-05-01,,ALMU
2018-06-01,,ALMU
2018-07-01,,ALMU
2018-08-01,,ALMU
2018-09-01,,ALMU
2018-10-01,,ALMU
2018-11-01,,ALMU
2018-12-01,,ALMU
2019-01-01,,ALMU
2019-02-01,,ALMU
2019-03-01,,ALMU
2019-04-01,,ALMU
2019-05-01,,ALMU
2019-06-01,,ALMU
2019-07-01,,ALMU
2019-08-01,,ALMU
2019-09-01,,ALMU
2019-10-01,,ALMU
2019-11-01,,ALMU
2019-12-01,,ALMU
2020-01-01,,ALMU
2020-02-01,,ALMU
2020-03-01,,ALMU
2020-04-01,,ALMU
2020-05-01,,ALMU
2020-06-01,,ALMU
2020-07-01,,ALMU
2020-08-01,,ALMU
2020-09-01,,ALMU
2020-10-01,,ALMU
2020-11-01,,ALMU
2020-12-01,,ALMU
2021-01-01,,ALMU
2021-02-01,,ALMU
2021-03-01,,ALMU
2021-04-01,,ALMU
2021-05-01,,ALMU
2021-06-01,,ALMU
2021-07-01,,ALMU
2021-08-01,,ALMU
2021-09-01,,ALMU
2021-10-01,,ALMU
2021-11-01,,ALMU
2021-12-01,,ALMU
2022-01-01,,ALMU
2022-02-01,,ALMU
2022-03-01,,ALMU
2022-04-01,,ALMU
2022-05-01,,ALMU
2022-06-01,,ALMU
2022-07-01,,ALMU
2022-08-01,,ALMU
2022-09-01,,ALMU
2022-10-01,,ALMU
2022-11-01,,ALMU
2022-12-01,,ALMU
2023-01-01,,ALMU
2023-02-01,3.5,ALMU
2023-03-01,3.5999999046325684,ALMU
2023-04-01,4.25,ALMU
2023-05-01,3.9000000953674316,ALMU
2023-06-01,2.9000000953674316,ALMU
2023-07-01,3.869999885559082,ALMU
2023-08-01,3.700000047683716,ALMU
2023-09-01,3.299999952316284,ALMU
2023-10-01,3.308000087738037,ALMU
2023-11-01,2.4200000762939453,ALMU
2023-12-01,2.9000000953674316,ALMU
2024-01-01,3.299999952316284,ALMU
2024-02-01,2.990000009536743,ALMU
2024-03-01,3.0,ALMU
2024-04-01,3.049999952316284,ALMU
2024-05-01,3.299999952316284,ALMU
2024-06-01,3.5880000591278076,ALMU
2024-07-01,3.0,ALMU
2024-08-01,2.7899999618530273,ALMU
2024-09-01,3.1700000762939453,ALMU
2024-10-01,3.0899999141693115,ALMU
2024-11-01,3.3499999046325684,ALMU
2024-12-01,7.650000095367432,ALMU
2025-01-01,6.949999809265137,ALMU
2025-02-01,6.394000053405762,ALMU
2025-03-01,7.210000038146973,ALMU
2025-04-01,10.5,ALMU
2025-05-01,14.260000228881836,ALMU
2025-06-01,16.3700008392334,ALMU
2025-07-01,22.1200008392334,ALMU
2025-08-01,22.790000915527344,ALMU
2025-09-01,16.100000381469727,ALMU
2025-10-01,16.309999465942383,ALMU
2025-11-01,14.020000457763672,ALMU
2025-12-01,17.170000076293945,ALMU
2026-01-01,15.789999961853027,ALMU
2017-01-01,,AUR
2017-02-01,,AUR
2017-03-01,,AUR
2017-04-01,,AUR
2017-05-01,,AUR
2017-06-01,,AUR
2017-07-01,,AUR
2017-08-01,,AUR
2017-09-01,,AUR
2017-10-01,,AUR
2017-11-01,,AUR
2017-12-01,,AUR
2018-01-01,,AUR
2018-02-01,,AUR
2018-03-01,,AUR
2018-04-01,,AUR
2018-05-01,,AUR
2018-06-01,,AUR
2018-07-01,,AUR
2018-08-01,,AUR
2018-09-01,,AUR
2018-10-01,,AUR
2018-11-01,,AUR
2018-12-01,,AUR
2019-01-01,,AUR
2019-02-01,,AUR
2019-03-01,,AUR
2019-04-01,,AUR
2019-05-01,,AUR
2019-06-01,,AUR
2019-07-01,,AUR
2019-08-01,,AUR
2019-09-01,,AUR
2019-10-01,,AUR
2019-11-01,,AUR
2019-12-01,,AUR
2020-01-01,,AUR
2020-02-01,,AUR
2020-03-01,,AUR
2020-04-01,,AUR
2020-05-01,,AUR
2020-06-01,,AUR
2020-07-01,,AUR
2020-08-01,,AUR
2020-09-01,,AUR
2020-10-01,,AUR
2020-11-01,,AUR
2020-12-01,,AUR
2021-01-01,,AUR
2021-02-01,,AUR
2021-03-01,,AUR
2021-04-01,,AUR
2021-05-01,9.789999961853027,AUR
2021-06-01,9.890000343322754,AUR
2021-07-01,9.90999984741211,AUR
2021-08-01,9.850000381469727,AUR
2021-09-01,9.930000305175781,AUR
2021-10-01,10.050000190734863,AUR
2021-11-01,13.119999885559082,AUR
2021-12-01,11.260000228881836,AUR
2022-01-01,4.929999828338623,AUR
2022-02-01,5.71999979019165,AUR
2022-03-01,5.590000152587891,AUR
2022-04-01,4.260000228881836,AUR
2022-05-01,3.1600000858306885,AUR
2022-06-01,1.909999966621399,AUR
2022-07-01,2.5399999618530273,AUR
2022-08-01,2.140000104904175,AUR
2022-09-01,2.2100000381469727,AUR
2022-10-01,2.059999942779541,AUR
2022-11-01,1.2599999904632568,AUR
2022-12-01,1.2100000381469727,AUR
2023-01-01,1.8200000524520874,AUR
2023-02-01,1.559999942779541,AUR
2023-03-01,1.3899999856948853,AUR
2023-04-01,1.4299999475479126,AUR
2023-05-01,1.409999966621399,AUR
2023-06-01,2.940000057220459,AUR
2023-07-01,3.2799999713897705,AUR
2023-08-01,3.1700000762939453,AUR
2023-09-01,2.3499999046325684,AUR
2023-10-01,1.75,AUR
2023-11-01,2.190000057220459,AUR
2023-12-01,4.369999885559082,AUR
2024-01-01,2.990000009536743,AUR
2024-02-01,2.5399999618530273,AUR
2024-03-01,2.819999933242798,AUR
2024-04-01,2.7750000953674316,AUR
2024-05-01,2.390000104904175,AUR
2024-06-01,2.7699999809265137,AUR
2024-07-01,4.0,AUR
2024-08-01,4.670000076293945,AUR
2024-09-01,5.920000076293945,AUR
2024-10-01,5.195000171661377,AUR
2024-11-01,6.46999979019165,AUR
2024-12-01,6.300000190734863,AUR
2025-01-01,6.800000190734863,AUR
2025-02-01,7.269999980926514,AUR
2025-03-01,6.724999904632568,AUR
2025-04-01,7.239999771118164,AUR
2025-05-01,6.059999942779541,AUR
2025-06-01,5.239999771118164,AUR
2025-07-01,5.809999942779541,AUR
2025-08-01,5.630000114440918,AUR
2025-09-01,5.389999866485596,AUR
2025-10-01,5.239999771118164,AUR
2025-11-01,4.190000057220459,AUR
2025-12-01,3.8399999141693115,AUR
2026-01-01,4.199999809265137,AUR
2017-01-01,,BBAI
2017-02-01,,BBAI
2017-03-01,,BBAI
2017-04-01,,BBAI
2017-05-01,,BBAI
2017-06-01,,BBAI
2017-07-01,,BBAI
2017-08-01,,BBAI
2017-09-01,,BBAI
2017-10-01,,BBAI
2017-11-01,,BBAI
2017-12-01,,BBAI
2018-01-01,,BBAI
2018-02-01,,BBAI
2018-03-01,,BBAI
2018-04-01,,BBAI
2018-05-01,,BBAI
2018-06-01,,BBAI
2018-07-01,,BBAI
2018-08-01,,BBAI
2018-09-01,,BBAI
2018-10-01,,BBAI
2018-11-01,,BBAI
2018-12-01,,BBAI
2019-01-01,,BBAI
2019-02-01,,BBAI
2019-03-01,,BBAI
2019-04-01,,BBAI
2019-05-01,,BBAI
2019-06-01,,BBAI
2019-07-01,,BBAI
2019-08-01,,BBAI
2019-09-01,,BBAI
2019-10-01,,BBAI
2019-11-01,,BBAI
2019-12-01,,BBAI
2020-01-01,,BBAI
2020-02-01,,BBAI
2020-03-01,,BBAI
2020-04-01,,BBAI
2020-05-01,,BBAI
2020-06-01,,BBAI
2020-07-01,,BBAI
2020-08-01,,BBAI
2020-09-01,,BBAI
2020-10-01,,BBAI
2020-11-01,,BBAI
2020-12-01,,BBAI
2021-01-01,,BBAI
2021-02-01,,BBAI
2021-03-01,,BBAI
2021-04-01,9.710000038146973,BBAI
2021-05-01,9.680000305175781,BBAI
2021-06-01,9.850000381469727,BBAI
2021-07-01,9.779999732971191,BBAI
2021-08-01,9.880000114440918,BBAI
2021-09-01,9.859999656677246,BBAI
2021-10-01,9.970000267028809,BBAI
2021-11-01,10.0,BBAI
2021-12-01,5.659999847412109,BBAI
2022-01-01,5.110000133514404,BBAI
2022-02-01,5.78000020980835,BBAI
2022-03-01,8.239999771118164,BBAI
2022-04-01,10.010000228881836,BBAI
2022-05-01,5.329999923706055,BBAI
2022-06-01,3.680000066757202,BBAI
2022-07-01,2.5399999618530273,BBAI
2022-08-01,1.5399999618530273,BBAI
2022-09-01,1.5700000524520874,BBAI
2022-10-01,1.350000023841858,BBAI
2022-11-01,0.9700000286102295,BBAI
2022-12-01,0.6740000247955322,BBAI
2023-01-01,3.2699999809265137,BBAI
2023-02-01,2.940000057220459,BBAI
2023-03-01,2.440000057220459,BBAI
2023-04-01,2.9000000953674316,BBAI
2023-05-01,2.2100000381469727,BBAI
2023-06-01,2.3499999046325684,BBAI
2023-07-01,2.009999990463257,BBAI
2023-08-01,1.6399999856948853,BBAI
2023-09-01,1.5099999904632568,BBAI
2023-10-01,1.2699999809265137,BBAI
2023-11-01,1.7000000476837158,BBAI
2023-12-01,2.140000104904175,BBAI
2024-01-01,1.6200000047683716,BBAI
2024-02-01,3.359999895095825,BBAI
2024-03-01,2.049999952316284,BBAI
2024-04-01,1.659999966621399,BBAI
2024-05-01,1.5,BBAI
2024-06-01,1.5099999904632568,BBAI
2024-07-01,1.5099999904632568,BBAI
2024-08-01,1.590000033378601,BBAI
2024-09-01,1.4600000381469727,BBAI
2024-10-01,1.590000033378601,BBAI
2024-11-01,2.2899999618530273,BBAI
2024-12-01,4.449999809265137,BBAI
2025-01-01,4.239999771118164,BBAI
2025-02-01,5.159999847412109,BBAI
2025-03-01,2.859999895095825,BBAI
2025-04-01,3.4100000858306885,BBAI
2025-05-01,4.159999847412109,BBAI
2025-06-01,6.789999961853027,BBAI
2025-07-01,6.349999904632568,BBAI
2025-08-01,5.070000171661377,BBAI
2025-09-01,6.519999980926514,BBAI
2025-10-01,6.920000076293945,BBAI
2025-11-01,6.340000152587891,BBAI
2025-12-01,5.400000095367432,BBAI
2026-01-01,5.039999961853027,BBAI
2017-01-01,,BMBL
2017-02-01,,BMBL
2017-03-01,,BMBL
2017-04-01,,BMBL
2017-05-01,,BMBL
2017-06-01,,BMBL
2017-07-01,,BMBL
2017-08-01,,BMBL
2017-09-01,,BMBL
2017-10-01,,BMBL
2017-11-01,,BMBL
2017-12-01,,BMBL
2018-01-01,,BMBL
2018-02-01,,BMBL
2018-03-01,,BMBL
2018-04-01,,BMBL
2018-05-01,,BMBL
2018-06-01,,BMBL
2018-07-01,,BMBL
2018-08-01,,BMBL
2018-09-01,,BMBL
2018-10-01,,BMBL
2018-11-01,,BMBL
2018-12-01,,BMBL
2019-01-01,,BMBL
2019-02-01,,BMBL
2019-03-01,,BMBL
2019-04-01,,BMBL
2019-05-01,,BMBL
2019-06-01,,BMBL
2019-07-01,,BMBL
2019-08-01,,BMBL
2019-09-01,,BMBL
2019-10-01,,BMBL
2019-11-01,,BMBL
2019-12-01,,BMBL
2020-01-01,,BMBL
2020-02-01,,BMBL
2020-03-01,,BMBL
2020-04-01,,BMBL
2020-05-01,,BMBL
2020-06-01,,BMBL
2020-07-01,,BMBL
2020-08-01,,BMBL
2020-09-01,,BMBL
2020-10-01,,BMBL
2020-11-01,,BMBL
2020-12-01,,BMBL
2021-01-01,,BMBL
2021-02-01,67.30999755859375,BMBL
2021-03-01,62.380001068115234,BMBL
2021-04-01,60.2400016784668,BMBL
2021-05-01,47.720001220703125,BMBL
2021-06-01,57.599998474121094,BMBL
2021-07-01,50.880001068115234,BMBL
2021-08-01,54.5,BMBL
2021-09-01,49.97999954223633,BMBL
2021-10-01,52.52000045776367,BMBL
2021-11-01,34.2599983215332,BMBL
2021-12-01,33.86000061035156,BMBL
2022-01-01,29.510000228881836,BMBL
2022-02-01,25.6299991607666,BMBL
2022-03-01,28.979999542236328,BMBL
2022-04-01,23.989999771118164,BMBL
2022-05-01,28.5,BMBL
2022-06-01,28.149999618530273,BMBL
2022-07-01,37.91999816894531,BMBL
2022-08-01,25.049999237060547,BMBL
2022-09-01,21.489999771118164,BMBL
2022-10-01,25.399999618530273,BMBL
2022-11-01,24.360000610351562,BMBL
2022-12-01,21.049999237060547,BMBL
2023-01-01,25.75,BMBL
2023-02-01,24.18000030517578,BMBL
2023-03-01,19.549999237060547,BMBL
2023-04-01,18.209999084472656,BMBL
2023-05-01,15.300000190734863,BMBL
2023-06-01,16.780000686645508,BMBL
2023-07-01,18.520000457763672,BMBL
2023-08-01,16.780000686645508,BMBL
2023-09-01,14.920000076293945,BMBL
2023-10-01,13.4399995803833,BMBL
2023-11-01,13.859999656677246,BMBL
2023-12-01,14.739999771118164,BMBL
2024-01-01,13.720000267028809,BMBL
2024-02-01,11.449999809265137,BMBL
2024-03-01,11.350000381469727,BMBL
2024-04-01,10.100000381469727,BMBL
2024-05-01,11.699999809265137,BMBL
2024-06-01,10.510000228881836,BMBL
2024-07-01,9.34000015258789,BMBL
2024-08-01,6.710000038146973,BMBL
2024-09-01,6.380000114440918,BMBL
2024-10-01,7.079999923706055,BMBL
2024-11-01,8.6899995803833,BMBL
2024-12-01,8.140000343322754,BMBL
2025-01-01,8.109999656677246,BMBL
2025-02-01,5.199999809265137,BMBL
2025-03-01,4.340000152587891,BMBL
2025-04-01,4.21999979019165,BMBL
2025-05-01,5.619999885559082,BMBL
2025-06-01,6.590000152587891,BMBL
2025-07-01,7.78000020980835,BMBL
2025-08-01,6.170000076293945,BMBL
2025-09-01,6.090000152587891,BMBL
2025-10-01,5.550000190734863,BMBL
2025-11-01,3.549999952316284,BMBL
2025-12-01,3.569999933242798,BMBL
2026-01-01,3.3499999046325684,BMBL
2017-01-01,,BRZE
2017-02-01,,BRZE
2017-03-01,,BRZE
2017-04-01,,BRZE
2017-05-01,,BRZE
2017-06-01,,BRZE
2017-07-01,,BRZE
2017-08-01,,BRZE
2017-09-01,,BRZE
2017-10-01,,BRZE
2017-11-01,,BRZE
2017-12-01,,BRZE
2018-01-01,,BRZE
2018-02-01,,BRZE
2018-03-01,,BRZE
2018-04-01,,BRZE
2018-05-01,,BRZE
2018-06-01,,BRZE
2018-07-01,,BRZE
2018-08-01,,BRZE
2018-09-01,,BRZE
2018-10-01,,BRZE
2018-11-01,,BRZE
2018-12-01,,BRZE
2019-01-01,,BRZE
2019-02-01,,BRZE
2019-03-01,,BRZE
2019-04-01,,BRZE
2019-05-01,,BRZE
2019-06-01,,BRZE
2019-07-01,,BRZE
2019-08-01,,BRZE
2019-09-01,,BRZE
2019-10-01,,BRZE
2019-11-01,,BRZE
2019-12-01,,BRZE
2020-01-01,,BRZE
2020-02-01,,BRZE
2020-03-01,,BRZE
2020-04-01,,BRZE
2020-05-01,,BRZE
2020-06-01,,BRZE
2020-07-01,,BRZE
2020-08-01,,BRZE
2020-09-01,,BRZE
2020-10-01,,BRZE
2020-11-01,,BRZE
2020-12-01,,BRZE
2021-01-01,,BRZE
2021-02-01,,BRZE
2021-03-01,,BRZE
2021-04-01,,BRZE
2021-05-01,,BRZE
2021-06-01,,BRZE
2021-07-01,,BRZE
2021-08-01,,BRZE
2021-09-01,,BRZE
2021-10-01,,BRZE
2021-11-01,76.19999694824219,BRZE
2021-12-01,77.16000366210938,BRZE
2022-01-01,50.02000045776367,BRZE
2022-02-01,42.189998626708984,BRZE
2022-03-01,41.470001220703125,BRZE
2022-04-01,40.189998626708984,BRZE
2022-05-01,33.439998626708984,BRZE
2022-06-01,36.22999954223633,BRZE
2022-07-01,43.470001220703125,BRZE
2022-08-01,41.18000030517578,BRZE
2022-09-01,34.83000183105469,BRZE
2022-10-01,29.610000610351562,BRZE
2022-11-01,25.700000762939453,BRZE
2022-12-01,27.280000686645508,BRZE
2023-01-01,32.0,BRZE
2023-02-01,30.700000762939453,BRZE
2023-03-01,34.56999969482422,BRZE
2023-04-01,29.399999618530273,BRZE
2023-05-01,33.11000061035156,BRZE
2023-06-01,43.790000915527344,BRZE
2023-07-01,45.459999084472656,BRZE
2023-08-01,46.2599983215332,BRZE
2023-09-01,46.72999954223633,BRZE
2023-10-01,42.58000183105469,BRZE
2023-11-01,54.939998626708984,BRZE
2023-12-01,53.130001068115234,BRZE
2024-01-01,54.04999923706055,BRZE
2024-02-01,56.900001525878906,BRZE
2024-03-01,44.29999923706055,BRZE
2024-04-01,41.900001525878906,BRZE
2024-05-01,37.650001525878906,BRZE
2024-06-01,38.84000015258789,BRZE
2024-07-01,44.060001373291016,BRZE
2024-08-01,44.779998779296875,BRZE
2024-09-01,32.34000015258789,BRZE
2024-10-01,31.459999084472656,BRZE
2024-11-01,39.720001220703125,BRZE
2024-12-01,41.880001068115234,BRZE
2025-01-01,45.97999954223633,BRZE
2025-02-01,36.97999954223633,BRZE
2025-03-01,36.08000183105469,BRZE
2025-04-01,31.1299991607666,BRZE
2025-05-01,36.79999923706055,BRZE
2025-06-01,28.100000381469727,BRZE
2025-07-01,27.8700008392334,BRZE
2025-08-01,27.700000762939453,BRZE
2025-09-01,28.440000534057617,BRZE
2025-10-01,28.65999984741211,BRZE
2025-11-01,28.700000762939453,BRZE
2025-12-01,34.290000915527344,BRZE
2026-01-01,20.81999969482422,BRZE
2017-01-01,,CCSI
2017-02-01,,CCSI
2017-03-01,,CCSI
2017-04-01,,CCSI
2017-05-01,,CCSI
2017-06-01,,CCSI
2017-07-01,,CCSI
2017-08-01,,CCSI
2017-09-01,,CCSI
2017-10-01,,CCSI
2017-11-01,,CCSI
2017-12-01,,CCSI
2018-01-01,,CCSI
2018-02-01,,CCSI
2018-03-01,,CCSI
2018-04-01,,CCSI
2018-05-01,,CCSI
2018-06-01,,CCSI
2018-07-01,,CCSI
2018-08-01,,CCSI
2018-09-01,,CCSI
2018-10-01,,CCSI
2018-11-01,,CCSI
2018-12-01,,CCSI
2019-01-01,,CCSI
2019-02-01,,CCSI
2019-03-01,,CCSI
2019-04-01,,CCSI
2019-05-01,,CCSI
2019-06-01,,CCSI
2019-07-01,,CCSI
2019-08-01,,CCSI
2019-09-01,,CCSI
2019-10-01,,CCSI
2019-11-01,,CCSI
2019-12-01,,CCSI
2020-01-01,,CCSI
2020-02-01,,CCSI
2020-03-01,,CCSI
2020-04-01,,CCSI
2020-05-01,,CCSI
2020-06-01,,CCSI
2020-07-01,,CCSI
2020-08-01,,CCSI
2020-09-01,,CCSI
2020-10-01,,CCSI
2020-11-01,,CCSI
2020-12-01,,CCSI
2021-01-01,,CCSI
2021-02-01,,CCSI
2021-03-01,,CCSI
2021-04-01,,CCSI
2021-05-01,,CCSI
2021-06-01,,CCSI
2021-07-01,,CCSI
2021-08-01,,CCSI
2021-09-01,35.630001068115234,CCSI
2021-10-01,63.33000183105469,CCSI
2021-11-01,62.63999938964844,CCSI
2021-12-01,57.869998931884766,CCSI
2022-01-01,56.70000076293945,CCSI
2022-02-01,55.65999984741211,CCSI
2022-03-01,60.130001068115234,CCSI
2022-04-01,52.720001220703125,CCSI
2022-05-01,48.029998779296875,CCSI
2022-06-01,43.68000030517578,CCSI
2022-07-01,54.029998779296875,CCSI
2022-08-01,50.349998474121094,CCSI
2022-09-01,47.29999923706055,CCSI
2022-10-01,56.13999938964844,CCSI
2022-11-01,56.790000915527344,CCSI
2022-12-01,53.7599983215332,CCSI
2023-01-01,58.77000045776367,CCSI
2023-02-01,41.040000915527344,CCSI
2023-03-01,34.09000015258789,CCSI
2023-04-01,37.33000183105469,CCSI
2023-05-01,36.45000076293945,CCSI
2023-06-01,31.0,CCSI
2023-07-01,32.40999984741211,CCSI
2023-08-01,31.93000030517578,CCSI
2023-09-01,25.18000030517578,CCSI
2023-10-01,21.59000015258789,CCSI
2023-11-01,18.420000076293945,CCSI
2023-12-01,26.209999084472656,CCSI
2024-01-01,21.739999771118164,CCSI
2024-02-01,15.920000076293945,CCSI
2024-03-01,15.859999656677246,CCSI
2024-04-01,11.640000343322754,CCSI
2024-05-01,18.8700008392334,CCSI
2024-06-01,17.18000030517578,CCSI
2024-07-01,21.299999237060547,CCSI
2024-08-01,24.09000015258789,CCSI
2024-09-01,23.549999237060547,CCSI
2024-10-01,22.18000030517578,CCSI
2024-11-01,24.950000762939453,CCSI
2024-12-01,23.860000610351562,CCSI
2025-01-01,28.31999969482422,CCSI
2025-02-01,26.170000076293945,CCSI
2025-03-01,23.079999923706055,CCSI
2025-04-01,19.860000610351562,CCSI
2025-05-01,21.969999313354492,CCSI
2025-06-01,23.059999465942383,CCSI
2025-07-01,20.18000030517578,CCSI
2025-08-01,26.56999969482422,CCSI
2025-09-01,29.3700008392334,CCSI
2025-10-01,29.31999969482422,CCSI
2025-11-01,21.84000015258789,CCSI
2025-12-01,21.81999969482422,CCSI
2026-01-01,21.360000610351562,CCSI
2017-01-01,,CERT
2017-02-01,,CERT
2017-03-01,,CERT
2017-04-01,,CERT
2017-05-01,,CERT
2017-06-01,,CERT
2017-07-01,,CERT
2017-08-01,,CERT
2017-09-01,,CERT
2017-10-01,,CERT
2017-11-01,,CERT
2017-12-01,,CERT
2018-01-01,,CERT
2018-02-01,,CERT
2018-03-01,,CERT
2018-04-01,,CERT
2018-05-01,,CERT
2018-06-01,,CERT
2018-07-01,,CERT
2018-08-01,,CERT
2018-09-01,,CERT
2018-10-01,,CERT
2018-11-01,,CERT
2018-12-01,,CERT
2019-01-01,,CERT
2019-02-01,,CERT
2019-03-01,,CERT
2019-04-01,,CERT
2019-05-01,,CERT
2019-06-01,,CERT
2019-07-01,,CERT
2019-08-01,,CERT
2019-09-01,,CERT
2019-10-01,,CERT
2019-11-01,,CERT
2019-12-01,,CERT
2020-01-01,,CERT
2020-02-01,,CERT
2020-03-01,,CERT
2020-04-01,,CERT
2020-05-01,,CERT
2020-06-01,,CERT
2020-07-01,,CERT
2020-08-01,,CERT
2020-09-01,,CERT
2020-10-01,,CERT
2020-11-01,,CERT
2020-12-01,33.720001220703125,CERT
2021-01-01,34.41999816894531,CERT
2021-02-01,34.650001525878906,CERT
2021-03-01,27.299999237060547,CERT
2021-04-01,31.809999465942383,CERT
2021-05-01,26.309999465942383,CERT
2021-06-01,28.329999923706055,CERT
2021-07-01,27.209999084472656,CERT
2021-08-01,33.56999969482422,CERT
2021-09-01,33.099998474121094,CERT
2021-10-01,41.310001373291016,CERT
2021-11-01,26.93000030517578,CERT
2021-12-01,28.420000076293945,CERT
2022-01-01,26.729999542236328,CERT
2022-02-01,25.34000015258789,CERT
2022-03-01,21.479999542236328,CERT
2022-04-01,18.350000381469727,CERT
2022-05-01,20.31999969482422,CERT
2022-06-01,21.459999084472656,CERT
2022-07-01,22.989999771118164,CERT
2022-08-01,15.670000076293945,CERT
2022-09-01,13.279999732971191,CERT
2022-10-01,12.229999542236328,CERT
2022-11-01,16.979999542236328,CERT
2022-12-01,16.06999969482422,CERT
2023-01-01,19.399999618530273,CERT
2023-02-01,18.1200008392334,CERT
2023-03-01,24.110000610351562,CERT
2023-04-01,24.170000076293945,CERT
2023-05-01,20.780000686645508,CERT
2023-06-01,18.209999084472656,CERT
2023-07-01,19.469999313354492,CERT
2023-08-01,16.15999984741211,CERT
2023-09-01,14.539999961853027,CERT
2023-10-01,12.1899995803833,CERT
2023-11-01,14.40999984741211,CERT
2023-12-01,17.59000015258789,CERT
2024-01-01,16.15999984741211,CERT
2024-02-01,16.8799991607666,CERT
2024-03-01,17.8799991607666,CERT
2024-04-01,17.110000610351562,CERT
2024-05-01,16.950000762939453,CERT
2024-06-01,13.850000381469727,CERT
2024-07-01,15.609999656677246,CERT
2024-08-01,12.25,CERT
2024-09-01,11.710000038146973,CERT
2024-10-01,10.199999809265137,CERT
2024-11-01,11.210000038146973,CERT
2024-12-01,10.649999618530273,CERT
2025-01-01,14.229999542236328,CERT
2025-02-01,11.979999542236328,CERT
2025-03-01,9.899999618530273,CERT
2025-04-01,13.859999656677246,CERT
2025-05-01,11.359999656677246,CERT
2025-06-01,11.699999809265137,CERT
2025-07-01,9.84000015258789,CERT
2025-08-01,10.84000015258789,CERT
2025-09-01,12.220000267028809,CERT
2025-10-01,11.630000114440918,CERT
2025-11-01,9.15999984741211,CERT
2025-12-01,8.8100004196167,CERT
2026-01-01,8.789999961853027,CERT
2017-01-01,,CRDO
2017-02-01,,CRDO
2017-03-01,,CRDO
2017-04-01,,CRDO
2017-05-01,,CRDO
2017-06-01,,CRDO
2017-07-01,,CRDO
2017-08-01,,CRDO
2017-09-01,,CRDO
2017-10-01,,CRDO
2017-11-01,,CRDO
2017-12-01,,CRDO
2018-01-01,,CRDO
2018-02-01,,CRDO
2018-03-01,,CRDO
2018-04-01,,CRDO
2018-05-01,,CRDO
2018-06-01,,CRDO
2018-07-01,,CRDO
2018-08-01,,CRDO
2018-09-01,,CRDO
2018-10-01,,CRDO
2018-11-01,,CRDO
2018-12-01,,CRDO
2019-01-01,,CRDO
2019-02-01,,CRDO
2019-03-01,,CRDO
2019-04-01,,CRDO
2019-05-01,,CRDO
2019-06-01,,CRDO
2019-07-01,,CRDO
2019-08-01,,CRDO
2019-09-01,,CRDO
2019-10-01,,CRDO
2019-11-01,,CRDO
2019-12-01,,CRDO
2020-01-01,,CRDO
2020-02-01,,CRDO
2020-03-01,,CRDO
2020-04-01,,CRDO
2020-05-01,,CRDO
2020-06-01,,CRDO
2020-07-01,,CRDO
2020-08-01,,CRDO
2020-09-01,,CRDO
2020-10-01,,CRDO
2020-11-01,,CRDO
2020-12-01,,CRDO
2021-01-01,,CRDO
2021-02-01,,CRDO
2021-03-01,,CRDO
2021-04-01,,CRDO
2021-05-01,,CRDO
2021-06-01,,CRDO
2021-07-01,,CRDO
2021-08-01,,CRDO
2021-09-01,,CRDO
2021-10-01,,CRDO
2021-11-01,,CRDO
2021-12-01,,CRDO
2022-01-01,12.119999885559082,CRDO
2022-02-01,16.899999618530273,CRDO
2022-03-01,15.229999542236328,CRDO
2022-04-01,11.039999961853027,CRDO
2022-05-01,10.229999542236328,CRDO
2022-06-01,11.680000305175781,CRDO
2022-07-01,16.049999237060547,CRDO
2022-08-01,13.789999961853027,CRDO
2022-09-01,11.0,CRDO
2022-10-01,13.739999771118164,CRDO
2022-11-01,13.930000305175781,CRDO
2022-12-01,13.3100004196167,CRDO
2023-01-01,17.329999923706055,CRDO
2023-02-01,10.609999656677246,CRDO
2023-03-01,9.420000076293945,CRDO
2023-04-01,8.109999656677246,CRDO
2023-05-01,13.420000076293945,CRDO
2023-06-01,17.34000015258789,CRDO
2023-07-01,16.969999313354492,CRDO
2023-08-01,16.459999084472656,CRDO
2023-09-01,15.25,CRDO
2023-10-01,14.220000267028809,CRDO
2023-11-01,17.90999984741211,CRDO
2023-12-01,19.469999313354492,CRDO
2024-01-01,20.510000228881836,CRDO
2024-02-01,21.540000915527344,CRDO
2024-03-01,21.190000534057617,CRDO
2024-04-01,17.8700008392334,CRDO
2024-05-01,26.06999969482422,CRDO
2024-06-01,31.940000534057617,CRDO
2024-07-01,27.75,CRDO
2024-08-01,34.90999984741211,CRDO
2024-09-01,30.799999237060547,CRDO
2024-10-01,37.70000076293945,CRDO
2024-11-01,48.959999084472656,CRDO
2024-12-01,67.20999908447266,CRDO
2025-01-01,70.0199966430664,CRDO
2025-02-01,55.18000030517578,CRDO
2025-03-01,40.15999984741211,CRDO
2025-04-01,43.04999923706055,CRDO
2025-05-01,60.959999084472656,CRDO
2025-06-01,92.58999633789062,CRDO
2025-07-01,111.55000305175781,CRDO
2025-08-01,123.05500030517578,CRDO
2025-09-01,145.61000061035156,CRDO
2025-10-01,187.6199951171875,CRDO
2025-11-01,177.60000610351562,CRDO
2025-12-01,143.88999938964844,CRDO
2026-01-01,125.27999877929688,CRDO
2017-01-01,,CXM
2017-02-01,,CXM
2017-03-01,,CXM
2017-04-01,,CXM
2017-05-01,,CXM
2017-06-01,,CXM
2017-07-01,,CXM
2017-08-01,,CXM
2017-09-01,,CXM
2017-10-01,,CXM
2017-11-01,,CXM
2017-12-01,,CXM
2018-01-01,,CXM
2018-02-01,,CXM
2018-03-01,,CXM
2018-04-01,,CXM
2018-05-01,,CXM
2018-06-01,,CXM
2018-07-01,,CXM
2018-08-01,,CXM
2018-09-01,,CXM
2018-10-01,,CXM
2018-11-01,,CXM
2018-12-01,,CXM
2019-01-01,,CXM
2019-02-01,,CXM
2019-03-01,,CXM
2019-04-01,,CXM
2019-05-01,,CXM
2019-06-01,,CXM
2019-07-01,,CXM
2019-08-01,,CXM
2019-09-01,,CXM
2019-10-01,,CXM
2019-11-01,,CXM
2019-12-01,,CXM
2020-01-01,,CXM
2020-02-01,,CXM
2020-03-01,,CXM
2020-04-01,,CXM
2020-05-01,,CXM
2020-06-01,,CXM
2020-07-01,,CXM
2020-08-01,,CXM
2020-09-01,,CXM
2020-10-01,,CXM
2020-11-01,,CXM
2020-12-01,,CXM
2021-01-01,,CXM
2021-02-01,,CXM
2021-03-01,,CXM
2021-04-01,,CXM
2021-05-01,,CXM
2021-06-01,20.59000015258789,CXM
2021-07-01,19.34000015258789,CXM
2021-08-01,15.680000305175781,CXM
2021-09-01,17.5,CXM
2021-10-01,19.299999237060547,CXM
2021-11-01,14.430000305175781,CXM
2021-12-01,15.869999885559082,CXM
2022-01-01,11.25,CXM
2022-02-01,12.0,CXM
2022-03-01,11.899999618530273,CXM
2022-04-01,13.649999618530273,CXM
2022-05-01,12.65999984741211,CXM
2022-06-01,10.109999656677246,CXM
2022-07-01,11.34000015258789,CXM
2022-08-01,11.859999656677246,CXM
2022-09-01,9.220000267028809,CXM
2022-10-01,9.25,CXM
2022-11-01,8.579999923706055,CXM
2022-12-01,8.170000076293945,CXM
2023-01-01,9.9399995803833,CXM
2023-02-01,10.850000381469727,CXM
2023-03-01,12.960000038146973,CXM
2023-04-01,11.960000038146973,CXM
2023-05-01,13.300000190734863,CXM
2023-06-01,13.829999923706055,CXM
2023-07-01,14.039999961853027,CXM
2023-08-01,15.130000114440918,CXM
2023-09-01,13.84000015258789,CXM
2023-10-01,13.59000015258789,CXM
2023-11-01,15.680000305175781,CXM
2023-12-01,12.039999961853027,CXM
2024-01-01,12.479999542236328,CXM
2024-02-01,13.029999732971191,CXM
2024-03-01,12.270000457763672,CXM
2024-04-01,11.6899995803833,CXM
2024-05-01,11.210000038146973,CXM
2024-06-01,9.619999885559082,CXM
2024-07-01,9.829999923706055,CXM
2024-08-01,8.970000267028809,CXM
2024-09-01,7.730000019073486,CXM
2024-10-01,7.429999828338623,CXM
2024-11-01,8.239999771118164,CXM
2024-12-01,8.449999809265137,CXM
2025-01-01,8.90999984741211,CXM
2025-02-01,8.470000267028809,CXM
2025-03-01,8.350000381469727,CXM
2025-04-01,7.690000057220459,CXM
2025-05-01,8.4399995803833,CXM
2025-06-01,8.460000038146973,CXM
2025-07-01,9.010000228881836,CXM
2025-08-01,8.640000343322754,CXM
2025-09-01,7.71999979019165,CXM
2025-10-01,7.71999979019165,CXM
2025-11-01,7.230000019073486,CXM
2025-12-01,7.78000020980835,CXM
2026-01-01,6.380000114440918,CXM
2017-01-01,,DOCN
2017-02-01,,DOCN
2017-03-01,,DOCN
2017-04-01,,DOCN
2017-05-01,,DOCN
2017-06-01,,DOCN
2017-07-01,,DOCN
2017-08-01,,DOCN
2017-09-01,,DOCN
2017-10-01,,DOCN
2017-11-01,,DOCN
2017-12-01,,DOCN
2018-01-01,,DOCN
2018-02-01,,DOCN
2018-03-01,,DOCN
2018-04-01,,DOCN
2018-05-01,,DOCN
2018-06-01,,DOCN
2018-07-01,,DOCN
2018-08-01,,DOCN
2018-09-01,,DOCN
2018-10-01,,DOCN
2018-11-01,,DOCN
2018-12-01,,DOCN
2019-01-01,,DOCN
2019-02-01,,DOCN
2019-03-01,,DOCN
2019-04-01,,DOCN
2019-05-01,,DOCN
2019-06-01,,DOCN
2019-07-01,,DOCN
2019-08-01,,DOCN
2019-09-01,,DOCN
2019-10-01,,DOCN
2019-11-01,,DOCN
2019-12-01,,DOCN
2020-01-01,,DOCN
2020-02-01,,DOCN
2020-03-01,,DOCN
2020-04-01,,DOCN
2020-05-01,,DOCN
2020-06-01,,DOCN
2020-07-01,,DOCN
2020-08-01,,DOCN
2020-09-01,,DOCN
2020-10-01,,DOCN
2020-11-01,,DOCN
2020-12-01,,DOCN
2021-01-01,,DOCN
2021-02-01,,DOCN
2021-03-01,42.130001068115234,DOCN
2021-04-01,43.56999969482422,DOCN
2021-05-01,42.040000915527344,DOCN
2021-06-01,55.59000015258789,DOCN
2021-07-01,51.5,DOCN
2021-08-01,61.68000030517578,DOCN
2021-09-01,77.62999725341797,DOCN
2021-10-01,97.58999633789062,DOCN
2021-11-01,100.80999755859375,DOCN
2021-12-01,80.33000183105469,DOCN
2022-01-01,57.34000015258789,DOCN
2022-02-01,59.31999969482422,DOCN
2022-03-01,57.849998474121094,DOCN
2022-04-01,39.43000030517578,DOCN
2022-05-01,48.849998474121094,DOCN
2022-06-01,41.36000061035156,DOCN
2022-07-01,40.97999954223633,DOCN
2022-08-01,42.09000015258789,DOCN
2022-09-01,36.16999816894531,DOCN
2022-10-01,35.91999816894531,DOCN
2022-11-01,29.829999923706055,DOCN
2022-12-01,25.469999313354492,DOCN
2023-01-01,29.350000381469727,DOCN
2023-02-01,31.979999542236328,DOCN
2023-03-01,39.16999816894531,DOCN
2023-04-01,31.540000915527344,DOCN
2023-05-01,39.150001525878906,DOCN
2023-06-01,40.13999938964844,DOCN
2023-07-01,49.52000045776367,DOCN
2023-08-01,27.049999237060547,DOCN
2023-09-01,24.030000686645508,DOCN
2023-10-01,20.459999084472656,DOCN
2023-11-01,29.6200008392334,DOCN
2023-12-01,36.689998626708984,DOCN
2024-01-01,33.720001220703125,DOCN
2024-02-01,37.91999816894531,DOCN
2024-03-01,38.18000030517578,DOCN
2024-04-01,32.86000061035156,DOCN
2024-05-01,37.04999923706055,DOCN
2024-06-01,34.75,DOCN
2024-07-01,33.130001068115234,DOCN
2024-08-01,37.43000030517578,DOCN
2024-09-01,40.38999938964844,DOCN
2024-10-01,39.58000183105469,DOCN
2024-11-01,38.08000183105469,DOCN
2024-12-01,34.06999969482422,DOCN
2025-01-01,41.47999954223633,DOCN
2025-02-01,42.849998474121094,DOCN
2025-03-01,33.38999938964844,DOCN
2025-04-01,30.899999618530273,DOCN
2025-05-01,28.299999237060547,DOCN
2025-06-01,28.559999465942383,DOCN
2025-07-01,27.860000610351562,DOCN
2025-08-01,32.619998931884766,DOCN
2025-09-01,34.15999984741211,DOCN
2025-10-01,40.65999984741211,DOCN
2025-11-01,44.52000045776367,DOCN
2025-12-01,48.119998931884766,DOCN
2026-01-01,55.25,DOCN
2017-01-01,,DOCS
2017-02-01,,DOCS
2017-03-01,,DOCS
2017-04-01,,DOCS
2017-05-01,,DOCS
2017-06-01,,DOCS
2017-07-01,,DOCS
2017-08-01,,DOCS
2017-09-01,,DOCS
2017-10-01,,DOCS
2017-11-01,,DOCS
2017-12-01,,DOCS
2018-01-01,,DOCS
2018-02-01,,DOCS
2018-03-01,,DOCS
2018-04-01,,DOCS
2018-05-01,,DOCS
2018-06-01,,DOCS
2018-07-01,,DOCS
2018-08-01,,DOCS
2018-09-01,,DOCS
2018-10-01,,DOCS
2018-11-01,,DOCS
2018-12-01,,DOCS
2019-01-01,,DOCS
2019-02-01,,DOCS
2019-03-01,,DOCS
2019-04-01,,DOCS
2019-05-01,,DOCS
2019-06-01,,DOCS
2019-07-01,,DOCS
2019-08-01,,DOCS
2019-09-01,,DOCS
2019-10-01,,DOCS
2019-11-01,,DOCS
2019-12-01,,DOCS
2020-01-01,,DOCS
2020-02-01,,DOCS
2020-03-01,,DOCS
2020-04-01,,DOCS
2020-05-01,,DOCS
2020-06-01,,DOCS
2020-07-01,,DOCS
2020-08-01,,DOCS
2020-09-01,,DOCS
2020-10-01,,DOCS
2020-11-01,,DOCS
2020-12-01,,DOCS
2021-01-01,,DOCS
2021-02-01,,DOCS
2021-03-01,,DOCS
2021-04-01,,DOCS
2021-05-01,,DOCS
2021-06-01,58.20000076293945,DOCS
2021-07-01,61.900001525878906,DOCS
2021-08-01,92.0,DOCS
2021-09-01,80.69999694824219,DOCS
2021-10-01,69.4800033569336,DOCS
2021-11-01,67.6500015258789,DOCS
2021-12-01,50.130001068115234,DOCS
2022-01-01,45.56999969482422,DOCS
2022-02-01,61.349998474121094,DOCS
2022-03-01,52.09000015258789,DOCS
2022-04-01,39.869998931884766,DOCS
2022-05-01,34.9900016784668,DOCS
2022-06-01,34.81999969482422,DOCS
2022-07-01,42.31999969482422,DOCS
2022-08-01,33.189998626708984,DOCS
2022-09-01,30.219999313354492,DOCS
2022-10-01,26.469999313354492,DOCS
2022-11-01,33.9900016784668,DOCS
2022-12-01,33.560001373291016,DOCS
2023-01-01,35.27000045776367,DOCS
2023-02-01,33.630001068115234,DOCS
2023-03-01,32.380001068115234,DOCS
2023-04-01,36.75,DOCS
2023-05-01,30.670000076293945,DOCS
2023-06-01,34.02000045776367,DOCS
2023-07-01,35.72999954223633,DOCS
2023-08-01,23.84000015258789,DOCS
2023-09-01,21.219999313354492,DOCS
2023-10-01,20.43000030517578,DOCS
2023-11-01,23.25,DOCS
2023-12-01,28.040000915527344,DOCS
2024-01-01,26.950000762939453,DOCS
2024-02-01,28.229999542236328,DOCS
2024-03-01,26.90999984741211,DOCS
2024-04-01,24.290000915527344,DOCS
2024-05-01,27.729999542236328,DOCS
2024-06-01,27.969999313354492,DOCS
2024-07-01,28.0,DOCS
2024-08-01,36.779998779296875,DOCS
2024-09-01,43.56999969482422,DOCS
2024-10-01,41.7400016784668,DOCS
2024-11-01,53.0,DOCS
2024-12-01,53.38999938964844,DOCS
2025-01-01,59.099998474121094,DOCS
2025-02-01,70.5,DOCS
2025-03-01,58.029998779296875,DOCS
2025-04-01,56.880001068115234,DOCS
2025-05-01,52.09000015258789,DOCS
2025-06-01,61.34000015258789,DOCS
2025-07-01,58.75,DOCS
2025-08-01,67.94000244140625,DOCS
2025-09-01,73.1500015258789,DOCS
2025-10-01,66.0,DOCS
2025-11-01,51.439998626708984,DOCS
2025-12-01,44.279998779296875,DOCS
2026-01-01,37.470001220703125,DOCS
2017-01-01,,DSP
2017-02-01,,DSP
2017-03-01,,DSP
2017-04-01,,DSP
2017-05-01,,DSP
2017-06-01,,DSP
2017-07-01,,DSP
2017-08-01,,DSP
2017-09-01,,DSP
2017-10-01,,DSP
2017-11-01,,DSP
2017-12-01,,DSP
2018-01-01,,DSP
2018-02-01,,DSP
2018-03-01,,DSP
2018-04-01,,DSP
2018-05-01,,DSP
2018-06-01,,DSP
2018-07-01,,DSP
2018-08-01,,DSP
2018-09-01,,DSP
2018-10-01,,DSP
2018-11-01,,DSP
2018-12-01,,DSP
2019-01-01,,DSP
2019-02-01,,DSP
2019-03-01,,DSP
2019-04-01,,DSP
2019-05-01,,DSP
2019-06-01,,DSP
2019-07-01,,DSP
2019-08-01,,DSP
2019-09-01,,DSP
2019-10-01,,DSP
2019-11-01,,DSP
2019-12-01,,DSP
2020-01-01,,DSP
2020-02-01,,DSP
2020-03-01,,DSP
2020-04-01,,DSP
2020-05-01,,DSP
2020-06-01,,DSP
2020-07-01,,DSP
2020-08-01,,DSP
2020-09-01,,DSP
2020-10-01,,DSP
2020-11-01,,DSP
2020-12-01,,DSP
2021-01-01,,DSP
2021-02-01,49.59000015258789,DSP
2021-03-01,52.88999938964844,DSP
2021-04-01,32.84000015258789,DSP
2021-05-01,29.190000534057617,DSP
2021-06-01,29.780000686645508,DSP
2021-07-01,17.290000915527344,DSP
2021-08-01,13.75,DSP
2021-09-01,12.220000267028809,DSP
2021-10-01,11.75,DSP
2021-11-01,9.800000190734863,DSP
2021-12-01,9.704999923706055,DSP
2022-01-01,7.989999771118164,DSP
2022-02-01,8.229999542236328,DSP
2022-03-01,6.550000190734863,DSP
2022-04-01,5.880000114440918,DSP
2022-05-01,6.0,DSP
2022-06-01,5.079999923706055,DSP
2022-07-01,4.96999979019165,DSP
2022-08-01,4.519999980926514,DSP
2022-09-01,4.210000038146973,DSP
2022-10-01,4.559999942779541,DSP
2022-11-01,3.819999933242798,DSP
2022-12-01,4.019999980926514,DSP
2023-01-01,4.539999961853027,DSP
2023-02-01,3.930000066757202,DSP
2023-03-01,4.349999904632568,DSP
2023-04-01,4.420000076293945,DSP
2023-05-01,4.599999904632568,DSP
2023-06-01,4.610000133514404,DSP
2023-07-01,4.840000152587891,DSP
2023-08-01,6.269999980926514,DSP
2023-09-01,5.599999904632568,DSP
2023-10-01,5.389999866485596,DSP
2023-11-01,6.329999923706055,DSP
2023-12-01,6.889999866485596,DSP
2024-01-01,8.569999694824219,DSP
2024-02-01,9.09000015258789,DSP
2024-03-01,10.65999984741211,DSP
2024-04-01,8.789999961853027,DSP
2024-05-01,9.510000228881836,DSP
2024-06-01,9.869999885559082,DSP
2024-07-01,11.630000114440918,DSP
2024-08-01,11.130000114440918,DSP
2024-09-01,11.069999694824219,DSP
2024-10-01,11.670000076293945,DSP
2024-11-01,18.8799991607666,DSP
2024-12-01,18.989999771118164,DSP
2025-01-01,22.1299991607666,DSP
2025-02-01,19.989999771118164,DSP
2025-03-01,12.40999984741211,DSP
2025-04-01,14.3100004196167,DSP
2025-05-01,13.789999961853027,DSP
2025-06-01,13.229999542236328,DSP
2025-07-01,14.5,DSP
2025-08-01,10.399999618530273,DSP
2025-09-01,8.630000114440918,DSP
2025-10-01,8.880000114440918,DSP
2025-11-01,10.609999656677246,DSP
2025-12-01,12.039999961853027,DSP
2026-01-01,11.819999694824219,DSP
2017-01-01,,DV
2017-02-01,,DV
2017-03-01,,DV
2017-04-01,,DV
2017-05-01,,DV
2017-06-01,,DV
2017-07-01,,DV
2017-08-01,,DV
2017-09-01,,DV
2017-10-01,,DV
2017-11-01,,DV
2017-12-01,,DV
2018-01-01,,DV
2018-02-01,,DV
2018-03-01,,DV
2018-04-01,,DV
2018-05-01,,DV
2018-06-01,,DV
2018-07-01,,DV
2018-08-01,,DV
2018-09-01,,DV
2018-10-01,,DV
2018-11-01,,DV
2018-12-01,,DV
2019-01-01,,DV
2019-02-01,,DV
2019-03-01,,DV
2019-04-01,,DV
2019-05-01,,DV
2019-06-01,,DV
2019-07-01,,DV
2019-08-01,,DV
2019-09-01,,DV
2019-10-01,,DV
2019-11-01,,DV
2019-12-01,,DV
2020-01-01,,DV
2020-02-01,,DV
2020-03-01,,DV
2020-04-01,,DV
2020-05-01,,DV
2020-06-01,,DV
2020-07-01,,DV
2020-08-01,,DV
2020-09-01,,DV
2020-10-01,,DV
2020-11-01,,DV
2020-12-01,,DV
2021-01-01,,DV
2021-02-01,,DV
2021-03-01,,DV
2021-04-01,35.209999084472656,DV
2021-05-01,36.88999938964844,DV
2021-06-01,42.34000015258789,DV
2021-07-01,34.599998474121094,DV
2021-08-01,36.33000183105469,DV
2021-09-01,34.15999984741211,DV
2021-10-01,39.529998779296875,DV
2021-11-01,30.8799991607666,DV
2021-12-01,33.279998779296875,DV
2022-01-01,27.65999984741211,DV
2022-02-01,27.649999618530273,DV
2022-03-01,25.170000076293945,DV
2022-04-01,21.75,DV
2022-05-01,22.25,DV
2022-06-01,22.670000076293945,DV
2022-07-01,22.93000030517578,DV
2022-08-01,25.850000381469727,DV
2022-09-01,27.350000381469727,DV
2022-10-01,29.229999542236328,DV
2022-11-01,26.200000762939453,DV
2022-12-01,21.959999084472656,DV
2023-01-01,27.190000534057617,DV
2023-02-01,26.270000457763672,DV
2023-03-01,30.149999618530273,DV
2023-04-01,29.420000076293945,DV
2023-05-01,34.869998931884766,DV
2023-06-01,38.91999816894531,DV
2023-07-01,42.099998474121094,DV
2023-08-01,33.810001373291016,DV
2023-09-01,27.950000762939453,DV
2023-10-01,27.829999923706055,DV
2023-11-01,33.20000076293945,DV
2023-12-01,36.779998779296875,DV
2024-01-01,40.0099983215332,DV
2024-02-01,30.889999389648438,DV
2024-03-01,35.15999984741211,DV
2024-04-01,29.299999237060547,DV
2024-05-01,18.200000762939453,DV
2024-06-01,19.469999313354492,DV
2024-07-01,21.1200008392334,DV
2024-08-01,19.700000762939453,DV
2024-09-01,16.84000015258789,DV
2024-10-01,17.049999237060547,DV
2024-11-01,20.329999923706055,DV
2024-12-01,19.209999084472656,DV
2025-01-01,20.610000610351562,DV
2025-02-01,13.899999618530273,DV
2025-03-01,13.369999885559082,DV
2025-04-01,13.260000228881836,DV
2025-05-01,13.739999771118164,DV
2025-06-01,14.970000267028809,DV
2025-07-01,15.319999694824219,DV
2025-08-01,16.270000457763672,DV
2025-09-01,11.979999542236328,DV
2025-10-01,11.380000114440918,DV
2025-11-01,10.539999961853027,DV
2025-12-01,11.4399995803833,DV
2026-01-01,10.819999694824219,DV
2017-01-01,1.4900000095367432,ENPH
2017-02-01,1.7899999618530273,ENPH
2017-03-01,1.3700000047683716,ENPH
2017-04-01,1.190000057220459,ENPH
2017-05-01,0.7599999904632568,ENPH
2017-06-01,0.8700000047683716,ENPH
2017-07-01,0.9399999976158142,ENPH
2017-08-01,0.9200000166893005,ENPH
2017-09-01,1.5199999809265137,ENPH
2017-10-01,1.5299999713897705,ENPH
2017-11-01,2.9000000953674316,ENPH
2017-12-01,2.4100000858306885,ENPH
2018-01-01,2.200000047683716,ENPH
2018-02-01,3.319999933242798,ENPH
2018-03-01,4.570000171661377,ENPH
2018-04-01,4.150000095367432,ENPH
2018-05-01,5.730000019073486,ENPH
2018-06-01,6.730000019073486,ENPH
2018-07-01,5.949999809265137,ENPH
2018-08-01,4.889999866485596,ENPH
2018-09-01,4.849999904632568,ENPH
2018-10-01,4.539999961853027,ENPH
2018-11-01,5.400000095367432,ENPH
2018-12-01,4.730000019073486,ENPH
2019-01-01,7.230000019073486,ENPH
2019-02-01,9.069999694824219,ENPH
2019-03-01,9.229999542236328,ENPH
2019-04-01,10.039999961853027,ENPH
2019-05-01,15.170000076293945,ENPH
2019-06-01,18.229999542236328,ENPH
2019-07-01,28.149999618530273,ENPH
2019-08-01,29.670000076293945,ENPH
2019-09-01,22.229999542236328,ENPH
2019-10-01,19.43000030517578,ENPH
2019-11-01,21.8700008392334,ENPH
2019-12-01,26.1299991607666,ENPH
2020-01-01,31.520000457763672,ENPH
2020-02-01,48.970001220703125,ENPH
2020-03-01,32.290000915527344,ENPH
2020-04-01,46.83000183105469,ENPH
2020-05-01,58.189998626708984,ENPH
2020-06-01,47.56999969482422,ENPH
2020-07-01,60.36000061035156,ENPH
2020-08-01,77.2300033569336,ENPH
2020-09-01,82.58999633789062,ENPH
2020-10-01,98.08999633789062,ENPH
2020-11-01,136.57000732421875,ENPH
2020-12-01,175.47000122070312,ENPH
2021-01-01,182.35000610351562,ENPH
2021-02-01,176.05999755859375,ENPH
2021-03-01,162.16000366210938,ENPH
2021-04-01,139.25,ENPH
2021-05-01,143.0500030517578,ENPH
2021-06-01,183.6300048828125,ENPH
2021-07-01,189.60000610351562,ENPH
2021-08-01,173.72999572753906,ENPH
2021-09-01,149.97000122070312,ENPH
2021-10-01,231.6300048828125,ENPH
2021-11-01,250.0,ENPH
2021-12-01,182.94000244140625,ENPH
2022-01-01,140.47000122070312,ENPH
2022-02-01,166.6999969482422,ENPH
2022-03-01,201.77999877929688,ENPH
2022-04-01,161.39999389648438,ENPH
2022-05-01,186.19000244140625,ENPH
2022-06-01,195.24000549316406,ENPH
2022-07-01,284.17999267578125,ENPH
2022-08-01,286.44000244140625,ENPH
2022-09-01,277.4700012207031,ENPH
2022-10-01,307.0,ENPH
2022-11-01,320.5899963378906,ENPH
2022-12-01,264.9599914550781,ENPH
2023-01-01,221.3800048828125,ENPH
2023-02-01,210.52999877929688,ENPH
2023-03-01,210.27999877929688,ENPH
2023-04-01,164.1999969482422,ENPH
2023-05-01,173.8800048828125,ENPH
2023-06-01,167.47999572753906,ENPH
2023-07-01,151.8300018310547,ENPH
2023-08-01,126.52999877929688,ENPH
2023-09-01,120.1500015258789,ENPH
2023-10-01,79.58000183105469,ENPH
2023-11-01,101.0199966430664,ENPH
2023-12-01,132.13999938964844,ENPH
2024-01-01,104.12999725341797,ENPH
2024-02-01,127.01000213623047,ENPH
2024-03-01,120.9800033569336,ENPH
2024-04-01,108.76000213623047,ENPH
2024-05-01,127.9000015258789,ENPH
2024-06-01,99.70999908447266,ENPH
2024-07-01,115.11000061035156,ENPH
2024-08-01,121.04000091552734,ENPH
2024-09-01,113.0199966430664,ENPH
2024-10-01,83.04000091552734,ENPH
2024-11-01,71.3499984741211,ENPH
2024-12-01,68.68000030517578,ENPH
2025-01-01,62.279998779296875,ENPH
2025-02-01,57.33000183105469,ENPH
2025-03-01,62.04999923706055,ENPH
2025-04-01,44.59000015258789,ENPH
2025-05-01,41.38999938964844,ENPH
2025-06-01,39.650001525878906,ENPH
2025-07-01,32.36000061035156,ENPH
2025-08-01,37.70000076293945,ENPH
2025-09-01,35.38999938964844,ENPH
2025-10-01,30.510000228881836,ENPH
2025-11-01,28.850000381469727,ENPH
2025-12-01,32.04999923706055,ENPH
2026-01-01,36.97999954223633,ENPH
2017-01-01,,EVLV
2017-02-01,,EVLV
2017-03-01,,EVLV
2017-04-01,,EVLV
2017-05-01,,EVLV
2017-06-01,,EVLV
2017-07-01,,EVLV
2017-08-01,,EVLV
2017-09-01,,EVLV
2017-10-01,,EVLV
2017-11-01,,EVLV
2017-12-01,,EVLV
2018-01-01,,EVLV
2018-02-01,,EVLV
2018-03-01,,EVLV
2018-04-01,,EVLV
2018-05-01,,EVLV
2018-06-01,,EVLV
2018-07-01,,EVLV
2018-08-01,,EVLV
2018-09-01,,EVLV
2018-10-01,,EVLV
2018-11-01,,EVLV
2018-12-01,,EVLV
2019-01-01,,EVLV
2019-02-01,,EVLV
2019-03-01,,EVLV
2019-04-01,,EVLV
2019-05-01,,EVLV
2019-06-01,,EVLV
2019-07-01,,EVLV
2019-08-01,,EVLV
2019-09-01,,EVLV
2019-10-01,,EVLV
2019-11-01,,EVLV
2019-12-01,,EVLV
2020-01-01,,EVLV
2020-02-01,,EVLV
2020-03-01,,EVLV
2020-04-01,,EVLV
2020-05-01,,EVLV
2020-06-01,,EVLV
2020-07-01,,EVLV
2020-08-01,,EVLV
2020-09-01,9.75,EVLV
2020-10-01,9.619999885559082,EVLV
2020-11-01,9.800000190734863,EVLV
2020-12-01,10.010000228881836,EVLV
2021-01-01,10.359999656677246,EVLV
2021-02-01,10.260000228881836,EVLV
2021-03-01,10.010000228881836,EVLV
2021-04-01,9.979999542236328,EVLV
2021-05-01,10.0,EVLV
2021-06-01,10.029999732971191,EVLV
2021-07-01,8.130000114440918,EVLV
2021-08-01,7.78000020980835,EVLV
2021-09-01,6.0,EVLV
2021-10-01,5.690000057220459,EVLV
2021-11-01,5.420000076293945,EVLV
2021-12-01,4.460000038146973,EVLV
2022-01-01,3.200000047683716,EVLV
2022-02-01,3.5199999809265137,EVLV
2022-03-01,2.6500000953674316,EVLV
2022-04-01,2.190000057220459,EVLV
2022-05-01,2.9100000858306885,EVLV
2022-06-01,2.6600000858306885,EVLV
2022-07-01,2.690000057220459,EVLV
2022-08-01,2.2699999809265137,EVLV
2022-09-01,2.119999885559082,EVLV
2022-10-01,2.930000066757202,EVLV
2022-11-01,3.490000009536743,EVLV
2022-12-01,2.5899999141693115,EVLV
2023-01-01,3.059999942779541,EVLV
2023-02-01,2.75,EVLV
2023-03-01,3.119999885559082,EVLV
2023-04-01,3.5999999046325684,EVLV
2023-05-01,5.960000038146973,EVLV
2023-06-01,6.0,EVLV
2023-07-01,6.579999923706055,EVLV
2023-08-01,6.989999771118164,EVLV
2023-09-01,4.860000133514404,EVLV
2023-10-01,4.25,EVLV
2023-11-01,4.0,EVLV
2023-12-01,4.71999979019165,EVLV
2024-01-01,4.369999885559082,EVLV
2024-02-01,4.769999980926514,EVLV
2024-03-01,4.449999809265137,EVLV
2024-04-01,3.9100000858306885,EVLV
2024-05-01,2.859999895095825,EVLV
2024-06-01,2.549999952316284,EVLV
2024-07-01,3.4700000286102295,EVLV
2024-08-01,3.940000057220459,EVLV
2024-09-01,4.050000190734863,EVLV
2024-10-01,2.1500000953674316,EVLV
2024-11-01,4.050000190734863,EVLV
2024-12-01,3.950000047683716,EVLV
2025-01-01,4.010000228881836,EVLV
2025-02-01,3.5399999618530273,EVLV
2025-03-01,3.119999885559082,EVLV
2025-04-01,4.389999866485596,EVLV
2025-05-01,5.460000038146973,EVLV
2025-06-01,6.239999771118164,EVLV
2025-07-01,6.554999828338623,EVLV
2025-08-01,8.239999771118164,EVLV
2025-09-01,7.550000190734863,EVLV
2025-10-01,7.739999771118164,EVLV
2025-11-01,6.389999866485596,EVLV
2025-12-01,7.159999847412109,EVLV
2026-01-01,6.190000057220459,EVLV
2017-01-01,,EXFY
2017-02-01,,EXFY
2017-03-01,,EXFY
2017-04-01,,EXFY
2017-05-01,,EXFY
2017-06-01,,EXFY
2017-07-01,,EXFY
2017-08-01,,EXFY
2017-09-01,,EXFY
2017-10-01,,EXFY
2017-11-01,,EXFY
2017-12-01,,EXFY
2018-01-01,,EXFY
2018-02-01,,EXFY
2018-03-01,,EXFY
2018-04-01,,EXFY
2018-05-01,,EXFY
2018-06-01,,EXFY
2018-07-01,,EXFY
2018-08-01,,EXFY
2018-09-01,,EXFY
2018-10-01,,EXFY
2018-11-01,,EXFY
2018-12-01,,EXFY
2019-01-01,,EXFY
2019-02-01,,EXFY
2019-03-01,,EXFY
2019-04-01,,EXFY
2019-05-01,,EXFY
2019-06-01,,EXFY
2019-07-01,,EXFY
2019-08-01,,EXFY
2019-09-01,,EXFY
2019-10-01,,EXFY
2019-11-01,,EXFY
2019-12-01,,EXFY
2020-01-01,,EXFY
2020-02-01,,EXFY
2020-03-01,,EXFY
2020-04-01,,EXFY
2020-05-01,,EXFY
2020-06-01,,EXFY
2020-07-01,,EXFY
2020-08-01,,EXFY
2020-09-01,,EXFY
2020-10-01,,EXFY
2020-11-01,,EXFY
2020-12-01,,EXFY
2021-01-01,,EXFY
2021-02-01,,EXFY
2021-03-01,,EXFY
2021-04-01,,EXFY
2021-05-01,,EXFY
2021-06-01,,EXFY
2021-07-01,,EXFY
2021-08-01,,EXFY
2021-09-01,,EXFY
2021-10-01,,EXFY
2021-11-01,45.13999938964844,EXFY
2021-12-01,44.0,EXFY
2022-01-01,29.25,EXFY
2022-02-01,20.5,EXFY
2022-03-01,17.559999465942383,EXFY
2022-04-01,15.029999732971191,EXFY
2022-05-01,21.139999389648438,EXFY
2022-06-01,17.790000915527344,EXFY
2022-07-01,19.959999084472656,EXFY
2022-08-01,18.1299991607666,EXFY
2022-09-01,14.880000114440918,EXFY
2022-10-01,13.09000015258789,EXFY
2022-11-01,9.569999694824219,EXFY
2022-12-01,8.829999923706055,EXFY
2023-01-01,10.40999984741211,EXFY
2023-02-01,8.420000076293945,EXFY
2023-03-01,8.149999618530273,EXFY
2023-04-01,7.590000152587891,EXFY
2023-05-01,6.920000076293945,EXFY
2023-06-01,7.980000019073486,EXFY
2023-07-01,8.0600004196167,EXFY
2023-08-01,4.289999961853027,EXFY
2023-09-01,3.25,EXFY
2023-10-01,2.6700000762939453,EXFY
2023-11-01,2.3299999237060547,EXFY
2023-12-01,2.4700000286102295,EXFY
2024-01-01,1.6200000047683716,EXFY
2024-02-01,2.0799999237060547,EXFY
2024-03-01,1.840000033378601,EXFY
2024-04-01,1.600000023841858,EXFY
2024-05-01,1.5099999904632568,EXFY
2024-06-01,1.4900000095367432,EXFY
2024-07-01,1.850000023841858,EXFY
2024-08-01,2.319999933242798,EXFY
2024-09-01,1.9600000381469727,EXFY
2024-10-01,1.8899999856948853,EXFY
2024-11-01,3.259999990463257,EXFY
2024-12-01,3.3499999046325684,EXFY
2025-01-01,3.5799999237060547,EXFY
2025-02-01,3.875,EXFY
2025-03-01,3.0399999618530273,EXFY
2025-04-01,2.9600000381469727,EXFY
2025-05-01,2.2100000381469727,EXFY
2025-06-01,2.5899999141693115,EXFY
2025-07-01,2.0299999713897705,EXFY
2025-08-01,1.9600000381469727,EXFY
2025-09-01,1.850000023841858,EXFY
2025-10-01,1.6299999952316284,EXFY
2025-11-01,1.5499999523162842,EXFY
2025-12-01,1.5099999904632568,EXFY
2026-01-01,1.4500000476837158,EXFY
2017-01-01,,FA
2017-02-01,,FA
2017-03-01,,FA
2017-04-01,,FA
2017-05-01,,FA
2017-06-01,,FA
2017-07-01,,FA
2017-08-01,,FA
2017-09-01,,FA
2017-10-01,,FA
2017-11-01,,FA
2017-12-01,,FA
2018-01-01,,FA
2018-02-01,,FA
2018-03-01,,FA
2018-04-01,,FA
2018-05-01,,FA
2018-06-01,,FA
2018-07-01,,FA
2018-08-01,,FA
2018-09-01,,FA
2018-10-01,,FA
2018-11-01,,FA
2018-12-01,,FA
2019-01-01,,FA
2019-02-01,,FA
2019-03-01,,FA
2019-04-01,,FA
2019-05-01,,FA
2019-06-01,,FA
2019-07-01,,FA
2019-08-01,,FA
2019-09-01,,FA
2019-10-01,,FA
2019-11-01,,FA
2019-12-01,,FA
2020-01-01,,FA
2020-02-01,,FA
2020-03-01,,FA
2020-04-01,,FA
2020-05-01,,FA
2020-06-01,,FA
2020-07-01,,FA
2020-08-01,,FA
2020-09-01,,FA
2020-10-01,,FA
2020-11-01,,FA
2020-12-01,,FA
2021-01-01,,FA
2021-02-01,,FA
2021-03-01,,FA
2021-04-01,,FA
2021-05-01,,FA
2021-06-01,17.930875778198242,FA
2021-07-01,17.660696029663086,FA
2021-08-01,20.434534072875977,FA
2021-09-01,17.156360626220703,FA
2021-10-01,16.841154098510742,FA
2021-11-01,15.616342544555664,FA
2021-12-01,17.147357940673828,FA
2022-01-01,15.238091468811035,FA
2022-02-01,14.544631958007812,FA
2022-03-01,18.183042526245117,FA
2022-04-01,15.634354591369629,FA
2022-05-01,13.14870834350586,FA
2022-06-01,11.41055679321289,FA
2022-07-01,12.635367393493652,FA
2022-08-01,12.464255332946777,FA
2022-09-01,11.554652214050293,FA
2022-10-01,12.653380393981934,FA
2022-11-01,11.977932929992676,FA
2022-12-01,11.707754135131836,FA
2023-01-01,12.50027847290039,FA
2023-02-01,13.067654609680176,FA
2023-03-01,12.57232666015625,FA
2023-04-01,11.581669807434082,FA
2023-05-01,12.167057991027832,FA
2023-06-01,13.878190994262695,FA
2023-07-01,13.508946418762207,FA
2023-08-01,13.949999809265137,FA
2023-09-01,13.789999961853027,FA
2023-10-01,13.010000228881836,FA
2023-11-01,15.510000228881836,FA
2023-12-01,16.56999969482422,FA
2024-01-01,16.3700008392334,FA
2024-02-01,15.65999984741211,FA
2024-03-01,16.219999313354492,FA
2024-04-01,16.299999237060547,FA
2024-05-01,16.059999465942383,FA
2024-06-01,16.06999969482422,FA
2024-07-01,17.219999313354492,FA
2024-08-01,19.149999618530273,FA
2024-09-01,19.850000381469727,FA
2024-10-01,18.1200008392334,FA
2024-11-01,19.229999542236328,FA
2024-12-01,18.729999542236328,FA
2025-01-01,18.8799991607666,FA
2025-02-01,14.960000038146973,FA
2025-03-01,14.09000015258789,FA
2025-04-01,14.100000381469727,FA
2025-05-01,17.1200008392334,FA
2025-06-01,16.610000610351562,FA
2025-07-01,17.290000915527344,FA
2025-08-01,16.360000610351562,FA
2025-09-01,15.390000343322754,FA
2025-10-01,12.630000114440918,FA
2025-11-01,13.880000114440918,FA
2025-12-01,14.529999732971191,FA
2026-01-01,13.5,FA
2017-01-01,,GRND
2017-02-01,,GRND
2017-03-01,,GRND
2017-04-01,,GRND
2017-05-01,,GRND
2017-06-01,,GRND
2017-07-01,,GRND
2017-08-01,,GRND
2017-09-01,,GRND
2017-10-01,,GRND
2017-11-01,,GRND
2017-12-01,,GRND
2018-01-01,,GRND
2018-02-01,,GRND
2018-03-01,,GRND
2018-04-01,,GRND
2018-05-01,,GRND
2018-06-01,,GRND
2018-07-01,,GRND
2018-08-01,,GRND
2018-09-01,,GRND
2018-10-01,,GRND
2018-11-01,,GRND
2018-12-01,,GRND
2019-01-01,,GRND
2019-02-01,,GRND
2019-03-01,,GRND
2019-04-01,,GRND
2019-05-01,,GRND
2019-06-01,,GRND
2019-07-01,,GRND
2019-08-01,,GRND
2019-09-01,,GRND
2019-10-01,,GRND
2019-11-01,,GRND
2019-12-01,,GRND
2020-01-01,,GRND
2020-02-01,,GRND
2020-03-01,,GRND
2020-04-01,,GRND
2020-05-01,,GRND
2020-06-01,,GRND
2020-07-01,,GRND
2020-08-01,,GRND
2020-09-01,,GRND
2020-10-01,,GRND
2020-11-01,,GRND
2020-12-01,,GRND
2021-01-01,10.699999809265137,GRND
2021-02-01,10.520000457763672,GRND
2021-03-01,10.039999961853027,GRND
2021-04-01,10.100000381469727,GRND
2021-05-01,10.020000457763672,GRND
2021-06-01,10.029999732971191,GRND
2021-07-01,10.039999961853027,GRND
2021-08-01,10.119999885559082,GRND
2021-09-01,10.130000114440918,GRND
2021-10-01,10.140000343322754,GRND
2021-11-01,10.109999656677246,GRND
2021-12-01,10.133000373840332,GRND
2022-01-01,10.175000190734863,GRND
2022-02-01,10.199999809265137,GRND
2022-03-01,10.25,GRND
2022-04-01,10.260000228881836,GRND
2022-05-01,10.270000457763672,GRND
2022-06-01,10.270000457763672,GRND
2022-07-01,10.319999694824219,GRND
2022-08-01,10.350000381469727,GRND
2022-09-01,10.380000114440918,GRND
2022-10-01,10.430000305175781,GRND
2022-11-01,7.059999942779541,GRND
2022-12-01,4.650000095367432,GRND
2023-01-01,5.519999980926514,GRND
2023-02-01,6.449999809265137,GRND
2023-03-01,6.21999979019165,GRND
2023-04-01,6.329999923706055,GRND
2023-05-01,6.059999942779541,GRND
2023-06-01,5.53000020980835,GRND
2023-07-01,5.900000095367432,GRND
2023-08-01,5.139999866485596,GRND
2023-09-01,5.75,GRND
2023-10-01,5.949999809265137,GRND
2023-11-01,6.71999979019165,GRND
2023-12-01,8.779999732971191,GRND
2024-01-01,8.680000305175781,GRND
2024-02-01,8.279999732971191,GRND
2024-03-01,10.130000114440918,GRND
2024-04-01,9.789999961853027,GRND
2024-05-01,9.5,GRND
2024-06-01,12.239999771118164,GRND
2024-07-01,11.630000114440918,GRND
2024-08-01,12.029999732971191,GRND
2024-09-01,11.930000305175781,GRND
2024-10-01,13.380000114440918,GRND
2024-11-01,15.09000015258789,GRND
2024-12-01,17.84000015258789,GRND
2025-01-01,17.84000015258789,GRND
2025-02-01,18.350000381469727,GRND
2025-03-01,17.899999618530273,GRND
2025-04-01,21.969999313354492,GRND
2025-05-01,24.420000076293945,GRND
2025-06-01,22.700000762939453,GRND
2025-07-01,17.479999542236328,GRND
2025-08-01,15.640000343322754,GRND
2025-09-01,15.020000457763672,GRND
2025-10-01,13.859999656677246,GRND
2025-11-01,12.829999923706055,GRND
2025-12-01,13.539999961853027,GRND
2026-01-01,11.319999694824219,GRND
2017-01-01,,GTLB
2017-02-01,,GTLB
2017-03-01,,GTLB
2017-04-01,,GTLB
2017-05-01,,GTLB
2017-06-01,,GTLB
2017-07-01,,GTLB
2017-08-01,,GTLB
2017-09-01,,GTLB
2017-10-01,,GTLB
2017-11-01,,GTLB
2017-12-01,,GTLB
2018-01-01,,GTLB
2018-02-01,,GTLB
2018-03-01,,GTLB
2018-04-01,,GTLB
2018-05-01,,GTLB
2018-06-01,,GTLB
2018-07-01,,GTLB
2018-08-01,,GTLB
2018-09-01,,GTLB
2018-10-01,,GTLB
2018-11-01,,GTLB
2018-12-01,,GTLB
2019-01-01,,GTLB
2019-02-01,,GTLB
2019-03-01,,GTLB
2019-04-01,,GTLB
2019-05-01,,GTLB
2019-06-01,,GTLB
2019-07-01,,GTLB
2019-08-01,,GTLB
2019-09-01,,GTLB
2019-10-01,,GTLB
2019-11-01,,GTLB
2019-12-01,,GTLB
2020-01-01,,GTLB
2020-02-01,,GTLB
2020-03-01,,GTLB
2020-04-01,,GTLB
2020-05-01,,GTLB
2020-06-01,,GTLB
2020-07-01,,GTLB
2020-08-01,,GTLB
2020-09-01,,GTLB
2020-10-01,,GTLB
2020-11-01,,GTLB
2020-12-01,,GTLB
2021-01-01,,GTLB
2021-02-01,,GTLB
2021-03-01,,GTLB
2021-04-01,,GTLB
2021-05-01,,GTLB
2021-06-01,,GTLB
2021-07-01,,GTLB
2021-08-01,,GTLB
2021-09-01,,GTLB
2021-10-01,112.19999694824219,GTLB
2021-11-01,96.54000091552734,GTLB
2021-12-01,87.0,GTLB
2022-01-01,64.01000213623047,GTLB
2022-02-01,58.27000045776367,GTLB
2022-03-01,54.45000076293945,GTLB
2022-04-01,47.93000030517578,GTLB
2022-05-01,38.939998626708984,GTLB
2022-06-01,53.13999938964844,GTLB
2022-07-01,57.400001525878906,GTLB
2022-08-01,59.869998931884766,GTLB
2022-09-01,51.220001220703125,GTLB
2022-10-01,48.459999084472656,GTLB
2022-11-01,39.54999923706055,GTLB
2022-12-01,45.439998626708984,GTLB
2023-01-01,49.40999984741211,GTLB
2023-02-01,44.040000915527344,GTLB
2023-03-01,34.290000915527344,GTLB
2023-04-01,30.360000610351562,GTLB
2023-05-01,36.959999084472656,GTLB
2023-06-01,51.11000061035156,GTLB
2023-07-01,49.630001068115234,GTLB
2023-08-01,47.369998931884766,GTLB
2023-09-01,45.220001220703125,GTLB
2023-10-01,43.279998779296875,GTLB
2023-11-01,48.34000015258789,GTLB
2023-12-01,62.959999084472656,GTLB
2024-01-01,71.11000061035156,GTLB
2024-02-01,72.12000274658203,GTLB
2024-03-01,58.31999969482422,GTLB
2024-04-01,52.470001220703125,GTLB
2024-05-01,47.189998626708984,GTLB
2024-06-01,49.720001220703125,GTLB
2024-07-01,51.22999954223633,GTLB
2024-08-01,47.400001525878906,GTLB
2024-09-01,51.540000915527344,GTLB
2024-10-01,53.75,GTLB
2024-11-01,63.75,GTLB
2024-12-01,56.349998474121094,GTLB
2025-01-01,72.76000213623047,GTLB
2025-02-01,60.209999084472656,GTLB
2025-03-01,47.0,GTLB
2025-04-01,46.66999816894531,GTLB
2025-05-01,45.5099983215332,GTLB
2025-06-01,45.11000061035156,GTLB
2025-07-01,43.810001373291016,GTLB
2025-08-01,48.02000045776367,GTLB
2025-09-01,45.08000183105469,GTLB
2025-10-01,48.75,GTLB
2025-11-01,41.060001373291016,GTLB
2025-12-01,37.529998779296875,GTLB
2026-01-01,34.97999954223633,GTLB
2017-01-01,,INDI
2017-02-01,,INDI
2017-03-01,,INDI
2017-04-01,,INDI
2017-05-01,,INDI
2017-06-01,,INDI
2017-07-01,,INDI
2017-08-01,,INDI
2017-09-01,,INDI
2017-10-01,,INDI
2017-11-01,,INDI
2017-12-01,,INDI
2018-01-01,,INDI
2018-02-01,,INDI
2018-03-01,,INDI
2018-04-01,,INDI
2018-05-01,,INDI
2018-06-01,,INDI
2018-07-01,,INDI
2018-08-01,,INDI
2018-09-01,,INDI
2018-10-01,,INDI
2018-11-01,,INDI
2018-12-01,,INDI
2019-01-01,,INDI
2019-02-01,,INDI
2019-03-01,,INDI
2019-04-01,,INDI
2019-05-01,,INDI
2019-06-01,,INDI
2019-07-01,,INDI
2019-08-01,,INDI
2019-09-01,,INDI
2019-10-01,9.84000015258789,INDI
2019-11-01,9.850000381469727,INDI
2019-12-01,9.949999809265137,INDI
2020-01-01,9.949999809265137,INDI
2020-02-01,10.09000015258789,INDI
2020-03-01,9.850000381469727,INDI
2020-04-01,9.890000343322754,INDI
2020-05-01,9.869999885559082,INDI
2020-06-01,10.100000381469727,INDI
2020-07-01,10.319999694824219,INDI
2020-08-01,10.0600004196167,INDI
2020-09-01,10.199999809265137,INDI
2020-10-01,10.09000015258789,INDI
2020-11-01,10.279999732971191,INDI
2020-12-01,13.220000267028809,INDI
2021-01-01,11.239999771118164,INDI
2021-02-01,10.630000114440918,INDI
2021-03-01,10.420000076293945,INDI
2021-04-01,10.039999961853027,INDI
2021-05-01,10.100000381469727,INDI
2021-06-01,9.880000114440918,INDI
2021-07-01,8.680000305175781,INDI
2021-08-01,10.100000381469727,INDI
2021-09-01,12.3100004196167,INDI
2021-10-01,13.15999984741211,INDI
2021-11-01,13.729999542236328,INDI
2021-12-01,11.989999771118164,INDI
2022-01-01,7.909999847412109,INDI
2022-02-01,7.849999904632568,INDI
2022-03-01,7.809999942779541,INDI
2022-04-01,6.900000095367432,INDI
2022-05-01,7.690000057220459,INDI
2022-06-01,5.699999809265137,INDI
2022-07-01,7.199999809265137,INDI
2022-08-01,8.510000228881836,INDI
2022-09-01,7.320000171661377,INDI
2022-10-01,7.820000171661377,INDI
2022-11-01,8.210000038146973,INDI
2022-12-01,5.829999923706055,INDI
2023-01-01,7.96999979019165,INDI
2023-02-01,10.460000038146973,INDI
2023-03-01,10.550000190734863,INDI
2023-04-01,7.570000171661377,INDI
2023-05-01,9.5,INDI
2023-06-01,9.399999618530273,INDI
2023-07-01,9.479999542236328,INDI
2023-08-01,6.699999809265137,INDI
2023-09-01,6.300000190734863,INDI
2023-10-01,4.889999866485596,INDI
2023-11-01,7.460000038146973,INDI
2023-12-01,8.109999656677246,INDI
2024-01-01,6.070000171661377,INDI
2024-02-01,6.190000057220459,INDI
2024-03-01,7.079999923706055,INDI
2024-04-01,5.619999885559082,INDI
2024-05-01,6.670000076293945,INDI
2024-06-01,6.170000076293945,INDI
2024-07-01,5.980000019073486,INDI
2024-08-01,4.150000095367432,INDI
2024-09-01,3.990000009536743,INDI
2024-10-01,3.309999942779541,INDI
2024-11-01,5.230000019073486,INDI
2024-12-01,4.050000190734863,INDI
2025-01-01,4.099999904632568,INDI
2025-02-01,3.009999990463257,INDI
2025-03-01,2.0350000858306885,INDI
2025-04-01,1.9900000095367432,INDI
2025-05-01,2.6500000953674316,INDI
2025-06-01,3.559999942779541,INDI
2025-07-01,3.9100000858306885,INDI
2025-08-01,4.53000020980835,INDI
2025-09-01,4.070000171661377,INDI
2025-10-01,5.380000114440918,INDI
2025-11-01,3.559999942779541,INDI
2025-12-01,3.5299999713897705,INDI
2026-01-01,4.099999904632568,INDI
2017-01-01,,INTA
2017-02-01,,INTA
2017-03-01,,INTA
2017-04-01,,INTA
2017-05-01,,INTA
2017-06-01,,INTA
2017-07-01,,INTA
2017-08-01,,INTA
2017-09-01,,INTA
2017-10-01,,INTA
2017-11-01,,INTA
2017-12-01,,INTA
2018-01-01,,INTA
2018-02-01,,INTA
2018-03-01,,INTA
2018-04-01,,INTA
2018-05-01,,INTA
2018-06-01,,INTA
2018-07-01,,INTA
2018-08-01,,INTA
2018-09-01,,INTA
2018-10-01,,INTA
2018-11-01,,INTA
2018-12-01,,INTA
2019-01-01,,INTA
2019-02-01,,INTA
2019-03-01,,INTA
2019-04-01,,INTA
2019-05-01,,INTA
2019-06-01,,INTA
2019-07-01,,INTA
2019-08-01,,INTA
2019-09-01,,INTA
2019-10-01,,INTA
2019-11-01,,INTA
2019-12-01,,INTA
2020-01-01,,INTA
2020-02-01,,INTA
2020-03-01,,INTA
2020-04-01,,INTA
2020-05-01,,INTA
2020-06-01,,INTA
2020-07-01,,INTA
2020-08-01,,INTA
2020-09-01,,INTA
2020-10-01,,INTA
2020-11-01,,INTA
2020-12-01,,INTA
2021-01-01,,INTA
2021-02-01,,INTA
2021-03-01,,INTA
2021-04-01,,INTA
2021-05-01,,INTA
2021-06-01,28.0,INTA
2021-07-01,33.900001525878906,INTA
2021-08-01,36.5,INTA
2021-09-01,25.760000228881836,INTA
2021-10-01,27.0,INTA
2021-11-01,27.389999389648438,INTA
2021-12-01,25.15999984741211,INTA
2022-01-01,20.1200008392334,INTA
2022-02-01,23.059999465942383,INTA
2022-03-01,24.010000228881836,INTA
2022-04-01,24.940000534057617,INTA
2022-05-01,19.8799991607666,INTA
2022-06-01,14.640000343322754,INTA
2022-07-01,15.170000076293945,INTA
2022-08-01,14.489999771118164,INTA
2022-09-01,18.670000076293945,INTA
2022-10-01,22.459999084472656,INTA
2022-11-01,23.110000610351562,INTA
2022-12-01,24.940000534057617,INTA
2023-01-01,28.979999542236328,INTA
2023-02-01,39.58000183105469,INTA
2023-03-01,44.84000015258789,INTA
2023-04-01,40.31999969482422,INTA
2023-05-01,42.27000045776367,INTA
2023-06-01,41.90999984741211,INTA
2023-07-01,41.060001373291016,INTA
2023-08-01,36.61000061035156,INTA
2023-09-01,33.52000045776367,INTA
2023-10-01,34.20000076293945,INTA
2023-11-01,37.5,INTA
2023-12-01,38.02000045776367,INTA
2024-01-01,43.08000183105469,INTA
2024-02-01,39.22999954223633,INTA
2024-03-01,34.29999923706055,INTA
2024-04-01,30.920000076293945,INTA
2024-05-01,35.900001525878906,INTA
2024-06-01,36.66999816894531,INTA
2024-07-01,35.83000183105469,INTA
2024-08-01,46.20000076293945,INTA
2024-09-01,47.83000183105469,INTA
2024-10-01,50.16999816894531,INTA
2024-11-01,62.54999923706055,INTA
2024-12-01,64.08999633789062,INTA
2025-01-01,71.29000091552734,INTA
2025-02-01,65.95999908447266,INTA
2025-03-01,58.380001068115234,INTA
2025-04-01,54.2599983215332,INTA
2025-05-01,55.119998931884766,INTA
2025-06-01,51.619998931884766,INTA
2025-07-01,40.04999923706055,INTA
2025-08-01,45.9900016784668,INTA
2025-09-01,40.900001525878906,INTA
2025-10-01,38.380001068115234,INTA
2025-11-01,43.189998626708984,INTA
2025-12-01,45.81999969482422,INTA
2026-01-01,33.95000076293945,INTA
2017-01-01,,IONQ
2017-02-01,,IONQ
2017-03-01,,IONQ
2017-04-01,,IONQ
2017-05-01,,IONQ
2017-06-01,,IONQ
2017-07-01,,IONQ
2017-08-01,,IONQ
2017-09-01,,IONQ
2017-10-01,,IONQ
2017-11-01,,IONQ
2017-12-01,,IONQ
2018-01-01,,IONQ
2018-02-01,,IONQ
2018-03-01,,IONQ
2018-04-01,,IONQ
2018-05-01,,IONQ
2018-06-01,,IONQ
2018-07-01,,IONQ
2018-08-01,,IONQ
2018-09-01,,IONQ
2018-10-01,,IONQ
2018-11-01,,IONQ
2018-12-01,,IONQ
2019-01-01,,IONQ
2019-02-01,,IONQ
2019-03-01,,IONQ
2019-04-01,,IONQ
2019-05-01,,IONQ
2019-06-01,,IONQ
2019-07-01,,IONQ
2019-08-01,,IONQ
2019-09-01,,IONQ
2019-10-01,,IONQ
2019-11-01,,IONQ
2019-12-01,,IONQ
2020-01-01,,IONQ
2020-02-01,,IONQ
2020-03-01,,IONQ
2020-04-01,,IONQ
2020-05-01,,IONQ
2020-06-01,,IONQ
2020-07-01,,IONQ
2020-08-01,,IONQ
2020-09-01,,IONQ
2020-10-01,,IONQ
2020-11-01,,IONQ
2020-12-01,,IONQ
2021-01-01,11.350000381469727,IONQ
2021-02-01,14.470000267028809,IONQ
2021-03-01,10.770000457763672,IONQ
2021-04-01,10.779999732971191,IONQ
2021-05-01,9.979999542236328,IONQ
2021-06-01,10.6899995803833,IONQ
2021-07-01,9.920000076293945,IONQ
2021-08-01,9.989999771118164,IONQ
2021-09-01,10.399999618530273,IONQ
2021-10-01,15.039999961853027,IONQ
2021-11-01,23.81999969482422,IONQ
2021-12-01,16.700000762939453,IONQ
2022-01-01,11.4399995803833,IONQ
2022-02-01,15.979999542236328,IONQ
2022-03-01,12.760000228881836,IONQ
2022-04-01,7.869999885559082,IONQ
2022-05-01,5.75,IONQ
2022-06-01,4.380000114440918,IONQ
2022-07-01,5.400000095367432,IONQ
2022-08-01,5.940000057220459,IONQ
2022-09-01,5.070000171661377,IONQ
2022-10-01,5.889999866485596,IONQ
2022-11-01,5.159999847412109,IONQ
2022-12-01,3.450000047683716,IONQ
2023-01-01,4.440000057220459,IONQ
2023-02-01,4.739999771118164,IONQ
2023-03-01,6.150000095367432,IONQ
2023-04-01,5.510000228881836,IONQ
2023-05-01,10.789999961853027,IONQ
2023-06-01,13.529999732971191,IONQ
2023-07-01,19.25,IONQ
2023-08-01,17.190000534057617,IONQ
2023-09-01,14.880000114440918,IONQ
2023-10-01,9.640000343322754,IONQ
2023-11-01,12.229999542236328,IONQ
2023-12-01,12.390000343322754,IONQ
2024-01-01,10.270000457763672,IONQ
2024-02-01,10.359999656677246,IONQ
2024-03-01,9.989999771118164,IONQ
2024-04-01,8.550000190734863,IONQ
2024-05-01,8.149999618530273,IONQ
2024-06-01,7.03000020980835,IONQ
2024-07-01,8.149999618530273,IONQ
2024-08-01,7.420000076293945,IONQ
2024-09-01,8.739999771118164,IONQ
2024-10-01,15.029999732971191,IONQ
2024-11-01,36.5,IONQ
2024-12-01,41.77000045776367,IONQ
2025-01-01,39.4900016784668,IONQ
2025-02-01,24.56999969482422,IONQ
2025-03-01,22.06999969482422,IONQ
2025-04-01,27.459999084472656,IONQ
2025-05-01,40.34000015258789,IONQ
2025-06-01,42.970001220703125,IONQ
2025-07-01,39.869998931884766,IONQ
2025-08-01,42.7400016784668,IONQ
2025-09-01,61.5,IONQ
2025-10-01,62.380001068115234,IONQ
2025-11-01,49.29999923706055,IONQ
2025-12-01,44.869998931884766,IONQ
2026-01-01,39.97999954223633,IONQ
2017-01-01,,KD
2017-02-01,,KD
2017-03-01,,KD
2017-04-01,,KD
2017-05-01,,KD
2017-06-01,,KD
2017-07-01,,KD
2017-08-01,,KD
2017-09-01,,KD
2017-10-01,,KD
2017-11-01,,KD
2017-12-01,,KD
2018-01-01,,KD
2018-02-01,,KD
2018-03-01,,KD
2018-04-01,,KD
2018-05-01,,KD
2018-06-01,,KD
2018-07-01,,KD
2018-08-01,,KD
2018-09-01,,KD
2018-10-01,,KD
2018-11-01,,KD
2018-12-01,,KD
2019-01-01,,KD
2019-02-01,,KD
2019-03-01,,KD
2019-04-01,,KD
2019-05-01,,KD
2019-06-01,,KD
2019-07-01,,KD
2019-08-01,,KD
2019-09-01,,KD
2019-10-01,,KD
2019-11-01,,KD
2019-12-01,,KD
2020-01-01,,KD
2020-02-01,,KD
2020-03-01,,KD
2020-04-01,,KD
2020-05-01,,KD
2020-06-01,,KD
2020-07-01,,KD
2020-08-01,,KD
2020-09-01,,KD
2020-10-01,,KD
2020-11-01,,KD
2020-12-01,,KD
2021-01-01,,KD
2021-02-01,,KD
2021-03-01,,KD
2021-04-01,,KD
2021-05-01,,KD
2021-06-01,,KD
2021-07-01,,KD
2021-08-01,,KD
2021-09-01,,KD
2021-10-01,31.5,KD
2021-11-01,15.800000190734863,KD
2021-12-01,18.100000381469727,KD
2022-01-01,16.8799991607666,KD
2022-02-01,15.859999656677246,KD
2022-03-01,13.119999885559082,KD
2022-04-01,11.890000343322754,KD
2022-05-01,12.34000015258789,KD
2022-06-01,9.779999732971191,KD
2022-07-01,10.470000267028809,KD
2022-08-01,10.420000076293945,KD
2022-09-01,8.270000457763672,KD
2022-10-01,9.670000076293945,KD
2022-11-01,11.710000038146973,KD
2022-12-01,11.119999885559082,KD
2023-01-01,13.390000343322754,KD
2023-02-01,15.6899995803833,KD
2023-03-01,14.760000228881836,KD
2023-04-01,14.460000038146973,KD
2023-05-01,12.5600004196167,KD
2023-06-01,13.279999732971191,KD
2023-07-01,13.65999984741211,KD
2023-08-01,16.8799991607666,KD
2023-09-01,15.100000381469727,KD
2023-10-01,14.630000114440918,KD
2023-11-01,18.030000686645508,KD
2023-12-01,20.780000686645508,KD
2024-01-01,20.520000457763672,KD
2024-02-01,21.969999313354492,KD
2024-03-01,21.760000228881836,KD
2024-04-01,19.65999984741211,KD
2024-05-01,26.610000610351562,KD
2024-06-01,26.309999465942383,KD
2024-07-01,26.8700008392334,KD
2024-08-01,23.690000534057617,KD
2024-09-01,22.979999542236328,KD
2024-10-01,22.889999389648438,KD
2024-11-01,34.709999084472656,KD
2024-12-01,34.599998474121094,KD
2025-01-01,37.959999084472656,KD
2025-02-01,38.08000183105469,KD
2025-03-01,31.399999618530273,KD
2025-04-01,32.41999816894531,KD
2025-05-01,39.040000915527344,KD
2025-06-01,41.959999084472656,KD
2025-07-01,37.77000045776367,KD
2025-08-01,31.790000915527344,KD
2025-09-01,30.030000686645508,KD
2025-10-01,28.920000076293945,KD
2025-11-01,25.829999923706055,KD
2025-12-01,26.559999465942383,KD
2026-01-01,23.0,KD
2017-01-01,,KLTR
2017-02-01,,KLTR
2017-03-01,,KLTR
2017-04-01,,KLTR
2017-05-01,,KLTR
2017-06-01,,KLTR
2017-07-01,,KLTR
2017-08-01,,KLTR
2017-09-01,,KLTR
2017-10-01,,KLTR
2017-11-01,,KLTR
2017-12-01,,KLTR
2018-01-01,,KLTR
2018-02-01,,KLTR
2018-03-01,,KLTR
2018-04-01,,KLTR
2018-05-01,,KLTR
2018-06-01,,KLTR
2018-07-01,,KLTR
2018-08-01,,KLTR
2018-09-01,,KLTR
2018-10-01,,KLTR
2018-11-01,,KLTR
2018-12-01,,KLTR
2019-01-01,,KLTR
2019-02-01,,KLTR
2019-03-01,,KLTR
2019-04-01,,KLTR
2019-05-01,,KLTR
2019-06-01,,KLTR
2019-07-01,,KLTR
2019-08-01,,KLTR
2019-09-01,,KLTR
2019-10-01,,KLTR
2019-11-01,,KLTR
2019-12-01,,KLTR
2020-01-01,,KLTR
2020-02-01,,KLTR
2020-03-01,,KLTR
2020-04-01,,KLTR
2020-05-01,,KLTR
2020-06-01,,KLTR
2020-07-01,,KLTR
2020-08-01,,KLTR
2020-09-01,,KLTR
2020-10-01,,KLTR
2020-11-01,,KLTR
2020-12-01,,KLTR
2021-01-01,,KLTR
2021-02-01,,KLTR
2021-03-01,,KLTR
2021-04-01,,KLTR
2021-05-01,,KLTR
2021-06-01,,KLTR
2021-07-01,11.90999984741211,KLTR
2021-08-01,11.279999732971191,KLTR
2021-09-01,10.289999961853027,KLTR
2021-10-01,9.4399995803833,KLTR
2021-11-01,4.739999771118164,KLTR
2021-12-01,3.369999885559082,KLTR
2022-01-01,3.5899999141693115,KLTR
2022-02-01,2.240000009536743,KLTR
2022-03-01,1.7899999618530273,KLTR
2022-04-01,1.5499999523162842,KLTR
2022-05-01,1.809999942779541,KLTR
2022-06-01,1.9900000095367432,KLTR
2022-07-01,2.509999990463257,KLTR
2022-08-01,2.430000066757202,KLTR
2022-09-01,2.200000047683716,KLTR
2022-10-01,1.8700000047683716,KLTR
2022-11-01,1.909999966621399,KLTR
2022-12-01,1.7200000286102295,KLTR
2023-01-01,2.180000066757202,KLTR
2023-02-01,1.9299999475479126,KLTR
2023-03-01,1.9199999570846558,KLTR
2023-04-01,1.850000023841858,KLTR
2023-05-01,1.7100000381469727,KLTR
2023-06-01,2.119999885559082,KLTR
2023-07-01,2.0199999809265137,KLTR
2023-08-01,1.8899999856948853,KLTR
2023-09-01,1.7300000190734863,KLTR
2023-10-01,1.7200000286102295,KLTR
2023-11-01,1.7100000381469727,KLTR
2023-12-01,1.9500000476837158,KLTR
2024-01-01,1.6799999475479126,KLTR
2024-02-01,1.3300000429153442,KLTR
2024-03-01,1.350000023841858,KLTR
2024-04-01,1.2300000190734863,KLTR
2024-05-01,1.0499999523162842,KLTR
2024-06-01,1.2000000476837158,KLTR
2024-07-01,1.3300000429153442,KLTR
2024-08-01,1.3600000143051147,KLTR
2024-09-01,1.3600000143051147,KLTR
2024-10-01,1.2699999809265137,KLTR
2024-11-01,2.2200000286102295,KLTR
2024-12-01,2.200000047683716,KLTR
2025-01-01,2.5199999809265137,KLTR
2025-02-01,2.119999885559082,KLTR
2025-03-01,1.8799999952316284,KLTR
2025-04-01,2.1500000953674316,KLTR
2025-05-01,2.119999885559082,KLTR
2025-06-01,2.009999990463257,KLTR
2025-07-01,1.7899999618530273,KLTR
2025-08-01,1.590000033378601,KLTR
2025-09-01,1.440000057220459,KLTR
2025-10-01,1.5499999523162842,KLTR
2025-11-01,1.4700000286102295,KLTR
2025-12-01,1.6399999856948853,KLTR
2026-01-01,1.6299999952316284,KLTR
2017-01-01,,LAW
2017-02-01,,LAW
2017-03-01,,LAW
2017-04-01,,LAW
2017-05-01,,LAW
2017-06-01,,LAW
2017-07-01,,LAW
2017-08-01,,LAW
2017-09-01,,LAW
2017-10-01,,LAW
2017-11-01,,LAW
2017-12-01,,LAW
2018-01-01,,LAW
2018-02-01,,LAW
2018-03-01,,LAW
2018-04-01,,LAW
2018-05-01,,LAW
2018-06-01,,LAW
2018-07-01,,LAW
2018-08-01,,LAW
2018-09-01,,LAW
2018-10-01,,LAW
2018-11-01,,LAW
2018-12-01,,LAW
2019-01-01,,LAW
2019-02-01,,LAW
2019-03-01,,LAW
2019-04-01,,LAW
2019-05-01,,LAW
2019-06-01,,LAW
2019-07-01,,LAW
2019-08-01,,LAW
2019-09-01,,LAW
2019-10-01,,LAW
2019-11-01,,LAW
2019-12-01,,LAW
2020-01-01,,LAW
2020-02-01,,LAW
2020-03-01,,LAW
2020-04-01,,LAW
2020-05-01,,LAW
2020-06-01,,LAW
2020-07-01,,LAW
2020-08-01,,LAW
2020-09-01,,LAW
2020-10-01,,LAW
2020-11-01,,LAW
2020-12-01,,LAW
2021-01-01,,LAW
2021-02-01,,LAW
2021-03-01,,LAW
2021-04-01,,LAW
2021-05-01,,LAW
2021-06-01,,LAW
2021-07-01,41.33000183105469,LAW
2021-08-01,51.75,LAW
2021-09-01,47.939998626708984,LAW
2021-10-01,57.349998474121094,LAW
2021-11-01,36.70000076293945,LAW
2021-12-01,35.75,LAW
2022-01-01,34.31999969482422,LAW
2022-02-01,37.779998779296875,LAW
2022-03-01,33.970001220703125,LAW
2022-04-01,30.709999084472656,LAW
2022-05-01,24.90999984741211,LAW
2022-06-01,18.040000915527344,LAW
2022-07-01,24.540000915527344,LAW
2022-08-01,13.800000190734863,LAW
2022-09-01,10.0,LAW
2022-10-01,10.720000267028809,LAW
2022-11-01,7.820000171661377,LAW
2022-12-01,6.320000171661377,LAW
2023-01-01,8.3100004196167,LAW
2023-02-01,7.0,LAW
2023-03-01,6.639999866485596,LAW
2023-04-01,5.880000114440918,LAW
2023-05-01,8.270000457763672,LAW
2023-06-01,8.220000267028809,LAW
2023-07-01,9.739999771118164,LAW
2023-08-01,9.5,LAW
2023-09-01,6.639999866485596,LAW
2023-10-01,5.610000133514404,LAW
2023-11-01,5.949999809265137,LAW
2023-12-01,7.590000152587891,LAW
2024-01-01,8.180000305175781,LAW
2024-02-01,6.659999847412109,LAW
2024-03-01,8.130000114440918,LAW
2024-04-01,7.550000190734863,LAW
2024-05-01,5.849999904632568,LAW
2024-06-01,5.960000038146973,LAW
2024-07-01,6.179999828338623,LAW
2024-08-01,5.53000020980835,LAW
2024-09-01,5.880000114440918,LAW
2024-10-01,5.880000114440918,LAW
2024-11-01,5.920000076293945,LAW
2024-12-01,4.989999771118164,LAW
2025-01-01,5.039999961853027,LAW
2025-02-01,4.820000171661377,LAW
2025-03-01,4.090000152587891,LAW
2025-04-01,3.7300000190734863,LAW
2025-05-01,3.940000057220459,LAW
2025-06-01,4.369999885559082,LAW
2025-07-01,3.9700000286102295,LAW
2025-08-01,5.46999979019165,LAW
2025-09-01,6.460000038146973,LAW
2025-10-01,6.320000171661377,LAW
2025-11-01,7.159999847412109,LAW
2025-12-01,7.760000228881836,LAW
2026-01-01,6.25,LAW
2017-01-01,,LIF
2017-02-01,,LIF
2017-03-01,,LIF
2017-04-01,,LIF
2017-05-01,,LIF
2017-06-01,,LIF
2017-07-01,,LIF
2017-08-01,,LIF
2017-09-01,,LIF
2017-10-01,,LIF
2017-11-01,,LIF
2017-12-01,,LIF
2018-01-01,,LIF
2018-02-01,,LIF
2018-03-01,,LIF
2018-04-01,,LIF
2018-05-01,,LIF
2018-06-01,,LIF
2018-07-01,,LIF
2018-08-01,,LIF
2018-09-01,,LIF
2018-10-01,,LIF
2018-11-01,,LIF
2018-12-01,,LIF
2019-01-01,,LIF
2019-02-01,,LIF
2019-03-01,,LIF
2019-04-01,,LIF
2019-05-01,,LIF
2019-06-01,,LIF
2019-07-01,,LIF
2019-08-01,,LIF
2019-09-01,,LIF
2019-10-01,,LIF
2019-11-01,,LIF
2019-12-01,,LIF
2020-01-01,,LIF
2020-02-01,,LIF
2020-03-01,,LIF
2020-04-01,,LIF
2020-05-01,,LIF
2020-06-01,,LIF
2020-07-01,,LIF
2020-08-01,,LIF
2020-09-01,,LIF
2020-10-01,,LIF
2020-11-01,,LIF
2020-12-01,,LIF
2021-01-01,,LIF
2021-02-01,,LIF
2021-03-01,,LIF
2021-04-01,,LIF
2021-05-01,,LIF
2021-06-01,,LIF
2021-07-01,,LIF
2021-08-01,,LIF
2021-09-01,,LIF
2021-10-01,,LIF
2021-11-01,,LIF
2021-12-01,,LIF
2022-01-01,,LIF
2022-02-01,,LIF
2022-03-01,,LIF
2022-04-01,,LIF
2022-05-01,,LIF
2022-06-01,,LIF
2022-07-01,,LIF
2022-08-01,,LIF
2022-09-01,,LIF
2022-10-01,,LIF
2022-11-01,,LIF
2022-12-01,,LIF
2023-01-01,,LIF
2023-02-01,,LIF
2023-03-01,,LIF
2023-04-01,,LIF
2023-05-01,,LIF
2023-06-01,,LIF
2023-07-01,,LIF
2023-08-01,,LIF
2023-09-01,,LIF
2023-10-01,,LIF
2023-11-01,,LIF
2023-12-01,,LIF
2024-01-01,,LIF
2024-02-01,,LIF
2024-03-01,,LIF
2024-04-01,,LIF
2024-05-01,,LIF
2024-06-01,32.38999938964844,LIF
2024-07-01,33.54999923706055,LIF
2024-08-01,39.43000030517578,LIF
2024-09-01,39.349998474121094,LIF
2024-10-01,42.869998931884766,LIF
2024-11-01,49.310001373291016,LIF
2024-12-01,41.27000045776367,LIF
2025-01-01,45.720001220703125,LIF
2025-02-01,45.20000076293945,LIF
2025-03-01,38.38999938964844,LIF
2025-04-01,42.900001525878906,LIF
2025-05-01,63.54999923706055,LIF
2025-06-01,65.25,LIF
2025-07-01,76.58999633789062,LIF
2025-08-01,90.44499969482422,LIF
2025-09-01,106.30000305175781,LIF
2025-10-01,98.70999908447266,LIF
2025-11-01,79.61000061035156,LIF
2025-12-01,64.13999938964844,LIF
2026-01-01,57.290000915527344,LIF
2017-01-01,,LZ
2017-02-01,,LZ
2017-03-01,,LZ
2017-04-01,,LZ
2017-05-01,,LZ
2017-06-01,,LZ
2017-07-01,,LZ
2017-08-01,,LZ
2017-09-01,,LZ
2017-10-01,,LZ
2017-11-01,,LZ
2017-12-01,,LZ
2018-01-01,,LZ
2018-02-01,,LZ
2018-03-01,,LZ
2018-04-01,,LZ
2018-05-01,,LZ
2018-06-01,,LZ
2018-07-01,,LZ
2018-08-01,,LZ
2018-09-01,,LZ
2018-10-01,,LZ
2018-11-01,,LZ
2018-12-01,,LZ
2019-01-01,,LZ
2019-02-01,,LZ
2019-03-01,,LZ
2019-04-01,,LZ
2019-05-01,,LZ
2019-06-01,,LZ
2019-07-01,,LZ
2019-08-01,,LZ
2019-09-01,,LZ
2019-10-01,,LZ
2019-11-01,,LZ
2019-12-01,,LZ
2020-01-01,,LZ
2020-02-01,,LZ
2020-03-01,,LZ
2020-04-01,,LZ
2020-05-01,,LZ
2020-06-01,,LZ
2020-07-01,,LZ
2020-08-01,,LZ
2020-09-01,,LZ
2020-10-01,,LZ
2020-11-01,,LZ
2020-12-01,,LZ
2021-01-01,,LZ
2021-02-01,,LZ
2021-03-01,,LZ
2021-04-01,,LZ
2021-05-01,,LZ
2021-06-01,37.849998474121094,LZ
2021-07-01,36.779998779296875,LZ
2021-08-01,34.22999954223633,LZ
2021-09-01,26.399999618530273,LZ
2021-10-01,28.040000915527344,LZ
2021-11-01,18.010000228881836,LZ
2021-12-01,16.06999969482422,LZ
2022-01-01,15.880000114440918,LZ
2022-02-01,15.609999656677246,LZ
2022-03-01,14.140000343322754,LZ
2022-04-01,14.350000381469727,LZ
2022-05-01,13.100000381469727,LZ
2022-06-01,10.989999771118164,LZ
2022-07-01,10.479999542236328,LZ
2022-08-01,10.300000190734863,LZ
2022-09-01,8.569999694824219,LZ
2022-10-01,9.25,LZ
2022-11-01,8.850000381469727,LZ
2022-12-01,7.739999771118164,LZ
2023-01-01,8.479999542236328,LZ
2023-02-01,8.170000076293945,LZ
2023-03-01,9.380000114440918,LZ
2023-04-01,9.380000114440918,LZ
2023-05-01,11.1899995803833,LZ
2023-06-01,12.079999923706055,LZ
2023-07-01,15.279999732971191,LZ
2023-08-01,11.40999984741211,LZ
2023-09-01,10.9399995803833,LZ
2023-10-01,9.970000267028809,LZ
2023-11-01,11.529999732971191,LZ
2023-12-01,11.300000190734863,LZ
2024-01-01,10.3100004196167,LZ
2024-02-01,12.399999618530273,LZ
2024-03-01,13.34000015258789,LZ
2024-04-01,11.949999809265137,LZ
2024-05-01,8.779999732971191,LZ
2024-06-01,8.390000343322754,LZ
2024-07-01,6.679999828338623,LZ
2024-08-01,6.739999771118164,LZ
2024-09-01,6.349999904632568,LZ
2024-10-01,7.179999828338623,LZ
2024-11-01,7.929999828338623,LZ
2024-12-01,7.510000228881836,LZ
2025-01-01,8.989999771118164,LZ
2025-02-01,10.15999984741211,LZ
2025-03-01,8.609999656677246,LZ
2025-04-01,7.320000171661377,LZ
2025-05-01,9.130000114440918,LZ
2025-06-01,8.90999984741211,LZ
2025-07-01,8.989999771118164,LZ
2025-08-01,11.079999923706055,LZ
2025-09-01,10.380000114440918,LZ
2025-10-01,9.970000267028809,LZ
2025-11-01,9.329999923706055,LZ
2025-12-01,9.930000305175781,LZ
2026-01-01,8.890000343322754,LZ
2017-01-01,,MYPS
2017-02-01,,MYPS
2017-03-01,,MYPS
2017-04-01,,MYPS
2017-05-01,,MYPS
2017-06-01,,MYPS
2017-07-01,,MYPS
2017-08-01,,MYPS
2017-09-01,,MYPS
2017-10-01,,MYPS
2017-11-01,,MYPS
2017-12-01,,MYPS
2018-01-01,,MYPS
2018-02-01,,MYPS
2018-03-01,,MYPS
2018-04-01,,MYPS
2018-05-01,,MYPS
2018-06-01,,MYPS
2018-07-01,,MYPS
2018-08-01,,MYPS
2018-09-01,,MYPS
2018-10-01,,MYPS
2018-11-01,,MYPS
2018-12-01,,MYPS
2019-01-01,,MYPS
2019-02-01,,MYPS
2019-03-01,,MYPS
2019-04-01,,MYPS
2019-05-01,,MYPS
2019-06-01,,MYPS
2019-07-01,,MYPS
2019-08-01,,MYPS
2019-09-01,,MYPS
2019-10-01,,MYPS
2019-11-01,,MYPS
2019-12-01,,MYPS
2020-01-01,,MYPS
2020-02-01,,MYPS
2020-03-01,,MYPS
2020-04-01,,MYPS
2020-05-01,,MYPS
2020-06-01,,MYPS
2020-07-01,,MYPS
2020-08-01,,MYPS
2020-09-01,,MYPS
2020-10-01,,MYPS
2020-11-01,,MYPS
2020-12-01,10.300000190734863,MYPS
2021-01-01,10.970000267028809,MYPS
2021-02-01,10.149999618530273,MYPS
2021-03-01,9.930000305175781,MYPS
2021-04-01,10.0,MYPS
2021-05-01,9.989999771118164,MYPS
2021-06-01,7.420000076293945,MYPS
2021-07-01,6.599999904632568,MYPS
2021-08-01,5.0,MYPS
2021-09-01,4.559999942779541,MYPS
2021-10-01,4.300000190734863,MYPS
2021-11-01,4.480000019073486,MYPS
2021-12-01,3.950000047683716,MYPS
2022-01-01,4.639999866485596,MYPS
2022-02-01,4.559999942779541,MYPS
2022-03-01,4.849999904632568,MYPS
2022-04-01,5.789999961853027,MYPS
2022-05-01,6.269999980926514,MYPS
2022-06-01,4.28000020980835,MYPS
2022-07-01,4.019999980926514,MYPS
2022-08-01,3.619999885559082,MYPS
2022-09-01,3.490000009536743,MYPS
2022-10-01,4.510000228881836,MYPS
2022-11-01,4.179999828338623,MYPS
2022-12-01,3.880000114440918,MYPS
2023-01-01,4.619999885559082,MYPS
2023-02-01,3.7200000286102295,MYPS
2023-03-01,3.690000057220459,MYPS
2023-04-01,4.380000114440918,MYPS
2023-05-01,4.53000020980835,MYPS
2023-06-01,4.909999847412109,MYPS
2023-07-01,4.929999828338623,MYPS
2023-08-01,3.559999942779541,MYPS
2023-09-01,3.180000066757202,MYPS
2023-10-01,2.8299999237060547,MYPS
2023-11-01,2.390000104904175,MYPS
2023-12-01,2.7100000381469727,MYPS
2024-01-01,2.200000047683716,MYPS
2024-02-01,2.369999885559082,MYPS
2024-03-01,2.7799999713897705,MYPS
2024-04-01,2.1600000858306885,MYPS
2024-05-01,2.2699999809265137,MYPS
2024-06-01,2.069999933242798,MYPS
2024-07-01,2.1700000762939453,MYPS
2024-08-01,1.5199999809265137,MYPS
2024-09-01,1.5099999904632568,MYPS
2024-10-01,1.3300000429153442,MYPS
2024-11-01,1.9199999570846558,MYPS
2024-12-01,1.8600000143051147,MYPS
2025-01-01,1.75,MYPS
2025-02-01,1.6299999952316284,MYPS
2025-03-01,1.2699999809265137,MYPS
2025-04-01,1.2699999809265137,MYPS
2025-05-01,1.340000033378601,MYPS
2025-06-01,1.309999942779541,MYPS
2025-07-01,1.149999976158142,MYPS
2025-08-01,0.9670000076293945,MYPS
2025-09-01,0.9629999995231628,MYPS
2025-10-01,0.9300000071525574,MYPS
2025-11-01,0.6420000195503235,MYPS
2025-12-01,0.6520000100135803,MYPS
2026-01-01,0.6349999904632568,MYPS
2017-01-01,,NCNO
2017-02-01,,NCNO
2017-03-01,,NCNO
2017-04-01,,NCNO
2017-05-01,,NCNO
2017-06-01,,NCNO
2017-07-01,,NCNO
2017-08-01,,NCNO
2017-09-01,,NCNO
2017-10-01,,NCNO
2017-11-01,,NCNO
2017-12-01,,NCNO
2018-01-01,,NCNO
2018-02-01,,NCNO
2018-03-01,,NCNO
2018-04-01,,NCNO
2018-05-01,,NCNO
2018-06-01,,NCNO
2018-07-01,,NCNO
2018-08-01,,NCNO
2018-09-01,,NCNO
2018-10-01,,NCNO
2018-11-01,,NCNO
2018-12-01,,NCNO
2019-01-01,,NCNO
2019-02-01,,NCNO
2019-03-01,,NCNO
2019-04-01,,NCNO
2019-05-01,,NCNO
2019-06-01,,NCNO
2019-07-01,,NCNO
2019-08-01,,NCNO
2019-09-01,,NCNO
2019-10-01,,NCNO
2019-11-01,,NCNO
2019-12-01,,NCNO
2020-01-01,,NCNO
2020-02-01,,NCNO
2020-03-01,,NCNO
2020-04-01,,NCNO
2020-05-01,,NCNO
2020-06-01,,NCNO
2020-07-01,79.0999984741211,NCNO
2020-08-01,92.94999694824219,NCNO
2020-09-01,79.68000030517578,NCNO
2020-10-01,70.5199966430664,NCNO
2020-11-01,81.48999786376953,NCNO
2020-12-01,72.41000366210938,NCNO
2021-01-01,71.69999694824219,NCNO
2021-02-01,68.37999725341797,NCNO
2021-03-01,66.72000122070312,NCNO
2021-04-01,65.38999938964844,NCNO
2021-05-01,61.119998931884766,NCNO
2021-06-01,59.91999816894531,NCNO
2021-07-01,63.56999969482422,NCNO
2021-08-01,62.0099983215332,NCNO
2021-09-01,71.02999877929688,NCNO
2021-10-01,72.66000366210938,NCNO
2021-11-01,62.119998931884766,NCNO
2021-12-01,54.86000061035156,NCNO
2022-01-01,45.83000183105469,NCNO
2022-02-01,45.93000030517578,NCNO
2022-03-01,40.97999954223633,NCNO
2022-04-01,37.4900016784668,NCNO
2022-05-01,32.66999816894531,NCNO
2022-06-01,30.920000076293945,NCNO
2022-07-01,32.290000915527344,NCNO
2022-08-01,31.540000915527344,NCNO
2022-09-01,34.11000061035156,NCNO
2022-10-01,31.479999542236328,NCNO
2022-11-01,26.1200008392334,NCNO
2022-12-01,26.440000534057617,NCNO
2023-01-01,28.600000381469727,NCNO
2023-02-01,27.25,NCNO
2023-03-01,24.780000686645508,NCNO
2023-04-01,24.729999542236328,NCNO
2023-05-01,27.489999771118164,NCNO
2023-06-01,30.1200008392334,NCNO
2023-07-01,32.349998474121094,NCNO
2023-08-01,32.869998931884766,NCNO
2023-09-01,31.799999237060547,NCNO
2023-10-01,28.100000381469727,NCNO
2023-11-01,27.6299991607666,NCNO
2023-12-01,33.630001068115234,NCNO
2024-01-01,31.479999542236328,NCNO
2024-02-01,29.84000015258789,NCNO
2024-03-01,37.380001068115234,NCNO
2024-04-01,29.15999984741211,NCNO
2024-05-01,30.530000686645508,NCNO
2024-06-01,31.450000762939453,NCNO
2024-07-01,32.7599983215332,NCNO
2024-08-01,29.959999084472656,NCNO
2024-09-01,31.59000015258789,NCNO
2024-10-01,37.29999923706055,NCNO
2024-11-01,41.9900016784668,NCNO
2024-12-01,33.58000183105469,NCNO
2025-01-01,34.0099983215332,NCNO
2025-02-01,31.309999465942383,NCNO
2025-03-01,27.469999313354492,NCNO
2025-04-01,23.200000762939453,NCNO
2025-05-01,26.299999237060547,NCNO
2025-06-01,27.969999313354492,NCNO
2025-07-01,27.924999237060547,NCNO
2025-08-01,32.11000061035156,NCNO
2025-09-01,27.110000610351562,NCNO
2025-10-01,26.68000030517578,NCNO
2025-11-01,24.700000762939453,NCNO
2025-12-01,25.639999389648438,NCNO
2026-01-01,21.350000381469727,NCNO
2017-01-01,,NRDS
2017-02-01,,NRDS
2017-03-01,,NRDS
2017-04-01,,NRDS
2017-05-01,,NRDS
2017-06-01,,NRDS
2017-07-01,,NRDS
2017-08-01,,NRDS
2017-09-01,,NRDS
2017-10-01,,NRDS
2017-11-01,,NRDS
2017-12-01,,NRDS
2018-01-01,,NRDS
2018-02-01,,NRDS
2018-03-01,,NRDS
2018-04-01,,NRDS
2018-05-01,,NRDS
2018-06-01,,NRDS
2018-07-01,,NRDS
2018-08-01,,NRDS
2018-09-01,,NRDS
2018-10-01,,NRDS
2018-11-01,,NRDS
2018-12-01,,NRDS
2019-01-01,,NRDS
2019-02-01,,NRDS
2019-03-01,,NRDS
2019-04-01,,NRDS
2019-05-01,,NRDS
2019-06-01,,NRDS
2019-07-01,,NRDS
2019-08-01,,NRDS
2019-09-01,,NRDS
2019-10-01,,NRDS
2019-11-01,,NRDS
2019-12-01,,NRDS
2020-01-01,,NRDS
2020-02-01,,NRDS
2020-03-01,,NRDS
2020-04-01,,NRDS
2020-05-01,,NRDS
2020-06-01,,NRDS
2020-07-01,,NRDS
2020-08-01,,NRDS
2020-09-01,,NRDS
2020-10-01,,NRDS
2020-11-01,,NRDS
2020-12-01,,NRDS
2021-01-01,,NRDS
2021-02-01,,NRDS
2021-03-01,,NRDS
2021-04-01,,NRDS
2021-05-01,,NRDS
2021-06-01,,NRDS
2021-07-01,,NRDS
2021-08-01,,NRDS
2021-09-01,,NRDS
2021-10-01,,NRDS
2021-11-01,18.079999923706055,NRDS
2021-12-01,15.550000190734863,NRDS
2022-01-01,15.130000114440918,NRDS
2022-02-01,11.449999809265137,NRDS
2022-03-01,11.989999771118164,NRDS
2022-04-01,9.899999618530273,NRDS
2022-05-01,11.630000114440918,NRDS
2022-06-01,7.929999828338623,NRDS
2022-07-01,8.680000305175781,NRDS
2022-08-01,10.390000343322754,NRDS
2022-09-01,8.869999885559082,NRDS
2022-10-01,11.739999771118164,NRDS
2022-11-01,12.699999809265137,NRDS
2022-12-01,9.600000381469727,NRDS
2023-01-01,11.6899995803833,NRDS
2023-02-01,20.639999389648438,NRDS
2023-03-01,16.18000030517578,NRDS
2023-04-01,13.569999694824219,NRDS
2023-05-01,9.399999618530273,NRDS
2023-06-01,9.40999984741211,NRDS
2023-07-01,11.210000038146973,NRDS
2023-08-01,9.0,NRDS
2023-09-01,8.890000343322754,NRDS
2023-10-01,10.779999732971191,NRDS
2023-11-01,11.75,NRDS
2023-12-01,14.720000267028809,NRDS
2024-01-01,15.3100004196167,NRDS
2024-02-01,16.8700008392334,NRDS
2024-03-01,14.699999809265137,NRDS
2024-04-01,12.569999694824219,NRDS
2024-05-01,13.949999809265137,NRDS
2024-06-01,14.600000381469727,NRDS
2024-07-01,14.630000114440918,NRDS
2024-08-01,12.930000305175781,NRDS
2024-09-01,12.710000038146973,NRDS
2024-10-01,14.6899995803833,NRDS
2024-11-01,14.0,NRDS
2024-12-01,13.300000190734863,NRDS
2025-01-01,14.279999732971191,NRDS
2025-02-01,10.199999809265137,NRDS
2025-03-01,9.050000190734863,NRDS
2025-04-01,8.960000038146973,NRDS
2025-05-01,10.539999961853027,NRDS
2025-06-01,10.970000267028809,NRDS
2025-07-01,10.59000015258789,NRDS
2025-08-01,10.34000015258789,NRDS
2025-09-01,10.760000228881836,NRDS
2025-10-01,11.670000076293945,NRDS
2025-11-01,15.010000228881836,NRDS
2025-12-01,13.550000190734863,NRDS
2026-01-01,12.0600004196167,NRDS
2017-01-01,45.62834167480469,NVEC
2017-02-01,46.081146240234375,NVEC
2017-03-01,48.686317443847656,NVEC
2017-04-01,47.874786376953125,NVEC
2017-05-01,47.02504348754883,NVEC
2017-06-01,45.8693733215332,NVEC
2017-07-01,47.596229553222656,NVEC
2017-08-01,45.76190185546875,NVEC
2017-09-01,47.65056228637695,NVEC
2017-10-01,51.955631256103516,NVEC
2017-11-01,51.06405258178711,NVEC
2017-12-01,52.517452239990234,NVEC
2018-01-01,51.78276824951172,NVEC
2018-02-01,42.942256927490234,NVEC
2018-03-01,51.34413528442383,NVEC
2018-04-01,52.24609375,NVEC
2018-05-01,68.98242950439453,NVEC
2018-06-01,75.9898681640625,NVEC
2018-07-01,67.25935363769531,NVEC
2018-08-01,71.57874298095703,NVEC
2018-09-01,66.66748809814453,NVEC
2018-10-01,53.94843292236328,NVEC
2018-11-01,60.852783203125,NVEC
2018-12-01,55.7573356628418,NVEC
2019-01-01,60.69358825683594,NVEC
2019-02-01,66.18424224853516,NVEC
2019-03-01,63.010868072509766,NVEC
2019-04-01,61.67198944091797,NVEC
2019-05-01,47.55253601074219,NVEC
2019-06-01,45.382164001464844,NVEC
2019-07-01,44.45344543457031,NVEC
2019-08-01,42.4562873840332,NVEC
2019-09-01,43.87810516357422,NVEC
2019-10-01,41.16672134399414,NVEC
2019-11-01,42.739463806152344,NVEC
2019-12-01,47.988643646240234,NVEC
2020-01-01,49.98139953613281,NVEC
2020-02-01,43.106910705566406,NVEC
2020-03-01,35.448909759521484,NVEC
2020-04-01,38.678367614746094,NVEC
2020-05-01,42.027130126953125,NVEC
2020-06-01,42.929752349853516,NVEC
2020-07-01,38.34075927734375,NVEC
2020-08-01,37.7681884765625,NVEC
2020-09-01,34.69329833984375,NVEC
2020-10-01,33.30745315551758,NVEC
2020-11-01,36.96095657348633,NVEC
2020-12-01,40.56390380859375,NVEC
2021-01-01,46.8350715637207,NVEC
2021-02-01,51.65860366821289,NVEC
2021-03-01,51.38737869262695,NVEC
2021-04-01,56.100929260253906,NVEC
2021-05-01,51.92938995361328,NVEC
2021-06-01,55.043975830078125,NVEC
2021-07-01,56.52229309082031,NVEC
2021-08-01,52.86305618286133,NVEC
2021-09-01,48.164791107177734,NVEC
2021-10-01,51.92997741699219,NVEC
2021-11-01,51.395164489746094,NVEC
2021-12-01,52.18210983276367,NVEC
2022-01-01,48.05851364135742,NVEC
2022-02-01,44.43101501464844,NVEC
2022-03-01,42.31044387817383,NVEC
2022-04-01,36.026405334472656,NVEC
2022-05-01,39.25331115722656,NVEC
2022-06-01,36.9993782043457,NVEC
2022-07-01,44.39507293701172,NVEC
2022-08-01,40.99995803833008,NVEC
2022-09-01,37.70995330810547,NVEC
2022-10-01,50.90422058105469,NVEC
2022-11-01,52.29975891113281,NVEC
2022-12-01,53.15348815917969,NVEC
2023-01-01,60.6677360534668,NVEC
2023-02-01,63.2569694519043,NVEC
2023-03-01,69.09312438964844,NVEC
2023-04-01,62.78239822387695,NVEC
2023-05-01,75.25519561767578,NVEC
2023-06-01,82.0506591796875,NVEC
2023-07-01,67.52922821044922,NVEC
2023-08-01,75.40663146972656,NVEC
2023-09-01,70.02716064453125,NVEC
2023-10-01,58.848304748535156,NVEC
2023-11-01,62.024375915527344,NVEC
2023-12-01,67.87459564208984,NVEC
2024-01-01,70.09703826904297,NVEC
2024-02-01,73.25180053710938,NVEC
2024-03-01,79.02676391601562,NVEC
2024-04-01,71.33265686035156,NVEC
2024-05-01,68.82987213134766,NVEC
2024-06-01,66.3085708618164,NVEC
2024-07-01,80.22164154052734,NVEC
2024-08-01,75.23587036132812,NVEC
2024-09-01,71.75032043457031,NVEC
2024-10-01,67.7077865600586,NVEC
2024-11-01,70.35025024414062,NVEC
2024-12-01,74.12812042236328,NVEC
2025-01-01,65.23420715332031,NVEC
2025-02-01,63.553955078125,NVEC
2025-03-01,58.84557342529297,NVEC
2025-04-01,53.64788055419922,NVEC
2025-05-01,66.61863708496094,NVEC
2025-06-01,68.91226196289062,NVEC
2025-07-01,59.288333892822266,NVEC
2025-08-01,61.46974182128906,NVEC
2025-09-01,62.12651062011719,NVEC
2025-10-01,65.7244644165039,NVEC
2025-11-01,61.75490951538086,NVEC
2025-12-01,57.30245590209961,NVEC
2026-01-01,65.18359375,NVEC
2017-01-01,,NVTS
2017-02-01,,NVTS
2017-03-01,,NVTS
2017-04-01,,NVTS
2017-05-01,,NVTS
2017-06-01,,NVTS
2017-07-01,,NVTS
2017-08-01,,NVTS
2017-09-01,,NVTS
2017-10-01,,NVTS
2017-11-01,,NVTS
2017-12-01,,NVTS
2018-01-01,,NVTS
2018-02-01,,NVTS
2018-03-01,,NVTS
2018-04-01,,NVTS
2018-05-01,,NVTS
2018-06-01,,NVTS
2018-07-01,,NVTS
2018-08-01,,NVTS
2018-09-01,,NVTS
2018-10-01,,NVTS
2018-11-01,,NVTS
2018-12-01,,NVTS
2019-01-01,,NVTS
2019-02-01,,NVTS
2019-03-01,,NVTS
2019-04-01,,NVTS
2019-05-01,,NVTS
2019-06-01,,NVTS
2019-07-01,,NVTS
2019-08-01,,NVTS
2019-09-01,,NVTS
2019-10-01,,NVTS
2019-11-01,,NVTS
2019-12-01,,NVTS
2020-01-01,,NVTS
2020-02-01,,NVTS
2020-03-01,,NVTS
2020-04-01,,NVTS
2020-05-01,,NVTS
2020-06-01,,NVTS
2020-07-01,,NVTS
2020-08-01,,NVTS
2020-09-01,,NVTS
2020-10-01,,NVTS
2020-11-01,,NVTS
2020-12-01,,NVTS
2021-01-01,,NVTS
2021-02-01,,NVTS
2021-03-01,,NVTS
2021-04-01,,NVTS
2021-05-01,,NVTS
2021-06-01,,NVTS
2021-07-01,,NVTS
2021-08-01,,NVTS
2021-09-01,,NVTS
2021-10-01,12.079999923706055,NVTS
2021-11-01,19.610000610351562,NVTS
2021-12-01,17.010000228881836,NVTS
2022-01-01,9.970000267028809,NVTS
2022-02-01,9.739999771118164,NVTS
2022-03-01,10.279999732971191,NVTS
2022-04-01,6.860000133514404,NVTS
2022-05-01,7.960000038146973,NVTS
2022-06-01,3.859999895095825,NVTS
2022-07-01,5.21999979019165,NVTS
2022-08-01,5.909999847412109,NVTS
2022-09-01,4.849999904632568,NVTS
2022-10-01,4.210000038146973,NVTS
2022-11-01,4.760000228881836,NVTS
2022-12-01,3.509999990463257,NVTS
2023-01-01,4.960000038146973,NVTS
2023-02-01,6.489999771118164,NVTS
2023-03-01,7.309999942779541,NVTS
2023-04-01,5.329999923706055,NVTS
2023-05-01,8.550000190734863,NVTS
2023-06-01,10.539999961853027,NVTS
2023-07-01,10.579999923706055,NVTS
2023-08-01,8.829999923706055,NVTS
2023-09-01,6.949999809265137,NVTS
2023-10-01,5.239999771118164,NVTS
2023-11-01,6.940000057220459,NVTS
2023-12-01,8.069999694824219,NVTS
2024-01-01,5.730000019073486,NVTS
2024-02-01,6.139999866485596,NVTS
2024-03-01,4.769999980926514,NVTS
2024-04-01,4.329999923706055,NVTS
2024-05-01,3.9100000858306885,NVTS
2024-06-01,3.930000066757202,NVTS
2024-07-01,3.7100000381469727,NVTS
2024-08-01,3.0199999809265137,NVTS
2024-09-01,2.450000047683716,NVTS
2024-10-01,2.4700000286102295,NVTS
2024-11-01,2.75,NVTS
2024-12-01,3.569999933242798,NVTS
2025-01-01,3.0299999713897705,NVTS
2025-02-01,2.440000057220459,NVTS
2025-03-01,2.049999952316284,NVTS
2025-04-01,1.9299999475479126,NVTS
2025-05-01,5.099999904632568,NVTS
2025-06-01,6.550000190734863,NVTS
2025-07-01,7.329999923706055,NVTS
2025-08-01,5.860000133514404,NVTS
2025-09-01,7.21999979019165,NVTS
2025-10-01,13.460000038146973,NVTS
2025-11-01,8.739999771118164,NVTS
2025-12-01,7.139999866485596,NVTS
2026-01-01,8.579999923706055,NVTS
2017-01-01,,NXDR
2017-02-01,,NXDR
2017-03-01,,NXDR
2017-04-01,,NXDR
2017-05-01,,NXDR
2017-06-01,,NXDR
2017-07-01,,NXDR
2017-08-01,,NXDR
2017-09-01,,NXDR
2017-10-01,,NXDR
2017-11-01,,NXDR
2017-12-01,,NXDR
2018-01-01,,NXDR
2018-02-01,,NXDR
2018-03-01,,NXDR
2018-04-01,,NXDR
2018-05-01,,NXDR
2018-06-01,,NXDR
2018-07-01,,NXDR
2018-08-01,,NXDR
2018-09-01,,NXDR
2018-10-01,,NXDR
2018-11-01,,NXDR
2018-12-01,,NXDR
2019-01-01,,NXDR
2019-02-01,,NXDR
2019-03-01,,NXDR
2019-04-01,,NXDR
2019-05-01,,NXDR
2019-06-01,,NXDR
2019-07-01,,NXDR
2019-08-01,,NXDR
2019-09-01,,NXDR
2019-10-01,,NXDR
2019-11-01,,NXDR
2019-12-01,,NXDR
2020-01-01,,NXDR
2020-02-01,,NXDR
2020-03-01,,NXDR
2020-04-01,,NXDR
2020-05-01,,NXDR
2020-06-01,,NXDR
2020-07-01,,NXDR
2020-08-01,,NXDR
2020-09-01,,NXDR
2020-10-01,,NXDR
2020-11-01,,NXDR
2020-12-01,,NXDR
2021-01-01,,NXDR
2021-02-01,,NXDR
2021-03-01,,NXDR
2021-04-01,,NXDR
2021-05-01,,NXDR
2021-06-01,,NXDR
2021-07-01,,NXDR
2021-08-01,,NXDR
2021-09-01,,NXDR
2021-10-01,,NXDR
2021-11-01,11.350000381469727,NXDR
2021-12-01,7.889999866485596,NXDR
2022-01-01,5.659999847412109,NXDR
2022-02-01,6.269999980926514,NXDR
2022-03-01,5.989999771118164,NXDR
2022-04-01,4.510000228881836,NXDR
2022-05-01,2.8399999141693115,NXDR
2022-06-01,3.309999942779541,NXDR
2022-07-01,3.3499999046325684,NXDR
2022-08-01,3.180000066757202,NXDR
2022-09-01,2.7899999618530273,NXDR
2022-10-01,2.7100000381469727,NXDR
2022-11-01,2.25,NXDR
2022-12-01,2.059999942779541,NXDR
2023-01-01,2.4600000381469727,NXDR
2023-02-01,2.059999942779541,NXDR
2023-03-01,2.1500000953674316,NXDR
2023-04-01,2.109999895095825,NXDR
2023-05-01,2.4700000286102295,NXDR
2023-06-01,3.259999990463257,NXDR
2023-07-01,3.109999895095825,NXDR
2023-08-01,2.1700000762939453,NXDR
2023-09-01,1.8200000524520874,NXDR
2023-10-01,1.8200000524520874,NXDR
2023-11-01,1.600000023841858,NXDR
2023-12-01,1.8899999856948853,NXDR
2024-01-01,1.5199999809265137,NXDR
2024-02-01,2.190000057220459,NXDR
2024-03-01,2.25,NXDR
2024-04-01,2.0399999618530273,NXDR
2024-05-01,2.4200000762939453,NXDR
2024-06-01,2.7799999713897705,NXDR
2024-07-01,2.8399999141693115,NXDR
2024-08-01,2.5,NXDR
2024-09-01,2.4800000190734863,NXDR
2024-10-01,2.4200000762939453,NXDR
2024-11-01,2.430000066757202,NXDR
2024-12-01,2.369999885559082,NXDR
2025-01-01,2.619999885559082,NXDR
2025-02-01,1.7699999809265137,NXDR
2025-03-01,1.5299999713897705,NXDR
2025-04-01,1.4700000286102295,NXDR
2025-05-01,1.5299999713897705,NXDR
2025-06-01,1.659999966621399,NXDR
2025-07-01,1.75,NXDR
2025-08-01,2.049999952316284,NXDR
2025-09-01,2.0899999141693115,NXDR
2025-10-01,1.9500000476837158,NXDR
2025-11-01,1.75,NXDR
2025-12-01,2.0999999046325684,NXDR
2026-01-01,1.9600000381469727,NXDR
2017-01-01,,PATH
2017-02-01,,PATH
2017-03-01,,PATH
2017-04-01,,PATH
2017-05-01,,PATH
2017-06-01,,PATH
2017-07-01,,PATH
2017-08-01,,PATH
2017-09-01,,PATH
2017-10-01,,PATH
2017-11-01,,PATH
2017-12-01,,PATH
2018-01-01,,PATH
2018-02-01,,PATH
2018-03-01,,PATH
2018-04-01,,PATH
2018-05-01,,PATH
2018-06-01,,PATH
2018-07-01,,PATH
2018-08-01,,PATH
2018-09-01,,PATH
2018-10-01,,PATH
2018-11-01,,PATH
2018-12-01,,PATH
2019-01-01,,PATH
2019-02-01,,PATH
2019-03-01,,PATH
2019-04-01,,PATH
2019-05-01,,PATH
2019-06-01,,PATH
2019-07-01,,PATH
2019-08-01,,PATH
2019-09-01,,PATH
2019-10-01,,PATH
2019-11-01,,PATH
2019-12-01,,PATH
2020-01-01,,PATH
2020-02-01,,PATH
2020-03-01,,PATH
2020-04-01,,PATH
2020-05-01,,PATH
2020-06-01,,PATH
2020-07-01,,PATH
2020-08-01,,PATH
2020-09-01,,PATH
2020-10-01,,PATH
2020-11-01,,PATH
2020-12-01,,PATH
2021-01-01,,PATH
2021-02-01,,PATH
2021-03-01,,PATH
2021-04-01,72.0,PATH
2021-05-01,79.81999969482422,PATH
2021-06-01,67.93000030517578,PATH
2021-07-01,62.560001373291016,PATH
2021-08-01,63.20000076293945,PATH
2021-09-01,52.61000061035156,PATH
2021-10-01,50.25,PATH
2021-11-01,48.25,PATH
2021-12-01,43.130001068115234,PATH
2022-01-01,36.529998779296875,PATH
2022-02-01,34.709999084472656,PATH
2022-03-01,21.59000015258789,PATH
2022-04-01,17.829999923706055,PATH
2022-05-01,17.06999969482422,PATH
2022-06-01,18.190000534057617,PATH
2022-07-01,18.329999923706055,PATH
2022-08-01,16.450000762939453,PATH
2022-09-01,12.609999656677246,PATH
2022-10-01,12.649999618530273,PATH
2022-11-01,12.470000267028809,PATH
2022-12-01,12.710000038146973,PATH
2023-01-01,15.359999656677246,PATH
2023-02-01,14.84000015258789,PATH
2023-03-01,17.559999465942383,PATH
2023-04-01,14.079999923706055,PATH
2023-05-01,17.889999389648438,PATH
2023-06-01,16.56999969482422,PATH
2023-07-01,18.079999923706055,PATH
2023-08-01,15.8100004196167,PATH
2023-09-01,17.110000610351562,PATH
2023-10-01,15.529999732971191,PATH
2023-11-01,19.760000228881836,PATH
2023-12-01,24.84000015258789,PATH
2024-01-01,22.979999542236328,PATH
2024-02-01,23.75,PATH
2024-03-01,22.670000076293945,PATH
2024-04-01,18.969999313354492,PATH
2024-05-01,12.260000228881836,PATH
2024-06-01,12.680000305175781,PATH
2024-07-01,12.170000076293945,PATH
2024-08-01,12.880000114440918,PATH
2024-09-01,12.800000190734863,PATH
2024-10-01,12.359999656677246,PATH
2024-11-01,14.210000038146973,PATH
2024-12-01,12.710000038146973,PATH
2025-01-01,14.220000267028809,PATH
2025-02-01,12.300000190734863,PATH
2025-03-01,10.300000190734863,PATH
2025-04-01,11.9399995803833,PATH
2025-05-01,13.3100004196167,PATH
2025-06-01,12.800000190734863,PATH
2025-07-01,11.75,PATH
2025-08-01,11.119999885559082,PATH
2025-09-01,13.380000114440918,PATH
2025-10-01,15.859999656677246,PATH
2025-11-01,13.859999656677246,PATH
2025-12-01,16.389999389648438,PATH
2026-01-01,12.59000015258789,PATH
2017-01-01,,PDYN
2017-02-01,,PDYN
2017-03-01,,PDYN
2017-04-01,,PDYN
2017-05-01,,PDYN
2017-06-01,,PDYN
2017-07-01,,PDYN
2017-08-01,,PDYN
2017-09-01,,PDYN
2017-10-01,,PDYN
2017-11-01,,PDYN
2017-12-01,,PDYN
2018-01-01,,PDYN
2018-02-01,,PDYN
2018-03-01,,PDYN
2018-04-01,,PDYN
2018-05-01,,PDYN
2018-06-01,,PDYN
2018-07-01,,PDYN
2018-08-01,,PDYN
2018-09-01,,PDYN
2018-10-01,,PDYN
2018-11-01,,PDYN
2018-12-01,,PDYN
2019-01-01,,PDYN
2019-02-01,,PDYN
2019-03-01,,PDYN
2019-04-01,,PDYN
2019-05-01,,PDYN
2019-06-01,,PDYN
2019-07-01,,PDYN
2019-08-01,,PDYN
2019-09-01,,PDYN
2019-10-01,,PDYN
2019-11-01,,PDYN
2019-12-01,,PDYN
2020-01-01,,PDYN
2020-02-01,,PDYN
2020-03-01,,PDYN
2020-04-01,,PDYN
2020-05-01,,PDYN
2020-06-01,,PDYN
2020-07-01,,PDYN
2020-08-01,,PDYN
2020-09-01,,PDYN
2020-10-01,,PDYN
2020-11-01,,PDYN
2020-12-01,,PDYN
2021-01-01,,PDYN
2021-02-01,,PDYN
2021-03-01,,PDYN
2021-04-01,,PDYN
2021-05-01,,PDYN
2021-06-01,,PDYN
2021-07-01,,PDYN
2021-08-01,,PDYN
2021-09-01,46.380001068115234,PDYN
2021-10-01,42.41999816894531,PDYN
2021-11-01,46.20000076293945,PDYN
2021-12-01,59.880001068115234,PDYN
2022-01-01,34.79999923706055,PDYN
2022-02-01,36.18000030517578,PDYN
2022-03-01,39.900001525878906,PDYN
2022-04-01,28.200000762939453,PDYN
2022-05-01,25.739999771118164,PDYN
2022-06-01,15.960000038146973,PDYN
2022-07-01,20.100000381469727,PDYN
2022-08-01,19.68000030517578,PDYN
2022-09-01,13.319999694824219,PDYN
2022-10-01,12.119999885559082,PDYN
2022-11-01,6.989999771118164,PDYN
2022-12-01,3.365999937057495,PDYN
2023-01-01,3.5999999046325684,PDYN
2023-02-01,3.7799999713897705,PDYN
2023-03-01,2.8499999046325684,PDYN
2023-04-01,2.4000000953674316,PDYN
2023-05-01,2.3399999141693115,PDYN
2023-06-01,1.9320000410079956,PDYN
2023-07-01,1.7999999523162842,PDYN
2023-08-01,1.1200000047683716,PDYN
2023-09-01,0.8550000190734863,PDYN
2023-10-01,0.5099999904632568,PDYN
2023-11-01,0.6489999890327454,PDYN
2023-12-01,0.7210000157356262,PDYN
2024-01-01,0.5400000214576721,PDYN
2024-02-01,1.409999966621399,PDYN
2024-03-01,1.809999942779541,PDYN
2024-04-01,1.350000023841858,PDYN
2024-05-01,1.9500000476837158,PDYN
2024-06-01,1.600000023841858,PDYN
2024-07-01,2.0,PDYN
2024-08-01,1.690000057220459,PDYN
2024-09-01,1.7899999618530273,PDYN
2024-10-01,2.049999952316284,PDYN
2024-11-01,6.460000038146973,PDYN
2024-12-01,12.270000457763672,PDYN
2025-01-01,8.510000228881836,PDYN
2025-02-01,6.375,PDYN
2025-03-01,5.880000114440918,PDYN
2025-04-01,6.079999923706055,PDYN
2025-05-01,7.869999885559082,PDYN
2025-06-01,8.65999984741211,PDYN
2025-07-01,8.180000305175781,PDYN
2025-08-01,7.559999942779541,PDYN
2025-09-01,8.59000015258789,PDYN
2025-10-01,8.369999885559082,PDYN
2025-11-01,5.699999809265137,PDYN
2025-12-01,4.260000228881836,PDYN
2026-01-01,6.519999980926514,PDYN
2017-01-01,,PENG
2017-02-01,,PENG
2017-03-01,,PENG
2017-04-01,,PENG
2017-05-01,6.550000190734863,PENG
2017-06-01,8.095000267028809,PENG
2017-07-01,9.045000076293945,PENG
2017-08-01,9.9350004196167,PENG
2017-09-01,13.390000343322754,PENG
2017-10-01,15.6850004196167,PENG
2017-11-01,14.994999885559082,PENG
2017-12-01,16.850000381469727,PENG
2018-01-01,18.135000228881836,PENG
2018-02-01,17.360000610351562,PENG
2018-03-01,24.920000076293945,PENG
2018-04-01,19.575000762939453,PENG
2018-05-01,22.264999389648438,PENG
2018-06-01,15.9350004196167,PENG
2018-07-01,15.265000343322754,PENG
2018-08-01,16.4950008392334,PENG
2018-09-01,14.369999885559082,PENG
2018-10-01,14.005000114440918,PENG
2018-11-01,17.145000457763672,PENG
2018-12-01,14.850000381469727,PENG
2019-01-01,12.404999732971191,PENG
2019-02-01,14.654999732971191,PENG
2019-03-01,9.600000381469727,PENG
2019-04-01,10.869999885559082,PENG
2019-05-01,8.515000343322754,PENG
2019-06-01,11.494999885559082,PENG
2019-07-01,15.220000267028809,PENG
2019-08-01,14.204999923706055,PENG
2019-09-01,12.739999771118164,PENG
2019-10-01,14.850000381469727,PENG
2019-11-01,15.399999618530273,PENG
2019-12-01,18.969999313354492,PENG
2020-01-01,15.079999923706055,PENG
2020-02-01,13.420000076293945,PENG
2020-03-01,12.149999618530273,PENG
2020-04-01,12.645000457763672,PENG
2020-05-01,13.390000343322754,PENG
2020-06-01,13.59000015258789,PENG
2020-07-01,13.944999694824219,PENG
2020-08-01,12.600000381469727,PENG
2020-09-01,13.670000076293945,PENG
2020-10-01,13.194999694824219,PENG
2020-11-01,15.345000267028809,PENG
2020-12-01,18.815000534057617,PENG
2021-01-01,18.575000762939453,PENG
2021-02-01,23.344999313354492,PENG
2021-03-01,23.010000228881836,PENG
2021-04-01,23.075000762939453,PENG
2021-05-01,23.700000762939453,PENG
2021-06-01,23.84000015258789,PENG
2021-07-01,23.420000076293945,PENG
2021-08-01,24.229999542236328,PENG
2021-09-01,22.25,PENG
2021-10-01,26.729999542236328,PENG
2021-11-01,28.510000228881836,PENG
2021-12-01,35.494998931884766,PENG
2022-01-01,28.68000030517578,PENG
2022-02-01,27.450000762939453,PENG
2022-03-01,25.829999923706055,PENG
2022-04-01,22.65999984741211,PENG
2022-05-01,24.649999618530273,PENG
2022-06-01,16.3700008392334,PENG
2022-07-01,19.6200008392334,PENG
2022-08-01,18.350000381469727,PENG
2022-09-01,15.869999885559082,PENG
2022-10-01,13.529999732971191,PENG
2022-11-01,16.90999984741211,PENG
2022-12-01,14.880000114440918,PENG
2023-01-01,17.190000534057617,PENG
2023-02-01,16.700000762939453,PENG
2023-03-01,17.239999771118164,PENG
2023-04-01,15.420000076293945,PENG
2023-05-01,22.579999923706055,PENG
2023-06-01,29.010000228881836,PENG
2023-07-01,26.600000381469727,PENG
2023-08-01,25.829999923706055,PENG
2023-09-01,24.350000381469727,PENG
2023-10-01,13.699999809265137,PENG
2023-11-01,16.65999984741211,PENG
2023-12-01,18.93000030517578,PENG
2024-01-01,19.649999618530273,PENG
2024-02-01,21.270000457763672,PENG
2024-03-01,26.31999969482422,PENG
2024-04-01,18.270000457763672,PENG
2024-05-01,20.579999923706055,PENG
2024-06-01,22.8700008392334,PENG
2024-07-01,23.399999618530273,PENG
2024-08-01,20.719999313354492,PENG
2024-09-01,20.950000762939453,PENG
2024-10-01,15.050000190734863,PENG
2024-11-01,18.139999389648438,PENG
2024-12-01,19.190000534057617,PENG
2025-01-01,20.280000686645508,PENG
2025-02-01,19.93000030517578,PENG
2025-03-01,17.3700008392334,PENG
2025-04-01,17.06999969482422,PENG
2025-05-01,17.760000228881836,PENG
2025-06-01,19.809999465942383,PENG
2025-07-01,23.56999969482422,PENG
2025-08-01,24.1299991607666,PENG
2025-09-01,26.280000686645508,PENG
2025-10-01,22.270000457763672,PENG
2025-11-01,20.229999542236328,PENG
2025-12-01,19.559999465942383,PENG
2026-01-01,19.209999084472656,PENG
2017-01-01,,PL
2017-02-01,,PL
2017-03-01,,PL
2017-04-01,,PL
2017-05-01,,PL
2017-06-01,,PL
2017-07-01,,PL
2017-08-01,,PL
2017-09-01,,PL
2017-10-01,,PL
2017-11-01,,PL
2017-12-01,,PL
2018-01-01,,PL
2018-02-01,,PL
2018-03-01,,PL
2018-04-01,,PL
2018-05-01,,PL
2018-06-01,,PL
2018-07-01,,PL
2018-08-01,,PL
2018-09-01,,PL
2018-10-01,,PL
2018-11-01,,PL
2018-12-01,,PL
2019-01-01,,PL
2019-02-01,,PL
2019-03-01,,PL
2019-04-01,,PL
2019-05-01,,PL
2019-06-01,,PL
2019-07-01,,PL
2019-08-01,,PL
2019-09-01,,PL
2019-10-01,,PL
2019-11-01,,PL
2019-12-01,,PL
2020-01-01,,PL
2020-02-01,,PL
2020-03-01,,PL
2020-04-01,,PL
2020-05-01,,PL
2020-06-01,,PL
2020-07-01,,PL
2020-08-01,,PL
2020-09-01,,PL
2020-10-01,,PL
2020-11-01,,PL
2020-12-01,,PL
2021-01-01,,PL
2021-02-01,,PL
2021-03-01,,PL
2021-04-01,9.920000076293945,PL
2021-05-01,9.850000381469727,PL
2021-06-01,9.770000457763672,PL
2021-07-01,9.859999656677246,PL
2021-08-01,9.90999984741211,PL
2021-09-01,9.90999984741211,PL
2021-10-01,10.130000114440918,PL
2021-11-01,10.0,PL
2021-12-01,6.150000095367432,PL
2022-01-01,6.099999904632568,PL
2022-02-01,5.639999866485596,PL
2022-03-01,5.079999923706055,PL
2022-04-01,5.03000020980835,PL
2022-05-01,6.079999923706055,PL
2022-06-01,4.329999923706055,PL
2022-07-01,5.329999923706055,PL
2022-08-01,5.480000019073486,PL
2022-09-01,5.429999828338623,PL
2022-10-01,5.25,PL
2022-11-01,5.409999847412109,PL
2022-12-01,4.349999904632568,PL
2023-01-01,4.949999809265137,PL
2023-02-01,4.610000133514404,PL
2023-03-01,3.930000066757202,PL
2023-04-01,4.079999923706055,PL
2023-05-01,4.590000152587891,PL
2023-06-01,3.2200000286102295,PL
2023-07-01,3.7200000286102295,PL
2023-08-01,3.25,PL
2023-09-01,2.5999999046325684,PL
2023-10-01,2.1600000858306885,PL
2023-11-01,2.430000066757202,PL
2023-12-01,2.4700000286102295,PL
2024-01-01,2.259999990463257,PL
2024-02-01,2.190000057220459,PL
2024-03-01,2.549999952316284,PL
2024-04-01,1.690000057220459,PL
2024-05-01,1.8600000143051147,PL
2024-06-01,1.8600000143051147,PL
2024-07-01,2.5399999618530273,PL
2024-08-01,2.690000057220459,PL
2024-09-01,2.2300000190734863,PL
2024-10-01,2.2100000381469727,PL
2024-11-01,3.930000066757202,PL
2024-12-01,4.039999961853027,PL
2025-01-01,6.099999904632568,PL
2025-02-01,4.619999885559082,PL
2025-03-01,3.380000114440918,PL
2025-04-01,3.2899999618530273,PL
2025-05-01,3.8399999141693115,PL
2025-06-01,6.099999904632568,PL
2025-07-01,6.25,PL
2025-08-01,7.090000152587891,PL
2025-09-01,12.979999542236328,PL
2025-10-01,13.449999809265137,PL
2025-11-01,11.899999618530273,PL
2025-12-01,19.719999313354492,PL
2026-01-01,24.969999313354492,PL
2017-01-01,,PLTK
2017-02-01,,PLTK
2017-03-01,,PLTK
2017-04-01,,PLTK
2017-05-01,,PLTK
2017-06-01,,PLTK
2017-07-01,,PLTK
2017-08-01,,PLTK
2017-09-01,,PLTK
2017-10-01,,PLTK
2017-11-01,,PLTK
2017-12-01,,PLTK
2018-01-01,,PLTK
2018-02-01,,PLTK
2018-03-01,,PLTK
2018-04-01,,PLTK
2018-05-01,,PLTK
2018-06-01,,PLTK
2018-07-01,,PLTK
2018-08-01,,PLTK
2018-09-01,,PLTK
2018-10-01,,PLTK
2018-11-01,,PLTK
2018-12-01,,PLTK
2019-01-01,,PLTK
2019-02-01,,PLTK
2019-03-01,,PLTK
2019-04-01,,PLTK
2019-05-01,,PLTK
2019-06-01,,PLTK
2019-07-01,,PLTK
2019-08-01,,PLTK
2019-09-01,,PLTK
2019-10-01,,PLTK
2019-11-01,,PLTK
2019-12-01,,PLTK
2020-01-01,,PLTK
2020-02-01,,PLTK
2020-03-01,,PLTK
2020-04-01,,PLTK
2020-05-01,,PLTK
2020-06-01,,PLTK
2020-07-01,,PLTK
2020-08-01,,PLTK
2020-09-01,,PLTK
2020-10-01,,PLTK
2020-11-01,,PLTK
2020-12-01,,PLTK
2021-01-01,25.02366065979004,PLTK
2021-02-01,25.547496795654297,PLTK
2021-03-01,23.366296768188477,PLTK
2021-04-01,23.855777740478516,PLTK
2021-05-01,23.555219650268555,PLTK
2021-06-01,20.47234344482422,PLTK
2021-07-01,19.08977508544922,PLTK
2021-08-01,22.662132263183594,PLTK
2021-09-01,23.726966857910156,PLTK
2021-10-01,24.285152435302734,PLTK
2021-11-01,14.770316123962402,PLTK
2021-12-01,14.847602844238281,PLTK
2022-01-01,14.6243314743042,PLTK
2022-02-01,17.690031051635742,PLTK
2022-03-01,16.599430084228516,PLTK
2022-04-01,15.096635818481445,PLTK
2022-05-01,12.71792984008789,PLTK
2022-06-01,11.369707107543945,PLTK
2022-07-01,10.536731719970703,PLTK
2022-08-01,9.042525291442871,PLTK
2022-09-01,8.063562393188477,PLTK
2022-10-01,8.115087509155273,PLTK
2022-11-01,8.115087509155273,PLTK
2022-12-01,7.307870864868164,PLTK
2023-01-01,9.008174896240234,PLTK
2023-02-01,8.243897438049316,PLTK
2023-03-01,9.669404029846191,PLTK
2023-04-01,8.587394714355469,PLTK
2023-05-01,8.613155364990234,PLTK
2023-06-01,9.961376190185547,PLTK
2023-07-01,10.25334644317627,PLTK
2023-08-01,8.38129711151123,PLTK
2023-09-01,8.269660949707031,PLTK
2023-10-01,7.213409423828125,PLTK
2023-11-01,7.462443828582764,PLTK
2023-12-01,7.48820686340332,PLTK
2024-01-01,6.200097560882568,PLTK
2024-02-01,6.3632588386535645,PLTK
2024-03-01,6.140599250793457,PLTK
2024-04-01,6.314800262451172,PLTK
2024-05-01,7.612600803375244,PLTK
2024-06-01,6.940510272979736,PLTK
2024-07-01,6.728855609893799,PLTK
2024-08-01,6.6759419441223145,PLTK
2024-09-01,7.07094144821167,PLTK
2024-10-01,6.9905900955200195,PLTK
2024-11-01,7.517339706420898,PLTK
2024-12-01,6.286190986633301,PLTK
2025-01-01,6.494523048400879,PLTK
2025-02-01,4.7825775146484375,PLTK
2025-03-01,4.790102005004883,PLTK
2025-04-01,4.882753849029541,PLTK
2025-05-01,4.391698837280273,PLTK
2025-06-01,4.481583595275879,PLTK
2025-07-01,4.2210259437561035,PLTK
2025-08-01,3.515153169631958,PLTK
2025-09-01,3.7944226264953613,PLTK
2025-10-01,3.5798280239105225,PLTK
2025-11-01,3.950491428375244,PLTK
2025-12-01,3.950000047683716,PLTK
2026-01-01,3.619999885559082,PLTK
2017-01-01,,PUBM
2017-02-01,,PUBM
2017-03-01,,PUBM
2017-04-01,,PUBM
2017-05-01,,PUBM
2017-06-01,,PUBM
2017-07-01,,PUBM
2017-08-01,,PUBM
2017-09-01,,PUBM
2017-10-01,,PUBM
2017-11-01,,PUBM
2017-12-01,,PUBM
2018-01-01,,PUBM
2018-02-01,,PUBM
2018-03-01,,PUBM
2018-04-01,,PUBM
2018-05-01,,PUBM
2018-06-01,,PUBM
2018-07-01,,PUBM
2018-08-01,,PUBM
2018-09-01,,PUBM
2018-10-01,,PUBM
2018-11-01,,PUBM
2018-12-01,,PUBM
2019-01-01,,PUBM
2019-02-01,,PUBM
2019-03-01,,PUBM
2019-04-01,,PUBM
2019-05-01,,PUBM
2019-06-01,,PUBM
2019-07-01,,PUBM
2019-08-01,,PUBM
2019-09-01,,PUBM
2019-10-01,,PUBM
2019-11-01,,PUBM
2019-12-01,,PUBM
2020-01-01,,PUBM
2020-02-01,,PUBM
2020-03-01,,PUBM
2020-04-01,,PUBM
2020-05-01,,PUBM
2020-06-01,,PUBM
2020-07-01,,PUBM
2020-08-01,,PUBM
2020-09-01,,PUBM
2020-10-01,,PUBM
2020-11-01,,PUBM
2020-12-01,27.959999084472656,PUBM
2021-01-01,39.75,PUBM
2021-02-01,64.80999755859375,PUBM
2021-03-01,49.31999969482422,PUBM
2021-04-01,51.470001220703125,PUBM
2021-05-01,29.56999969482422,PUBM
2021-06-01,39.06999969482422,PUBM
2021-07-01,29.709999084472656,PUBM
2021-08-01,29.149999618530273,PUBM
2021-09-01,26.350000381469727,PUBM
2021-10-01,28.579999923706055,PUBM
2021-11-01,39.369998931884766,PUBM
2021-12-01,34.04999923706055,PUBM
2022-01-01,24.549999237060547,PUBM
2022-02-01,30.600000381469727,PUBM
2022-03-01,26.1200008392334,PUBM
2022-04-01,22.56999969482422,PUBM
2022-05-01,19.940000534057617,PUBM
2022-06-01,15.890000343322754,PUBM
2022-07-01,16.59000015258789,PUBM
2022-08-01,19.56999969482422,PUBM
2022-09-01,16.6299991607666,PUBM
2022-10-01,17.399999618530273,PUBM
2022-11-01,15.670000076293945,PUBM
2022-12-01,12.8100004196167,PUBM
2023-01-01,15.329999923706055,PUBM
2023-02-01,15.180000305175781,PUBM
2023-03-01,13.819999694824219,PUBM
2023-04-01,13.65999984741211,PUBM
2023-05-01,17.549999237060547,PUBM
2023-06-01,18.280000686645508,PUBM
2023-07-01,19.989999771118164,PUBM
2023-08-01,13.899999618530273,PUBM
2023-09-01,12.100000381469727,PUBM
2023-10-01,11.270000457763672,PUBM
2023-11-01,16.709999084472656,PUBM
2023-12-01,16.309999465942383,PUBM
2024-01-01,15.180000305175781,PUBM
2024-02-01,20.940000534057617,PUBM
2024-03-01,23.719999313354492,PUBM
2024-04-01,22.440000534057617,PUBM
2024-05-01,21.899999618530273,PUBM
2024-06-01,20.309999465942383,PUBM
2024-07-01,21.959999084472656,PUBM
2024-08-01,15.600000381469727,PUBM
2024-09-01,14.869999885559082,PUBM
2024-10-01,14.704999923706055,PUBM
2024-11-01,15.949999809265137,PUBM
2024-12-01,14.6899995803833,PUBM
2025-01-01,15.119999885559082,PUBM
2025-02-01,10.630000114440918,PUBM
2025-03-01,9.140000343322754,PUBM
2025-04-01,9.770000457763672,PUBM
2025-05-01,11.699999809265137,PUBM
2025-06-01,12.4399995803833,PUBM
2025-07-01,12.010000228881836,PUBM
2025-08-01,8.670000076293945,PUBM
2025-09-01,8.279999732971191,PUBM
2025-10-01,8.359999656677246,PUBM
2025-11-01,9.010000228881836,PUBM
2025-12-01,8.869999885559082,PUBM
2026-01-01,7.260000228881836,PUBM
2017-01-01,,QBTS
2017-02-01,,QBTS
2017-03-01,,QBTS
2017-04-01,,QBTS
2017-05-01,,QBTS
2017-06-01,,QBTS
2017-07-01,,QBTS
2017-08-01,,QBTS
2017-09-01,,QBTS
2017-10-01,,QBTS
2017-11-01,,QBTS
2017-12-01,,QBTS
2018-01-01,,QBTS
2018-02-01,,QBTS
2018-03-01,,QBTS
2018-04-01,,QBTS
2018-05-01,,QBTS
2018-06-01,,QBTS
2018-07-01,,QBTS
2018-08-01,,QBTS
2018-09-01,,QBTS
2018-10-01,,QBTS
2018-11-01,,QBTS
2018-12-01,,QBTS
2019-01-01,,QBTS
2019-02-01,,QBTS
2019-03-01,,QBTS
2019-04-01,,QBTS
2019-05-01,,QBTS
2019-06-01,,QBTS
2019-07-01,,QBTS
2019-08-01,,QBTS
2019-09-01,,QBTS
2019-10-01,,QBTS
2019-11-01,,QBTS
2019-12-01,,QBTS
2020-01-01,,QBTS
2020-02-01,,QBTS
2020-03-01,,QBTS
2020-04-01,,QBTS
2020-05-01,,QBTS
2020-06-01,,QBTS
2020-07-01,,QBTS
2020-08-01,,QBTS
2020-09-01,,QBTS
2020-10-01,,QBTS
2020-11-01,,QBTS
2020-12-01,10.40999984741211,QBTS
2021-01-01,10.90999984741211,QBTS
2021-02-01,10.399999618530273,QBTS
2021-03-01,9.859999656677246,QBTS
2021-04-01,9.920000076293945,QBTS
2021-05-01,9.819999694824219,QBTS
2021-06-01,9.880000114440918,QBTS
2021-07-01,9.75,QBTS
2021-08-01,9.770000457763672,QBTS
2021-09-01,9.770000457763672,QBTS
2021-10-01,9.819999694824219,QBTS
2021-11-01,9.880000114440918,QBTS
2021-12-01,9.819999694824219,QBTS
2022-01-01,9.800000190734863,QBTS
2022-02-01,9.899999618530273,QBTS
2022-03-01,9.890000343322754,QBTS
2022-04-01,9.890000343322754,QBTS
2022-05-01,9.880000114440918,QBTS
2022-06-01,9.90999984741211,QBTS
2022-07-01,8.760000228881836,QBTS
2022-08-01,6.679999828338623,QBTS
2022-09-01,7.869999885559082,QBTS
2022-10-01,2.9100000858306885,QBTS
2022-11-01,2.3399999141693115,QBTS
2022-12-01,1.440000057220459,QBTS
2023-01-01,1.25,QBTS
2023-02-01,0.6949999928474426,QBTS
2023-03-01,0.6639999747276306,QBTS
2023-04-01,0.4970000088214874,QBTS
2023-05-01,1.2599999904632568,QBTS
2023-06-01,2.0899999141693115,QBTS
2023-07-01,2.0999999046325684,QBTS
2023-08-01,1.159999966621399,QBTS
2023-09-01,0.9649999737739563,QBTS
2023-10-01,0.722000002861023,QBTS
2023-11-01,0.8199999928474426,QBTS
2023-12-01,0.8799999952316284,QBTS
2024-01-01,0.8450000286102295,QBTS
2024-02-01,1.850000023841858,QBTS
2024-03-01,2.0399999618530273,QBTS
2024-04-01,1.3700000047683716,QBTS
2024-05-01,1.350000023841858,QBTS
2024-06-01,1.1399999856948853,QBTS
2024-07-01,1.0,QBTS
2024-08-01,1.0099999904632568,QBTS
2024-09-01,0.9829999804496765,QBTS
2024-10-01,1.059999942779541,QBTS
2024-11-01,3.0199999809265137,QBTS
2024-12-01,8.399999618530273,QBTS
2025-01-01,5.940000057220459,QBTS
2025-02-01,5.480000019073486,QBTS
2025-03-01,7.599999904632568,QBTS
2025-04-01,6.909999847412109,QBTS
2025-05-01,16.329999923706055,QBTS
2025-06-01,14.640000343322754,QBTS
2025-07-01,17.190000534057617,QBTS
2025-08-01,15.619999885559082,QBTS
2025-09-01,24.709999084472656,QBTS
2025-10-01,37.060001373291016,QBTS
2025-11-01,22.670000076293945,QBTS
2025-12-01,26.149999618530273,QBTS
2026-01-01,21.219999313354492,QBTS
2017-01-01,,S
2017-02-01,,S
2017-03-01,,S
2017-04-01,,S
2017-05-01,,S
2017-06-01,,S
2017-07-01,,S
2017-08-01,,S
2017-09-01,,S
2017-10-01,,S
2017-11-01,,S
2017-12-01,,S
2018-01-01,,S
2018-02-01,,S
2018-03-01,,S
2018-04-01,,S
2018-05-01,,S
2018-06-01,,S
2018-07-01,,S
2018-08-01,,S
2018-09-01,,S
2018-10-01,,S
2018-11-01,,S
2018-12-01,,S
2019-01-01,,S
2019-02-01,,S
2019-03-01,,S
2019-04-01,,S
2019-05-01,,S
2019-06-01,,S
2019-07-01,,S
2019-08-01,,S
2019-09-01,,S
2019-10-01,,S
2019-11-01,,S
2019-12-01,,S
2020-01-01,,S
2020-02-01,,S
2020-03-01,,S
2020-04-01,,S
2020-05-01,,S
2020-06-01,,S
2020-07-01,,S
2020-08-01,,S
2020-09-01,,S
2020-10-01,,S
2020-11-01,,S
2020-12-01,,S
2021-01-01,,S
2021-02-01,,S
2021-03-01,,S
2021-04-01,,S
2021-05-01,,S
2021-06-01,42.5,S
2021-07-01,49.310001373291016,S
2021-08-01,63.93000030517578,S
2021-09-01,53.56999969482422,S
2021-10-01,66.4000015258789,S
2021-11-01,53.970001220703125,S
2021-12-01,50.4900016784668,S
2022-01-01,44.75,S
2022-02-01,41.5,S
2022-03-01,38.7400016784668,S
2022-04-01,33.27000045776367,S
2022-05-01,23.790000915527344,S
2022-06-01,23.329999923706055,S
2022-07-01,24.850000381469727,S
2022-08-01,27.309999465942383,S
2022-09-01,25.559999465942383,S
2022-10-01,22.84000015258789,S
2022-11-01,14.5,S
2022-12-01,14.59000015258789,S
2023-01-01,15.09000015258789,S
2023-02-01,15.989999771118164,S
2023-03-01,16.360000610351562,S
2023-04-01,16.06999969482422,S
2023-05-01,21.3799991607666,S
2023-06-01,15.100000381469727,S
2023-07-01,16.670000076293945,S
2023-08-01,16.6299991607666,S
2023-09-01,16.860000610351562,S
2023-10-01,15.630000114440918,S
2023-11-01,19.09000015258789,S
2023-12-01,27.440000534057617,S
2024-01-01,26.799999237060547,S
2024-02-01,28.170000076293945,S
2024-03-01,23.309999465942383,S
2024-04-01,21.1299991607666,S
2024-05-01,16.829999923706055,S
2024-06-01,21.049999237060547,S
2024-07-01,22.899999618530273,S
2024-08-01,23.559999465942383,S
2024-09-01,23.920000076293945,S
2024-10-01,25.790000915527344,S
2024-11-01,27.950000762939453,S
2024-12-01,22.200000762939453,S
2025-01-01,23.950000762939453,S
2025-02-01,20.6299991607666,S
2025-03-01,18.18000030517578,S
2025-04-01,18.5,S
2025-05-01,17.610000610351562,S
2025-06-01,18.280000686645508,S
2025-07-01,18.34000015258789,S
2025-08-01,18.860000610351562,S
2025-09-01,17.610000610351562,S
2025-10-01,17.850000381469727,S
2025-11-01,16.209999084472656,S
2025-12-01,15.0,S
2026-01-01,13.979999542236328,S
2017-01-01,,SEMR
2017-02-01,,SEMR
2017-03-01,,SEMR
2017-04-01,,SEMR
2017-05-01,,SEMR
2017-06-01,,SEMR
2017-07-01,,SEMR
2017-08-01,,SEMR
2017-09-01,,SEMR
2017-10-01,,SEMR
2017-11-01,,SEMR
2017-12-01,,SEMR
2018-01-01,,SEMR
2018-02-01,,SEMR
2018-03-01,,SEMR
2018-04-01,,SEMR
2018-05-01,,SEMR
2018-06-01,,SEMR
2018-07-01,,SEMR
2018-08-01,,SEMR
2018-09-01,,SEMR
2018-10-01,,SEMR
2018-11-01,,SEMR
2018-12-01,,SEMR
2019-01-01,,SEMR
2019-02-01,,SEMR
2019-03-01,,SEMR
2019-04-01,,SEMR
2019-05-01,,SEMR
2019-06-01,,SEMR
2019-07-01,,SEMR
2019-08-01,,SEMR
2019-09-01,,SEMR
2019-10-01,,SEMR
2019-11-01,,SEMR
2019-12-01,,SEMR
2020-01-01,,SEMR
2020-02-01,,SEMR
2020-03-01,,SEMR
2020-04-01,,SEMR
2020-05-01,,SEMR
2020-06-01,,SEMR
2020-07-01,,SEMR
2020-08-01,,SEMR
2020-09-01,,SEMR
2020-10-01,,SEMR
2020-11-01,,SEMR
2020-12-01,,SEMR
2021-01-01,,SEMR
2021-02-01,,SEMR
2021-03-01,,SEMR
2021-04-01,,SEMR
2021-05-01,,SEMR
2021-06-01,,SEMR
2021-07-01,,SEMR
2021-08-01,,SEMR
2021-09-01,,SEMR
2021-10-01,,SEMR
2021-11-01,,SEMR
2021-12-01,,SEMR
2022-01-01,,SEMR
2022-02-01,,SEMR
2022-03-01,,SEMR
2022-04-01,,SEMR
2022-05-01,,SEMR
2022-06-01,,SEMR
2022-07-01,,SEMR
2022-08-01,,SEMR
2022-09-01,,SEMR
2022-10-01,,SEMR
2022-11-01,,SEMR
2022-12-01,,SEMR
2023-01-01,,SEMR
2023-02-01,,SEMR
2023-03-01,,SEMR
2023-04-01,,SEMR
2023-05-01,,SEMR
2023-06-01,,SEMR
2023-07-01,,SEMR
2023-08-01,,SEMR
2023-09-01,,SEMR
2023-10-01,,SEMR
2023-11-01,,SEMR
2023-12-01,,SEMR
2024-01-01,,SEMR
2024-02-01,,SEMR
2024-03-01,,SEMR
2024-04-01,,SEMR
2024-05-01,,SEMR
2024-06-01,,SEMR
2024-07-01,,SEMR
2024-08-01,,SEMR
2024-09-01,,SEMR
2024-10-01,,SEMR
2024-11-01,,SEMR
2024-12-01,,SEMR
2025-01-01,,SEMR
2025-02-01,,SEMR
2025-03-01,,SEMR
2025-04-01,,SEMR
2025-05-01,,SEMR
2025-06-01,,SEMR
2025-07-01,,SEMR
2025-08-01,,SEMR
2025-09-01,,SEMR
2025-10-01,,SEMR
2025-11-01,,SEMR
2025-12-01,,SEMR
2026-01-01,,SEMR
2017-01-01,,SHLS
2017-02-01,,SHLS
2017-03-01,,SHLS
2017-04-01,,SHLS
2017-05-01,,SHLS
2017-06-01,,SHLS
2017-07-01,,SHLS
2017-08-01,,SHLS
2017-09-01,,SHLS
2017-10-01,,SHLS
2017-11-01,,SHLS
2017-12-01,,SHLS
2018-01-01,,SHLS
2018-02-01,,SHLS
2018-03-01,,SHLS
2018-04-01,,SHLS
2018-05-01,,SHLS
2018-06-01,,SHLS
2018-07-01,,SHLS
2018-08-01,,SHLS
2018-09-01,,SHLS
2018-10-01,,SHLS
2018-11-01,,SHLS
2018-12-01,,SHLS
2019-01-01,,SHLS
2019-02-01,,SHLS
2019-03-01,,SHLS
2019-04-01,,SHLS
2019-05-01,,SHLS
2019-06-01,,SHLS
2019-07-01,,SHLS
2019-08-01,,SHLS
2019-09-01,,SHLS
2019-10-01,,SHLS
2019-11-01,,SHLS
2019-12-01,,SHLS
2020-01-01,,SHLS
2020-02-01,,SHLS
2020-03-01,,SHLS
2020-04-01,,SHLS
2020-05-01,,SHLS
2020-06-01,,SHLS
2020-07-01,,SHLS
2020-08-01,,SHLS
2020-09-01,,SHLS
2020-10-01,,SHLS
2020-11-01,,SHLS
2020-12-01,,SHLS
2021-01-01,33.93000030517578,SHLS
2021-02-01,32.619998931884766,SHLS
2021-03-01,34.779998779296875,SHLS
2021-04-01,32.06999969482422,SHLS
2021-05-01,27.600000381469727,SHLS
2021-06-01,35.5,SHLS
2021-07-01,29.09000015258789,SHLS
2021-08-01,32.56999969482422,SHLS
2021-09-01,27.8799991607666,SHLS
2021-10-01,30.989999771118164,SHLS
2021-11-01,28.100000381469727,SHLS
2021-12-01,24.299999237060547,SHLS
2022-01-01,16.860000610351562,SHLS
2022-02-01,15.8100004196167,SHLS
2022-03-01,17.040000915527344,SHLS
2022-04-01,9.979999542236328,SHLS
2022-05-01,15.600000381469727,SHLS
2022-06-01,16.479999542236328,SHLS
2022-07-01,23.6299991607666,SHLS
2022-08-01,26.3700008392334,SHLS
2022-09-01,21.549999237060547,SHLS
2022-10-01,23.110000610351562,SHLS
2022-11-01,28.969999313354492,SHLS
2022-12-01,24.670000076293945,SHLS
2023-01-01,27.889999389648438,SHLS
2023-02-01,24.540000915527344,SHLS
2023-03-01,22.790000915527344,SHLS
2023-04-01,20.889999389648438,SHLS
2023-05-01,23.489999771118164,SHLS
2023-06-01,25.559999465942383,SHLS
2023-07-01,25.959999084472656,SHLS
2023-08-01,19.68000030517578,SHLS
2023-09-01,18.25,SHLS
2023-10-01,15.359999656677246,SHLS
2023-11-01,13.850000381469727,SHLS
2023-12-01,15.539999961853027,SHLS
2024-01-01,13.170000076293945,SHLS
2024-02-01,12.829999923706055,SHLS
2024-03-01,11.180000305175781,SHLS
2024-04-01,8.449999809265137,SHLS
2024-05-01,7.869999885559082,SHLS
2024-06-01,6.239999771118164,SHLS
2024-07-01,6.5,SHLS
2024-08-01,5.389999866485596,SHLS
2024-09-01,5.610000133514404,SHLS
2024-10-01,5.409999847412109,SHLS
2024-11-01,5.21999979019165,SHLS
2024-12-01,5.53000020980835,SHLS
2025-01-01,4.78000020980835,SHLS
2025-02-01,3.0299999713897705,SHLS
2025-03-01,3.319999933242798,SHLS
2025-04-01,3.609999895095825,SHLS
2025-05-01,4.71999979019165,SHLS
2025-06-01,4.25,SHLS
2025-07-01,5.389999866485596,SHLS
2025-08-01,6.510000228881836,SHLS
2025-09-01,7.409999847412109,SHLS
2025-10-01,10.510000228881836,SHLS
2025-11-01,8.390000343322754,SHLS
2025-12-01,8.5,SHLS
2026-01-01,9.4399995803833,SHLS
2017-01-01,,SKYT
2017-02-01,,SKYT
2017-03-01,,SKYT
2017-04-01,,SKYT
2017-05-01,,SKYT
2017-06-01,,SKYT
2017-07-01,,SKYT
2017-08-01,,SKYT
2017-09-01,,SKYT
2017-10-01,,SKYT
2017-11-01,,SKYT
2017-12-01,,SKYT
2018-01-01,,SKYT
2018-02-01,,SKYT
2018-03-01,,SKYT
2018-04-01,,SKYT
2018-05-01,,SKYT
2018-06-01,,SKYT
2018-07-01,,SKYT
2018-08-01,,SKYT
2018-09-01,,SKYT
2018-10-01,,SKYT
2018-11-01,,SKYT
2018-12-01,,SKYT
2019-01-01,,SKYT
2019-02-01,,SKYT
2019-03-01,,SKYT
2019-04-01,,SKYT
2019-05-01,,SKYT
2019-06-01,,SKYT
2019-07-01,,SKYT
2019-08-01,,SKYT
2019-09-01,,SKYT
2019-10-01,,SKYT
2019-11-01,,SKYT
2019-12-01,,SKYT
2020-01-01,,SKYT
2020-02-01,,SKYT
2020-03-01,,SKYT
2020-04-01,,SKYT
2020-05-01,,SKYT
2020-06-01,,SKYT
2020-07-01,,SKYT
2020-08-01,,SKYT
2020-09-01,,SKYT
2020-10-01,,SKYT
2020-11-01,,SKYT
2020-12-01,,SKYT
2021-01-01,,SKYT
2021-02-01,,SKYT
2021-03-01,,SKYT
2021-04-01,,SKYT
2021-05-01,,SKYT
2021-06-01,,SKYT
2021-07-01,,SKYT
2021-08-01,,SKYT
2021-09-01,,SKYT
2021-10-01,,SKYT
2021-11-01,,SKYT
2021-12-01,,SKYT
2022-01-01,,SKYT
2022-02-01,,SKYT
2022-03-01,,SKYT
2022-04-01,,SKYT
2022-05-01,,SKYT
2022-06-01,,SKYT
2022-07-01,,SKYT
2022-08-01,,SKYT
2022-09-01,,SKYT
2022-10-01,,SKYT
2022-11-01,,SKYT
2022-12-01,,SKYT
2023-01-01,,SKYT
2023-02-01,,SKYT
2023-03-01,,SKYT
2023-04-01,,SKYT
2023-05-01,,SKYT
2023-06-01,,SKYT
2023-07-01,,SKYT
2023-08-01,,SKYT
2023-09-01,,SKYT
2023-10-01,,SKYT
2023-11-01,,SKYT
2023-12-01,,SKYT
2024-01-01,,SKYT
2024-02-01,,SKYT
2024-03-01,,SKYT
2024-04-01,,SKYT
2024-05-01,,SKYT
2024-06-01,,SKYT
2024-07-01,,SKYT
2024-08-01,,SKYT
2024-09-01,,SKYT
2024-10-01,,SKYT
2024-11-01,,SKYT
2024-12-01,,SKYT
2025-01-01,,SKYT
2025-02-01,,SKYT
2025-03-01,,SKYT
2025-04-01,,SKYT
2025-05-01,,SKYT
2025-06-01,,SKYT
2025-07-01,,SKYT
2025-08-01,,SKYT
2025-09-01,,SKYT
2025-10-01,,SKYT
2025-11-01,,SKYT
2025-12-01,,SKYT
2026-01-01,,SKYT
2017-01-01,12.32325553894043,TRAK
2017-02-01,13.833220481872559,TRAK
2017-03-01,12.031004905700684,TRAK
2017-04-01,12.32325553894043,TRAK
2017-05-01,12.177131652832031,TRAK
2017-06-01,11.83617115020752,TRAK
2017-07-01,13.151299476623535,TRAK
2017-08-01,12.274547576904297,TRAK
2017-09-01,11.83617115020752,TRAK
2017-10-01,10.764582633972168,TRAK
2017-11-01,10.715872764587402,TRAK
2017-12-01,9.303329467773438,TRAK
2018-01-01,8.426572799682617,TRAK
2018-02-01,10.082663536071777,TRAK
2018-03-01,8.523992538452148,TRAK
2018-04-01,7.69594669342041,TRAK
2018-05-01,7.160151958465576,TRAK
2018-06-01,7.69594669342041,TRAK
2018-07-01,8.036904335021973,TRAK
2018-08-01,8.231740951538086,TRAK
2018-09-01,9.83912181854248,TRAK
2018-10-01,8.40709114074707,TRAK
2018-11-01,7.9102630615234375,TRAK
2018-12-01,5.815796852111816,TRAK
2019-01-01,8.43631649017334,TRAK
2019-02-01,7.754395961761475,TRAK
2019-03-01,7.783620834350586,TRAK
2019-04-01,7.530337333679199,TRAK
2019-05-01,5.124135971069336,TRAK
2019-06-01,5.221554279327393,TRAK
2019-07-01,4.997494220733643,TRAK
2019-08-01,5.942439079284668,TRAK
2019-09-01,5.620962619781494,TRAK
2019-10-01,5.309228420257568,TRAK
2019-11-01,4.5786004066467285,TRAK
2019-12-01,4.929301738739014,TRAK
2020-01-01,4.637051105499268,TRAK
2020-02-01,5.007236003875732,TRAK
2020-03-01,3.701847791671753,TRAK
2020-04-01,4.83188533782959,TRAK
2020-05-01,4.987752914428711,TRAK
2020-06-01,4.1207404136657715,TRAK
2020-07-01,4.257124900817871,TRAK
2020-08-01,4.83188533782959,TRAK
2020-09-01,4.802659511566162,TRAK
2020-10-01,4.227900505065918,TRAK
2020-11-01,4.568858623504639,TRAK
2020-12-01,4.666277885437012,TRAK
2021-01-01,5.883989334106445,TRAK
2021-02-01,5.9229559898376465,TRAK
2021-03-01,5.952180862426758,TRAK
2021-04-01,5.153360843658447,TRAK
2021-05-01,5.835280418395996,TRAK
2021-06-01,5.367680072784424,TRAK
2021-07-01,5.465096473693848,TRAK
2021-08-01,5.280004501342773,TRAK
2021-09-01,5.309228420257568,TRAK
2021-10-01,5.52354621887207,TRAK
2021-11-01,5.698896408081055,TRAK
2021-12-01,5.650187969207764,TRAK
2022-01-01,7.59852933883667,TRAK
2022-02-01,6.224948883056641,TRAK
2022-03-01,5.143620491027832,TRAK
2022-04-01,4.724726676940918,TRAK
2022-05-01,5.32871150970459,TRAK
2022-06-01,4.286349773406982,TRAK
2022-07-01,4.9585280418396,TRAK
2022-08-01,5.883989334106445,TRAK
2022-09-01,5.2118120193481445,TRAK
2022-10-01,4.758718013763428,TRAK
2022-11-01,5.061634540557861,TRAK
2022-12-01,4.83689022064209,TRAK
2023-01-01,5.66746711730957,TRAK
2023-02-01,5.984956741333008,TRAK
2023-03-01,6.166421413421631,TRAK
2023-04-01,6.382441997528076,TRAK
2023-05-01,7.884771347045898,TRAK
2023-06-01,9.922354698181152,TRAK
2023-07-01,9.774845123291016,TRAK
2023-08-01,8.860297203063965,TRAK
2023-09-01,8.62924575805664,TRAK
2023-10-01,9.594616889953613,TRAK
2023-11-01,10.106853485107422,TRAK
2023-12-01,9.876307487487793,TRAK
2024-01-01,11.967992782592773,TRAK
2024-02-01,14.82926082611084,TRAK
2024-03-01,15.654687881469727,TRAK
2024-04-01,15.634932518005371,TRAK
2024-05-01,16.148527145385742,TRAK
2024-06-01,15.118756294250488,TRAK
2024-07-01,18.895973205566406,TRAK
2024-08-01,19.232166290283203,TRAK
2024-09-01,18.280689239501953,TRAK
2024-10-01,19.05269432067871,TRAK
2024-11-01,22.744462966918945,TRAK
2024-12-01,21.921092987060547,TRAK
2025-01-01,20.9305362701416,TRAK
2025-02-01,19.45459747314453,TRAK
2025-03-01,20.096298217773438,TRAK
2025-04-01,21.414901733398438,TRAK
2025-05-01,21.633014678955078,TRAK
2025-06-01,19.499168395996094,TRAK
2025-07-01,16.35350227355957,TRAK
2025-08-01,16.075653076171875,TRAK
2025-09-01,14.72402572631836,TRAK
2025-10-01,14.912795066833496,TRAK
2025-11-01,13.39270305633545,TRAK
2025-12-01,12.309957504272461,TRAK
2026-01-01,10.568451881408691,TRAK
2017-01-01,,XPER
2017-02-01,,XPER
2017-03-01,,XPER
2017-04-01,,XPER
2017-05-01,,XPER
2017-06-01,,XPER
2017-07-01,,XPER
2017-08-01,,XPER
2017-09-01,,XPER
2017-10-01,,XPER
2017-11-01,,XPER
2017-12-01,,XPER
2018-01-01,,XPER
2018-02-01,,XPER
2018-03-01,,XPER
2018-04-01,,XPER
2018-05-01,,XPER
2018-06-01,,XPER
2018-07-01,,XPER
2018-08-01,,XPER
2018-09-01,,XPER
2018-10-01,,XPER
2018-11-01,,XPER
2018-12-01,,XPER
2019-01-01,,XPER
2019-02-01,,XPER
2019-03-01,,XPER
2019-04-01,,XPER
2019-05-01,,XPER
2019-06-01,,XPER
2019-07-01,,XPER
2019-08-01,,XPER
2019-09-01,,XPER
2019-10-01,,XPER
2019-11-01,,XPER
2019-12-01,,XPER
2020-01-01,,XPER
2020-02-01,,XPER
2020-03-01,,XPER
2020-04-01,,XPER
2020-05-01,,XPER
2020-06-01,,XPER
2020-07-01,,XPER
2020-08-01,,XPER
2020-09-01,,XPER
2020-10-01,,XPER
2020-11-01,,XPER
2020-12-01,,XPER
2021-01-01,,XPER
2021-02-01,,XPER
2021-03-01,,XPER
2021-04-01,,XPER
2021-05-01,,XPER
2021-06-01,,XPER
2021-07-01,,XPER
2021-08-01,,XPER
2021-09-01,,XPER
2021-10-01,,XPER
2021-11-01,,XPER
2021-12-01,,XPER
2022-01-01,,XPER
2022-02-01,,XPER
2022-03-01,,XPER
2022-04-01,,XPER
2022-05-01,,XPER
2022-06-01,,XPER
2022-07-01,,XPER
2022-08-01,,XPER
2022-09-01,26.0,XPER
2022-10-01,13.970000267028809,XPER
2022-11-01,10.710000038146973,XPER
2022-12-01,8.609999656677246,XPER
2023-01-01,10.350000381469727,XPER
2023-02-01,11.6899995803833,XPER
2023-03-01,10.930000305175781,XPER
2023-04-01,9.489999771118164,XPER
2023-05-01,11.829999923706055,XPER
2023-06-01,13.149999618530273,XPER
2023-07-01,13.119999885559082,XPER
2023-08-01,11.800000190734863,XPER
2023-09-01,9.859999656677246,XPER
2023-10-01,8.489999771118164,XPER
2023-11-01,10.319999694824219,XPER
2023-12-01,11.020000457763672,XPER
2024-01-01,10.680000305175781,XPER
2024-02-01,10.960000038146973,XPER
2024-03-01,12.0600004196167,XPER
2024-04-01,10.510000228881836,XPER
2024-05-01,8.8100004196167,XPER
2024-06-01,8.210000038146973,XPER
2024-07-01,8.170000076293945,XPER
2024-08-01,8.819999694824219,XPER
2024-09-01,9.239999771118164,XPER
2024-10-01,9.130000114440918,XPER
2024-11-01,9.470000267028809,XPER
2024-12-01,10.270000457763672,XPER
2025-01-01,9.020000457763672,XPER
2025-02-01,8.460000038146973,XPER
2025-03-01,7.71999979019165,XPER
2025-04-01,7.389999866485596,XPER
2025-05-01,7.789999961853027,XPER
2025-06-01,7.909999847412109,XPER
2025-07-01,6.019999980926514,XPER
2025-08-01,6.0,XPER
2025-09-01,6.480000019073486,XPER
2025-10-01,6.71999979019165,XPER
2025-11-01,5.789999961853027,XPER
2025-12-01,5.860000133514404,XPER
2026-01-01,5.659999847412109,XPER
2017-01-01,,YOU
2017-02-01,,YOU
2017-03-01,,YOU
2017-04-01,,YOU
2017-05-01,,YOU
2017-06-01,,YOU
2017-07-01,,YOU
2017-08-01,,YOU
2017-09-01,,YOU
2017-10-01,,YOU
2017-11-01,,YOU
2017-12-01,,YOU
2018-01-01,,YOU
2018-02-01,,YOU
2018-03-01,,YOU
2018-04-01,,YOU
2018-05-01,,YOU
2018-06-01,,YOU
2018-07-01,,YOU
2018-08-01,,YOU
2018-09-01,,YOU
2018-10-01,,YOU
2018-11-01,,YOU
2018-12-01,,YOU
2019-01-01,,YOU
2019-02-01,,YOU
2019-03-01,,YOU
2019-04-01,,YOU
2019-05-01,,YOU
2019-06-01,,YOU
2019-07-01,,YOU
2019-08-01,,YOU
2019-09-01,,YOU
2019-10-01,,YOU
2019-11-01,,YOU
2019-12-01,,YOU
2020-01-01,,YOU
2020-02-01,,YOU
2020-03-01,,YOU
2020-04-01,,YOU
2020-05-01,,YOU
2020-06-01,,YOU
2020-07-01,,YOU
2020-08-01,,YOU
2020-09-01,,YOU
2020-10-01,,YOU
2020-11-01,,YOU
2020-12-01,,YOU
2021-01-01,,YOU
2021-02-01,,YOU
2021-03-01,,YOU
2021-04-01,,YOU
2021-05-01,,YOU
2021-06-01,35.388126373291016,YOU
2021-07-01,43.730873107910156,YOU
2021-08-01,41.112152099609375,YOU
2021-09-01,36.317054748535156,YOU
2021-10-01,39.53737258911133,YOU
2021-11-01,28.098161697387695,YOU
2021-12-01,27.75312614440918,YOU
2022-01-01,21.84331512451172,YOU
2022-02-01,23.825050354003906,YOU
2022-03-01,23.78081703186035,YOU
2022-04-01,26.91266441345215,YOU
2022-05-01,24.276248931884766,YOU
2022-06-01,17.694063186645508,YOU
2022-07-01,22.400680541992188,YOU
2022-08-01,20.295085906982422,YOU
2022-09-01,20.224308013916016,YOU
2022-10-01,23.9046688079834,YOU
2022-11-01,27.71493148803711,YOU
2022-12-01,24.46012306213379,YOU
2023-01-01,27.991365432739258,YOU
2023-02-01,27.411745071411133,YOU
2023-03-01,23.336545944213867,YOU
2023-04-01,21.570920944213867,YOU
2023-05-01,22.2136173248291,YOU
2023-06-01,20.82919692993164,YOU
2023-07-01,21.31464385986328,YOU
2023-08-01,19.603857040405273,YOU
2023-09-01,17.169153213500977,YOU
2023-10-01,15.167288780212402,YOU
2023-11-01,19.8631534576416,YOU
2023-12-01,19.229921340942383,YOU
2024-01-01,17.721324920654297,YOU
2024-02-01,18.015775680541992,YOU
2024-03-01,20.212072372436523,YOU
2024-04-01,16.601076126098633,YOU
2024-05-01,16.049924850463867,YOU
2024-06-01,17.877090454101562,YOU
2024-07-01,20.39957046508789,YOU
2024-08-01,29.03713607788086,YOU
2024-09-01,31.76887321472168,YOU
2024-10-01,35.258277893066406,YOU
2024-11-01,24.809246063232422,YOU
2024-12-01,25.654542922973633,YOU
2025-01-01,22.79440689086914,YOU
2025-02-01,22.832929611206055,YOU
2025-03-01,25.341955184936523,YOU
2025-04-01,24.1389217376709,YOU
2025-05-01,24.207386016845703,YOU
2025-06-01,27.28140640258789,YOU
2025-07-01,28.902957916259766,YOU
2025-08-01,35.68400192260742,YOU
2025-09-01,32.91672134399414,YOU
2025-10-01,30.047109603881836,YOU
2025-11-01,35.00729751586914,YOU
2025-12-01,34.71623611450195,YOU
2026-01-01,32.28174591064453,YOU
2017-01-01,,ZETA
2017-02-01,,ZETA
2017-03-01,,ZETA
2017-04-01,,ZETA
2017-05-01,,ZETA
2017-06-01,,ZETA
2017-07-01,,ZETA
2017-08-01,,ZETA
2017-09-01,,ZETA
2017-10-01,,ZETA
2017-11-01,,ZETA
2017-12-01,,ZETA
2018-01-01,,ZETA
2018-02-01,,ZETA
2018-03-01,,ZETA
2018-04-01,,ZETA
2018-05-01,,ZETA
2018-06-01,,ZETA
2018-07-01,,ZETA
2018-08-01,,ZETA
2018-09-01,,ZETA
2018-10-01,,ZETA
2018-11-01,,ZETA
2018-12-01,,ZETA
2019-01-01,,ZETA
2019-02-01,,ZETA
2019-03-01,,ZETA
2019-04-01,,ZETA
2019-05-01,,ZETA
2019-06-01,,ZETA
2019-07-01,,ZETA
2019-08-01,,ZETA
2019-09-01,,ZETA
2019-10-01,,ZETA
2019-11-01,,ZETA
2019-12-01,,ZETA
2020-01-01,,ZETA
2020-02-01,,ZETA
2020-03-01,,ZETA
2020-04-01,,ZETA
2020-05-01,,ZETA
2020-06-01,,ZETA
2020-07-01,,ZETA
2020-08-01,,ZETA
2020-09-01,,ZETA
2020-10-01,,ZETA
2020-11-01,,ZETA
2020-12-01,,ZETA
2021-01-01,,ZETA
2021-02-01,,ZETA
2021-03-01,,ZETA
2021-04-01,,ZETA
2021-05-01,,ZETA
2021-06-01,8.399999618530273,ZETA
2021-07-01,6.03000020980835,ZETA
2021-08-01,6.769999980926514,ZETA
2021-09-01,5.860000133514404,ZETA
2021-10-01,8.260000228881836,ZETA
2021-11-01,8.329999923706055,ZETA
2021-12-01,8.420000076293945,ZETA
2022-01-01,9.260000228881836,ZETA
2022-02-01,13.010000228881836,ZETA
2022-03-01,12.75,ZETA
2022-04-01,10.829999923706055,ZETA
2022-05-01,7.949999809265137,ZETA
2022-06-01,4.519999980926514,ZETA
2022-07-01,5.349999904632568,ZETA
2022-08-01,7.0,ZETA
2022-09-01,6.610000133514404,ZETA
2022-10-01,8.34000015258789,ZETA
2022-11-01,8.380000114440918,ZETA
2022-12-01,8.170000076293945,ZETA
2023-01-01,9.079999923706055,ZETA
2023-02-01,10.609999656677246,ZETA
2023-03-01,10.829999923706055,ZETA
2023-04-01,9.710000038146973,ZETA
2023-05-01,9.020000457763672,ZETA
2023-06-01,8.539999961853027,ZETA
2023-07-01,9.220000267028809,ZETA
2023-08-01,8.130000114440918,ZETA
2023-09-01,8.350000381469727,ZETA
2023-10-01,7.800000190734863,ZETA
2023-11-01,8.170000076293945,ZETA
2023-12-01,8.819999694824219,ZETA
2024-01-01,9.680000305175781,ZETA
2024-02-01,10.5,ZETA
2024-03-01,10.930000305175781,ZETA
2024-04-01,12.359999656677246,ZETA
2024-05-01,16.329999923706055,ZETA
2024-06-01,17.649999618530273,ZETA
2024-07-01,21.420000076293945,ZETA
2024-08-01,26.40999984741211,ZETA
2024-09-01,29.829999923706055,ZETA
2024-10-01,27.68000030517578,ZETA
2024-11-01,21.299999237060547,ZETA
2024-12-01,17.989999771118164,ZETA
2025-01-01,18.350000381469727,ZETA
2025-02-01,17.209999084472656,ZETA
2025-03-01,13.5600004196167,ZETA
2025-04-01,13.0600004196167,ZETA
2025-05-01,13.140000343322754,ZETA
2025-06-01,15.489999771118164,ZETA
2025-07-01,15.649999618530273,ZETA
2025-08-01,19.639999389648438,ZETA
2025-09-01,19.8700008392334,ZETA
2025-10-01,17.989999771118164,ZETA
2025-11-01,18.25,ZETA
2025-12-01,20.350000381469727,ZETA
2026-01-01,18.579999923706055,ZETA
2017-01-01,,AISP
2017-02-01,,AISP
2017-03-01,,AISP
2017-04-01,,AISP
2017-05-01,,AISP
2017-06-01,,AISP
2017-07-01,,AISP
2017-08-01,,AISP
2017-09-01,,AISP
2017-10-01,,AISP
2017-11-01,,AISP
2017-12-01,,AISP
2018-01-01,,AISP
2018-02-01,,AISP
2018-03-01,,AISP
2018-04-01,,AISP
2018-05-01,,AISP
2018-06-01,,AISP
2018-07-01,,AISP
2018-08-01,,AISP
2018-09-01,,AISP
2018-10-01,,AISP
2018-11-01,,AISP
2018-12-01,,AISP
2019-01-01,,AISP
2019-02-01,,AISP
2019-03-01,,AISP
2019-04-01,,AISP
2019-05-01,,AISP
2019-06-01,,AISP
2019-07-01,,AISP
2019-08-01,,AISP
2019-09-01,,AISP
2019-10-01,,AISP
2019-11-01,,AISP
2019-12-01,,AISP
2020-01-01,,AISP
2020-02-01,,AISP
2020-03-01,,AISP
2020-04-01,,AISP
2020-05-01,,AISP
2020-06-01,,AISP
2020-07-01,,AISP
2020-08-01,,AISP
2020-09-01,,AISP
2020-10-01,,AISP
2020-11-01,,AISP
2020-12-01,,AISP
2021-01-01,,AISP
2021-02-01,,AISP
2021-03-01,,AISP
2021-04-01,,AISP
2021-05-01,9.960000038146973,AISP
2021-06-01,9.649999618530273,AISP
2021-07-01,9.630000114440918,AISP
2021-08-01,9.630000114440918,AISP
2021-09-01,9.710000038146973,AISP
2021-10-01,9.75,AISP
2021-11-01,9.739999771118164,AISP
2021-12-01,9.789999961853027,AISP
2022-01-01,9.65999984741211,AISP
2022-02-01,9.720000267028809,AISP
2022-03-01,9.770000457763672,AISP
2022-04-01,9.789999961853027,AISP
2022-05-01,9.8100004196167,AISP
2022-06-01,9.829999923706055,AISP
2022-07-01,9.829999923706055,AISP
2022-08-01,9.850000381469727,AISP
2022-09-01,9.899999618530273,AISP
2022-10-01,9.96500015258789,AISP
2022-11-01,10.029999732971191,AISP
2022-12-01,10.079999923706055,AISP
2023-01-01,10.145000457763672,AISP
2023-02-01,10.1899995803833,AISP
2023-03-01,10.149999618530273,AISP
2023-04-01,10.029999732971191,AISP
2023-05-01,10.829999923706055,AISP
2023-06-01,10.760000228881836,AISP
2023-07-01,10.760000228881836,AISP
2023-08-01,10.699999809265137,AISP
2023-09-01,10.666000366210938,AISP
2023-10-01,10.640000343322754,AISP
2023-11-01,10.699999809265137,AISP
2023-12-01,1.7000000476837158,AISP
2024-01-01,1.5099999904632568,AISP
2024-02-01,1.5299999713897705,AISP
2024-03-01,6.590000152587891,AISP
2024-04-01,7.360000133514404,AISP
2024-05-01,4.170000076293945,AISP
2024-06-01,3.5899999141693115,AISP
2024-07-01,3.9800000190734863,AISP
2024-08-01,3.109999895095825,AISP
2024-09-01,2.299999952316284,AISP
2024-10-01,1.899999976158142,AISP
2024-11-01,3.119999885559082,AISP
2024-12-01,6.260000228881836,AISP
2025-01-01,4.46999979019165,AISP
2025-02-01,4.239999771118164,AISP
2025-03-01,3.859999895095825,AISP
2025-04-01,3.890000104904175,AISP
2025-05-01,5.150000095367432,AISP
2025-06-01,5.889999866485596,AISP
2025-07-01,5.190000057220459,AISP
2025-08-01,4.46999979019165,AISP
2025-09-01,5.170000076293945,AISP
2025-10-01,4.75,AISP
2025-11-01,3.680000066757202,AISP
2025-12-01,2.890000104904175,AISP
2026-01-01,3.109999895095825,AISP
2017-01-01,,APLD
2017-02-01,,APLD
2017-03-01,,APLD
2017-04-01,,APLD
2017-05-01,,APLD
2017-06-01,,APLD
2017-07-01,,APLD
2017-08-01,,APLD
2017-09-01,,APLD
2017-10-01,,APLD
2017-11-01,,APLD
2017-12-01,,APLD
2018-01-01,,APLD
2018-02-01,,APLD
2018-03-01,,APLD
2018-04-01,,APLD
2018-05-01,,APLD
2018-06-01,,APLD
2018-07-01,,APLD
2018-08-01,,APLD
2018-09-01,,APLD
2018-10-01,,APLD
2018-11-01,,APLD
2018-12-01,,APLD
2019-01-01,,APLD
2019-02-01,,APLD
2019-03-01,,APLD
2019-04-01,,APLD
2019-05-01,,APLD
2019-06-01,,APLD
2019-07-01,,APLD
2019-08-01,,APLD
2019-09-01,,APLD
2019-10-01,,APLD
2019-11-01,,APLD
2019-12-01,,APLD
2020-01-01,,APLD
2020-02-01,,APLD
2020-03-01,,APLD
2020-04-01,,APLD
2020-05-01,,APLD
2020-06-01,,APLD
2020-07-01,,APLD
2020-08-01,,APLD
2020-09-01,,APLD
2020-10-01,,APLD
2020-11-01,,APLD
2020-12-01,,APLD
2021-01-01,,APLD
2021-02-01,,APLD
2021-03-01,,APLD
2021-04-01,,APLD
2021-05-01,,APLD
2021-06-01,,APLD
2021-07-01,,APLD
2021-08-01,,APLD
2021-09-01,,APLD
2021-10-01,,APLD
2021-11-01,,APLD
2021-12-01,,APLD
2022-01-01,,APLD
2022-02-01,,APLD
2022-03-01,,APLD
2022-04-01,3.359999895095825,APLD
2022-05-01,4.829999923706055,APLD
2022-06-01,1.0499999523162842,APLD
2022-07-01,2.119999885559082,APLD
2022-08-01,2.369999885559082,APLD
2022-09-01,1.7000000476837158,APLD
2022-10-01,2.25,APLD
2022-11-01,1.9500000476837158,APLD
2022-12-01,1.840000033378601,APLD
2023-01-01,3.0999999046325684,APLD
2023-02-01,2.6500000953674316,APLD
2023-03-01,2.240000009536743,APLD
2023-04-01,3.200000047683716,APLD
2023-05-01,8.369999885559082,APLD
2023-06-01,9.350000381469727,APLD
2023-07-01,9.579999923706055,APLD
2023-08-01,6.039999961853027,APLD
2023-09-01,6.239999771118164,APLD
2023-10-01,4.880000114440918,APLD
2023-11-01,4.670000076293945,APLD
2023-12-01,6.739999771118164,APLD
2024-01-01,5.139999866485596,APLD
2024-02-01,4.150000095367432,APLD
2024-03-01,4.28000020980835,APLD
2024-04-01,2.7049999237060547,APLD
2024-05-01,4.230000019073486,APLD
2024-06-01,5.949999809265137,APLD
2024-07-01,4.860000133514404,APLD
2024-08-01,3.6500000953674316,APLD
2024-09-01,8.25,APLD
2024-10-01,6.760000228881836,APLD
2024-11-01,10.100000381469727,APLD
2024-12-01,7.639999866485596,APLD
2025-01-01,7.119999885559082,APLD
2025-02-01,8.0,APLD
2025-03-01,5.619999885559082,APLD
2025-04-01,4.539999961853027,APLD
2025-05-01,6.829999923706055,APLD
2025-06-01,10.069999694824219,APLD
2025-07-01,13.140000343322754,APLD
2025-08-01,15.979999542236328,APLD
2025-09-01,22.940000534057617,APLD
2025-10-01,34.65999984741211,APLD
2025-11-01,27.100000381469727,APLD
2025-12-01,24.520000457763672,APLD
2026-01-01,33.880001068115234,APLD
2017-01-01,,BLZE
2017-02-01,,BLZE
2017-03-01,,BLZE
2017-04-01,,BLZE
2017-05-01,,BLZE
2017-06-01,,BLZE
2017-07-01,,BLZE
2017-08-01,,BLZE
2017-09-01,,BLZE
2017-10-01,,BLZE
2017-11-01,,BLZE
2017-12-01,,BLZE
2018-01-01,,BLZE
2018-02-01,,BLZE
2018-03-01,,BLZE
2018-04-01,,BLZE
2018-05-01,,BLZE
2018-06-01,,BLZE
2018-07-01,,BLZE
2018-08-01,,BLZE
2018-09-01,,BLZE
2018-10-01,,BLZE
2018-11-01,,BLZE
2018-12-01,,BLZE
2019-01-01,,BLZE
2019-02-01,,BLZE
2019-03-01,,BLZE
2019-04-01,,BLZE
2019-05-01,,BLZE
2019-06-01,,BLZE
2019-07-01,,BLZE
2019-08-01,,BLZE
2019-09-01,,BLZE
2019-10-01,,BLZE
2019-11-01,,BLZE
2019-12-01,,BLZE
2020-01-01,,BLZE
2020-02-01,,BLZE
2020-03-01,,BLZE
2020-04-01,,BLZE
2020-05-01,,BLZE
2020-06-01,,BLZE
2020-07-01,,BLZE
2020-08-01,,BLZE
2020-09-01,,BLZE
2020-10-01,,BLZE
2020-11-01,,BLZE
2020-12-01,,BLZE
2021-01-01,,BLZE
2021-02-01,,BLZE
2021-03-01,,BLZE
2021-04-01,,BLZE
2021-05-01,,BLZE
2021-06-01,,BLZE
2021-07-01,,BLZE
2021-08-01,,BLZE
2021-09-01,,BLZE
2021-10-01,,BLZE
2021-11-01,21.469999313354492,BLZE
2021-12-01,16.889999389648438,BLZE
2022-01-01,13.229999542236328,BLZE
2022-02-01,11.380000114440918,BLZE
2022-03-01,10.670000076293945,BLZE
2022-04-01,9.479999542236328,BLZE
2022-05-01,6.360000133514404,BLZE
2022-06-01,5.230000019073486,BLZE
2022-07-01,5.619999885559082,BLZE
2022-08-01,6.510000228881836,BLZE
2022-09-01,4.96999979019165,BLZE
2022-10-01,4.690000057220459,BLZE
2022-11-01,4.46999979019165,BLZE
2022-12-01,6.150000095367432,BLZE
2023-01-01,7.139999866485596,BLZE
2023-02-01,5.599999904632568,BLZE
2023-03-01,5.050000190734863,BLZE
2023-04-01,4.159999847412109,BLZE
2023-05-01,4.190000057220459,BLZE
2023-06-01,4.329999923706055,BLZE
2023-07-01,5.230000019073486,BLZE
2023-08-01,5.860000133514404,BLZE
2023-09-01,5.5,BLZE
2023-10-01,5.210000038146973,BLZE
2023-11-01,7.239999771118164,BLZE
2023-12-01,7.590000152587891,BLZE
2024-01-01,8.199999809265137,BLZE
2024-02-01,10.619999885559082,BLZE
2024-03-01,10.229999542236328,BLZE
2024-04-01,9.3100004196167,BLZE
2024-05-01,6.110000133514404,BLZE
2024-06-01,6.159999847412109,BLZE
2024-07-01,6.619999885559082,BLZE
2024-08-01,6.110000133514404,BLZE
2024-09-01,6.389999866485596,BLZE
2024-10-01,7.21999979019165,BLZE
2024-11-01,6.489999771118164,BLZE
2024-12-01,6.019999980926514,BLZE
2025-01-01,6.050000190734863,BLZE
2025-02-01,6.539999961853027,BLZE
2025-03-01,4.829999923706055,BLZE
2025-04-01,4.400000095367432,BLZE
2025-05-01,5.699999809265137,BLZE
2025-06-01,5.5,BLZE
2025-07-01,4.989999771118164,BLZE
2025-08-01,8.350000381469727,BLZE
2025-09-01,9.279999732971191,BLZE
2025-10-01,10.3100004196167,BLZE
2025-11-01,4.739999771118164,BLZE
2025-12-01,4.659999847412109,BLZE
2026-01-01,4.550000190734863,BLZE
2017-01-01,,BZAI
2017-02-01,,BZAI
2017-03-01,,BZAI
2017-04-01,,BZAI
2017-05-01,,BZAI
2017-06-01,,BZAI
2017-07-01,,BZAI
2017-08-01,,BZAI
2017-09-01,,BZAI
2017-10-01,,BZAI
2017-11-01,,BZAI
2017-12-01,,BZAI
2018-01-01,,BZAI
2018-02-01,,BZAI
2018-03-01,,BZAI
2018-04-01,,BZAI
2018-05-01,,BZAI
2018-06-01,,BZAI
2018-07-01,,BZAI
2018-08-01,,BZAI
2018-09-01,,BZAI
2018-10-01,,BZAI
2018-11-01,,BZAI
2018-12-01,,BZAI
2019-01-01,,BZAI
2019-02-01,,BZAI
2019-03-01,,BZAI
2019-04-01,,BZAI
2019-05-01,,BZAI
2019-06-01,,BZAI
2019-07-01,,BZAI
2019-08-01,,BZAI
2019-09-01,,BZAI
2019-10-01,,BZAI
2019-11-01,,BZAI
2019-12-01,,BZAI
2020-01-01,,BZAI
2020-02-01,,BZAI
2020-03-01,,BZAI
2020-04-01,,BZAI
2020-05-01,,BZAI
2020-06-01,,BZAI
2020-07-01,,BZAI
2020-08-01,,BZAI
2020-09-01,,BZAI
2020-10-01,,BZAI
2020-11-01,,BZAI
2020-12-01,,BZAI
2021-01-01,,BZAI
2021-02-01,,BZAI
2021-03-01,,BZAI
2021-04-01,,BZAI
2021-05-01,,BZAI
2021-06-01,,BZAI
2021-07-01,,BZAI
2021-08-01,,BZAI
2021-09-01,,BZAI
2021-10-01,,BZAI
2021-11-01,,BZAI
2021-12-01,,BZAI
2022-01-01,9.800000190734863,BZAI
2022-02-01,9.850000381469727,BZAI
2022-03-01,9.890000343322754,BZAI
2022-04-01,9.9399995803833,BZAI
2022-05-01,9.930000305175781,BZAI
2022-06-01,9.90999984741211,BZAI
2022-07-01,9.970000267028809,BZAI
2022-08-01,9.970000267028809,BZAI
2022-09-01,10.010000228881836,BZAI
2022-10-01,10.039999961853027,BZAI
2022-11-01,10.180000305175781,BZAI
2022-12-01,10.15999984741211,BZAI
2023-01-01,10.260000228881836,BZAI
2023-02-01,10.289999961853027,BZAI
2023-03-01,10.180000305175781,BZAI
2023-04-01,10.210000038146973,BZAI
2023-05-01,10.25,BZAI
2023-06-01,10.449999809265137,BZAI
2023-07-01,10.470000267028809,BZAI
2023-08-01,10.479999542236328,BZAI
2023-09-01,10.5600004196167,BZAI
2023-10-01,10.569999694824219,BZAI
2023-11-01,10.630000114440918,BZAI
2023-12-01,10.729999542236328,BZAI
2024-01-01,10.8100004196167,BZAI
2024-02-01,10.899999618530273,BZAI
2024-03-01,11.09000015258789,BZAI
2024-04-01,11.119999885559082,BZAI
2024-05-01,11.170000076293945,BZAI
2024-06-01,11.119999885559082,BZAI
2024-07-01,11.199999809265137,BZAI
2024-08-01,11.234999656677246,BZAI
2024-09-01,11.279999732971191,BZAI
2024-10-01,11.380000114440918,BZAI
2024-11-01,11.470000267028809,BZAI
2024-12-01,15.0,BZAI
2025-01-01,6.0,BZAI
2025-02-01,3.059999942779541,BZAI
2025-03-01,2.0199999809265137,BZAI
2025-04-01,2.4200000762939453,BZAI
2025-05-01,2.009999990463257,BZAI
2025-06-01,2.9800000190734863,BZAI
2025-07-01,3.9000000953674316,BZAI
2025-08-01,3.569999933242798,BZAI
2025-09-01,3.450000047683716,BZAI
2025-10-01,3.9100000858306885,BZAI
2025-11-01,2.5,BZAI
2025-12-01,1.9500000476837158,BZAI
2026-01-01,1.3600000143051147,BZAI
2017-01-01,,CCC
2017-02-01,,CCC
2017-03-01,,CCC
2017-04-01,,CCC
2017-05-01,,CCC
2017-06-01,,CCC
2017-07-01,,CCC
2017-08-01,,CCC
2017-09-01,,CCC
2017-10-01,,CCC
2017-11-01,,CCC
2017-12-01,,CCC
2018-01-01,,CCC
2018-02-01,,CCC
2018-03-01,,CCC
2018-04-01,,CCC
2018-05-01,,CCC
2018-06-01,,CCC
2018-07-01,,CCC
2018-08-01,,CCC
2018-09-01,,CCC
2018-10-01,,CCC
2018-11-01,,CCC
2018-12-01,,CCC
2019-01-01,,CCC
2019-02-01,,CCC
2019-03-01,,CCC
2019-04-01,,CCC
2019-05-01,,CCC
2019-06-01,,CCC
2019-07-01,,CCC
2019-08-01,,CCC
2019-09-01,,CCC
2019-10-01,,CCC
2019-11-01,,CCC
2019-12-01,,CCC
2020-01-01,,CCC
2020-02-01,,CCC
2020-03-01,,CCC
2020-04-01,,CCC
2020-05-01,,CCC
2020-06-01,,CCC
2020-07-01,,CCC
2020-08-01,,CCC
2020-09-01,,CCC
2020-10-01,11.270000457763672,CCC
2020-11-01,12.800000190734863,CCC
2020-12-01,13.270000457763672,CCC
2021-01-01,13.470000267028809,CCC
2021-02-01,10.5600004196167,CCC
2021-03-01,10.149999618530273,CCC
2021-04-01,10.260000228881836,CCC
2021-05-01,9.9399995803833,CCC
2021-06-01,9.960000038146973,CCC
2021-07-01,9.260000228881836,CCC
2021-08-01,11.600000381469727,CCC
2021-09-01,10.510000228881836,CCC
2021-10-01,11.979999542236328,CCC
2021-11-01,12.850000381469727,CCC
2021-12-01,11.390000343322754,CCC
2022-01-01,10.65999984741211,CCC
2022-02-01,10.859999656677246,CCC
2022-03-01,11.039999961853027,CCC
2022-04-01,9.229999542236328,CCC
2022-05-01,8.949999809265137,CCC
2022-06-01,9.199999809265137,CCC
2022-07-01,9.989999771118164,CCC
2022-08-01,9.5600004196167,CCC
2022-09-01,9.100000381469727,CCC
2022-10-01,9.329999923706055,CCC
2022-11-01,9.199999809265137,CCC
2022-12-01,8.699999809265137,CCC
2023-01-01,9.25,CCC
2023-02-01,8.960000038146973,CCC
2023-03-01,8.970000267028809,CCC
2023-04-01,8.680000305175781,CCC
2023-05-01,10.9399995803833,CCC
2023-06-01,11.210000038146973,CCC
2023-07-01,11.020000457763672,CCC
2023-08-01,10.699999809265137,CCC
2023-09-01,13.350000381469727,CCC
2023-10-01,10.770000457763672,CCC
2023-11-01,11.680000305175781,CCC
2023-12-01,11.390000343322754,CCC
2024-01-01,10.989999771118164,CCC
2024-02-01,11.710000038146973,CCC
2024-03-01,11.960000038146973,CCC
2024-04-01,11.220000267028809,CCC
2024-05-01,11.180000305175781,CCC
2024-06-01,11.109999656677246,CCC
2024-07-01,10.260000228881836,CCC
2024-08-01,10.779999732971191,CCC
2024-09-01,11.050000190734863,CCC
2024-10-01,10.40999984741211,CCC
2024-11-01,12.600000381469727,CCC
2024-12-01,11.729999542236328,CCC
2025-01-01,11.109999656677246,CCC
2025-02-01,10.1899995803833,CCC
2025-03-01,9.029999732971191,CCC
2025-04-01,9.260000228881836,CCC
2025-05-01,8.779999732971191,CCC
2025-06-01,9.40999984741211,CCC
2025-07-01,9.670000076293945,CCC
2025-08-01,9.899999618530273,CCC
2025-09-01,9.109999656677246,CCC
2025-10-01,8.720000267028809,CCC
2025-11-01,7.449999809265137,CCC
2025-12-01,7.949999809265137,CCC
2026-01-01,7.579999923706055,CCC
2017-01-01,,CRSR
2017-02-01,,CRSR
2017-03-01,,CRSR
2017-04-01,,CRSR
2017-05-01,,CRSR
2017-06-01,,CRSR
2017-07-01,,CRSR
2017-08-01,,CRSR
2017-09-01,,CRSR
2017-10-01,,CRSR
2017-11-01,,CRSR
2017-12-01,,CRSR
2018-01-01,,CRSR
2018-02-01,,CRSR
2018-03-01,,CRSR
2018-04-01,,CRSR
2018-05-01,,CRSR
2018-06-01,,CRSR
2018-07-01,,CRSR
2018-08-01,,CRSR
2018-09-01,,CRSR
2018-10-01,,CRSR
2018-11-01,,CRSR
2018-12-01,,CRSR
2019-01-01,,CRSR
2019-02-01,,CRSR
2019-03-01,,CRSR
2019-04-01,,CRSR
2019-05-01,,CRSR
2019-06-01,,CRSR
2019-07-01,,CRSR
2019-08-01,,CRSR
2019-09-01,,CRSR
2019-10-01,,CRSR
2019-11-01,,CRSR
2019-12-01,,CRSR
2020-01-01,,CRSR
2020-02-01,,CRSR
2020-03-01,,CRSR
2020-04-01,,CRSR
2020-05-01,,CRSR
2020-06-01,,CRSR
2020-07-01,,CRSR
2020-08-01,,CRSR
2020-09-01,20.100000381469727,CRSR
2020-10-01,24.040000915527344,CRSR
2020-11-01,37.97999954223633,CRSR
2020-12-01,36.220001220703125,CRSR
2021-01-01,37.779998779296875,CRSR
2021-02-01,35.84000015258789,CRSR
2021-03-01,33.290000915527344,CRSR
2021-04-01,33.18000030517578,CRSR
2021-05-01,31.219999313354492,CRSR
2021-06-01,33.290000915527344,CRSR
2021-07-01,29.190000534057617,CRSR
2021-08-01,28.950000762939453,CRSR
2021-09-01,25.93000030517578,CRSR
2021-10-01,24.450000762939453,CRSR
2021-11-01,22.399999618530273,CRSR
2021-12-01,21.010000228881836,CRSR
2022-01-01,19.540000915527344,CRSR
2022-02-01,23.079999923706055,CRSR
2022-03-01,21.15999984741211,CRSR
2022-04-01,15.130000114440918,CRSR
2022-05-01,16.049999237060547,CRSR
2022-06-01,13.130000114440918,CRSR
2022-07-01,14.100000381469727,CRSR
2022-08-01,15.390000343322754,CRSR
2022-09-01,11.350000381469727,CRSR
2022-10-01,13.800000190734863,CRSR
2022-11-01,16.8700008392334,CRSR
2022-12-01,13.569999694824219,CRSR
2023-01-01,15.729999542236328,CRSR
2023-02-01,17.5,CRSR
2023-03-01,18.350000381469727,CRSR
2023-04-01,17.420000076293945,CRSR
2023-05-01,19.719999313354492,CRSR
2023-06-01,17.739999771118164,CRSR
2023-07-01,18.479999542236328,CRSR
2023-08-01,15.720000267028809,CRSR
2023-09-01,14.529999732971191,CRSR
2023-10-01,12.789999961853027,CRSR
2023-11-01,12.90999984741211,CRSR
2023-12-01,14.100000381469727,CRSR
2024-01-01,12.729999542236328,CRSR
2024-02-01,12.949999809265137,CRSR
2024-03-01,12.34000015258789,CRSR
2024-04-01,11.100000381469727,CRSR
2024-05-01,11.59000015258789,CRSR
2024-06-01,11.039999961853027,CRSR
2024-07-01,8.210000038146973,CRSR
2024-08-01,6.96999979019165,CRSR
2024-09-01,6.960000038146973,CRSR
2024-10-01,6.414999961853027,CRSR
2024-11-01,7.349999904632568,CRSR
2024-12-01,6.610000133514404,CRSR
2025-01-01,9.15999984741211,CRSR
2025-02-01,11.739999771118164,CRSR
2025-03-01,8.859999656677246,CRSR
2025-04-01,7.079999923706055,CRSR
2025-05-01,8.789999961853027,CRSR
2025-06-01,9.430000305175781,CRSR
2025-07-01,9.0600004196167,CRSR
2025-08-01,8.930000305175781,CRSR
2025-09-01,8.920000076293945,CRSR
2025-10-01,8.149999618530273,CRSR
2025-11-01,6.519999980926514,CRSR
2025-12-01,5.940000057220459,CRSR
2026-01-01,5.099999904632568,CRSR
2017-01-01,,DJT
2017-02-01,,DJT
2017-03-01,,DJT
2017-04-01,,DJT
2017-05-01,,DJT
2017-06-01,,DJT
2017-07-01,,DJT
2017-08-01,,DJT
2017-09-01,,DJT
2017-10-01,,DJT
2017-11-01,,DJT
2017-12-01,,DJT
2018-01-01,,DJT
2018-02-01,,DJT
2018-03-01,,DJT
2018-04-01,,DJT
2018-05-01,,DJT
2018-06-01,,DJT
2018-07-01,,DJT
2018-08-01,,DJT
2018-09-01,,DJT
2018-10-01,,DJT
2018-11-01,,DJT
2018-12-01,,DJT
2019-01-01,,DJT
2019-02-01,,DJT
2019-03-01,,DJT
2019-04-01,,DJT
2019-05-01,,DJT
2019-06-01,,DJT
2019-07-01,,DJT
2019-08-01,,DJT
2019-09-01,,DJT
2019-10-01,,DJT
2019-11-01,,DJT
2019-12-01,,DJT
2020-01-01,,DJT
2020-02-01,,DJT
2020-03-01,,DJT
2020-04-01,,DJT
2020-05-01,,DJT
2020-06-01,,DJT
2020-07-01,,DJT
2020-08-01,,DJT
2020-09-01,,DJT
2020-10-01,,DJT
2020-11-01,,DJT
2020-12-01,,DJT
2021-01-01,,DJT
2021-02-01,,DJT
2021-03-01,,DJT
2021-04-01,,DJT
2021-05-01,,DJT
2021-06-01,,DJT
2021-07-01,,DJT
2021-08-01,,DJT
2021-09-01,9.949999809265137,DJT
2021-10-01,67.75,DJT
2021-11-01,41.38999938964844,DJT
2021-12-01,51.43000030517578,DJT
2022-01-01,73.06999969482422,DJT
2022-02-01,92.05000305175781,DJT
2022-03-01,64.51000213623047,DJT
2022-04-01,52.38999938964844,DJT
2022-05-01,43.709999084472656,DJT
2022-06-01,24.15999984741211,DJT
2022-07-01,30.170000076293945,DJT
2022-08-01,24.3799991607666,DJT
2022-09-01,16.809999465942383,DJT
2022-10-01,16.719999313354492,DJT
2022-11-01,22.809999465942383,DJT
2022-12-01,15.0,DJT
2023-01-01,15.3100004196167,DJT
2023-02-01,14.789999961853027,DJT
2023-03-01,14.050000190734863,DJT
2023-04-01,13.079999923706055,DJT
2023-05-01,12.880000114440918,DJT
2023-06-01,12.5600004196167,DJT
2023-07-01,16.8700008392334,DJT
2023-08-01,16.420000076293945,DJT
2023-09-01,16.420000076293945,DJT
2023-10-01,14.920000076293945,DJT
2023-11-01,17.360000610351562,DJT
2023-12-01,17.5,DJT
2024-01-01,37.95000076293945,DJT
2024-02-01,41.15999984741211,DJT
2024-03-01,61.959999084472656,DJT
2024-04-01,49.93000030517578,DJT
2024-05-01,49.09000015258789,DJT
2024-06-01,32.75,DJT
2024-07-01,28.739999771118164,DJT
2024-08-01,19.5,DJT
2024-09-01,16.06999969482422,DJT
2024-10-01,35.34000015258789,DJT
2024-11-01,31.600000381469727,DJT
2024-12-01,34.099998474121094,DJT
2025-01-01,31.860000610351562,DJT
2025-02-01,24.100000381469727,DJT
2025-03-01,19.540000915527344,DJT
2025-04-01,24.540000915527344,DJT
2025-05-01,21.329999923706055,DJT
2025-06-01,18.040000915527344,DJT
2025-07-01,17.59000015258789,DJT
2025-08-01,17.530000686645508,DJT
2025-09-01,16.420000076293945,DJT
2025-10-01,15.324999809265137,DJT
2025-11-01,11.539999961853027,DJT
2025-12-01,13.239999771118164,DJT
2026-01-01,12.779999732971191,DJT
2017-01-01,,DUOL
2017-02-01,,DUOL
2017-03-01,,DUOL
2017-04-01,,DUOL
2017-05-01,,DUOL
2017-06-01,,DUOL
2017-07-01,,DUOL
2017-08-01,,DUOL
2017-09-01,,DUOL
2017-10-01,,DUOL
2017-11-01,,DUOL
2017-12-01,,DUOL
2018-01-01,,DUOL
2018-02-01,,DUOL
2018-03-01,,DUOL
2018-04-01,,DUOL
2018-05-01,,DUOL
2018-06-01,,DUOL
2018-07-01,,DUOL
2018-08-01,,DUOL
2018-09-01,,DUOL
2018-10-01,,DUOL
2018-11-01,,DUOL
2018-12-01,,DUOL
2019-01-01,,DUOL
2019-02-01,,DUOL
2019-03-01,,DUOL
2019-04-01,,DUOL
2019-05-01,,DUOL
2019-06-01,,DUOL
2019-07-01,,DUOL
2019-08-01,,DUOL
2019-09-01,,DUOL
2019-10-01,,DUOL
2019-11-01,,DUOL
2019-12-01,,DUOL
2020-01-01,,DUOL
2020-02-01,,DUOL
2020-03-01,,DUOL
2020-04-01,,DUOL
2020-05-01,,DUOL
2020-06-01,,DUOL
2020-07-01,,DUOL
2020-08-01,,DUOL
2020-09-01,,DUOL
2020-10-01,,DUOL
2020-11-01,,DUOL
2020-12-01,,DUOL
2021-01-01,,DUOL
2021-02-01,,DUOL
2021-03-01,,DUOL
2021-04-01,,DUOL
2021-05-01,,DUOL
2021-06-01,,DUOL
2021-07-01,140.25,DUOL
2021-08-01,129.55999755859375,DUOL
2021-09-01,166.36000061035156,DUOL
2021-10-01,173.69000244140625,DUOL
2021-11-01,110.19000244140625,DUOL
2021-12-01,106.11000061035156,DUOL
2022-01-01,100.01000213623047,DUOL
2022-02-01,86.29000091552734,DUOL
2022-03-01,95.11000061035156,DUOL
2022-04-01,86.47000122070312,DUOL
2022-05-01,83.61000061035156,DUOL
2022-06-01,87.55000305175781,DUOL
2022-07-01,91.75,DUOL
2022-08-01,94.0199966430664,DUOL
2022-09-01,95.2300033569336,DUOL
2022-10-01,81.83999633789062,DUOL
2022-11-01,69.66999816894531,DUOL
2022-12-01,71.12999725341797,DUOL
2023-01-01,95.48999786376953,DUOL
2023-02-01,90.79000091552734,DUOL
2023-03-01,142.58999633789062,DUOL
2023-04-01,136.16000366210938,DUOL
2023-05-01,149.57000732421875,DUOL
2023-06-01,142.94000244140625,DUOL
2023-07-01,155.19000244140625,DUOL
2023-08-01,147.16000366210938,DUOL
2023-09-01,165.8699951171875,DUOL
2023-10-01,146.0500030517578,DUOL
2023-11-01,212.2899932861328,DUOL
2023-12-01,226.85000610351562,DUOL
2024-01-01,178.88999938964844,DUOL
2024-02-01,239.0,DUOL
2024-03-01,220.5800018310547,DUOL
2024-04-01,225.75,DUOL
2024-05-01,191.39999389648438,DUOL
2024-06-01,208.6699981689453,DUOL
2024-07-01,171.94000244140625,DUOL
2024-08-01,212.57000732421875,DUOL
2024-09-01,282.0199890136719,DUOL
2024-10-01,292.9700012207031,DUOL
2024-11-01,348.2699890136719,DUOL
2024-12-01,324.2300109863281,DUOL
2025-01-01,363.989990234375,DUOL
2025-02-01,312.07000732421875,DUOL
2025-03-01,310.5400085449219,DUOL
2025-04-01,389.4800109863281,DUOL
2025-05-01,519.6099853515625,DUOL
2025-06-01,410.0199890136719,DUOL
2025-07-01,346.54998779296875,DUOL
2025-08-01,297.8599853515625,DUOL
2025-09-01,321.8399963378906,DUOL
2025-10-01,270.6400146484375,DUOL
2025-11-01,191.41000366210938,DUOL
2025-12-01,175.5,DUOL
2026-01-01,134.05999755859375,DUOL
2017-01-01,,MKTW
2017-02-01,,MKTW
2017-03-01,,MKTW
2017-04-01,,MKTW
2017-05-01,,MKTW
2017-06-01,,MKTW
2017-07-01,,MKTW
2017-08-01,,MKTW
2017-09-01,,MKTW
2017-10-01,,MKTW
2017-11-01,,MKTW
2017-12-01,,MKTW
2018-01-01,,MKTW
2018-02-01,,MKTW
2018-03-01,,MKTW
2018-04-01,,MKTW
2018-05-01,,MKTW
2018-06-01,,MKTW
2018-07-01,,MKTW
2018-08-01,,MKTW
2018-09-01,,MKTW
2018-10-01,,MKTW
2018-11-01,,MKTW
2018-12-01,,MKTW
2019-01-01,,MKTW
2019-02-01,,MKTW
2019-03-01,,MKTW
2019-04-01,,MKTW
2019-05-01,,MKTW
2019-06-01,,MKTW
2019-07-01,,MKTW
2019-08-01,,MKTW
2019-09-01,,MKTW
2019-10-01,,MKTW
2019-11-01,,MKTW
2019-12-01,,MKTW
2020-01-01,,MKTW
2020-02-01,,MKTW
2020-03-01,,MKTW
2020-04-01,,MKTW
2020-05-01,,MKTW
2020-06-01,,MKTW
2020-07-01,,MKTW
2020-08-01,,MKTW
2020-09-01,142.6775665283203,MKTW
2020-10-01,140.38096618652344,MKTW
2020-11-01,142.82113647460938,MKTW
2020-12-01,147.27081298828125,MKTW
2021-01-01,147.844970703125,MKTW
2021-02-01,153.44300842285156,MKTW
2021-03-01,142.10342407226562,MKTW
2021-04-01,142.6775665283203,MKTW
2021-05-01,142.10342407226562,MKTW
2021-06-01,142.82113647460938,MKTW
2021-07-01,201.95909118652344,MKTW
2021-08-01,129.4720458984375,MKTW
2021-09-01,118.56304931640625,MKTW
2021-10-01,100.33364868164062,MKTW
2021-11-01,102.34317016601562,MKTW
2021-12-01,108.22825622558594,MKTW
2022-01-01,83.6831283569336,MKTW
2022-02-01,73.9224853515625,MKTW
2022-03-01,67.75031280517578,MKTW
2022-04-01,54.257667541503906,MKTW
2022-05-01,45.93241882324219,MKTW
2022-06-01,51.673980712890625,MKTW
2022-07-01,40.90856170654297,MKTW
2022-08-01,40.047325134277344,MKTW
2022-09-01,32.72685241699219,MKTW
2022-10-01,35.310546875,MKTW
2022-11-01,27.272377014160156,MKTW
2022-12-01,24.114517211914062,MKTW
2023-01-01,31.865619659423828,MKTW
2023-02-01,28.27715301513672,MKTW
2023-03-01,26.554683685302734,MKTW
2023-04-01,26.41114044189453,MKTW
2023-05-01,32.57665252685547,MKTW
2023-06-01,28.82889175415039,MKTW
2023-07-01,27.675739288330078,MKTW
2023-08-01,19.45949935913086,MKTW
2023-09-01,23.235227584838867,MKTW
2023-10-01,31.512779235839844,MKTW
2023-11-01,49.3596305847168,MKTW
2023-12-01,42.39174270629883,MKTW
2024-01-01,36.18050003051758,MKTW
2024-02-01,28.10588264465332,MKTW
2024-03-01,26.998620986938477,MKTW
2024-04-01,24.345582962036133,MKTW
2024-05-01,20.42058563232422,MKTW
2024-06-01,18.22144317626953,MKTW
2024-07-01,17.907283782958984,MKTW
2024-08-01,12.598919868469238,MKTW
2024-09-01,10.63979434967041,MKTW
2024-10-01,9.23814582824707,MKTW
2024-11-01,8.441752433776855,MKTW
2024-12-01,9.220992088317871,MKTW
2025-01-01,9.450175285339355,MKTW
2025-02-01,10.369650840759277,MKTW
2025-03-01,8.558817863464355,MKTW
2025-04-01,11.816019058227539,MKTW
2025-05-01,14.831785202026367,MKTW
2025-06-01,17.461097717285156,MKTW
2025-07-01,16.234670639038086,MKTW
2025-08-01,16.17335319519043,MKTW
2025-09-01,14.88560962677002,MKTW
2025-10-01,15.290841102600098,MKTW
2025-11-01,14.9978666305542,MKTW
2025-12-01,13.854118347167969,MKTW
2026-01-01,15.265355110168457,MKTW
2017-01-01,,NABL
2017-02-01,,NABL
2017-03-01,,NABL
2017-04-01,,NABL
2017-05-01,,NABL
2017-06-01,,NABL
2017-07-01,,NABL
2017-08-01,,NABL
2017-09-01,,NABL
2017-10-01,,NABL
2017-11-01,,NABL
2017-12-01,,NABL
2018-01-01,,NABL
2018-02-01,,NABL
2018-03-01,,NABL
2018-04-01,,NABL
2018-05-01,,NABL
2018-06-01,,NABL
2018-07-01,,NABL
2018-08-01,,NABL
2018-09-01,,NABL
2018-10-01,,NABL
2018-11-01,,NABL
2018-12-01,,NABL
2019-01-01,,NABL
2019-02-01,,NABL
2019-03-01,,NABL
2019-04-01,,NABL
2019-05-01,,NABL
2019-06-01,,NABL
2019-07-01,,NABL
2019-08-01,,NABL
2019-09-01,,NABL
2019-10-01,,NABL
2019-11-01,,NABL
2019-12-01,,NABL
2020-01-01,,NABL
2020-02-01,,NABL
2020-03-01,,NABL
2020-04-01,,NABL
2020-05-01,,NABL
2020-06-01,,NABL
2020-07-01,,NABL
2020-08-01,,NABL
2020-09-01,,NABL
2020-10-01,,NABL
2020-11-01,,NABL
2020-12-01,,NABL
2021-01-01,,NABL
2021-02-01,,NABL
2021-03-01,,NABL
2021-04-01,,NABL
2021-05-01,,NABL
2021-06-01,,NABL
2021-07-01,13.800000190734863,NABL
2021-08-01,13.529999732971191,NABL
2021-09-01,12.40999984741211,NABL
2021-10-01,13.300000190734863,NABL
2021-11-01,11.800000190734863,NABL
2021-12-01,11.100000381469727,NABL
2022-01-01,11.15999984741211,NABL
2022-02-01,11.569999694824219,NABL
2022-03-01,9.100000381469727,NABL
2022-04-01,10.0,NABL
2022-05-01,10.0,NABL
2022-06-01,9.0,NABL
2022-07-01,9.819999694824219,NABL
2022-08-01,9.960000038146973,NABL
2022-09-01,9.229999542236328,NABL
2022-10-01,10.829999923706055,NABL
2022-11-01,11.229999542236328,NABL
2022-12-01,10.279999732971191,NABL
2023-01-01,10.270000457763672,NABL
2023-02-01,11.84000015258789,NABL
2023-03-01,13.199999809265137,NABL
2023-04-01,12.75,NABL
2023-05-01,14.199999809265137,NABL
2023-06-01,14.40999984741211,NABL
2023-07-01,14.069999694824219,NABL
2023-08-01,13.369999885559082,NABL
2023-09-01,12.899999618530273,NABL
2023-10-01,12.960000038146973,NABL
2023-11-01,11.90999984741211,NABL
2023-12-01,13.25,NABL
2024-01-01,12.979999542236328,NABL
2024-02-01,13.470000267028809,NABL
2024-03-01,13.069999694824219,NABL
2024-04-01,12.260000228881836,NABL
2024-05-01,13.350000381469727,NABL
2024-06-01,15.229999542236328,NABL
2024-07-01,13.9399995803833,NABL
2024-08-01,12.859999656677246,NABL
2024-09-01,13.0600004196167,NABL
2024-10-01,12.229999542236328,NABL
2024-11-01,10.4399995803833,NABL
2024-12-01,9.34000015258789,NABL
2025-01-01,9.6899995803833,NABL
2025-02-01,10.029999732971191,NABL
2025-03-01,7.090000152587891,NABL
2025-04-01,7.059999942779541,NABL
2025-05-01,7.789999961853027,NABL
2025-06-01,8.100000381469727,NABL
2025-07-01,8.079999923706055,NABL
2025-08-01,8.0600004196167,NABL
2025-09-01,7.800000190734863,NABL
2025-10-01,7.829999923706055,NABL
2025-11-01,7.199999809265137,NABL
2025-12-01,7.480000019073486,NABL
2026-01-01,6.070000171661377,NABL
2017-01-01,,RGTI
2017-02-01,,RGTI
2017-03-01,,RGTI
2017-04-01,,RGTI
2017-05-01,,RGTI
2017-06-01,,RGTI
2017-07-01,,RGTI
2017-08-01,,RGTI
2017-09-01,,RGTI
2017-10-01,,RGTI
2017-11-01,,RGTI
2017-12-01,,RGTI
2018-01-01,,RGTI
2018-02-01,,RGTI
2018-03-01,,RGTI
2018-04-01,,RGTI
2018-05-01,,RGTI
2018-06-01,,RGTI
2018-07-01,,RGTI
2018-08-01,,RGTI
2018-09-01,,RGTI
2018-10-01,,RGTI
2018-11-01,,RGTI
2018-12-01,,RGTI
2019-01-01,,RGTI
2019-02-01,,RGTI
2019-03-01,,RGTI
2019-04-01,,RGTI
2019-05-01,,RGTI
2019-06-01,,RGTI
2019-07-01,,RGTI
2019-08-01,,RGTI
2019-09-01,,RGTI
2019-10-01,,RGTI
2019-11-01,,RGTI
2019-12-01,,RGTI
2020-01-01,,RGTI
2020-02-01,,RGTI
2020-03-01,,RGTI
2020-04-01,,RGTI
2020-05-01,,RGTI
2020-06-01,,RGTI
2020-07-01,,RGTI
2020-08-01,,RGTI
2020-09-01,,RGTI
2020-10-01,,RGTI
2020-11-01,,RGTI
2020-12-01,,RGTI
2021-01-01,,RGTI
2021-02-01,,RGTI
2021-03-01,,RGTI
2021-04-01,9.930000305175781,RGTI
2021-05-01,9.760000228881836,RGTI
2021-06-01,9.710000038146973,RGTI
2021-07-01,9.710000038146973,RGTI
2021-08-01,9.6850004196167,RGTI
2021-09-01,9.770000457763672,RGTI
2021-10-01,10.520000457763672,RGTI
2021-11-01,10.800000190734863,RGTI
2021-12-01,10.289999961853027,RGTI
2022-01-01,9.949999809265137,RGTI
2022-02-01,9.90999984741211,RGTI
2022-03-01,6.300000190734863,RGTI
2022-04-01,6.949999809265137,RGTI
2022-05-01,8.979999542236328,RGTI
2022-06-01,3.6700000762939453,RGTI
2022-07-01,4.429999828338623,RGTI
2022-08-01,3.9800000190734863,RGTI
2022-09-01,1.8799999952316284,RGTI
2022-10-01,2.0999999046325684,RGTI
2022-11-01,1.2999999523162842,RGTI
2022-12-01,0.7289999723434448,RGTI
2023-01-01,0.781000018119812,RGTI
2023-02-01,0.75,RGTI
2023-03-01,0.7229999899864197,RGTI
2023-04-01,0.4699999988079071,RGTI
2023-05-01,0.9390000104904175,RGTI
2023-06-01,1.1749999523162842,RGTI
2023-07-01,2.490000009536743,RGTI
2023-08-01,1.7999999523162842,RGTI
2023-09-01,1.3300000429153442,RGTI
2023-10-01,1.059999942779541,RGTI
2023-11-01,1.059999942779541,RGTI
2023-12-01,0.9850000143051147,RGTI
2024-01-01,1.2400000095367432,RGTI
2024-02-01,1.8799999952316284,RGTI
2024-03-01,1.5299999713897705,RGTI
2024-04-01,1.2799999713897705,RGTI
2024-05-01,1.0499999523162842,RGTI
2024-06-01,1.0700000524520874,RGTI
2024-07-01,1.0299999713897705,RGTI
2024-08-01,0.9160000085830688,RGTI
2024-09-01,0.7829999923706055,RGTI
2024-10-01,1.3200000524520874,RGTI
2024-11-01,3.049999952316284,RGTI
2024-12-01,15.260000228881836,RGTI
2025-01-01,13.170000076293945,RGTI
2025-02-01,8.460000038146973,RGTI
2025-03-01,7.920000076293945,RGTI
2025-04-01,8.869999885559082,RGTI
2025-05-01,12.109999656677246,RGTI
2025-06-01,11.859999656677246,RGTI
2025-07-01,14.5,RGTI
2025-08-01,16.229999542236328,RGTI
2025-09-01,29.790000915527344,RGTI
2025-10-01,44.27000045776367,RGTI
2025-11-01,25.56999969482422,RGTI
2025-12-01,22.149999618530273,RGTI
2026-01-01,18.170000076293945,RGTI
2017-01-01,,RUM
2017-02-01,,RUM
2017-03-01,,RUM
2017-04-01,,RUM
2017-05-01,,RUM
2017-06-01,,RUM
2017-07-01,,RUM
2017-08-01,,RUM
2017-09-01,,RUM
2017-10-01,,RUM
2017-11-01,,RUM
2017-12-01,,RUM
2018-01-01,,RUM
2018-02-01,,RUM
2018-03-01,,RUM
2018-04-01,,RUM
2018-05-01,,RUM
2018-06-01,,RUM
2018-07-01,,RUM
2018-08-01,,RUM
2018-09-01,,RUM
2018-10-01,,RUM
2018-11-01,,RUM
2018-12-01,,RUM
2019-01-01,,RUM
2019-02-01,,RUM
2019-03-01,,RUM
2019-04-01,,RUM
2019-05-01,,RUM
2019-06-01,,RUM
2019-07-01,,RUM
2019-08-01,,RUM
2019-09-01,,RUM
2019-10-01,,RUM
2019-11-01,,RUM
2019-12-01,,RUM
2020-01-01,,RUM
2020-02-01,,RUM
2020-03-01,,RUM
2020-04-01,,RUM
2020-05-01,,RUM
2020-06-01,,RUM
2020-07-01,,RUM
2020-08-01,,RUM
2020-09-01,,RUM
2020-10-01,,RUM
2020-11-01,,RUM
2020-12-01,,RUM
2021-01-01,,RUM
2021-02-01,,RUM
2021-03-01,,RUM
2021-04-01,9.781000137329102,RUM
2021-05-01,9.739999771118164,RUM
2021-06-01,9.739999771118164,RUM
2021-07-01,9.739999771118164,RUM
2021-08-01,9.720000267028809,RUM
2021-09-01,9.710000038146973,RUM
2021-10-01,9.739999771118164,RUM
2021-11-01,9.770000457763672,RUM
2021-12-01,10.829999923706055,RUM
2022-01-01,11.649999618530273,RUM
2022-02-01,12.369999885559082,RUM
2022-03-01,11.869999885559082,RUM
2022-04-01,12.479999542236328,RUM
2022-05-01,10.630000114440918,RUM
2022-06-01,9.970000267028809,RUM
2022-07-01,10.039999961853027,RUM
2022-08-01,11.329999923706055,RUM
2022-09-01,12.25,RUM
2022-10-01,12.149999618530273,RUM
2022-11-01,9.520000457763672,RUM
2022-12-01,5.949999809265137,RUM
2023-01-01,10.050000190734863,RUM
2023-02-01,8.0600004196167,RUM
2023-03-01,10.0,RUM
2023-04-01,7.960000038146973,RUM
2023-05-01,9.869999885559082,RUM
2023-06-01,8.920000076293945,RUM
2023-07-01,8.619999885559082,RUM
2023-08-01,8.369999885559082,RUM
2023-09-01,5.099999904632568,RUM
2023-10-01,4.489999771118164,RUM
2023-11-01,4.429999828338623,RUM
2023-12-01,4.489999771118164,RUM
2024-01-01,6.849999904632568,RUM
2024-02-01,6.53000020980835,RUM
2024-03-01,8.079999923706055,RUM
2024-04-01,7.059999942779541,RUM
2024-05-01,6.300000190734863,RUM
2024-06-01,5.550000190734863,RUM
2024-07-01,6.320000171661377,RUM
2024-08-01,5.75,RUM
2024-09-01,5.360000133514404,RUM
2024-10-01,5.840000152587891,RUM
2024-11-01,7.099999904632568,RUM
2024-12-01,13.010000228881836,RUM
2025-01-01,12.380000114440918,RUM
2025-02-01,9.319999694824219,RUM
2025-03-01,7.070000171661377,RUM
2025-04-01,7.71999979019165,RUM
2025-05-01,9.010000228881836,RUM
2025-06-01,8.979999542236328,RUM
2025-07-01,8.4399995803833,RUM
2025-08-01,7.289999961853027,RUM
2025-09-01,7.239999771118164,RUM
2025-10-01,6.860000133514404,RUM
2025-11-01,6.769999980926514,RUM
2025-12-01,6.320000171661377,RUM
2026-01-01,5.690000057220459,RUM
2017-01-01,,SOUN
2017-02-01,,SOUN
2017-03-01,,SOUN
2017-04-01,,SOUN
2017-05-01,,SOUN
2017-06-01,,SOUN
2017-07-01,,SOUN
2017-08-01,,SOUN
2017-09-01,,SOUN
2017-10-01,,SOUN
2017-11-01,,SOUN
2017-12-01,,SOUN
2018-01-01,,SOUN
2018-02-01,,SOUN
2018-03-01,,SOUN
2018-04-01,,SOUN
2018-05-01,,SOUN
2018-06-01,,SOUN
2018-07-01,,SOUN
2018-08-01,,SOUN
2018-09-01,,SOUN
2018-10-01,,SOUN
2018-11-01,,SOUN
2018-12-01,,SOUN
2019-01-01,,SOUN
2019-02-01,,SOUN
2019-03-01,,SOUN
2019-04-01,,SOUN
2019-05-01,,SOUN
2019-06-01,,SOUN
2019-07-01,,SOUN
2019-08-01,,SOUN
2019-09-01,,SOUN
2019-10-01,,SOUN
2019-11-01,,SOUN
2019-12-01,,SOUN
2020-01-01,,SOUN
2020-02-01,,SOUN
2020-03-01,,SOUN
2020-04-01,,SOUN
2020-05-01,,SOUN
2020-06-01,,SOUN
2020-07-01,,SOUN
2020-08-01,,SOUN
2020-09-01,,SOUN
2020-10-01,,SOUN
2020-11-01,,SOUN
2020-12-01,,SOUN
2021-01-01,,SOUN
2021-02-01,,SOUN
2021-03-01,,SOUN
2021-04-01,,SOUN
2021-05-01,,SOUN
2021-06-01,,SOUN
2021-07-01,,SOUN
2021-08-01,,SOUN
2021-09-01,,SOUN
2021-10-01,,SOUN
2021-11-01,,SOUN
2021-12-01,,SOUN
2022-01-01,,SOUN
2022-02-01,,SOUN
2022-03-01,,SOUN
2022-04-01,6.5,SOUN
2022-05-01,7.679999828338623,SOUN
2022-06-01,2.680000066757202,SOUN
2022-07-01,3.5,SOUN
2022-08-01,2.8499999046325684,SOUN
2022-09-01,3.2799999713897705,SOUN
2022-10-01,2.7100000381469727,SOUN
2022-11-01,1.2799999713897705,SOUN
2022-12-01,1.7699999809265137,SOUN
2023-01-01,1.9900000095367432,SOUN
2023-02-01,2.990000009536743,SOUN
2023-03-01,2.759999990463257,SOUN
2023-04-01,2.6600000858306885,SOUN
2023-05-01,3.049999952316284,SOUN
2023-06-01,4.550000190734863,SOUN
2023-07-01,2.3299999237060547,SOUN
2023-08-01,2.5199999809265137,SOUN
2023-09-01,2.009999990463257,SOUN
2023-10-01,1.590000033378601,SOUN
2023-11-01,2.140000104904175,SOUN
2023-12-01,2.119999885559082,SOUN
2024-01-01,1.659999966621399,SOUN
2024-02-01,7.420000076293945,SOUN
2024-03-01,5.889999866485596,SOUN
2024-04-01,4.239999771118164,SOUN
2024-05-01,5.050000190734863,SOUN
2024-06-01,3.950000047683716,SOUN
2024-07-01,5.090000152587891,SOUN
2024-08-01,4.889999866485596,SOUN
2024-09-01,4.659999847412109,SOUN
2024-10-01,5.03000020980835,SOUN
2024-11-01,9.3100004196167,SOUN
2024-12-01,19.84000015258789,SOUN
2025-01-01,14.149999618530273,SOUN
2025-02-01,10.819999694824219,SOUN
2025-03-01,8.119999885559082,SOUN
2025-04-01,9.289999961853027,SOUN
2025-05-01,10.109999656677246,SOUN
2025-06-01,10.729999542236328,SOUN
2025-07-01,10.329999923706055,SOUN
2025-08-01,13.020000457763672,SOUN
2025-09-01,16.079999923706055,SOUN
2025-10-01,17.6200008392334,SOUN
2025-11-01,12.050000190734863,SOUN
2025-12-01,9.970000267028809,SOUN
2026-01-01,8.460000038146973,SOUN
2017-01-01,,TE
2017-02-01,,TE
2017-03-01,,TE
2017-04-01,,TE
2017-05-01,,TE
2017-06-01,,TE
2017-07-01,,TE
2017-08-01,,TE
2017-09-01,,TE
2017-10-01,,TE
2017-11-01,,TE
2017-12-01,,TE
2018-01-01,,TE
2018-02-01,,TE
2018-03-01,,TE
2018-04-01,,TE
2018-05-01,,TE
2018-06-01,,TE
2018-07-01,,TE
2018-08-01,,TE
2018-09-01,,TE
2018-10-01,,TE
2018-11-01,,TE
2018-12-01,,TE
2019-01-01,,TE
2019-02-01,,TE
2019-03-01,,TE
2019-04-01,,TE
2019-05-01,,TE
2019-06-01,,TE
2019-07-01,,TE
2019-08-01,,TE
2019-09-01,,TE
2019-10-01,,TE
2019-11-01,,TE
2019-12-01,,TE
2020-01-01,9.9399995803833,TE
2020-02-01,9.920000076293945,TE
2020-03-01,9.600000381469727,TE
2020-04-01,9.65999984741211,TE
2020-05-01,9.729999542236328,TE
2020-06-01,9.850000381469727,TE
2020-07-01,10.079999923706055,TE
2020-08-01,9.850000381469727,TE
2020-09-01,9.930000305175781,TE
2020-10-01,9.850000381469727,TE
2020-11-01,9.930000305175781,TE
2020-12-01,10.0600004196167,TE
2021-01-01,11.680000305175781,TE
2021-02-01,11.0,TE
2021-03-01,10.0,TE
2021-04-01,10.010000228881836,TE
2021-05-01,9.989999771118164,TE
2021-06-01,9.90999984741211,TE
2021-07-01,8.890000343322754,TE
2021-08-01,8.880000114440918,TE
2021-09-01,9.869999885559082,TE
2021-10-01,10.130000114440918,TE
2021-11-01,10.529999732971191,TE
2021-12-01,11.180000305175781,TE
2022-01-01,9.079999923706055,TE
2022-02-01,9.520000457763672,TE
2022-03-01,12.260000228881836,TE
2022-04-01,8.979999542236328,TE
2022-05-01,8.479999542236328,TE
2022-06-01,6.840000152587891,TE
2022-07-01,9.979999542236328,TE
2022-08-01,14.239999771118164,TE
2022-09-01,14.239999771118164,TE
2022-10-01,13.3100004196167,TE
2022-11-01,13.649999618530273,TE
2022-12-01,8.680000305175781,TE
2023-01-01,8.8100004196167,TE
2023-02-01,9.079999923706055,TE
2023-03-01,8.890000343322754,TE
2023-04-01,7.070000171661377,TE
2023-05-01,7.21999979019165,TE
2023-06-01,9.350000381469727,TE
2023-07-01,8.420000076293945,TE
2023-08-01,6.230000019073486,TE
2023-09-01,4.889999866485596,TE
2023-10-01,3.2100000381469727,TE
2023-11-01,1.6299999952316284,TE
2023-12-01,1.8700000047683716,TE
2024-01-01,1.350000023841858,TE
2024-02-01,1.5399999618530273,TE
2024-03-01,1.6799999475479126,TE
2024-04-01,1.649999976158142,TE
2024-05-01,2.4000000953674316,TE
2024-06-01,1.7000000476837158,TE
2024-07-01,1.7999999523162842,TE
2024-08-01,1.2300000190734863,TE
2024-09-01,0.9700000286102295,TE
2024-10-01,0.9700000286102295,TE
2024-11-01,2.069999933242798,TE
2024-12-01,2.5799999237060547,TE
2025-01-01,1.8799999952316284,TE
2025-02-01,1.5299999713897705,TE
2025-03-01,1.2599999904632568,TE
2025-04-01,1.2100000381469727,TE
2025-05-01,1.090000033378601,TE
2025-06-01,1.2300000190734863,TE
2025-07-01,1.190000057220459,TE
2025-08-01,1.649999976158142,TE
2025-09-01,2.180000066757202,TE
2025-10-01,3.7200000286102295,TE
2025-11-01,4.119999885559082,TE
2025-12-01,6.679999828338623,TE
2026-01-01,8.329999923706055,TE
2017-01-01,,TEAD
2017-02-01,,TEAD
2017-03-01,,TEAD
2017-04-01,,TEAD
2017-05-01,,TEAD
2017-06-01,,TEAD
2017-07-01,,TEAD
2017-08-01,,TEAD
2017-09-01,,TEAD
2017-10-01,,TEAD
2017-11-01,,TEAD
2017-12-01,,TEAD
2018-01-01,,TEAD
2018-02-01,,TEAD
2018-03-01,,TEAD
2018-04-01,,TEAD
2018-05-01,,TEAD
2018-06-01,,TEAD
2018-07-01,,TEAD
2018-08-01,,TEAD
2018-09-01,,TEAD
2018-10-01,,TEAD
2018-11-01,,TEAD
2018-12-01,,TEAD
2019-01-01,,TEAD
2019-02-01,,TEAD
2019-03-01,,TEAD
2019-04-01,,TEAD
2019-05-01,,TEAD
2019-06-01,,TEAD
2019-07-01,,TEAD
2019-08-01,,TEAD
2019-09-01,,TEAD
2019-10-01,,TEAD
2019-11-01,,TEAD
2019-12-01,,TEAD
2020-01-01,,TEAD
2020-02-01,,TEAD
2020-03-01,,TEAD
2020-04-01,,TEAD
2020-05-01,,TEAD
2020-06-01,,TEAD
2020-07-01,,TEAD
2020-08-01,,TEAD
2020-09-01,,TEAD
2020-10-01,,TEAD
2020-11-01,,TEAD
2020-12-01,,TEAD
2021-01-01,,TEAD
2021-02-01,,TEAD
2021-03-01,,TEAD
2021-04-01,,TEAD
2021-05-01,,TEAD
2021-06-01,,TEAD
2021-07-01,19.6200008392334,TEAD
2021-08-01,17.399999618530273,TEAD
2021-09-01,14.800000190734863,TEAD
2021-10-01,16.940000534057617,TEAD
2021-11-01,15.09000015258789,TEAD
2021-12-01,14.0,TEAD
2022-01-01,12.619999885559082,TEAD
2022-02-01,13.039999961853027,TEAD
2022-03-01,10.729999542236328,TEAD
2022-04-01,9.0,TEAD
2022-05-01,6.139999866485596,TEAD
2022-06-01,5.03000020980835,TEAD
2022-07-01,5.599999904632568,TEAD
2022-08-01,4.409999847412109,TEAD
2022-09-01,3.6500000953674316,TEAD
2022-10-01,4.28000020980835,TEAD
2022-11-01,3.880000114440918,TEAD
2022-12-01,3.619999885559082,TEAD
2023-01-01,4.920000076293945,TEAD
2023-02-01,4.420000076293945,TEAD
2023-03-01,4.130000114440918,TEAD
2023-04-01,3.8299999237060547,TEAD
2023-05-01,4.630000114440918,TEAD
2023-06-01,4.920000076293945,TEAD
2023-07-01,5.309999942779541,TEAD
2023-08-01,5.710000038146973,TEAD
2023-09-01,4.869999885559082,TEAD
2023-10-01,4.269999980926514,TEAD
2023-11-01,3.809999942779541,TEAD
2023-12-01,4.380000114440918,TEAD
2024-01-01,3.930000066757202,TEAD
2024-02-01,3.680000066757202,TEAD
2024-03-01,3.950000047683716,TEAD
2024-04-01,4.050000190734863,TEAD
2024-05-01,4.590000152587891,TEAD
2024-06-01,4.980000019073486,TEAD
2024-07-01,4.78000020980835,TEAD
2024-08-01,5.099999904632568,TEAD
2024-09-01,4.860000133514404,TEAD
2024-10-01,4.289999961853027,TEAD
2024-11-01,5.429999828338623,TEAD
2024-12-01,7.179999828338623,TEAD
2025-01-01,6.010000228881836,TEAD
2025-02-01,4.954999923706055,TEAD
2025-03-01,3.7300000190734863,TEAD
2025-04-01,3.5399999618530273,TEAD
2025-05-01,2.5799999237060547,TEAD
2025-06-01,2.4800000190734863,TEAD
2025-07-01,2.5299999713897705,TEAD
2025-08-01,1.75,TEAD
2025-09-01,1.649999976158142,TEAD
2025-10-01,1.4800000190734863,TEAD
2025-11-01,0.7080000042915344,TEAD
2025-12-01,0.7039999961853027,TEAD
2026-01-01,0.6729999780654907,TEAD
2017-01-01,,ALAB
2017-02-01,,ALAB
2017-03-01,,ALAB
2017-04-01,,ALAB
2017-05-01,,ALAB
2017-06-01,,ALAB
2017-07-01,,ALAB
2017-08-01,,ALAB
2017-09-01,,ALAB
2017-10-01,,ALAB
2017-11-01,,ALAB
2017-12-01,,ALAB
2018-01-01,,ALAB
2018-02-01,,ALAB
2018-03-01,,ALAB
2018-04-01,,ALAB
2018-05-01,,ALAB
2018-06-01,,ALAB
2018-07-01,,ALAB
2018-08-01,,ALAB
2018-09-01,,ALAB
2018-10-01,,ALAB
2018-11-01,,ALAB
2018-12-01,,ALAB
2019-01-01,,ALAB
2019-02-01,,ALAB
2019-03-01,,ALAB
2019-04-01,,ALAB
2019-05-01,,ALAB
2019-06-01,,ALAB
2019-07-01,,ALAB
2019-08-01,,ALAB
2019-09-01,,ALAB
2019-10-01,,ALAB
2019-11-01,,ALAB
2019-12-01,,ALAB
2020-01-01,,ALAB
2020-02-01,,ALAB
2020-03-01,,ALAB
2020-04-01,,ALAB
2020-05-01,,ALAB
2020-06-01,,ALAB
2020-07-01,,ALAB
2020-08-01,,ALAB
2020-09-01,,ALAB
2020-10-01,,ALAB
2020-11-01,,ALAB
2020-12-01,,ALAB
2021-01-01,,ALAB
2021-02-01,,ALAB
2021-03-01,,ALAB
2021-04-01,,ALAB
2021-05-01,,ALAB
2021-06-01,,ALAB
2021-07-01,,ALAB
2021-08-01,,ALAB
2021-09-01,,ALAB
2021-10-01,,ALAB
2021-11-01,,ALAB
2021-12-01,,ALAB
2022-01-01,,ALAB
2022-02-01,,ALAB
2022-03-01,,ALAB
2022-04-01,,ALAB
2022-05-01,,ALAB
2022-06-01,,ALAB
2022-07-01,,ALAB
2022-08-01,,ALAB
2022-09-01,,ALAB
2022-10-01,,ALAB
2022-11-01,,ALAB
2022-12-01,,ALAB
2023-01-01,,ALAB
2023-02-01,,ALAB
2023-03-01,,ALAB
2023-04-01,,ALAB
2023-05-01,,ALAB
2023-06-01,,ALAB
2023-07-01,,ALAB
2023-08-01,,ALAB
2023-09-01,,ALAB
2023-10-01,,ALAB
2023-11-01,,ALAB
2023-12-01,,ALAB
2024-01-01,,ALAB
2024-02-01,,ALAB
2024-03-01,74.19000244140625,ALAB
2024-04-01,84.76000213623047,ALAB
2024-05-01,64.54000091552734,ALAB
2024-06-01,60.5099983215332,ALAB
2024-07-01,43.84000015258789,ALAB
2024-08-01,43.060001373291016,ALAB
2024-09-01,52.38999938964844,ALAB
2024-10-01,70.16000366210938,ALAB
2024-11-01,103.25,ALAB
2024-12-01,132.4499969482422,ALAB
2025-01-01,101.41999816894531,ALAB
2025-02-01,74.3499984741211,ALAB
2025-03-01,59.66999816894531,ALAB
2025-04-01,65.30999755859375,ALAB
2025-05-01,90.72000122070312,ALAB
2025-06-01,90.41999816894531,ALAB
2025-07-01,136.72999572753906,ALAB
2025-08-01,182.1999969482422,ALAB
2025-09-01,195.8000030517578,ALAB
2025-10-01,186.67999267578125,ALAB
2025-11-01,157.57000732421875,ALAB
2025-12-01,166.36000061035156,ALAB
2026-01-01,150.6199951171875,ALAB
2017-01-01,,IBEX
2017-02-01,,IBEX
2017-03-01,,IBEX
2017-04-01,,IBEX
2017-05-01,,IBEX
2017-06-01,,IBEX
2017-07-01,,IBEX
2017-08-01,,IBEX
2017-09-01,,IBEX
2017-10-01,,IBEX
2017-11-01,,IBEX
2017-12-01,,IBEX
2018-01-01,,IBEX
2018-02-01,,IBEX
2018-03-01,,IBEX
2018-04-01,,IBEX
2018-05-01,,IBEX
2018-06-01,,IBEX
2018-07-01,,IBEX
2018-08-01,,IBEX
2018-09-01,,IBEX
2018-10-01,,IBEX
2018-11-01,,IBEX
2018-12-01,,IBEX
2019-01-01,,IBEX
2019-02-01,,IBEX
2019-03-01,,IBEX
2019-04-01,,IBEX
2019-05-01,,IBEX
2019-06-01,,IBEX
2019-07-01,,IBEX
2019-08-01,,IBEX
2019-09-01,,IBEX
2019-10-01,,IBEX
2019-11-01,,IBEX
2019-12-01,,IBEX
2020-01-01,,IBEX
2020-02-01,,IBEX
2020-03-01,,IBEX
2020-04-01,,IBEX
2020-05-01,,IBEX
2020-06-01,,IBEX
2020-07-01,,IBEX
2020-08-01,15.989999771118164,IBEX
2020-09-01,15.380000114440918,IBEX
2020-10-01,15.109999656677246,IBEX
2020-11-01,19.899999618530273,IBEX
2020-12-01,18.700000762939453,IBEX
2021-01-01,18.420000076293945,IBEX
2021-02-01,22.010000228881836,IBEX
2021-03-01,22.0,IBEX
2021-04-01,23.100000381469727,IBEX
2021-05-01,21.739999771118164,IBEX
2021-06-01,19.520000457763672,IBEX
2021-07-01,20.6299991607666,IBEX
2021-08-01,17.979999542236328,IBEX
2021-09-01,17.0,IBEX
2021-10-01,16.25,IBEX
2021-11-01,13.225000381469727,IBEX
2021-12-01,12.890000343322754,IBEX
2022-01-01,14.520000457763672,IBEX
2022-02-01,15.770000457763672,IBEX
2022-03-01,15.9399995803833,IBEX
2022-04-01,15.489999771118164,IBEX
2022-05-01,17.899999618530273,IBEX
2022-06-01,16.8700008392334,IBEX
2022-07-01,18.059999465942383,IBEX
2022-08-01,16.8700008392334,IBEX
2022-09-01,18.56999969482422,IBEX
2022-10-01,19.229999542236328,IBEX
2022-11-01,25.809999465942383,IBEX
2022-12-01,24.850000381469727,IBEX
2023-01-01,26.690000534057617,IBEX
2023-02-01,27.950000762939453,IBEX
2023-03-01,24.399999618530273,IBEX
2023-04-01,20.469999313354492,IBEX
2023-05-01,20.479999542236328,IBEX
2023-06-01,21.229999542236328,IBEX
2023-07-01,19.850000381469727,IBEX
2023-08-01,19.559999465942383,IBEX
2023-09-01,15.449999809265137,IBEX
2023-10-01,16.31999969482422,IBEX
2023-11-01,17.729999542236328,IBEX
2023-12-01,19.010000228881836,IBEX
2024-01-01,18.020000457763672,IBEX
2024-02-01,15.960000038146973,IBEX
2024-03-01,15.430000305175781,IBEX
2024-04-01,13.100000381469727,IBEX
2024-05-01,15.649999618530273,IBEX
2024-06-01,16.18000030517578,IBEX
2024-07-01,17.440000534057617,IBEX
2024-08-01,17.239999771118164,IBEX
2024-09-01,19.979999542236328,IBEX
2024-10-01,17.959999084472656,IBEX
2024-11-01,20.5,IBEX
2024-12-01,21.489999771118164,IBEX
2025-01-01,22.010000228881836,IBEX
2025-02-01,25.309999465942383,IBEX
2025-03-01,24.350000381469727,IBEX
2025-04-01,25.040000915527344,IBEX
2025-05-01,28.790000915527344,IBEX
2025-06-01,29.100000381469727,IBEX
2025-07-01,29.56999969482422,IBEX
2025-08-01,29.530000686645508,IBEX
2025-09-01,40.52000045776367,IBEX
2025-10-01,37.369998931884766,IBEX
2025-11-01,35.189998626708984,IBEX
2025-12-01,38.18000030517578,IBEX
2026-01-01,37.20000076293945,IBEX
2017-01-01,,MPTI
2017-02-01,,MPTI
2017-03-01,,MPTI
2017-04-01,,MPTI
2017-05-01,,MPTI
2017-06-01,,MPTI
2017-07-01,,MPTI
2017-08-01,,MPTI
2017-09-01,,MPTI
2017-10-01,,MPTI
2017-11-01,,MPTI
2017-12-01,,MPTI
2018-01-01,,MPTI
2018-02-01,,MPTI
2018-03-01,,MPTI
2018-04-01,,MPTI
2018-05-01,,MPTI
2018-06-01,,MPTI
2018-07-01,,MPTI
2018-08-01,,MPTI
2018-09-01,,MPTI
2018-10-01,,MPTI
2018-11-01,,MPTI
2018-12-01,,MPTI
2019-01-01,,MPTI
2019-02-01,,MPTI
2019-03-01,,MPTI
2019-04-01,,MPTI
2019-05-01,,MPTI
2019-06-01,,MPTI
2019-07-01,,MPTI
2019-08-01,,MPTI
2019-09-01,,MPTI
2019-10-01,,MPTI
2019-11-01,,MPTI
2019-12-01,,MPTI
2020-01-01,,MPTI
2020-02-01,,MPTI
2020-03-01,,MPTI
2020-04-01,,MPTI
2020-05-01,,MPTI
2020-06-01,,MPTI
2020-07-01,,MPTI
2020-08-01,,MPTI
2020-09-01,,MPTI
2020-10-01,,MPTI
2020-11-01,,MPTI
2020-12-01,,MPTI
2021-01-01,,MPTI
2021-02-01,,MPTI
2021-03-01,,MPTI
2021-04-01,,MPTI
2021-05-01,,MPTI
2021-06-01,,MPTI
2021-07-01,,MPTI
2021-08-01,,MPTI
2021-09-01,,MPTI
2021-10-01,,MPTI
2021-11-01,,MPTI
2021-12-01,,MPTI
2022-01-01,,MPTI
2022-02-01,,MPTI
2022-03-01,,MPTI
2022-04-01,,MPTI
2022-05-01,,MPTI
2022-06-01,,MPTI
2022-07-01,,MPTI
2022-08-01,,MPTI
2022-09-01,,MPTI
2022-10-01,10.300000190734863,MPTI
2022-11-01,9.84000015258789,MPTI
2022-12-01,8.75,MPTI
2023-01-01,10.104999542236328,MPTI
2023-02-01,10.390000343322754,MPTI
2023-03-01,10.75,MPTI
2023-04-01,11.73900032043457,MPTI
2023-05-01,12.982000350952148,MPTI
2023-06-01,11.100000381469727,MPTI
2023-07-01,11.460000038146973,MPTI
2023-08-01,19.0,MPTI
2023-09-01,17.69499969482422,MPTI
2023-10-01,24.100000381469727,MPTI
2023-11-01,34.5,MPTI
2023-12-01,35.70000076293945,MPTI
2024-01-01,30.43000030517578,MPTI
2024-02-01,38.970001220703125,MPTI
2024-03-01,30.0,MPTI
2024-04-01,27.760000228881836,MPTI
2024-05-01,36.29999923706055,MPTI
2024-06-01,35.209999084472656,MPTI
2024-07-01,35.02000045776367,MPTI
2024-08-01,37.5099983215332,MPTI
2024-09-01,41.689998626708984,MPTI
2024-10-01,50.380001068115234,MPTI
2024-11-01,65.55999755859375,MPTI
2024-12-01,48.43000030517578,MPTI
2025-01-01,58.900001525878906,MPTI
2025-02-01,39.560001373291016,MPTI
2025-03-01,44.540000915527344,MPTI
2025-04-01,55.470001220703125,MPTI
2025-05-01,46.27000045776367,MPTI
2025-06-01,42.0,MPTI
2025-07-01,43.97999954223633,MPTI
2025-08-01,44.97999954223633,MPTI
2025-09-01,55.47999954223633,MPTI
2025-10-01,55.119998931884766,MPTI
2025-11-01,51.66999816894531,MPTI
2025-12-01,53.220001220703125,MPTI
2026-01-01,65.23999786376953,MPTI
2017-01-01,,TEM
2017-02-01,,TEM
2017-03-01,,TEM
2017-04-01,,TEM
2017-05-01,,TEM
2017-06-01,,TEM
2017-07-01,,TEM
2017-08-01,,TEM
2017-09-01,,TEM
2017-10-01,,TEM
2017-11-01,,TEM
2017-12-01,,TEM
2018-01-01,,TEM
2018-02-01,,TEM
2018-03-01,,TEM
2018-04-01,,TEM
2018-05-01,,TEM
2018-06-01,,TEM
2018-07-01,,TEM
2018-08-01,,TEM
2018-09-01,,TEM
2018-10-01,,TEM
2018-11-01,,TEM
2018-12-01,,TEM
2019-01-01,,TEM
2019-02-01,,TEM
2019-03-01,,TEM
2019-04-01,,TEM
2019-05-01,,TEM
2019-06-01,,TEM
2019-07-01,,TEM
2019-08-01,,TEM
2019-09-01,,TEM
2019-10-01,,TEM
2019-11-01,,TEM
2019-12-01,,TEM
2020-01-01,,TEM
2020-02-01,,TEM
2020-03-01,,TEM
2020-04-01,,TEM
2020-05-01,,TEM
2020-06-01,,TEM
2020-07-01,,TEM
2020-08-01,,TEM
2020-09-01,,TEM
2020-10-01,,TEM
2020-11-01,,TEM
2020-12-01,,TEM
2021-01-01,,TEM
2021-02-01,,TEM
2021-03-01,,TEM
2021-04-01,,TEM
2021-05-01,,TEM
2021-06-01,,TEM
2021-07-01,,TEM
2021-08-01,,TEM
2021-09-01,,TEM
2021-10-01,,TEM
2021-11-01,,TEM
2021-12-01,,TEM
2022-01-01,,TEM
2022-02-01,,TEM
2022-03-01,,TEM
2022-04-01,,TEM
2022-05-01,,TEM
2022-06-01,,TEM
2022-07-01,,TEM
2022-08-01,,TEM
2022-09-01,,TEM
2022-10-01,,TEM
2022-11-01,,TEM
2022-12-01,,TEM
2023-01-01,,TEM
2023-02-01,,TEM
2023-03-01,,TEM
2023-04-01,,TEM
2023-05-01,,TEM
2023-06-01,,TEM
2023-07-01,,TEM
2023-08-01,,TEM
2023-09-01,,TEM
2023-10-01,,TEM
2023-11-01,,TEM
2023-12-01,,TEM
2024-01-01,,TEM
2024-02-01,,TEM
2024-03-01,,TEM
2024-04-01,,TEM
2024-05-01,,TEM
2024-06-01,35.0,TEM
2024-07-01,43.279998779296875,TEM
2024-08-01,59.380001068115234,TEM
2024-09-01,56.599998474121094,TEM
2024-10-01,44.619998931884766,TEM
2024-11-01,62.59000015258789,TEM
2024-12-01,33.7599983215332,TEM
2025-01-01,57.38999938964844,TEM
2025-02-01,56.18000030517578,TEM
2025-03-01,48.2400016784668,TEM
2025-04-01,51.66999816894531,TEM
2025-05-01,55.18000030517578,TEM
2025-06-01,63.540000915527344,TEM
2025-07-01,56.59000015258789,TEM
2025-08-01,75.86000061035156,TEM
2025-09-01,80.70999908447266,TEM
2025-10-01,89.8499984741211,TEM
2025-11-01,77.93000030517578,TEM
2025-12-01,59.04999923706055,TEM
2026-01-01,59.81999969482422,TEM
2017-01-01,,NIQ
2017-02-01,,NIQ
2017-03-01,,NIQ
2017-04-01,,NIQ
2017-05-01,,NIQ
2017-06-01,,NIQ
2017-07-01,,NIQ
2017-08-01,,NIQ
2017-09-01,,NIQ
2017-10-01,,NIQ
2017-11-01,,NIQ
2017-12-01,,NIQ
2018-01-01,,NIQ
2018-02-01,,NIQ
2018-03-01,,NIQ
2018-04-01,,NIQ
2018-05-01,,NIQ
2018-06-01,,NIQ
2018-07-01,,NIQ
2018-08-01,,NIQ
2018-09-01,,NIQ
2018-10-01,,NIQ
2018-11-01,,NIQ
2018-12-01,,NIQ
2019-01-01,,NIQ
2019-02-01,,NIQ
2019-03-01,,NIQ
2019-04-01,,NIQ
2019-05-01,,NIQ
2019-06-01,,NIQ
2019-07-01,,NIQ
2019-08-01,,NIQ
2019-09-01,,NIQ
2019-10-01,,NIQ
2019-11-01,,NIQ
2019-12-01,,NIQ
2020-01-01,,NIQ
2020-02-01,,NIQ
2020-03-01,,NIQ
2020-04-01,,NIQ
2020-05-01,,NIQ
2020-06-01,,NIQ
2020-07-01,,NIQ
2020-08-01,,NIQ
2020-09-01,,NIQ
2020-10-01,,NIQ
2020-11-01,,NIQ
2020-12-01,,NIQ
2021-01-01,,NIQ
2021-02-01,,NIQ
2021-03-01,,NIQ
2021-04-01,,NIQ
2021-05-01,,NIQ
2021-06-01,,NIQ
2021-07-01,,NIQ
2021-08-01,,NIQ
2021-09-01,,NIQ
2021-10-01,,NIQ
2021-11-01,,NIQ
2021-12-01,,NIQ
2022-01-01,,NIQ
2022-02-01,,NIQ
2022-03-01,,NIQ
2022-04-01,,NIQ
2022-05-01,,NIQ
2022-06-01,,NIQ
2022-07-01,,NIQ
2022-08-01,,NIQ
2022-09-01,,NIQ
2022-10-01,,NIQ
2022-11-01,,NIQ
2022-12-01,,NIQ
2023-01-01,,NIQ
2023-02-01,,NIQ
2023-03-01,,NIQ
2023-04-01,,NIQ
2023-05-01,,NIQ
2023-06-01,,NIQ
2023-07-01,,NIQ
2023-08-01,,NIQ
2023-09-01,,NIQ
2023-10-01,,NIQ
2023-11-01,,NIQ
2023-12-01,,NIQ
2024-01-01,,NIQ
2024-02-01,,NIQ
2024-03-01,,NIQ
2024-04-01,,NIQ
2024-05-01,,NIQ
2024-06-01,,NIQ
2024-07-01,,NIQ
2024-08-01,,NIQ
2024-09-01,,NIQ
2024-10-01,,NIQ
2024-11-01,,NIQ
2024-12-01,,NIQ
2025-01-01,,NIQ
2025-02-01,,NIQ
2025-03-01,,NIQ
2025-04-01,,NIQ
2025-05-01,,NIQ
2025-06-01,,NIQ
2025-07-01,18.440000534057617,NIQ
2025-08-01,17.040000915527344,NIQ
2025-09-01,15.699999809265137,NIQ
2025-10-01,12.399999618530273,NIQ
2025-11-01,15.720000267028809,NIQ
2025-12-01,16.489999771118164,NIQ
2026-01-01,16.989999771118164,NIQ
2017-01-01,,RBRK
2017-02-01,,RBRK
2017-03-01,,RBRK
2017-04-01,,RBRK
2017-05-01,,RBRK
2017-06-01,,RBRK
2017-07-01,,RBRK
2017-08-01,,RBRK
2017-09-01,,RBRK
2017-10-01,,RBRK
2017-11-01,,RBRK
2017-12-01,,RBRK
2018-01-01,,RBRK
2018-02-01,,RBRK
2018-03-01,,RBRK
2018-04-01,,RBRK
2018-05-01,,RBRK
2018-06-01,,RBRK
2018-07-01,,RBRK
2018-08-01,,RBRK
2018-09-01,,RBRK
2018-10-01,,RBRK
2018-11-01,,RBRK
2018-12-01,,RBRK
2019-01-01,,RBRK
2019-02-01,,RBRK
2019-03-01,,RBRK
2019-04-01,,RBRK
2019-05-01,,RBRK
2019-06-01,,RBRK
2019-07-01,,RBRK
2019-08-01,,RBRK
2019-09-01,,RBRK
2019-10-01,,RBRK
2019-11-01,,RBRK
2019-12-01,,RBRK
2020-01-01,,RBRK
2020-02-01,,RBRK
2020-03-01,,RBRK
2020-04-01,,RBRK
2020-05-01,,RBRK
2020-06-01,,RBRK
2020-07-01,,RBRK
2020-08-01,,RBRK
2020-09-01,,RBRK
2020-10-01,,RBRK
2020-11-01,,RBRK
2020-12-01,,RBRK
2021-01-01,,RBRK
2021-02-01,,RBRK
2021-03-01,,RBRK
2021-04-01,,RBRK
2021-05-01,,RBRK
2021-06-01,,RBRK
2021-07-01,,RBRK
2021-08-01,,RBRK
2021-09-01,,RBRK
2021-10-01,,RBRK
2021-11-01,,RBRK
2021-12-01,,RBRK
2022-01-01,,RBRK
2022-02-01,,RBRK
2022-03-01,,RBRK
2022-04-01,,RBRK
2022-05-01,,RBRK
2022-06-01,,RBRK
2022-07-01,,RBRK
2022-08-01,,RBRK
2022-09-01,,RBRK
2022-10-01,,RBRK
2022-11-01,,RBRK
2022-12-01,,RBRK
2023-01-01,,RBRK
2023-02-01,,RBRK
2023-03-01,,RBRK
2023-04-01,,RBRK
2023-05-01,,RBRK
2023-06-01,,RBRK
2023-07-01,,RBRK
2023-08-01,,RBRK
2023-09-01,,RBRK
2023-10-01,,RBRK
2023-11-01,,RBRK
2023-12-01,,RBRK
2024-01-01,,RBRK
2024-02-01,,RBRK
2024-03-01,,RBRK
2024-04-01,32.02000045776367,RBRK
2024-05-01,30.479999542236328,RBRK
2024-06-01,30.65999984741211,RBRK
2024-07-01,37.20000076293945,RBRK
2024-08-01,34.81999969482422,RBRK
2024-09-01,32.150001525878906,RBRK
2024-10-01,41.2599983215332,RBRK
2024-11-01,50.81999969482422,RBRK
2024-12-01,65.36000061035156,RBRK
2025-01-01,73.2699966430664,RBRK
2025-02-01,65.12000274658203,RBRK
2025-03-01,60.97999954223633,RBRK
2025-04-01,70.52999877929688,RBRK
2025-05-01,95.3499984741211,RBRK
2025-06-01,89.58999633789062,RBRK
2025-07-01,94.94999694824219,RBRK
2025-08-01,89.4000015258789,RBRK
2025-09-01,82.25,RBRK
2025-10-01,75.2699966430664,RBRK
2025-11-01,69.31999969482422,RBRK
2025-12-01,76.4800033569336,RBRK
2026-01-01,55.95000076293945,RBRK
2017-01-01,,SATL
2017-02-01,,SATL
2017-03-01,,SATL
2017-04-01,,SATL
2017-05-01,,SATL
2017-06-01,,SATL
2017-07-01,,SATL
2017-08-01,,SATL
2017-09-01,,SATL
2017-10-01,,SATL
2017-11-01,,SATL
2017-12-01,,SATL
2018-01-01,,SATL
2018-02-01,,SATL
2018-03-01,,SATL
2018-04-01,,SATL
2018-05-01,,SATL
2018-06-01,,SATL
2018-07-01,,SATL
2018-08-01,,SATL
2018-09-01,,SATL
2018-10-01,,SATL
2018-11-01,,SATL
2018-12-01,,SATL
2019-01-01,,SATL
2019-02-01,,SATL
2019-03-01,,SATL
2019-04-01,,SATL
2019-05-01,,SATL
2019-06-01,,SATL
2019-07-01,,SATL
2019-08-01,,SATL
2019-09-01,,SATL
2019-10-01,,SATL
2019-11-01,,SATL
2019-12-01,,SATL
2020-01-01,,SATL
2020-02-01,,SATL
2020-03-01,,SATL
2020-04-01,,SATL
2020-05-01,,SATL
2020-06-01,,SATL
2020-07-01,,SATL
2020-08-01,,SATL
2020-09-01,,SATL
2020-10-01,,SATL
2020-11-01,,SATL
2020-12-01,,SATL
2021-01-01,,SATL
2021-02-01,,SATL
2021-03-01,9.862000465393066,SATL
2021-04-01,9.850000381469727,SATL
2021-05-01,9.670000076293945,SATL
2021-06-01,9.871000289916992,SATL
2021-07-01,9.84000015258789,SATL
2021-08-01,9.800000190734863,SATL
2021-09-01,9.899999618530273,SATL
2021-10-01,9.949999809265137,SATL
2021-11-01,9.960000038146973,SATL
2021-12-01,9.699999809265137,SATL
2022-01-01,6.510000228881836,SATL
2022-02-01,6.059999942779541,SATL
2022-03-01,8.260000228881836,SATL
2022-04-01,9.239999771118164,SATL
2022-05-01,4.730000019073486,SATL
2022-06-01,4.090000152587891,SATL
2022-07-01,4.190000057220459,SATL
2022-08-01,4.309999942779541,SATL
2022-09-01,4.579999923706055,SATL
2022-10-01,4.829999923706055,SATL
2022-11-01,4.309999942779541,SATL
2022-12-01,3.049999952316284,SATL
2023-01-01,3.5299999713897705,SATL
2023-02-01,3.0,SATL
2023-03-01,2.119999885559082,SATL
2023-04-01,2.009999990463257,SATL
2023-05-01,2.2300000190734863,SATL
2023-06-01,1.9600000381469727,SATL
2023-07-01,1.909999966621399,SATL
2023-08-01,1.5499999523162842,SATL
2023-09-01,1.1699999570846558,SATL
2023-10-01,0.8500000238418579,SATL
2023-11-01,1.340000033378601,SATL
2023-12-01,1.75,SATL
2024-01-01,1.399999976158142,SATL
2024-02-01,1.5149999856948853,SATL
2024-03-01,1.7000000476837158,SATL
2024-04-01,1.2200000286102295,SATL
2024-05-01,1.1200000047683716,SATL
2024-06-01,1.0399999618530273,SATL
2024-07-01,1.0199999809265137,SATL
2024-08-01,0.9750000238418579,SATL
2024-09-01,1.0299999713897705,SATL
2024-10-01,0.9850000143051147,SATL
2024-11-01,1.9700000286102295,SATL
2024-12-01,2.8499999046325684,SATL
2025-01-01,2.799999952316284,SATL
2025-02-01,3.059999942779541,SATL
2025-03-01,3.569999933242798,SATL
2025-04-01,4.119999885559082,SATL
2025-05-01,3.690000057220459,SATL
2025-06-01,3.619999885559082,SATL
2025-07-01,3.2799999713897705,SATL
2025-08-01,3.7300000190734863,SATL
2025-09-01,3.2799999713897705,SATL
2025-10-01,1.909999966621399,SATL
2025-11-01,1.649999976158142,SATL
2025-12-01,1.8700000047683716,SATL
2026-01-01,4.599999904632568,SATL
2017-01-01,,SNDK
2017-02-01,,SNDK
2017-03-01,,SNDK
2017-04-01,,SNDK
2017-05-01,,SNDK
2017-06-01,,SNDK
2017-07-01,,SNDK
2017-08-01,,SNDK
2017-09-01,,SNDK
2017-10-01,,SNDK
2017-11-01,,SNDK
2017-12-01,,SNDK
2018-01-01,,SNDK
2018-02-01,,SNDK
2018-03-01,,SNDK
2018-04-01,,SNDK
2018-05-01,,SNDK
2018-06-01,,SNDK
2018-07-01,,SNDK
2018-08-01,,SNDK
2018-09-01,,SNDK
2018-10-01,,SNDK
2018-11-01,,SNDK
2018-12-01,,SNDK
2019-01-01,,SNDK
2019-02-01,,SNDK
2019-03-01,,SNDK
2019-04-01,,SNDK
2019-05-01,,SNDK
2019-06-01,,SNDK
2019-07-01,,SNDK
2019-08-01,,SNDK
2019-09-01,,SNDK
2019-10-01,,SNDK
2019-11-01,,SNDK
2019-12-01,,SNDK
2020-01-01,,SNDK
2020-02-01,,SNDK
2020-03-01,,SNDK
2020-04-01,,SNDK
2020-05-01,,SNDK
2020-06-01,,SNDK
2020-07-01,,SNDK
2020-08-01,,SNDK
2020-09-01,,SNDK
2020-10-01,,SNDK
2020-11-01,,SNDK
2020-12-01,,SNDK
2021-01-01,,SNDK
2021-02-01,,SNDK
2021-03-01,,SNDK
2021-04-01,,SNDK
2021-05-01,,SNDK
2021-06-01,,SNDK
2021-07-01,,SNDK
2021-08-01,,SNDK
2021-09-01,,SNDK
2021-10-01,,SNDK
2021-11-01,,SNDK
2021-12-01,,SNDK
2022-01-01,,SNDK
2022-02-01,,SNDK
2022-03-01,,SNDK
2022-04-01,,SNDK
2022-05-01,,SNDK
2022-06-01,,SNDK
2022-07-01,,SNDK
2022-08-01,,SNDK
2022-09-01,,SNDK
2022-10-01,,SNDK
2022-11-01,,SNDK
2022-12-01,,SNDK
2023-01-01,,SNDK
2023-02-01,,SNDK
2023-03-01,,SNDK
2023-04-01,,SNDK
2023-05-01,,SNDK
2023-06-01,,SNDK
2023-07-01,,SNDK
2023-08-01,,SNDK
2023-09-01,,SNDK
2023-10-01,,SNDK
2023-11-01,,SNDK
2023-12-01,,SNDK
2024-01-01,,SNDK
2024-02-01,,SNDK
2024-03-01,,SNDK
2024-04-01,,SNDK
2024-05-01,,SNDK
2024-06-01,,SNDK
2024-07-01,,SNDK
2024-08-01,,SNDK
2024-09-01,,SNDK
2024-10-01,,SNDK
2024-11-01,,SNDK
2024-12-01,,SNDK
2025-01-01,,SNDK
2025-02-01,46.849998474121094,SNDK
2025-03-01,47.61000061035156,SNDK
2025-04-01,32.11000061035156,SNDK
2025-05-01,37.689998626708984,SNDK
2025-06-01,45.349998474121094,SNDK
2025-07-01,42.91999816894531,SNDK
2025-08-01,52.470001220703125,SNDK
2025-09-01,112.19999694824219,SNDK
2025-10-01,199.3300018310547,SNDK
2025-11-01,223.27999877929688,SNDK
2025-12-01,237.3800048828125,SNDK
2026-01-01,576.25,SNDK
2017-01-01,,SVCO
2017-02-01,,SVCO
2017-03-01,,SVCO
2017-04-01,,SVCO
2017-05-01,,SVCO
2017-06-01,,SVCO
2017-07-01,,SVCO
2017-08-01,,SVCO
2017-09-01,,SVCO
2017-10-01,,SVCO
2017-11-01,,SVCO
2017-12-01,,SVCO
2018-01-01,,SVCO
2018-02-01,,SVCO
2018-03-01,,SVCO
2018-04-01,,SVCO
2018-05-01,,SVCO
2018-06-01,,SVCO
2018-07-01,,SVCO
2018-08-01,,SVCO
2018-09-01,,SVCO
2018-10-01,,SVCO
2018-11-01,,SVCO
2018-12-01,,SVCO
2019-01-01,,SVCO
2019-02-01,,SVCO
2019-03-01,,SVCO
2019-04-01,,SVCO
2019-05-01,,SVCO
2019-06-01,,SVCO
2019-07-01,,SVCO
2019-08-01,,SVCO
2019-09-01,,SVCO
2019-10-01,,SVCO
2019-11-01,,SVCO
2019-12-01,,SVCO
2020-01-01,,SVCO
2020-02-01,,SVCO
2020-03-01,,SVCO
2020-04-01,,SVCO
2020-05-01,,SVCO
2020-06-01,,SVCO
2020-07-01,,SVCO
2020-08-01,,SVCO
2020-09-01,,SVCO
2020-10-01,,SVCO
2020-11-01,,SVCO
2020-12-01,,SVCO
2021-01-01,,SVCO
2021-02-01,,SVCO
2021-03-01,,SVCO
2021-04-01,,SVCO
2021-05-01,,SVCO
2021-06-01,,SVCO
2021-07-01,,SVCO
2021-08-01,,SVCO
2021-09-01,,SVCO
2021-10-01,,SVCO
2021-11-01,,SVCO
2021-12-01,,SVCO
2022-01-01,,SVCO
2022-02-01,,SVCO
2022-03-01,,SVCO
2022-04-01,,SVCO
2022-05-01,,SVCO
2022-06-01,,SVCO
2022-07-01,,SVCO
2022-08-01,,SVCO
2022-09-01,,SVCO
2022-10-01,,SVCO
2022-11-01,,SVCO
2022-12-01,,SVCO
2023-01-01,,SVCO
2023-02-01,,SVCO
2023-03-01,,SVCO
2023-04-01,,SVCO
2023-05-01,,SVCO
2023-06-01,,SVCO
2023-07-01,,SVCO
2023-08-01,,SVCO
2023-09-01,,SVCO
2023-10-01,,SVCO
2023-11-01,,SVCO
2023-12-01,,SVCO
2024-01-01,,SVCO
2024-02-01,,SVCO
2024-03-01,,SVCO
2024-04-01,,SVCO
2024-05-01,18.270000457763672,SVCO
2024-06-01,17.979999542236328,SVCO
2024-07-01,16.989999771118164,SVCO
2024-08-01,15.449999809265137,SVCO
2024-09-01,14.300000190734863,SVCO
2024-10-01,6.25,SVCO
2024-11-01,8.25,SVCO
2024-12-01,8.079999923706055,SVCO
2025-01-01,8.649999618530273,SVCO
2025-02-01,6.190000057220459,SVCO
2025-03-01,4.559999942779541,SVCO
2025-04-01,5.320000171661377,SVCO
2025-05-01,4.630000114440918,SVCO
2025-06-01,4.71999979019165,SVCO
2025-07-01,4.449999809265137,SVCO
2025-08-01,5.340000152587891,SVCO
2025-09-01,5.409999847412109,SVCO
2025-10-01,5.889999866485596,SVCO
2025-11-01,4.550000190734863,SVCO
2025-12-01,4.050000190734863,SVCO
2026-01-01,4.480000019073486,SVCO
2017-01-01,,VIA
2017-02-01,,VIA
2017-03-01,,VIA
2017-04-01,,VIA
2017-05-01,,VIA
2017-06-01,,VIA
2017-07-01,,VIA
2017-08-01,,VIA
2017-09-01,,VIA
2017-10-01,,VIA
2017-11-01,,VIA
2017-12-01,,VIA
2018-01-01,,VIA
2018-02-01,,VIA
2018-03-01,,VIA
2018-04-01,,VIA
2018-05-01,,VIA
2018-06-01,,VIA
2018-07-01,,VIA
2018-08-01,,VIA
2018-09-01,,VIA
2018-10-01,,VIA
2018-11-01,,VIA
2018-12-01,,VIA
2019-01-01,,VIA
2019-02-01,,VIA
2019-03-01,,VIA
2019-04-01,,VIA
2019-05-01,,VIA
2019-06-01,,VIA
2019-07-01,,VIA
2019-08-01,,VIA
2019-09-01,,VIA
2019-10-01,,VIA
2019-11-01,,VIA
2019-12-01,,VIA
2020-01-01,,VIA
2020-02-01,,VIA
2020-03-01,,VIA
2020-04-01,,VIA
2020-05-01,,VIA
2020-06-01,,VIA
2020-07-01,,VIA
2020-08-01,,VIA
2020-09-01,,VIA
2020-10-01,,VIA
2020-11-01,,VIA
2020-12-01,,VIA
2021-01-01,,VIA
2021-02-01,,VIA
2021-03-01,,VIA
2021-04-01,,VIA
2021-05-01,,VIA
2021-06-01,,VIA
2021-07-01,,VIA
2021-08-01,,VIA
2021-09-01,,VIA
2021-10-01,,VIA
2021-11-01,,VIA
2021-12-01,,VIA
2022-01-01,,VIA
2022-02-01,,VIA
2022-03-01,,VIA
2022-04-01,,VIA
2022-05-01,,VIA
2022-06-01,,VIA
2022-07-01,,VIA
2022-08-01,,VIA
2022-09-01,,VIA
2022-10-01,,VIA
2022-11-01,,VIA
2022-12-01,,VIA
2023-01-01,,VIA
2023-02-01,,VIA
2023-03-01,,VIA
2023-04-01,,VIA
2023-05-01,,VIA
2023-06-01,,VIA
2023-07-01,,VIA
2023-08-01,,VIA
2023-09-01,,VIA
2023-10-01,,VIA
2023-11-01,,VIA
2023-12-01,,VIA
2024-01-01,,VIA
2024-02-01,,VIA
2024-03-01,,VIA
2024-04-01,,VIA
2024-05-01,,VIA
2024-06-01,,VIA
2024-07-01,,VIA
2024-08-01,,VIA
2024-09-01,,VIA
2024-10-01,,VIA
2024-11-01,,VIA
2024-12-01,,VIA
2025-01-01,,VIA
2025-02-01,,VIA
2025-03-01,,VIA
2025-04-01,,VIA
2025-05-01,,VIA
2025-06-01,,VIA
2025-07-01,,VIA
2025-08-01,,VIA
2025-09-01,48.08000183105469,VIA
2025-10-01,53.43000030517578,VIA
2025-11-01,34.83000183105469,VIA
2025-12-01,29.010000228881836,VIA
2026-01-01,23.25,VIA
2017-01-01,,WAY
2017-02-01,,WAY
2017-03-01,,WAY
2017-04-01,,WAY
2017-05-01,,WAY
2017-06-01,,WAY
2017-07-01,,WAY
2017-08-01,,WAY
2017-09-01,,WAY
2017-10-01,,WAY
2017-11-01,,WAY
2017-12-01,,WAY
2018-01-01,,WAY
2018-02-01,,WAY
2018-03-01,,WAY
2018-04-01,,WAY
2018-05-01,,WAY
2018-06-01,,WAY
2018-07-01,,WAY
2018-08-01,,WAY
2018-09-01,,WAY
2018-10-01,,WAY
2018-11-01,,WAY
2018-12-01,,WAY
2019-01-01,,WAY
2019-02-01,,WAY
2019-03-01,,WAY
2019-04-01,,WAY
2019-05-01,,WAY
2019-06-01,,WAY
2019-07-01,,WAY
2019-08-01,,WAY
2019-09-01,,WAY
2019-10-01,,WAY
2019-11-01,,WAY
2019-12-01,,WAY
2020-01-01,,WAY
2020-02-01,,WAY
2020-03-01,,WAY
2020-04-01,,WAY
2020-05-01,,WAY
2020-06-01,,WAY
2020-07-01,,WAY
2020-08-01,,WAY
2020-09-01,,WAY
2020-10-01,,WAY
2020-11-01,,WAY
2020-12-01,,WAY
2021-01-01,,WAY
2021-02-01,,WAY
2021-03-01,,WAY
2021-04-01,,WAY
2021-05-01,,WAY
2021-06-01,,WAY
2021-07-01,,WAY
2021-08-01,,WAY
2021-09-01,,WAY
2021-10-01,,WAY
2021-11-01,,WAY
2021-12-01,,WAY
2022-01-01,,WAY
2022-02-01,,WAY
2022-03-01,,WAY
2022-04-01,,WAY
2022-05-01,,WAY
2022-06-01,,WAY
2022-07-01,,WAY
2022-08-01,,WAY
2022-09-01,,WAY
2022-10-01,,WAY
2022-11-01,,WAY
2022-12-01,,WAY
2023-01-01,,WAY
2023-02-01,,WAY
2023-03-01,,WAY
2023-04-01,,WAY
2023-05-01,,WAY
2023-06-01,,WAY
2023-07-01,,WAY
2023-08-01,,WAY
2023-09-01,,WAY
2023-10-01,,WAY
2023-11-01,,WAY
2023-12-01,,WAY
2024-01-01,,WAY
2024-02-01,,WAY
2024-03-01,,WAY
2024-04-01,,WAY
2024-05-01,,WAY
2024-06-01,21.5,WAY
2024-07-01,23.0,WAY
2024-08-01,27.219999313354492,WAY
2024-09-01,27.889999389648438,WAY
2024-10-01,28.530000686645508,WAY
2024-11-01,30.8799991607666,WAY
2024-12-01,36.70000076293945,WAY
2025-01-01,40.189998626708984,WAY
2025-02-01,43.470001220703125,WAY
2025-03-01,37.36000061035156,WAY
2025-04-01,37.16999816894531,WAY
2025-05-01,39.97999954223633,WAY
2025-06-01,40.869998931884766,WAY
2025-07-01,36.97999954223633,WAY
2025-08-01,37.880001068115234,WAY
2025-09-01,37.91999816894531,WAY
2025-10-01,35.849998474121094,WAY
2025-11-01,36.90999984741211,WAY
2025-12-01,32.75,WAY
2026-01-01,26.559999465942383,WAY
2017-01-01,,AMBQ
2017-02-01,,AMBQ
2017-03-01,,AMBQ
2017-04-01,,AMBQ
2017-05-01,,AMBQ
2017-06-01,,AMBQ
2017-07-01,,AMBQ
2017-08-01,,AMBQ
2017-09-01,,AMBQ
2017-10-01,,AMBQ
2017-11-01,,AMBQ
2017-12-01,,AMBQ
2018-01-01,,AMBQ
2018-02-01,,AMBQ
2018-03-01,,AMBQ
2018-04-01,,AMBQ
2018-05-01,,AMBQ
2018-06-01,,AMBQ
2018-07-01,,AMBQ
2018-08-01,,AMBQ
2018-09-01,,AMBQ
2018-10-01,,AMBQ
2018-11-01,,AMBQ
2018-12-01,,AMBQ
2019-01-01,,AMBQ
2019-02-01,,AMBQ
2019-03-01,,AMBQ
2019-04-01,,AMBQ
2019-05-01,,AMBQ
2019-06-01,,AMBQ
2019-07-01,,AMBQ
2019-08-01,,AMBQ
2019-09-01,,AMBQ
2019-10-01,,AMBQ
2019-11-01,,AMBQ
2019-12-01,,AMBQ
2020-01-01,,AMBQ
2020-02-01,,AMBQ
2020-03-01,,AMBQ
2020-04-01,,AMBQ
2020-05-01,,AMBQ
2020-06-01,,AMBQ
2020-07-01,,AMBQ
2020-08-01,,AMBQ
2020-09-01,,AMBQ
2020-10-01,,AMBQ
2020-11-01,,AMBQ
2020-12-01,,AMBQ
2021-01-01,,AMBQ
2021-02-01,,AMBQ
2021-03-01,,AMBQ
2021-04-01,,AMBQ
2021-05-01,,AMBQ
2021-06-01,,AMBQ
2021-07-01,,AMBQ
2021-08-01,,AMBQ
2021-09-01,,AMBQ
2021-10-01,,AMBQ
2021-11-01,,AMBQ
2021-12-01,,AMBQ
2022-01-01,,AMBQ
2022-02-01,,AMBQ
2022-03-01,,AMBQ
2022-04-01,,AMBQ
2022-05-01,,AMBQ
2022-06-01,,AMBQ
2022-07-01,,AMBQ
2022-08-01,,AMBQ
2022-09-01,,AMBQ
2022-10-01,,AMBQ
2022-11-01,,AMBQ
2022-12-01,,AMBQ
2023-01-01,,AMBQ
2023-02-01,,AMBQ
2023-03-01,,AMBQ
2023-04-01,,AMBQ
2023-05-01,,AMBQ
2023-06-01,,AMBQ
2023-07-01,,AMBQ
2023-08-01,,AMBQ
2023-09-01,,AMBQ
2023-10-01,,AMBQ
2023-11-01,,AMBQ
2023-12-01,,AMBQ
2024-01-01,,AMBQ
2024-02-01,,AMBQ
2024-03-01,,AMBQ
2024-04-01,,AMBQ
2024-05-01,,AMBQ
2024-06-01,,AMBQ
2024-07-01,,AMBQ
2024-08-01,,AMBQ
2024-09-01,,AMBQ
2024-10-01,,AMBQ
2024-11-01,,AMBQ
2024-12-01,,AMBQ
2025-01-01,,AMBQ
2025-02-01,,AMBQ
2025-03-01,,AMBQ
2025-04-01,,AMBQ
2025-05-01,,AMBQ
2025-06-01,,AMBQ
2025-07-01,43.849998474121094,AMBQ
2025-08-01,39.709999084472656,AMBQ
2025-09-01,29.920000076293945,AMBQ
2025-10-01,30.559999465942383,AMBQ
2025-11-01,24.510000228881836,AMBQ
2025-12-01,28.5,AMBQ
2026-01-01,30.389999389648438,AMBQ
2017-01-01,,NAVN
2017-02-01,,NAVN
2017-03-01,,NAVN
2017-04-01,,NAVN
2017-05-01,,NAVN
2017-06-01,,NAVN
2017-07-01,,NAVN
2017-08-01,,NAVN
2017-09-01,,NAVN
2017-10-01,,NAVN
2017-11-01,,NAVN
2017-12-01,,NAVN
2018-01-01,,NAVN
2018-02-01,,NAVN
2018-03-01,,NAVN
2018-04-01,,NAVN
2018-05-01,,NAVN
2018-06-01,,NAVN
2018-07-01,,NAVN
2018-08-01,,NAVN
2018-09-01,,NAVN
2018-10-01,,NAVN
2018-11-01,,NAVN
2018-12-01,,NAVN
2019-01-01,,NAVN
2019-02-01,,NAVN
2019-03-01,,NAVN
2019-04-01,,NAVN
2019-05-01,,NAVN
2019-06-01,,NAVN
2019-07-01,,NAVN
2019-08-01,,NAVN
2019-09-01,,NAVN
2019-10-01,,NAVN
2019-11-01,,NAVN
2019-12-01,,NAVN
2020-01-01,,NAVN
2020-02-01,,NAVN
2020-03-01,,NAVN
2020-04-01,,NAVN
2020-05-01,,NAVN
2020-06-01,,NAVN
2020-07-01,,NAVN
2020-08-01,,NAVN
2020-09-01,,NAVN
2020-10-01,,NAVN
2020-11-01,,NAVN
2020-12-01,,NAVN
2021-01-01,,NAVN
2021-02-01,,NAVN
2021-03-01,,NAVN
2021-04-01,,NAVN
2021-05-01,,NAVN
2021-06-01,,NAVN
2021-07-01,,NAVN
2021-08-01,,NAVN
2021-09-01,,NAVN
2021-10-01,,NAVN
2021-11-01,,NAVN
2021-12-01,,NAVN
2022-01-01,,NAVN
2022-02-01,,NAVN
2022-03-01,,NAVN
2022-04-01,,NAVN
2022-05-01,,NAVN
2022-06-01,,NAVN
2022-07-01,,NAVN
2022-08-01,,NAVN
2022-09-01,,NAVN
2022-10-01,,NAVN
2022-11-01,,NAVN
2022-12-01,,NAVN
2023-01-01,,NAVN
2023-02-01,,NAVN
2023-03-01,,NAVN
2023-04-01,,NAVN
2023-05-01,,NAVN
2023-06-01,,NAVN
2023-07-01,,NAVN
2023-08-01,,NAVN
2023-09-01,,NAVN
2023-10-01,,NAVN
2023-11-01,,NAVN
2023-12-01,,NAVN
2024-01-01,,NAVN
2024-02-01,,NAVN
2024-03-01,,NAVN
2024-04-01,,NAVN
2024-05-01,,NAVN
2024-06-01,,NAVN
2024-07-01,,NAVN
2024-08-01,,NAVN
2024-09-01,,NAVN
2024-10-01,,NAVN
2024-11-01,,NAVN
2024-12-01,,NAVN
2025-01-01,,NAVN
2025-02-01,,NAVN
2025-03-01,,NAVN
2025-04-01,,NAVN
2025-05-01,,NAVN
2025-06-01,,NAVN
2025-07-01,,NAVN
2025-08-01,,NAVN
2025-09-01,,NAVN
2025-10-01,20.274999618530273,NAVN
2025-11-01,16.690000534057617,NAVN
2025-12-01,17.079999923706055,NAVN
2026-01-01,11.479999542236328,NAVN
2017-01-01,22.09977149963379,SABR
2017-02-01,19.76350975036621,SABR
2017-03-01,19.23736000061035,SABR
2017-04-01,21.252792358398438,SABR
2017-05-01,20.363100051879883,SABR
2017-06-01,19.88738250732422,SABR
2017-07-01,20.216249465942383,SABR
2017-08-01,16.845354080200195,SABR
2017-09-01,16.66379165649414,SABR
2017-10-01,18.00794219970703,SABR
2017-11-01,18.330167770385742,SABR
2017-12-01,19.00448226928711,SABR
2018-01-01,19.25478744506836,SABR
2018-02-01,21.29429054260254,SABR
2018-03-01,20.012765884399414,SABR
2018-04-01,19.257041931152344,SABR
2018-05-01,22.867734909057617,SABR
2018-06-01,23.1135311126709,SABR
2018-07-01,23.094770431518555,SABR
2018-08-01,24.492464065551758,SABR
2018-09-01,24.598426818847656,SABR
2018-10-01,23.249664306640625,SABR
2018-11-01,24.117399215698242,SABR
2018-12-01,20.536428451538086,SABR
2019-01-01,21.80809211730957,SABR
2019-02-01,21.28614044189453,SABR
2019-03-01,20.433734893798828,SABR
2019-04-01,19.831899642944336,SABR
2019-05-01,19.37335968017578,SABR
2019-06-01,21.337291717529297,SABR
2019-07-01,22.59638214111328,SABR
2019-08-01,22.721330642700195,SABR
2019-09-01,21.655107498168945,SABR
2019-10-01,22.704259872436523,SABR
2019-11-01,21.68895149230957,SABR
2019-12-01,21.833515167236328,SABR
2020-01-01,20.957839965820312,SABR
2020-02-01,13.247027397155762,SABR
2020-03-01,5.929999828338623,SABR
2020-04-01,7.269999980926514,SABR
2020-05-01,6.96999979019165,SABR
2020-06-01,8.0600004196167,SABR
2020-07-01,7.559999942779541,SABR
2020-08-01,6.989999771118164,SABR
2020-09-01,6.510000228881836,SABR
2020-10-01,6.519999980926514,SABR
2020-11-01,11.25,SABR
2020-12-01,12.020000457763672,SABR
2021-01-01,10.779999732971191,SABR
2021-02-01,14.6899995803833,SABR
2021-03-01,14.8100004196167,SABR
2021-04-01,14.979999542236328,SABR
2021-05-01,13.850000381469727,SABR
2021-06-01,12.479999542236328,SABR
2021-07-01,11.789999961853027,SABR
2021-08-01,11.229999542236328,SABR
2021-09-01,11.84000015258789,SABR
2021-10-01,10.380000114440918,SABR
2021-11-01,7.53000020980835,SABR
2021-12-01,8.59000015258789,SABR
2022-01-01,9.149999618530273,SABR
2022-02-01,10.930000305175781,SABR
2022-03-01,11.430000305175781,SABR
2022-04-01,10.470000267028809,SABR
2022-05-01,7.510000228881836,SABR
2022-06-01,5.829999923706055,SABR
2022-07-01,6.150000095367432,SABR
2022-08-01,7.190000057220459,SABR
2022-09-01,5.150000095367432,SABR
2022-10-01,5.809999942779541,SABR
2022-11-01,6.110000133514404,SABR
2022-12-01,6.179999828338623,SABR
2023-01-01,6.809999942779541,SABR
2023-02-01,5.059999942779541,SABR
2023-03-01,4.289999961853027,SABR
2023-04-01,4.0,SABR
2023-05-01,3.0999999046325684,SABR
2023-06-01,3.190000057220459,SABR
2023-07-01,4.099999904632568,SABR
2023-08-01,5.0,SABR
2023-09-01,4.489999771118164,SABR
2023-10-01,3.5,SABR
2023-11-01,3.5299999713897705,SABR
2023-12-01,4.400000095367432,SABR
2024-01-01,4.099999904632568,SABR
2024-02-01,2.6500000953674316,SABR
2024-03-01,2.4200000762939453,SABR
2024-04-01,2.869999885559082,SABR
2024-05-01,3.130000114440918,SABR
2024-06-01,2.6700000762939453,SABR
2024-07-01,3.430000066757202,SABR
2024-08-01,3.049999952316284,SABR
2024-09-01,3.6700000762939453,SABR
2024-10-01,3.200000047683716,SABR
2024-11-01,3.9100000858306885,SABR
2024-12-01,3.6500000953674316,SABR
2025-01-01,3.3499999046325684,SABR
2025-02-01,4.130000114440918,SABR
2025-03-01,2.809999942779541,SABR
2025-04-01,2.369999885559082,SABR
2025-05-01,2.5199999809265137,SABR
2025-06-01,3.1600000858306885,SABR
2025-07-01,3.0299999713897705,SABR
2025-08-01,1.7899999618530273,SABR
2025-09-01,1.8300000429153442,SABR
2025-10-01,2.0450000762939453,SABR
2025-11-01,1.6100000143051147,SABR
2025-12-01,1.3600000143051147,SABR
2026-01-01,1.2999999523162842,SABR
2017-01-01,,SAIL
2017-02-01,,SAIL
2017-03-01,,SAIL
2017-04-01,,SAIL
2017-05-01,,SAIL
2017-06-01,,SAIL
2017-07-01,,SAIL
2017-08-01,,SAIL
2017-09-01,,SAIL
2017-10-01,,SAIL
2017-11-01,,SAIL
2017-12-01,,SAIL
2018-01-01,,SAIL
2018-02-01,,SAIL
2018-03-01,,SAIL
2018-04-01,,SAIL
2018-05-01,,SAIL
2018-06-01,,SAIL
2018-07-01,,SAIL
2018-08-01,,SAIL
2018-09-01,,SAIL
2018-10-01,,SAIL
2018-11-01,,SAIL
2018-12-01,,SAIL
2019-01-01,,SAIL
2019-02-01,,SAIL
2019-03-01,,SAIL
2019-04-01,,SAIL
2019-05-01,,SAIL
2019-06-01,,SAIL
2019-07-01,,SAIL
2019-08-01,,SAIL
2019-09-01,,SAIL
2019-10-01,,SAIL
2019-11-01,,SAIL
2019-12-01,,SAIL
2020-01-01,,SAIL
2020-02-01,,SAIL
2020-03-01,,SAIL
2020-04-01,,SAIL
2020-05-01,,SAIL
2020-06-01,,SAIL
2020-07-01,,SAIL
2020-08-01,,SAIL
2020-09-01,,SAIL
2020-10-01,,SAIL
2020-11-01,,SAIL
2020-12-01,,SAIL
2021-01-01,,SAIL
2021-02-01,,SAIL
2021-03-01,,SAIL
2021-04-01,,SAIL
2021-05-01,,SAIL
2021-06-01,,SAIL
2021-07-01,,SAIL
2021-08-01,,SAIL
2021-09-01,,SAIL
2021-10-01,,SAIL
2021-11-01,,SAIL
2021-12-01,,SAIL
2022-01-01,,SAIL
2022-02-01,,SAIL
2022-03-01,,SAIL
2022-04-01,,SAIL
2022-05-01,,SAIL
2022-06-01,,SAIL
2022-07-01,,SAIL
2022-08-01,,SAIL
2022-09-01,,SAIL
2022-10-01,,SAIL
2022-11-01,,SAIL
2022-12-01,,SAIL
2023-01-01,,SAIL
2023-02-01,,SAIL
2023-03-01,,SAIL
2023-04-01,,SAIL
2023-05-01,,SAIL
2023-06-01,,SAIL
2023-07-01,,SAIL
2023-08-01,,SAIL
2023-09-01,,SAIL
2023-10-01,,SAIL
2023-11-01,,SAIL
2023-12-01,,SAIL
2024-01-01,,SAIL
2024-02-01,,SAIL
2024-03-01,,SAIL
2024-04-01,,SAIL
2024-05-01,,SAIL
2024-06-01,,SAIL
2024-07-01,,SAIL
2024-08-01,,SAIL
2024-09-01,,SAIL
2024-10-01,,SAIL
2024-11-01,,SAIL
2024-12-01,,SAIL
2025-01-01,,SAIL
2025-02-01,24.0,SAIL
2025-03-01,18.75,SAIL
2025-04-01,17.15999984741211,SAIL
2025-05-01,17.6200008392334,SAIL
2025-06-01,22.860000610351562,SAIL
2025-07-01,22.34000015258789,SAIL
2025-08-01,20.639999389648438,SAIL
2025-09-01,22.079999923706055,SAIL
2025-10-01,21.68000030517578,SAIL
2025-11-01,18.420000076293945,SAIL
2025-12-01,20.229999542236328,SAIL
2026-01-01,15.6899995803833,SAIL
2017-01-01,,ZSPC
2017-02-01,,ZSPC
2017-03-01,,ZSPC
2017-04-01,,ZSPC
2017-05-01,,ZSPC
2017-06-01,,ZSPC
2017-07-01,,ZSPC
2017-08-01,,ZSPC
2017-09-01,,ZSPC
2017-10-01,,ZSPC
2017-11-01,,ZSPC
2017-12-01,,ZSPC
2018-01-01,,ZSPC
2018-02-01,,ZSPC
2018-03-01,,ZSPC
2018-04-01,,ZSPC
2018-05-01,,ZSPC
2018-06-01,,ZSPC
2018-07-01,,ZSPC
2018-08-01,,ZSPC
2018-09-01,,ZSPC
2018-10-01,,ZSPC
2018-11-01,,ZSPC
2018-12-01,,ZSPC
2019-01-01,,ZSPC
2019-02-01,,ZSPC
2019-03-01,,ZSPC
2019-04-01,,ZSPC
2019-05-01,,ZSPC
2019-06-01,,ZSPC
2019-07-01,,ZSPC
2019-08-01,,ZSPC
2019-09-01,,ZSPC
2019-10-01,,ZSPC
2019-11-01,,ZSPC
2019-12-01,,ZSPC
2020-01-01,,ZSPC
2020-02-01,,ZSPC
2020-03-01,,ZSPC
2020-04-01,,ZSPC
2020-05-01,,ZSPC
2020-06-01,,ZSPC
2020-07-01,,ZSPC
2020-08-01,,ZSPC
2020-09-01,,ZSPC
2020-10-01,,ZSPC
2020-11-01,,ZSPC
2020-12-01,,ZSPC
2021-01-01,,ZSPC
2021-02-01,,ZSPC
2021-03-01,,ZSPC
2021-04-01,,ZSPC
2021-05-01,,ZSPC
2021-06-01,,ZSPC
2021-07-01,,ZSPC
2021-08-01,,ZSPC
2021-09-01,,ZSPC
2021-10-01,,ZSPC
2021-11-01,,ZSPC
2021-12-01,,ZSPC
2022-01-01,,ZSPC
2022-02-01,,ZSPC
2022-03-01,,ZSPC
2022-04-01,,ZSPC
2022-05-01,,ZSPC
2022-06-01,,ZSPC
2022-07-01,,ZSPC
2022-08-01,,ZSPC
2022-09-01,,ZSPC
2022-10-01,,ZSPC
2022-11-01,,ZSPC
2022-12-01,,ZSPC
2023-01-01,,ZSPC
2023-02-01,,ZSPC
2023-03-01,,ZSPC
2023-04-01,,ZSPC
2023-05-01,,ZSPC
2023-06-01,,ZSPC
2023-07-01,,ZSPC
2023-08-01,,ZSPC
2023-09-01,,ZSPC
2023-10-01,,ZSPC
2023-11-01,,ZSPC
2023-12-01,,ZSPC
2024-01-01,,ZSPC
2024-02-01,,ZSPC
2024-03-01,,ZSPC
2024-04-01,,ZSPC
2024-05-01,,ZSPC
2024-06-01,,ZSPC
2024-07-01,,ZSPC
2024-08-01,,ZSPC
2024-09-01,,ZSPC
2024-10-01,,ZSPC
2024-11-01,,ZSPC
2024-12-01,397.25,ZSPC
2025-01-01,441.25,ZSPC
2025-02-01,322.0,ZSPC
2025-03-01,185.25,ZSPC
2025-04-01,209.0,ZSPC
2025-05-01,109.875,ZSPC
2025-06-01,81.5,ZSPC
2025-07-01,70.75,ZSPC
2025-08-01,52.75,ZSPC
2025-09-01,24.5,ZSPC
2025-10-01,23.725000381469727,ZSPC
2025-11-01,10.625,ZSPC
2025-12-01,11.774999618530273,ZSPC
2026-01-01,10.425000190734863,ZSPC
